tss_id	chromosome	strand	tss_position_0based	summit_position_0based	summit_score	window_center_position_0based	genomic_shift_center_minus_summit	genomic_offset_center_minus_tss	strand_oriented_offset	genomic_offset_summit_minus_tss	strand_oriented_offset_summit_minus_tss	absolute_summit_tss_distance
CAGE_TSS_5	1	+	63533	63550	133.4219208	63550	0	17	17	17	17	17
CAGE_TSS_6	1	+	72338	72271	67.60527802	72271	0	-67	-67	-67	-67	67
CAGE_TSS_7	1	+	75584	75584	3.420749903	75584	0	0	0	0	0	0
CAGE_TSS_8	1	+	77821	77779	5.556869984	77779	0	-42	-42	-42	-42	42
CAGE_TSS_10	1	+	88897	88702	70.54402924	88702	0	-195	-195	-195	-195	195
CAGE_TSS_11	1	+	91383	91411	7.972280025	91411	0	28	28	28	28	28
CAGE_TSS_12	1	+	96019	95871	9.744170189	95871	0	-148	-148	-148	-148	148
CAGE_TSS_13	1	+	97456	97457	24.18491936	97457	0	1	1	1	1	1
CAGE_TSS_14	1	+	99922	99861	19.19993973	99861	0	-61	-61	-61	-61	61
CAGE_TSS_17	1	+	109073	109212	28.36105919	109212	0	139	139	139	139	139
CAGE_TSS_22	1	+	136157	136111	18.17905045	136111	0	-46	-46	-46	-46	46
CAGE_TSS_23	1	+	142093	142026	61.66225052	142026	0	-67	-67	-67	-67	67
CAGE_TSS_26	1	+	163413	163424	7.515520096	163424	0	11	11	11	11	11
CAGE_TSS_28	1	+	175771	175842	17.98489952	175842	0	71	71	71	71	71
CAGE_TSS_29	1	+	185136	184992	47.20330048	184992	0	-144	-144	-144	-144	144
CAGE_TSS_31	1	+	190539	190271	44.19768143	190271	0	-268	-268	-268	-268	268
CAGE_TSS_32	1	+	195822	195673	210.0845032	195673	0	-149	-149	-149	-149	149
CAGE_TSS_33	1	+	199717	199615	176.1525574	199615	0	-102	-102	-102	-102	102
CAGE_TSS_36	1	+	201092	201082	9.549309731	201082	0	-10	-10	-10	-10	10
CAGE_TSS_39	1	+	204945	204943	7.096320152	204943	0	-2	-2	-2	-2	2
CAGE_TSS_42	1	+	219132	218921	151.924057	218921	0	-211	-211	-211	-211	211
CAGE_TSS_43	1	+	229045	229052	27.45144081	229052	0	7	7	7	7	7
CAGE_TSS_47	1	+	249141	248920	10.35163975	248920	0	-221	-221	-221	-221	221
CAGE_TSS_49	1	+	262895	262905	6.822599888	262905	0	10	10	10	10	10
CAGE_TSS_59	1	+	284519	284452	15.47869015	284452	0	-67	-67	-67	-67	67
CAGE_TSS_61	1	+	293379	293252	40.41978073	293252	0	-127	-127	-127	-127	127
CAGE_TSS_65	1	+	295216	295196	12.07853985	295196	0	-20	-20	-20	-20	20
CAGE_TSS_67	1	+	310303	310316	121.3487167	310316	0	13	13	13	13	13
CAGE_TSS_71	1	+	325389	325233	54.74552917	325233	0	-156	-156	-156	-156	156
CAGE_TSS_73	1	+	345789	345764	21.22833061	345764	0	-25	-25	-25	-25	25
CAGE_TSS_75	1	+	365567	365503	6298.41748	365503	0	-64	-64	-64	-64	64
CAGE_TSS_79	1	+	392907	393034	8.760669708	393034	0	127	127	127	127	127
CAGE_TSS_80	1	+	395723	395746	42.85551834	395746	0	23	23	23	23	23
CAGE_TSS_83	1	+	408749	408779	9.241419792	408779	0	30	30	30	30	30
CAGE_TSS_89	1	+	453220	453168	12.72362995	453168	0	-52	-52	-52	-52	52
CAGE_TSS_90	1	+	455742	455712	10.76817036	455712	0	-30	-30	-30	-30	30
CAGE_TSS_96	1	+	477128	477050	29.94495964	477050	0	-78	-78	-78	-78	78
CAGE_TSS_98	1	+	480854	480703	14.59698963	480703	0	-151	-151	-151	-151	151
CAGE_TSS_99	1	+	486778	486760	49.49956894	486760	0	-18	-18	-18	-18	18
CAGE_TSS_105	1	+	518254	518127	109.9418488	518127	0	-127	-127	-127	-127	127
CAGE_TSS_110	1	+	537899	537744	46.13589096	537744	0	-155	-155	-155	-155	155
CAGE_TSS_115	1	+	576508	576421	8.565440178	576421	0	-87	-87	-87	-87	87
CAGE_TSS_117	1	+	584271	584110	6.609980106	584110	0	-161	-161	-161	-161	161
CAGE_TSS_119	1	+	589540	589387	8.890500069	589387	0	-153	-153	-153	-153	153
CAGE_TSS_122	1	+	602552	602441	9.019900322	602441	0	-111	-111	-111	-111	111
CAGE_TSS_124	1	+	618262	618088	8.541890144	618088	0	-174	-174	-174	-174	174
CAGE_TSS_125	1	+	621590	621511	42.5379715	621511	0	-79	-79	-79	-79	79
CAGE_TSS_131	1	+	630518	630354	89.63575745	630354	0	-164	-164	-164	-164	164
CAGE_TSS_134	1	+	635284	635271	35.52246094	635271	0	-13	-13	-13	-13	13
CAGE_TSS_137	1	+	673423	673246	11.04354	673246	0	-177	-177	-177	-177	177
CAGE_TSS_140	1	+	701471	701375	19.7860508	701375	0	-96	-96	-96	-96	96
CAGE_TSS_142	1	+	739686	739600	11.91646957	739600	0	-86	-86	-86	-86	86
CAGE_TSS_143	1	+	749283	749126	8.723270416	749126	0	-157	-157	-157	-157	157
CAGE_TSS_151	1	+	761284	761323	7.217619896	761323	0	39	39	39	39	39
CAGE_TSS_153	1	+	773455	773358	18.24740982	773358	0	-97	-97	-97	-97	97
CAGE_TSS_155	1	+	780518	780477	35.36362839	780477	0	-41	-41	-41	-41	41
CAGE_TSS_157	1	+	787123	787074	32.10474014	787074	0	-49	-49	-49	-49	49
CAGE_TSS_160	1	+	790070	789928	192.2799683	789928	0	-142	-142	-142	-142	142
CAGE_TSS_161	1	+	803067	803063	57.9571991	803063	0	-4	-4	-4	-4	4
CAGE_TSS_168	1	+	826569	826445	7.043879986	826445	0	-124	-124	-124	-124	124
CAGE_TSS_169	1	+	830722	830534	5.447810173	830534	0	-188	-188	-188	-188	188
CAGE_TSS_172	1	+	846815	847002	5.367710114	847002	0	187	187	187	187	187
CAGE_TSS_174	1	+	852378	852427	3.055599928	852427	0	49	49	49	49	49
CAGE_TSS_178	1	+	900734	900616	27.17287064	900616	0	-118	-118	-118	-118	118
CAGE_TSS_181	1	+	907657	907564	12.37607956	907564	0	-93	-93	-93	-93	93
CAGE_TSS_201	1	+	993403	993444	28.29372025	993444	0	41	41	41	41	41
CAGE_TSS_203	1	+	1001164	1001271	6.78494978	1001271	0	107	107	107	107	107
CAGE_TSS_204	1	+	1004916	1004963	234.4522705	1004963	0	47	47	47	47	47
CAGE_TSS_206	1	+	1008508	1008505	8.517350197	1008505	0	-3	-3	-3	-3	3
CAGE_TSS_207	1	+	1013720	1013806	60.44572067	1013806	0	86	86	86	86	86
CAGE_TSS_208	1	+	1018106	1018046	21.29545975	1018046	0	-60	-60	-60	-60	60
CAGE_TSS_210	1	+	1040542	1040496	8.812479973	1040496	0	-46	-46	-46	-46	46
CAGE_TSS_221	1	+	1114404	1114463	9.89179039	1114463	0	59	59	59	59	59
CAGE_TSS_223	1	+	1125549	1125584	4.428219795	1125584	0	35	35	35	35	35
CAGE_TSS_226	1	+	1145941	1145850	24.68190002	1145850	0	-91	-91	-91	-91	91
CAGE_TSS_229	1	+	1165274	1165051	7.368289948	1165051	0	-223	-223	-223	-223	223
CAGE_TSS_234	1	+	1194167	1194176	34.41595078	1194176	0	9	9	9	9	9
CAGE_TSS_235	1	+	1198260	1198127	1817.63562	1198127	0	-133	-133	-133	-133	133
CAGE_TSS_238	1	+	1202225	1202235	73.00276947	1202235	0	10	10	10	10	10
CAGE_TSS_246	1	+	1240419	1240341	74.67536163	1240341	0	-78	-78	-78	-78	78
CAGE_TSS_256	1	+	1321908	1321941	5.071929932	1321941	0	33	33	33	33	33
CAGE_TSS_257	1	+	1339699	1339644	30.42871094	1339644	0	-55	-55	-55	-55	55
CAGE_TSS_259	1	+	1350190	1350020	5.520309925	1350020	0	-170	-170	-170	-170	170
CAGE_TSS_265	1	+	1400940	1400828	100.9968796	1400828	0	-112	-112	-112	-112	112
CAGE_TSS_270	1	+	1463095	1463040	349.9181213	1463040	0	-55	-55	-55	-55	55
CAGE_TSS_274	1	+	1505026	1504895	287.4923401	1504895	0	-131	-131	-131	-131	131
CAGE_TSS_279	1	+	1523664	1523580	21.46626091	1523580	0	-84	-84	-84	-84	84
CAGE_TSS_285	1	+	1553602	1553650	6.742489815	1553650	0	48	48	48	48	48
CAGE_TSS_287	1	+	1576860	1576786	38.36865997	1576786	0	-74	-74	-74	-74	74
CAGE_TSS_290	1	+	1625013	1624912	8.825659752	1624912	0	-101	-101	-101	-101	101
CAGE_TSS_291	1	+	1639288	1639174	324.9590149	1639174	0	-114	-114	-114	-114	114
CAGE_TSS_292	1	+	1645816	1645526	30.09151077	1645526	0	-290	-290	-290	-290	290
CAGE_TSS_301	1	+	1714942	1714948	177.3257141	1714948	0	6	6	6	6	6
CAGE_TSS_303	1	+	1715361	1715443	632.7611694	1715443	0	82	82	82	82	82
CAGE_TSS_307	1	+	1721508	1721587	8.280550003	1721587	0	79	79	79	79	79
CAGE_TSS_309	1	+	1730249	1730044	15.16853046	1730044	0	-205	-205	-205	-205	205
CAGE_TSS_311	1	+	1744779	1744794	33.02397156	1744794	0	15	15	15	15	15
CAGE_TSS_312	1	+	1745977	1745739	91.15709686	1745739	0	-238	-238	-238	-238	238
CAGE_TSS_315	1	+	1748334	1748364	15.35974026	1748364	0	30	30	30	30	30
CAGE_TSS_318	1	+	1762224	1762099	364.4566345	1762099	0	-125	-125	-125	-125	125
CAGE_TSS_320	1	+	1768993	1768889	110.4621735	1768889	0	-104	-104	-104	-104	104
CAGE_TSS_322	1	+	1779402	1779441	37.78754044	1779441	0	39	39	39	39	39
CAGE_TSS_336	1	+	1883001	1882728	145.1025238	1882728	0	-273	-273	-273	-273	273
CAGE_TSS_337	1	+	1889391	1889299	388.8530579	1889299	0	-92	-92	-92	-92	92
CAGE_TSS_340	1	+	1899963	1899929	9.714850426	1899929	0	-34	-34	-34	-34	34
CAGE_TSS_341	1	+	1907141	1907088	12.83516979	1907088	0	-53	-53	-53	-53	53
CAGE_TSS_344	1	+	1922352	1922265	125.7151184	1922265	0	-87	-87	-87	-87	87
CAGE_TSS_347	1	+	1946809	1946835	56.44316864	1946835	0	26	26	26	26	26
CAGE_TSS_348	1	+	1954854	1954662	53.50733948	1954662	0	-192	-192	-192	-192	192
CAGE_TSS_352	1	+	1958929	1958902	115.1251068	1958902	0	-27	-27	-27	-27	27
CAGE_TSS_359	1	+	2001489	2001363	28.99715996	2001363	0	-126	-126	-126	-126	126
CAGE_TSS_366	1	+	2032345	2032172	10.99298954	2032172	0	-173	-173	-173	-173	173
CAGE_TSS_369	1	+	2034156	2034163	22.21434975	2034163	0	7	7	7	7	7
CAGE_TSS_378	1	+	2070736	2070576	21.76106071	2070576	0	-160	-160	-160	-160	160
CAGE_TSS_380	1	+	2087231	2087087	171.0644226	2087087	0	-144	-144	-144	-144	144
CAGE_TSS_383	1	+	2105040	2104982	10.26383972	2104982	0	-58	-58	-58	-58	58
CAGE_TSS_385	1	+	2108588	2108572	33.31533051	2108572	0	-16	-16	-16	-16	16
CAGE_TSS_397	1	+	2187881	2188037	21.45594978	2188037	0	156	156	156	156	156
CAGE_TSS_398	1	+	2200159	2200017	75.05944824	2200017	0	-142	-142	-142	-142	142
CAGE_TSS_401	1	+	2204331	2204222	38.61650848	2204222	0	-109	-109	-109	-109	109
CAGE_TSS_405	1	+	2215222	2215002	941.4076538	2215002	0	-220	-220	-220	-220	220
CAGE_TSS_407	1	+	2223854	2223565	6.998770237	2223565	0	-289	-289	-289	-289	289
CAGE_TSS_409	1	+	2225982	2225889	9.493579865	2225889	0	-93	-93	-93	-93	93
CAGE_TSS_417	1	+	2269682	2269676	58.74753189	2269676	0	-6	-6	-6	-6	6
CAGE_TSS_420	1	+	2277830	2277630	271.6817017	2277630	0	-200	-200	-200	-200	200
CAGE_TSS_421	1	+	2291461	2291456	6.758999825	2291456	0	-5	-5	-5	-5	5
CAGE_TSS_422	1	+	2300493	2300266	49.87327957	2300266	0	-227	-227	-227	-227	227
CAGE_TSS_423	1	+	2301375	2301113	37.78628159	2301113	0	-262	-262	-262	-262	262
CAGE_TSS_429	1	+	2349024	2348807	186.9747467	2348807	0	-217	-217	-217	-217	217
CAGE_TSS_431	1	+	2368833	2368536	68.12876129	2368536	0	-297	-297	-297	-297	297
CAGE_TSS_432	1	+	2379665	2379660	22.39512062	2379660	0	-5	-5	-5	-5	5
CAGE_TSS_435	1	+	2381651	2381360	140.3101654	2381360	0	-291	-291	-291	-291	291
CAGE_TSS_442	1	+	2416257	2416225	12.58285046	2416225	0	-32	-32	-32	-32	32
CAGE_TSS_443	1	+	2422297	2422168	30.48291016	2422168	0	-129	-129	-129	-129	129
CAGE_TSS_444	1	+	2424053	2424098	7.820919991	2424098	0	45	45	45	45	45
CAGE_TSS_445	1	+	2437477	2437217	127.3314133	2437217	0	-260	-260	-260	-260	260
CAGE_TSS_455	1	+	2443920	2443899	15.0350399	2443899	0	-21	-21	-21	-21	21
CAGE_TSS_460	1	+	2458276	2458164	24.61652946	2458164	0	-112	-112	-112	-112	112
CAGE_TSS_465	1	+	2477157	2476925	10.22276974	2476925	0	-232	-232	-232	-232	232
CAGE_TSS_474	1	+	2567532	2567363	277.0836487	2567363	0	-169	-169	-169	-169	169
CAGE_TSS_476	1	+	2586226	2586221	10.33950996	2586221	0	-5	-5	-5	-5	5
CAGE_TSS_478	1	+	2607976	2607886	291.8034668	2607886	0	-90	-90	-90	-90	90
CAGE_TSS_480	1	+	2614998	2615012	45.86594009	2615012	0	14	14	14	14	14
CAGE_TSS_489	1	+	2638234	2638317	7.268819809	2638317	0	83	83	83	83	83
CAGE_TSS_490	1	+	2642011	2641937	6.418360233	2641937	0	-74	-74	-74	-74	74
CAGE_TSS_499	1	+	2672498	2672352	27.19051933	2672352	0	-146	-146	-146	-146	146
CAGE_TSS_501	1	+	2675845	2675827	56.05688095	2675827	0	-18	-18	-18	-18	18
CAGE_TSS_503	1	+	2689065	2688829	133.092926	2688829	0	-236	-236	-236	-236	236
CAGE_TSS_509	1	+	2703337	2703121	138.1517181	2703121	0	-216	-216	-216	-216	216
CAGE_TSS_512	1	+	2712927	2712858	131.4217072	2712858	0	-69	-69	-69	-69	69
CAGE_TSS_516	1	+	2736768	2736742	21.04536057	2736742	0	-26	-26	-26	-26	26
CAGE_TSS_517	1	+	2752160	2752197	21.96532059	2752197	0	37	37	37	37	37
CAGE_TSS_520	1	+	2752928	2752865	9.001649857	2752865	0	-63	-63	-63	-63	63
CAGE_TSS_523	1	+	2762642	2762620	44.16624069	2762620	0	-22	-22	-22	-22	22
CAGE_TSS_527	1	+	2805172	2805098	49.2560997	2805098	0	-74	-74	-74	-74	74
CAGE_TSS_530	1	+	2827113	2827067	5.266620159	2827067	0	-46	-46	-46	-46	46
CAGE_TSS_533	1	+	2848349	2848216	155.2507629	2848216	0	-133	-133	-133	-133	133
CAGE_TSS_535	1	+	2856162	2856016	71.35915375	2856016	0	-146	-146	-146	-146	146
CAGE_TSS_539	1	+	2873546	2873451	11.34463024	2873451	0	-95	-95	-95	-95	95
CAGE_TSS_544	1	+	2877675	2877848	9.453209877	2877848	0	173	173	173	173	173
CAGE_TSS_546	1	+	2882523	2882518	10.88150978	2882518	0	-5	-5	-5	-5	5
CAGE_TSS_548	1	+	2884411	2884415	21.57393074	2884415	0	4	4	4	4	4
CAGE_TSS_552	1	+	2891037	2891078	8.543499947	2891078	0	41	41	41	41	41
CAGE_TSS_554	1	+	2927702	2927562	219.5152893	2927562	0	-140	-140	-140	-140	140
CAGE_TSS_557	1	+	2928484	2928482	397.8070984	2928482	0	-2	-2	-2	-2	2
CAGE_TSS_563	1	+	2965044	2964874	15.27795029	2964874	0	-170	-170	-170	-170	170
CAGE_TSS_572	1	+	3009058	3008877	40.50687027	3008877	0	-181	-181	-181	-181	181
CAGE_TSS_584	1	+	3031227	3031036	294.7760315	3031036	0	-191	-191	-191	-191	191
CAGE_TSS_590	1	+	3058484	3058451	7.750170231	3058451	0	-33	-33	-33	-33	33
CAGE_TSS_591	1	+	3064117	3064103	18.41905022	3064103	0	-14	-14	-14	-14	14
CAGE_TSS_592	1	+	3066756	3066607	345.7518311	3066607	0	-149	-149	-149	-149	149
CAGE_TSS_595	1	+	3076716	3076651	13.62598038	3076651	0	-65	-65	-65	-65	65
CAGE_TSS_597	1	+	3093844	3093736	32.42295074	3093736	0	-108	-108	-108	-108	108
CAGE_TSS_609	1	+	3123027	3123033	5.068689823	3123033	0	6	6	6	6	6
CAGE_TSS_621	1	+	3173548	3173541	7.982029915	3173541	0	-7	-7	-7	-7	7
CAGE_TSS_625	1	+	3189421	3189150	151.4460144	3189150	0	-271	-271	-271	-271	271
CAGE_TSS_629	1	+	3201827	3201764	81.77915955	3201764	0	-63	-63	-63	-63	63
CAGE_TSS_633	1	+	3244207	3244141	99.78269958	3244141	0	-66	-66	-66	-66	66
CAGE_TSS_634	1	+	3252240	3252279	22.05381012	3252279	0	39	39	39	39	39
CAGE_TSS_636	1	+	3273930	3273772	13.12080956	3273772	0	-158	-158	-158	-158	158
CAGE_TSS_640	1	+	3302728	3302692	6.321949959	3302692	0	-36	-36	-36	-36	36
CAGE_TSS_642	1	+	3325846	3325902	23.52457047	3325902	0	56	56	56	56	56
CAGE_TSS_645	1	+	3355589	3355536	4.060259819	3355536	0	-53	-53	-53	-53	53
CAGE_TSS_647	1	+	3370535	3370621	5.034389973	3370621	0	86	86	86	86	86
CAGE_TSS_658	1	+	3465941	3465916	7.012139797	3465916	0	-25	-25	-25	-25	25
CAGE_TSS_662	1	+	3484556	3484465	100.0690536	3484465	0	-91	-91	-91	-91	91
CAGE_TSS_667	1	+	3530503	3530384	399.6621704	3530384	0	-119	-119	-119	-119	119
CAGE_TSS_668	1	+	3532480	3532473	17.39112091	3532473	0	-7	-7	-7	-7	7
CAGE_TSS_674	1	+	3554109	3554105	7.835790157	3554105	0	-4	-4	-4	-4	4
CAGE_TSS_688	1	+	3664270	3664227	199.4333191	3664227	0	-43	-43	-43	-43	43
CAGE_TSS_693	1	+	3681820	3681745	48.77764893	3681745	0	-75	-75	-75	-75	75
CAGE_TSS_695	1	+	3702631	3702656	7.451129913	3702656	0	25	25	25	25	25
CAGE_TSS_698	1	+	3722907	3722834	18.83481026	3722834	0	-73	-73	-73	-73	73
CAGE_TSS_700	1	+	3733139	3733054	11.20271015	3733054	0	-85	-85	-85	-85	85
CAGE_TSS_702	1	+	3744889	3744953	7.497819901	3744953	0	64	64	64	64	64
CAGE_TSS_704	1	+	3745742	3745610	256.3995361	3745610	0	-132	-132	-132	-132	132
CAGE_TSS_707	1	+	3753370	3753168	5.123419762	3753168	0	-202	-202	-202	-202	202
CAGE_TSS_708	1	+	3774549	3774608	25.94680977	3774608	0	59	59	59	59	59
CAGE_TSS_709	1	+	3777329	3777387	38.73648834	3777387	0	58	58	58	58	58
CAGE_TSS_713	1	+	3797718	3797692	12.32466984	3797692	0	-26	-26	-26	-26	26
CAGE_TSS_716	1	+	3832622	3832649	13.61382961	3832649	0	27	27	27	27	27
CAGE_TSS_719	1	+	3841280	3841067	87.02741241	3841067	0	-213	-213	-213	-213	213
CAGE_TSS_725	1	+	3849312	3849334	74.08087921	3849334	0	22	22	22	22	22
CAGE_TSS_734	1	+	3902016	3901911	17.9978199	3901911	0	-105	-105	-105	-105	105
CAGE_TSS_735	1	+	3914814	3914704	5.522059917	3914704	0	-110	-110	-110	-110	110
CAGE_TSS_740	1	+	3920556	3920364	20.53985977	3920364	0	-192	-192	-192	-192	192
CAGE_TSS_741	1	+	3938531	3938569	6.210440159	3938569	0	38	38	38	38	38
CAGE_TSS_745	1	+	3945736	3945724	43.73299026	3945724	0	-12	-12	-12	-12	12
CAGE_TSS_747	1	+	3951407	3951220	5.165500164	3951220	0	-187	-187	-187	-187	187
CAGE_TSS_752	1	+	3981329	3981143	19.49234962	3981143	0	-186	-186	-186	-186	186
CAGE_TSS_753	1	+	3995412	3995352	32.75886917	3995352	0	-60	-60	-60	-60	60
CAGE_TSS_761	1	+	3999198	3999139	19.38191032	3999139	0	-59	-59	-59	-59	59
CAGE_TSS_763	1	+	4001410	4001285	22.38102913	4001285	0	-125	-125	-125	-125	125
CAGE_TSS_774	1	+	4056206	4055987	9.16121006	4055987	0	-219	-219	-219	-219	219
CAGE_TSS_775	1	+	4058161	4058140	5.688189983	4058140	0	-21	-21	-21	-21	21
CAGE_TSS_776	1	+	4062626	4062523	70.40213013	4062523	0	-103	-103	-103	-103	103
CAGE_TSS_782	1	+	4105237	4105268	57.73995972	4105268	0	31	31	31	31	31
CAGE_TSS_791	1	+	4140278	4140128	31.04776955	4140128	0	-150	-150	-150	-150	150
CAGE_TSS_794	1	+	4148033	4148077	5.171969891	4148077	0	44	44	44	44	44
CAGE_TSS_796	1	+	4153651	4153672	17.40851021	4153672	0	21	21	21	21	21
CAGE_TSS_799	1	+	4157730	4157606	6.92317009	4157606	0	-124	-124	-124	-124	124
CAGE_TSS_803	1	+	4189354	4189206	5.986370087	4189206	0	-148	-148	-148	-148	148
CAGE_TSS_804	1	+	4194650	4194438	13.74271011	4194438	0	-212	-212	-212	-212	212
CAGE_TSS_814	1	+	4244282	4244143	451.1340027	4244143	0	-139	-139	-139	-139	139
CAGE_TSS_826	1	+	4334615	4334467	59.03887177	4334467	0	-148	-148	-148	-148	148
CAGE_TSS_828	1	+	4348501	4348548	19.07147026	4348548	0	47	47	47	47	47
CAGE_TSS_835	1	+	4375514	4375419	10.18395042	4375419	0	-95	-95	-95	-95	95
CAGE_TSS_841	1	+	4384333	4384488	17.76528931	4384488	0	155	155	155	155	155
CAGE_TSS_848	1	+	4423638	4423623	5.500239849	4423623	0	-15	-15	-15	-15	15
CAGE_TSS_849	1	+	4433632	4433626	35.23247147	4433626	0	-6	-6	-6	-6	6
CAGE_TSS_857	1	+	4459165	4459025	117.8907928	4459025	0	-140	-140	-140	-140	140
CAGE_TSS_859	1	+	4461805	4461837	36.78453827	4461837	0	32	32	32	32	32
CAGE_TSS_860	1	+	4463968	4463722	28.68676949	4463722	0	-246	-246	-246	-246	246
CAGE_TSS_869	1	+	4495027	4495030	12.31521034	4495030	0	3	3	3	3	3
CAGE_TSS_871	1	+	4515588	4515503	5.171969891	4515503	0	-85	-85	-85	-85	85
CAGE_TSS_873	1	+	4542925	4542948	6.45141983	4542948	0	23	23	23	23	23
CAGE_TSS_874	1	+	4544952	4544954	7.451889992	4544954	0	2	2	2	2	2
CAGE_TSS_875	1	+	4547544	4547361	190.2462769	4547361	0	-183	-183	-183	-183	183
CAGE_TSS_880	1	+	4593872	4593817	23.05758095	4593817	0	-55	-55	-55	-55	55
CAGE_TSS_885	1	+	4615847	4615735	145.4401245	4615735	0	-112	-112	-112	-112	112
CAGE_TSS_893	1	+	4688153	4687916	19.54018021	4687916	0	-237	-237	-237	-237	237
CAGE_TSS_897	1	+	4713691	4713602	93.11308289	4713602	0	-89	-89	-89	-89	89
CAGE_TSS_898	1	+	4721697	4721583	101.0567474	4721583	0	-114	-114	-114	-114	114
CAGE_TSS_903	1	+	4735547	4735672	11.24561024	4735672	0	125	125	125	125	125
CAGE_TSS_905	1	+	4748872	4748920	33.94567108	4748920	0	48	48	48	48	48
CAGE_TSS_909	1	+	4761041	4761079	22.07509041	4761079	0	38	38	38	38	38
CAGE_TSS_911	1	+	4776530	4776345	145.6691437	4776345	0	-185	-185	-185	-185	185
CAGE_TSS_913	1	+	4794756	4794671	6.703539848	4794671	0	-85	-85	-85	-85	85
CAGE_TSS_916	1	+	4797386	4797359	60.02711868	4797359	0	-27	-27	-27	-27	27
CAGE_TSS_918	1	+	4802775	4802580	8.401619911	4802580	0	-195	-195	-195	-195	195
CAGE_TSS_919	1	+	4810445	4810287	31.83872986	4810287	0	-158	-158	-158	-158	158
CAGE_TSS_925	1	+	4847161	4847053	36.92763138	4847053	0	-108	-108	-108	-108	108
CAGE_TSS_929	1	+	4861257	4861203	8.141280174	4861203	0	-54	-54	-54	-54	54
CAGE_TSS_932	1	+	4872856	4872744	310.7121887	4872744	0	-112	-112	-112	-112	112
CAGE_TSS_933	1	+	4877626	4877489	65.8951416	4877489	0	-137	-137	-137	-137	137
CAGE_TSS_935	1	+	4885009	4884964	27.38854027	4884964	0	-45	-45	-45	-45	45
CAGE_TSS_940	1	+	4897341	4897457	6.711919785	4897457	0	116	116	116	116	116
CAGE_TSS_942	1	+	4899154	4899147	7.45430994	4899147	0	-7	-7	-7	-7	7
CAGE_TSS_947	1	+	4908419	4908409	9.70028019	4908409	0	-10	-10	-10	-10	10
CAGE_TSS_948	1	+	4915579	4915484	10.48250961	4915484	0	-95	-95	-95	-95	95
CAGE_TSS_950	1	+	4934284	4934054	64.45973969	4934054	0	-230	-230	-230	-230	230
CAGE_TSS_951	1	+	4934755	4934772	14.34965038	4934772	0	17	17	17	17	17
CAGE_TSS_955	1	+	4980673	4980646	22.23924065	4980646	0	-27	-27	-27	-27	27
CAGE_TSS_956	1	+	4983559	4983543	15.52095985	4983543	0	-16	-16	-16	-16	16
CAGE_TSS_958	1	+	4991464	4991276	801.5372925	4991276	0	-188	-188	-188	-188	188
CAGE_TSS_959	1	+	5019955	5019875	25.52609062	5019875	0	-80	-80	-80	-80	80
CAGE_TSS_960	1	+	5023438	5023460	16.96552086	5023460	0	22	22	22	22	22
CAGE_TSS_961	1	+	5027696	5027510	5.522059917	5027510	0	-186	-186	-186	-186	186
CAGE_TSS_963	1	+	5040781	5040717	9.881710052	5040717	0	-64	-64	-64	-64	64
CAGE_TSS_964	1	+	5042448	5042514	204.4497223	5042514	0	66	66	66	66	66
CAGE_TSS_966	1	+	5047974	5047917	23.05758095	5047917	0	-57	-57	-57	-57	57
CAGE_TSS_967	1	+	5058720	5058638	87.19290924	5058638	0	-82	-82	-82	-82	82
CAGE_TSS_970	1	+	5090992	5091042	7.136680126	5091042	0	50	50	50	50	50
CAGE_TSS_972	1	+	5124741	5124660	28.63121986	5124660	0	-81	-81	-81	-81	81
CAGE_TSS_973	1	+	5137055	5136946	788.3051758	5136946	0	-109	-109	-109	-109	109
CAGE_TSS_974	1	+	5137363	5137465	24.39410019	5137465	0	102	102	102	102	102
CAGE_TSS_975	1	+	5149273	5149357	186.0143127	5149357	0	84	84	84	84	84
CAGE_TSS_976	1	+	5168615	5168783	14.11233044	5168783	0	168	168	168	168	168
CAGE_TSS_977	1	+	5171206	5171055	90.64438629	5171055	0	-151	-151	-151	-151	151
CAGE_TSS_978	1	+	5177561	5177565	25.98406982	5177565	0	4	4	4	4	4
CAGE_TSS_982	1	+	5193698	5193697	11.37874031	5193697	0	-1	-1	-1	-1	1
CAGE_TSS_983	1	+	5199196	5199065	359.9177246	5199065	0	-131	-131	-131	-131	131
CAGE_TSS_984	1	+	5202857	5202632	432.5348511	5202632	0	-225	-225	-225	-225	225
CAGE_TSS_994	1	+	5249823	5249721	91.06478882	5249721	0	-102	-102	-102	-102	102
CAGE_TSS_995	1	+	5252339	5252269	5.975319862	5252269	0	-70	-70	-70	-70	70
CAGE_TSS_1001	1	+	5290950	5291193	27.21476936	5291193	0	243	243	243	243	243
CAGE_TSS_1004	1	+	5294666	5294754	9.130530357	5294754	0	88	88	88	88	88
CAGE_TSS_1006	1	+	5298238	5298341	184.0529175	5298341	0	103	103	103	103	103
CAGE_TSS_1008	1	+	5304317	5304191	452.1413879	5304191	0	-126	-126	-126	-126	126
CAGE_TSS_1011	1	+	5318036	5317911	15.20365047	5317911	0	-125	-125	-125	-125	125
CAGE_TSS_1012	1	+	5325328	5325387	83.37902832	5325387	0	59	59	59	59	59
CAGE_TSS_1023	1	+	5390035	5390054	28.23280907	5390054	0	19	19	19	19	19
CAGE_TSS_1027	1	+	5399852	5399750	5.066420078	5399750	0	-102	-102	-102	-102	102
CAGE_TSS_1031	1	+	5404401	5404285	11.41524029	5404285	0	-116	-116	-116	-116	116
CAGE_TSS_1033	1	+	5410921	5410832	34.42876816	5410832	0	-89	-89	-89	-89	89
CAGE_TSS_1038	1	+	5448086	5448212	19.17201042	5448212	0	126	126	126	126	126
CAGE_TSS_1040	1	+	5454819	5454832	10.88521004	5454832	0	13	13	13	13	13
CAGE_TSS_1047	1	+	5471439	5471255	7.17538023	5471255	0	-184	-184	-184	-184	184
CAGE_TSS_1052	1	+	5478785	5478872	14.30443001	5478872	0	87	87	87	87	87
CAGE_TSS_1055	1	+	5481773	5481502	20.24156952	5481502	0	-271	-271	-271	-271	271
CAGE_TSS_1060	1	+	5498172	5498074	6.304319859	5498074	0	-98	-98	-98	-98	98
CAGE_TSS_1063	1	+	5509324	5509133	10.92152977	5509133	0	-191	-191	-191	-191	191
CAGE_TSS_1071	1	+	5540493	5540286	13.18212032	5540286	0	-207	-207	-207	-207	207
CAGE_TSS_1074	1	+	5543140	5543191	39.51280975	5543191	0	51	51	51	51	51
CAGE_TSS_1075	1	+	5548361	5548293	29.48111916	5548293	0	-68	-68	-68	-68	68
CAGE_TSS_1077	1	+	5563176	5562998	41.67575073	5562998	0	-178	-178	-178	-178	178
CAGE_TSS_1079	1	+	5578482	5578211	9.169389725	5578211	0	-271	-271	-271	-271	271
CAGE_TSS_1080	1	+	5580854	5580650	16.52883911	5580650	0	-204	-204	-204	-204	204
CAGE_TSS_1094	1	+	5614619	5614404	92.48935699	5614404	0	-215	-215	-215	-215	215
CAGE_TSS_1100	1	+	5639033	5638954	218.4024658	5638954	0	-79	-79	-79	-79	79
CAGE_TSS_1107	1	+	5685595	5685410	11.95701027	5685410	0	-185	-185	-185	-185	185
CAGE_TSS_1111	1	+	5697327	5697404	9.001649857	5697404	0	77	77	77	77	77
CAGE_TSS_1112	1	+	5702162	5702094	11.34463024	5702094	0	-68	-68	-68	-68	68
CAGE_TSS_1122	1	+	5723087	5722931	47.48249054	5722931	0	-156	-156	-156	-156	156
CAGE_TSS_1129	1	+	5727706	5727425	249.1248474	5727425	0	-281	-281	-281	-281	281
CAGE_TSS_1135	1	+	5758858	5758599	8.700889587	5758599	0	-259	-259	-259	-259	259
CAGE_TSS_1137	1	+	5767359	5767396	5.113070011	5767396	0	37	37	37	37	37
CAGE_TSS_1139	1	+	5773708	5773496	77.01344299	5773496	0	-212	-212	-212	-212	212
CAGE_TSS_1148	1	+	5799909	5799731	22.68412018	5799731	0	-178	-178	-178	-178	178
CAGE_TSS_1152	1	+	5824881	5824894	12.58285046	5824894	0	13	13	13	13	13
CAGE_TSS_1153	1	+	5828933	5828978	8.491570473	5828978	0	45	45	45	45	45
CAGE_TSS_1158	1	+	5844743	5844880	29.67696953	5844880	0	137	137	137	137	137
CAGE_TSS_1160	1	+	5851953	5851753	147.8539886	5851753	0	-200	-200	-200	-200	200
CAGE_TSS_1161	1	+	5854149	5854090	8.706480026	5854090	0	-59	-59	-59	-59	59
CAGE_TSS_1172	1	+	5878446	5878299	23.53558922	5878299	0	-147	-147	-147	-147	147
CAGE_TSS_1173	1	+	5879707	5879553	6.350230217	5879553	0	-154	-154	-154	-154	154
CAGE_TSS_1182	1	+	5891036	5890835	17.09536934	5890835	0	-201	-201	-201	-201	201
CAGE_TSS_1185	1	+	5922775	5922716	70.76550293	5922716	0	-59	-59	-59	-59	59
CAGE_TSS_1193	1	+	5933880	5933778	64.08379364	5933778	0	-102	-102	-102	-102	102
CAGE_TSS_1196	1	+	5941820	5941715	6.890610218	5941715	0	-105	-105	-105	-105	105
CAGE_TSS_1199	1	+	5977410	5977286	1641.02063	5977286	0	-124	-124	-124	-124	124
CAGE_TSS_1203	1	+	6002924	6002913	10.76817036	6002913	0	-11	-11	-11	-11	11
CAGE_TSS_1206	1	+	6008620	6008540	13.48939037	6008540	0	-80	-80	-80	-80	80
CAGE_TSS_1207	1	+	6017977	6017935	35.29050827	6017935	0	-42	-42	-42	-42	42
CAGE_TSS_1209	1	+	6027889	6027793	6.124199867	6027793	0	-96	-96	-96	-96	96
CAGE_TSS_1210	1	+	6034361	6034206	57.32735062	6034206	0	-155	-155	-155	-155	155
CAGE_TSS_1211	1	+	6039242	6039210	40.28881836	6039210	0	-32	-32	-32	-32	32
CAGE_TSS_1213	1	+	6062248	6062113	224.5572052	6062113	0	-135	-135	-135	-135	135
CAGE_TSS_1217	1	+	6099121	6099110	11.64912987	6099110	0	-11	-11	-11	-11	11
CAGE_TSS_1218	1	+	6101118	6101003	58.30477905	6101003	0	-115	-115	-115	-115	115
CAGE_TSS_1219	1	+	6101489	6101586	13.22192955	6101586	0	97	97	97	97	97
CAGE_TSS_1223	1	+	6123744	6123841	28.17822075	6123841	0	97	97	97	97	97
CAGE_TSS_1225	1	+	6142601	6142324	88.89472198	6142324	0	-277	-277	-277	-277	277
CAGE_TSS_1227	1	+	6149300	6149295	210.02948	6149295	0	-5	-5	-5	-5	5
CAGE_TSS_1230	1	+	6184918	6184632	5.384170055	6184632	0	-286	-286	-286	-286	286
CAGE_TSS_1233	1	+	6220234	6220150	55.73223877	6220150	0	-84	-84	-84	-84	84
CAGE_TSS_1235	1	+	6222262	6222045	5.439579964	6222045	0	-217	-217	-217	-217	217
CAGE_TSS_1236	1	+	6222841	6222591	5.00177002	6222591	0	-250	-250	-250	-250	250
CAGE_TSS_1237	1	+	6224502	6224344	65.32933807	6224344	0	-158	-158	-158	-158	158
CAGE_TSS_1245	1	+	6299686	6299981	15.21681976	6299981	0	295	295	295	295	295
CAGE_TSS_1246	1	+	6304261	6304130	6.47300005	6304130	0	-131	-131	-131	-131	131
CAGE_TSS_1247	1	+	6315650	6315496	58.87516022	6315496	0	-154	-154	-154	-154	154
CAGE_TSS_1248	1	+	6325852	6325615	26.20192909	6325615	0	-237	-237	-237	-237	237
CAGE_TSS_1250	1	+	6331397	6331210	373.3148804	6331210	0	-187	-187	-187	-187	187
CAGE_TSS_1251	1	+	6343153	6343150	16.50086975	6343150	0	-3	-3	-3	-3	3
CAGE_TSS_1252	1	+	6345951	6345927	798.6937256	6345927	0	-24	-24	-24	-24	24
CAGE_TSS_1253	1	+	6348109	6348153	13.73740005	6348153	0	44	44	44	44	44
CAGE_TSS_1254	1	+	6352513	6352443	23.3083992	6352443	0	-70	-70	-70	-70	70
CAGE_TSS_1257	1	+	6361631	6361455	23.74175072	6361455	0	-176	-176	-176	-176	176
CAGE_TSS_1262	1	+	6369265	6369190	416.7401428	6369190	0	-75	-75	-75	-75	75
CAGE_TSS_1270	1	+	6400478	6400382	12.96809006	6400382	0	-96	-96	-96	-96	96
CAGE_TSS_1272	1	+	6405908	6405879	120.4168091	6405879	0	-29	-29	-29	-29	29
CAGE_TSS_1275	1	+	6409969	6409931	182.452713	6409931	0	-38	-38	-38	-38	38
CAGE_TSS_1280	1	+	6423849	6423801	11.40178013	6423801	0	-48	-48	-48	-48	48
CAGE_TSS_1282	1	+	6433571	6433569	115.5672607	6433569	0	-2	-2	-2	-2	2
CAGE_TSS_1283	1	+	6437532	6437548	6.221039772	6437548	0	16	16	16	16	16
CAGE_TSS_1284	1	+	6450593	6450577	16.96552086	6450577	0	-16	-16	-16	-16	16
CAGE_TSS_1285	1	+	6459193	6459057	20.42720985	6459057	0	-136	-136	-136	-136	136
CAGE_TSS_1290	1	+	6464890	6464799	153.8804626	6464799	0	-91	-91	-91	-91	91
CAGE_TSS_1292	1	+	6474831	6474838	22.55121994	6474838	0	7	7	7	7	7
CAGE_TSS_1298	1	+	6543799	6543703	11.04354	6543703	0	-96	-96	-96	-96	96
CAGE_TSS_1302	1	+	6565779	6565597	9.954890251	6565597	0	-182	-182	-182	-182	182
CAGE_TSS_1303	1	+	6568072	6568133	8.890680313	6568133	0	61	61	61	61	61
CAGE_TSS_1307	1	+	6602111	6602019	315.2926025	6602019	0	-92	-92	-92	-92	92
CAGE_TSS_1313	1	+	6622121	6622063	136.2979126	6622063	0	-58	-58	-58	-58	58
CAGE_TSS_1314	1	+	6623846	6623984	29.13215065	6623984	0	138	138	138	138	138
CAGE_TSS_1315	1	+	6643257	6643024	167.5370331	6643024	0	-233	-233	-233	-233	233
CAGE_TSS_1321	1	+	6684553	6684433	934.8793335	6684433	0	-120	-120	-120	-120	120
CAGE_TSS_1323	1	+	6688521	6688515	281.7270203	6688515	0	-6	-6	-6	-6	6
CAGE_TSS_1329	1	+	6697056	6696862	16.09049988	6696862	0	-194	-194	-194	-194	194
CAGE_TSS_1330	1	+	6698124	6697959	80.59391022	6697959	0	-165	-165	-165	-165	165
CAGE_TSS_1332	1	+	6712768	6712661	55.99227905	6712661	0	-107	-107	-107	-107	107
CAGE_TSS_1335	1	+	6728855	6728617	30.14466095	6728617	0	-238	-238	-238	-238	238
CAGE_TSS_1338	1	+	6744412	6744286	7.864870071	6744286	0	-126	-126	-126	-126	126
CAGE_TSS_1339	1	+	6746771	6746689	9.286640167	6746689	0	-82	-82	-82	-82	82
CAGE_TSS_1340	1	+	6759960	6759884	9.182040215	6759884	0	-76	-76	-76	-76	76
CAGE_TSS_1343	1	+	6765670	6765608	23.50758934	6765608	0	-62	-62	-62	-62	62
CAGE_TSS_1356	1	+	6832327	6832350	82.66937256	6832350	0	23	23	23	23	23
CAGE_TSS_1363	1	+	6887084	6887036	248.1622467	6887036	0	-48	-48	-48	-48	48
CAGE_TSS_1365	1	+	6913249	6913248	19.16356087	6913248	0	-1	-1	-1	-1	1
CAGE_TSS_1367	1	+	6924183	6924066	18.81303024	6924066	0	-117	-117	-117	-117	117
CAGE_TSS_1368	1	+	6928039	6927911	11.39655018	6927911	0	-128	-128	-128	-128	128
CAGE_TSS_1372	1	+	6941180	6941133	13.9091301	6941133	0	-47	-47	-47	-47	47
CAGE_TSS_1383	1	+	6949099	6948976	6.92317009	6948976	0	-123	-123	-123	-123	123
CAGE_TSS_1386	1	+	6966952	6966992	19.15609932	6966992	0	40	40	40	40	40
CAGE_TSS_1394	1	+	7016696	7016440	8.463049889	7016440	0	-256	-256	-256	-256	256
CAGE_TSS_1405	1	+	7061579	7061416	8.473010063	7061416	0	-163	-163	-163	-163	163
CAGE_TSS_1406	1	+	7062147	7061969	9.969820023	7061969	0	-178	-178	-178	-178	178
CAGE_TSS_1407	1	+	7065493	7065494	541.8757935	7065494	0	1	1	1	1	1
CAGE_TSS_1408	1	+	7088214	7088372	139.2125244	7088372	0	158	158	158	158	158
CAGE_TSS_1409	1	+	7091293	7091287	8.72756958	7091287	0	-6	-6	-6	-6	6
CAGE_TSS_1411	1	+	7098482	7098467	6.602089882	7098467	0	-15	-15	-15	-15	15
CAGE_TSS_1414	1	+	7128888	7128887	10.78859043	7128887	0	-1	-1	-1	-1	1
CAGE_TSS_1419	1	+	7143084	7143002	912.8359375	7143002	0	-82	-82	-82	-82	82
CAGE_TSS_1421	1	+	7144222	7143975	419.8109741	7143975	0	-247	-247	-247	-247	247
CAGE_TSS_1422	1	+	7144829	7145053	7.320099831	7145053	0	224	224	224	224	224
CAGE_TSS_1423	1	+	7145956	7146007	3.563829899	7146007	0	51	51	51	51	51
CAGE_TSS_1425	1	+	7146729	7146492	50.76758957	7146492	0	-237	-237	-237	-237	237
CAGE_TSS_1427	1	+	7154402	7154391	180.7141266	7154391	0	-11	-11	-11	-11	11
CAGE_TSS_1446	1	+	7217130	7216994	25.54051018	7216994	0	-136	-136	-136	-136	136
CAGE_TSS_1447	1	+	7232007	7231787	22.78903961	7231787	0	-220	-220	-220	-220	220
CAGE_TSS_1450	1	+	7238804	7238616	10.45170021	7238616	0	-188	-188	-188	-188	188
CAGE_TSS_1451	1	+	7242922	7242823	5.149839878	7242823	0	-99	-99	-99	-99	99
CAGE_TSS_1456	1	+	7285056	7285072	15.90705967	7285072	0	16	16	16	16	16
CAGE_TSS_1465	1	+	7324589	7324577	107.5432205	7324577	0	-12	-12	-12	-12	12
CAGE_TSS_1468	1	+	7338078	7338164	4.117549896	7338164	0	86	86	86	86	86
CAGE_TSS_1471	1	+	7346159	7346053	76.46929932	7346053	0	-106	-106	-106	-106	106
CAGE_TSS_1472	1	+	7366774	7366576	73.01793671	7366576	0	-198	-198	-198	-198	198
CAGE_TSS_1474	1	+	7371290	7371157	169.9329376	7371157	0	-133	-133	-133	-133	133
CAGE_TSS_1475	1	+	7371664	7371564	98.56858063	7371564	0	-100	-100	-100	-100	100
CAGE_TSS_1478	1	+	7384790	7384652	257.0792542	7384652	0	-138	-138	-138	-138	138
CAGE_TSS_1479	1	+	7404387	7404381	11.67455006	7404381	0	-6	-6	-6	-6	6
CAGE_TSS_1483	1	+	7439448	7439229	20.82537079	7439229	0	-219	-219	-219	-219	219
CAGE_TSS_1487	1	+	7462046	7461981	68.18878937	7461981	0	-65	-65	-65	-65	65
CAGE_TSS_1490	1	+	7483879	7483723	9.618760109	7483723	0	-156	-156	-156	-156	156
CAGE_TSS_1491	1	+	7493438	7493347	366.6949463	7493347	0	-91	-91	-91	-91	91
CAGE_TSS_1496	1	+	7509127	7509064	184.8868256	7509064	0	-63	-63	-63	-63	63
CAGE_TSS_1498	1	+	7554793	7554787	10.62957001	7554787	0	-6	-6	-6	-6	6
CAGE_TSS_1499	1	+	7573973	7573896	27.58402061	7573896	0	-77	-77	-77	-77	77
CAGE_TSS_1501	1	+	7588705	7588598	52.62606812	7588598	0	-107	-107	-107	-107	107
CAGE_TSS_1502	1	+	7605715	7605684	44.72491074	7605684	0	-31	-31	-31	-31	31
CAGE_TSS_1503	1	+	7610397	7610287	2127.366455	7610287	0	-110	-110	-110	-110	110
CAGE_TSS_1504	1	+	7613004	7612881	17.84951973	7612881	0	-123	-123	-123	-123	123
CAGE_TSS_1509	1	+	7626334	7626241	15.9534502	7626241	0	-93	-93	-93	-93	93
CAGE_TSS_1511	1	+	7630265	7630264	8.097370148	7630264	0	-1	-1	-1	-1	1
CAGE_TSS_1512	1	+	7641299	7641243	293.2846375	7641243	0	-56	-56	-56	-56	56
CAGE_TSS_1514	1	+	7645721	7645644	67.36901093	7645644	0	-77	-77	-77	-77	77
CAGE_TSS_1523	1	+	7654255	7654097	13.1903801	7654097	0	-158	-158	-158	-158	158
CAGE_TSS_1525	1	+	7680423	7680428	36.27389908	7680428	0	5	5	5	5	5
CAGE_TSS_1526	1	+	7696535	7696380	8.562520027	7696380	0	-155	-155	-155	-155	155
CAGE_TSS_1530	1	+	7734739	7734599	35.83858109	7734599	0	-140	-140	-140	-140	140
CAGE_TSS_1534	1	+	7765890	7765850	239.162323	7765850	0	-40	-40	-40	-40	40
CAGE_TSS_1536	1	+	7767981	7768091	2.86777997	7768091	0	110	110	110	110	110
CAGE_TSS_1537	1	+	7771637	7771658	161.1164093	7771658	0	21	21	21	21	21
CAGE_TSS_1539	1	+	7789558	7789278	11.04354	7789278	0	-280	-280	-280	-280	280
CAGE_TSS_1541	1	+	7823154	7823082	14.47852039	7823082	0	-72	-72	-72	-72	72
CAGE_TSS_1543	1	+	7826300	7826139	49.66107941	7826139	0	-161	-161	-161	-161	161
CAGE_TSS_1545	1	+	7836525	7836533	54.91754913	7836533	0	8	8	8	8	8
CAGE_TSS_1546	1	+	7846597	7846472	88.72724915	7846472	0	-125	-125	-125	-125	125
CAGE_TSS_1552	1	+	7886367	7886315	12.54298019	7886315	0	-52	-52	-52	-52	52
CAGE_TSS_1557	1	+	7912025	7911899	6.690219879	7911899	0	-126	-126	-126	-126	126
CAGE_TSS_1568	1	+	7964042	7963942	1309.283813	7963942	0	-100	-100	-100	-100	100
CAGE_TSS_1572	1	+	8003384	8003452	7.04377985	8003452	0	68	68	68	68	68
CAGE_TSS_1574	1	+	8005959	8006037	124.6115417	8006037	0	78	78	78	78	78
CAGE_TSS_1582	1	+	8049134	8049010	6.801650047	8049010	0	-124	-124	-124	-124	124
CAGE_TSS_1586	1	+	8061885	8061758	9.151359558	8061758	0	-127	-127	-127	-127	127
CAGE_TSS_1587	1	+	8067929	8067916	7.645440102	8067916	0	-13	-13	-13	-13	13
CAGE_TSS_1599	1	+	8098592	8098530	206.5839539	8098530	0	-62	-62	-62	-62	62
CAGE_TSS_1601	1	+	8101592	8101530	8.965689659	8101530	0	-62	-62	-62	-62	62
CAGE_TSS_1602	1	+	8102813	8102649	75.03881073	8102649	0	-164	-164	-164	-164	164
CAGE_TSS_1604	1	+	8105679	8105597	26.76078033	8105597	0	-82	-82	-82	-82	82
CAGE_TSS_1606	1	+	8117412	8117219	31.64875031	8117219	0	-193	-193	-193	-193	193
CAGE_TSS_1616	1	+	8156662	8156647	66.07061768	8156647	0	-15	-15	-15	-15	15
CAGE_TSS_1626	1	+	8206540	8206509	6.47300005	8206509	0	-31	-31	-31	-31	31
CAGE_TSS_1634	1	+	8242465	8242377	11.06758976	8242377	0	-88	-88	-88	-88	88
CAGE_TSS_1639	1	+	8297619	8297375	9.353819847	8297375	0	-244	-244	-244	-244	244
CAGE_TSS_1642	1	+	8321684	8321614	47.73363876	8321614	0	-70	-70	-70	-70	70
CAGE_TSS_1650	1	+	8336704	8336682	28.65906906	8336682	0	-22	-22	-22	-22	22
CAGE_TSS_1660	1	+	8385250	8385108	356.7485657	8385108	0	-142	-142	-142	-142	142
CAGE_TSS_1674	1	+	8420341	8420179	565.7312012	8420179	0	-162	-162	-162	-162	162
CAGE_TSS_1679	1	+	8432221	8432112	253.4505005	8432112	0	-109	-109	-109	-109	109
CAGE_TSS_1684	1	+	8507020	8507023	6.605160236	8507023	0	3	3	3	3	3
CAGE_TSS_1686	1	+	8520458	8520165	23.90398979	8520165	0	-293	-293	-293	-293	293
CAGE_TSS_1688	1	+	8541023	8540774	60.14031982	8540774	0	-249	-249	-249	-249	249
CAGE_TSS_1694	1	+	8549298	8549212	14.68140984	8549212	0	-86	-86	-86	-86	86
CAGE_TSS_1696	1	+	8600477	8600332	7.910719872	8600332	0	-145	-145	-145	-145	145
CAGE_TSS_1701	1	+	8631402	8631195	48.62089157	8631195	0	-207	-207	-207	-207	207
CAGE_TSS_1702	1	+	8635209	8635263	14.29216957	8635263	0	54	54	54	54	54
CAGE_TSS_1709	1	+	8661915	8661830	17.56744957	8661830	0	-85	-85	-85	-85	85
CAGE_TSS_1712	1	+	8665908	8665728	60.89384079	8665728	0	-180	-180	-180	-180	180
CAGE_TSS_1714	1	+	8693094	8693153	88.70317078	8693153	0	59	59	59	59	59
CAGE_TSS_1719	1	+	8741941	8741916	51.16249084	8741916	0	-25	-25	-25	-25	25
CAGE_TSS_1727	1	+	8860676	8860664	76.72138977	8860664	0	-12	-12	-12	-12	12
CAGE_TSS_1729	1	+	8861880	8861888	8.540459633	8861888	0	8	8	8	8	8
CAGE_TSS_1730	1	+	8863918	8863876	21.50094986	8863876	0	-42	-42	-42	-42	42
CAGE_TSS_1731	1	+	8864830	8864691	32.80466843	8864691	0	-139	-139	-139	-139	139
CAGE_TSS_1733	1	+	8867147	8867191	7.460000038	8867191	0	44	44	44	44	44
CAGE_TSS_1734	1	+	8877856	8877894	26.98483086	8877894	0	38	38	38	38	38
CAGE_TSS_1735	1	+	8894412	8894521	7.995960236	8894521	0	109	109	109	109	109
CAGE_TSS_1736	1	+	8903405	8903404	25.11706924	8903404	0	-1	-1	-1	-1	1
CAGE_TSS_1737	1	+	8911427	8911487	100.3828888	8911487	0	60	60	60	60	60
CAGE_TSS_1742	1	+	8948459	8948288	57.45082092	8948288	0	-171	-171	-171	-171	171
CAGE_TSS_1747	1	+	8962143	8961905	518.4033203	8961905	0	-238	-238	-238	-238	238
CAGE_TSS_1752	1	+	9020366	9020251	12.89863014	9020251	0	-115	-115	-115	-115	115
CAGE_TSS_1759	1	+	9071114	9070969	20.5308609	9070969	0	-145	-145	-145	-145	145
CAGE_TSS_1763	1	+	9098014	9097971	28.30715942	9097971	0	-43	-43	-43	-43	43
CAGE_TSS_1776	1	+	9178377	9178393	89.37023163	9178393	0	16	16	16	16	16
CAGE_TSS_1778	1	+	9182204	9182207	5.744999886	9182207	0	3	3	3	3	3
CAGE_TSS_1779	1	+	9184785	9184589	22.59036064	9184589	0	-196	-196	-196	-196	196
CAGE_TSS_1780	1	+	9191612	9191509	93.87918854	9191509	0	-103	-103	-103	-103	103
CAGE_TSS_1781	1	+	9205885	9205827	25.1079998	9205827	0	-58	-58	-58	-58	58
CAGE_TSS_1785	1	+	9210065	9210034	22.87466049	9210034	0	-31	-31	-31	-31	31
CAGE_TSS_1794	1	+	9241198	9241234	165.5966339	9241234	0	36	36	36	36	36
CAGE_TSS_1807	1	+	9298742	9298674	6.747839928	9298674	0	-68	-68	-68	-68	68
CAGE_TSS_1811	1	+	9343120	9342857	6.23800993	9342857	0	-263	-263	-263	-263	263
CAGE_TSS_1812	1	+	9351453	9351303	645.4941406	9351303	0	-150	-150	-150	-150	150
CAGE_TSS_1814	1	+	9352114	9351960	279.710968	9351960	0	-154	-154	-154	-154	154
CAGE_TSS_1815	1	+	9356018	9355910	41.21318817	9355910	0	-108	-108	-108	-108	108
CAGE_TSS_1816	1	+	9359642	9359626	34.9063797	9359626	0	-16	-16	-16	-16	16
CAGE_TSS_1824	1	+	9391768	9391644	238.9051819	9391644	0	-124	-124	-124	-124	124
CAGE_TSS_1825	1	+	9393689	9393537	41.08111954	9393537	0	-152	-152	-152	-152	152
CAGE_TSS_1829	1	+	9407835	9407538	36.870121	9407538	0	-297	-297	-297	-297	297
CAGE_TSS_1831	1	+	9421151	9421249	96.05098724	9421249	0	98	98	98	98	98
CAGE_TSS_1832	1	+	9425534	9425351	58.133461	9425351	0	-183	-183	-183	-183	183
CAGE_TSS_1838	1	+	9456727	9456660	111.501297	9456660	0	-67	-67	-67	-67	67
CAGE_TSS_1839	1	+	9481627	9481349	95.53997803	9481349	0	-278	-278	-278	-278	278
CAGE_TSS_1842	1	+	9483287	9483202	144.3747253	9483202	0	-85	-85	-85	-85	85
CAGE_TSS_1849	1	+	9492968	9492863	66.79810333	9492863	0	-105	-105	-105	-105	105
CAGE_TSS_1851	1	+	9495595	9495434	58.7811203	9495434	0	-161	-161	-161	-161	161
CAGE_TSS_1852	1	+	9501890	9501764	957.4783325	9501764	0	-126	-126	-126	-126	126
CAGE_TSS_1853	1	+	9507896	9507705	252.5878754	9507705	0	-191	-191	-191	-191	191
CAGE_TSS_1858	1	+	9517200	9517242	7.054590225	9517242	0	42	42	42	42	42
CAGE_TSS_1860	1	+	9532029	9532151	9.9708004	9532151	0	122	122	122	122	122
CAGE_TSS_1867	1	+	9534520	9534375	53.6595192	9534375	0	-145	-145	-145	-145	145
CAGE_TSS_1877	1	+	9614582	9614502	10.35311985	9614502	0	-80	-80	-80	-80	80
CAGE_TSS_1881	1	+	9631268	9631254	41.74496841	9631254	0	-14	-14	-14	-14	14
CAGE_TSS_1883	1	+	9636597	9636572	24.71323013	9636572	0	-25	-25	-25	-25	25
CAGE_TSS_1888	1	+	9662131	9662101	17.87969017	9662101	0	-30	-30	-30	-30	30
CAGE_TSS_1889	1	+	9668596	9668356	145.807785	9668356	0	-240	-240	-240	-240	240
CAGE_TSS_1890	1	+	9698472	9698405	31.2047596	9698405	0	-67	-67	-67	-67	67
CAGE_TSS_1897	1	+	9741756	9741639	26.82943916	9741639	0	-117	-117	-117	-117	117
CAGE_TSS_1899	1	+	9748755	9748643	21.68803978	9748643	0	-112	-112	-112	-112	112
CAGE_TSS_1900	1	+	9763360	9763204	298.8642273	9763204	0	-156	-156	-156	-156	156
CAGE_TSS_1901	1	+	9779138	9779037	8.440320015	9779037	0	-101	-101	-101	-101	101
CAGE_TSS_1902	1	+	9783001	9782838	11.82252026	9782838	0	-163	-163	-163	-163	163
CAGE_TSS_1904	1	+	9801059	9801164	9.934700012	9801164	0	105	105	105	105	105
CAGE_TSS_1906	1	+	9825285	9825164	38.24782944	9825164	0	-121	-121	-121	-121	121
CAGE_TSS_1908	1	+	9827794	9828040	5.41121006	9828040	0	246	246	246	246	246
CAGE_TSS_1909	1	+	9831335	9831201	131.1950073	9831201	0	-134	-134	-134	-134	134
CAGE_TSS_1912	1	+	9886230	9885954	141.6461487	9885954	0	-276	-276	-276	-276	276
CAGE_TSS_1915	1	+	9940033	9940039	18.44470978	9940039	0	6	6	6	6	6
CAGE_TSS_1917	1	+	9963599	9963576	72.07937622	9963576	0	-23	-23	-23	-23	23
CAGE_TSS_1920	1	+	9996823	9996804	29.06999016	9996804	0	-19	-19	-19	-19	19
CAGE_TSS_1923	1	+	10015917	10015966	8.491570473	10015966	0	49	49	49	49	49
CAGE_TSS_1930	1	+	10078188	10078140	89.66388702	10078140	0	-48	-48	-48	-48	48
CAGE_TSS_1933	1	+	10103126	10103130	23.87568092	10103130	0	4	4	4	4	4
CAGE_TSS_1940	1	+	10149855	10149721	7.220570087	10149721	0	-134	-134	-134	-134	134
CAGE_TSS_1944	1	+	10180521	10180378	21.13669968	10180378	0	-143	-143	-143	-143	143
CAGE_TSS_1953	1	+	10237114	10237356	7.546010017	10237356	0	242	242	242	242	242
CAGE_TSS_1954	1	+	10244967	10244753	21.85993958	10244753	0	-214	-214	-214	-214	214
CAGE_TSS_1964	1	+	10321209	10321039	577.7189941	10321039	0	-170	-170	-170	-170	170
CAGE_TSS_1973	1	+	10371839	10371645	19.42094994	10371645	0	-194	-194	-194	-194	194
CAGE_TSS_1976	1	+	10375766	10375761	190.1598663	10375761	0	-5	-5	-5	-5	5
CAGE_TSS_1986	1	+	10447754	10447761	25.67774963	10447761	0	7	7	7	7	7
CAGE_TSS_1991	1	+	10463393	10463100	778.8412476	10463100	0	-293	-293	-293	-293	293
CAGE_TSS_1992	1	+	10468096	10468063	21.51754951	10468063	0	-33	-33	-33	-33	33
CAGE_TSS_2000	1	+	10491675	10491611	30.07855988	10491611	0	-64	-64	-64	-64	64
CAGE_TSS_2004	1	+	10537647	10537408	666.9158936	10537408	0	-239	-239	-239	-239	239
CAGE_TSS_2006	1	+	10582079	10581982	24.77330971	10581982	0	-97	-97	-97	-97	97
CAGE_TSS_2007	1	+	10587602	10587391	31.64875031	10587391	0	-211	-211	-211	-211	211
CAGE_TSS_2014	1	+	10625085	10625097	15.38885021	10625097	0	12	12	12	12	12
CAGE_TSS_2021	1	+	10654910	10654958	5.337880135	10654958	0	48	48	48	48	48
CAGE_TSS_2023	1	+	10680225	10680189	242.7488403	10680189	0	-36	-36	-36	-36	36
CAGE_TSS_2025	1	+	10715636	10715493	317.4824829	10715493	0	-143	-143	-143	-143	143
CAGE_TSS_2029	1	+	10722260	10722132	50.87633133	10722132	0	-128	-128	-128	-128	128
CAGE_TSS_2030	1	+	10722656	10722784	4.818109989	10722784	0	128	128	128	128	128
CAGE_TSS_2031	1	+	10727577	10727393	7.982029915	10727393	0	-184	-184	-184	-184	184
CAGE_TSS_2034	1	+	10738963	10738952	16.57266045	10738952	0	-11	-11	-11	-11	11
CAGE_TSS_2036	1	+	10759083	10759041	70.67315674	10759041	0	-42	-42	-42	-42	42
CAGE_TSS_2038	1	+	10779206	10779112	9.144470215	10779112	0	-94	-94	-94	-94	94
CAGE_TSS_2042	1	+	10807087	10806966	28.30764008	10806966	0	-121	-121	-121	-121	121
CAGE_TSS_2044	1	+	10814893	10814862	41.63360977	10814862	0	-31	-31	-31	-31	31
CAGE_TSS_2049	1	+	10828406	10828410	343.7873535	10828410	0	4	4	4	4	4
CAGE_TSS_2051	1	+	10846649	10846408	47.26942825	10846408	0	-241	-241	-241	-241	241
CAGE_TSS_2053	1	+	10854603	10854675	22.65560913	10854675	0	72	72	72	72	72
CAGE_TSS_2054	1	+	10855196	10855157	90.75647736	10855157	0	-39	-39	-39	-39	39
CAGE_TSS_2055	1	+	10860743	10860554	38.62535095	10860554	0	-189	-189	-189	-189	189
CAGE_TSS_2058	1	+	10887738	10887606	61.38172913	10887606	0	-132	-132	-132	-132	132
CAGE_TSS_2063	1	+	10900814	10900516	1016.358032	10900516	0	-298	-298	-298	-298	298
CAGE_TSS_2068	1	+	10947944	10947693	410.5366516	10947693	0	-251	-251	-251	-251	251
CAGE_TSS_2070	1	+	10967020	10967070	445.8783264	10967070	0	50	50	50	50	50
CAGE_TSS_2073	1	+	10985051	10984849	20.59643936	10984849	0	-202	-202	-202	-202	202
CAGE_TSS_2082	1	+	11057162	11057133	14.82936954	11057133	0	-29	-29	-29	-29	29
CAGE_TSS_2085	1	+	11119898	11119691	18.35253906	11119691	0	-207	-207	-207	-207	207
CAGE_TSS_2100	1	+	11213005	11212806	203.1067657	11212806	0	-199	-199	-199	-199	199
CAGE_TSS_2104	1	+	11249616	11249635	149.8436127	11249635	0	19	19	19	19	19
CAGE_TSS_2114	1	+	11359636	11359571	15.0232296	11359571	0	-65	-65	-65	-65	65
CAGE_TSS_2118	1	+	11396407	11396330	17.49885941	11396330	0	-77	-77	-77	-77	77
CAGE_TSS_2121	1	+	11423999	11423808	6.270480156	11423808	0	-191	-191	-191	-191	191
CAGE_TSS_2123	1	+	11430879	11430771	25.30381012	11430771	0	-108	-108	-108	-108	108
CAGE_TSS_2125	1	+	11445490	11445238	158.2431946	11445238	0	-252	-252	-252	-252	252
CAGE_TSS_2127	1	+	11453602	11453567	38.24782944	11453567	0	-35	-35	-35	-35	35
CAGE_TSS_2132	1	+	11465057	11464991	41.9630394	11464991	0	-66	-66	-66	-66	66
CAGE_TSS_2134	1	+	11469481	11469511	104.3155899	11469511	0	30	30	30	30	30
CAGE_TSS_2135	1	+	11472045	11471835	17.38344955	11471835	0	-210	-210	-210	-210	210
CAGE_TSS_2140	1	+	11528480	11528304	6.31757021	11528304	0	-176	-176	-176	-176	176
CAGE_TSS_2146	1	+	11532101	11532076	15.12448025	11532076	0	-25	-25	-25	-25	25
CAGE_TSS_2153	1	+	11556770	11556793	131.2212524	11556793	0	23	23	23	23	23
CAGE_TSS_2156	1	+	11565518	11565569	9.384590149	11565569	0	51	51	51	51	51
CAGE_TSS_2157	1	+	11568681	11568776	5.810039997	11568776	0	95	95	95	95	95
CAGE_TSS_2158	1	+	11575320	11575343	7.587379932	11575343	0	23	23	23	23	23
CAGE_TSS_2162	1	+	11612154	11612124	46.72389984	11612124	0	-30	-30	-30	-30	30
CAGE_TSS_2167	1	+	11672975	11672724	58.87149048	11672724	0	-251	-251	-251	-251	251
CAGE_TSS_2170	1	+	11681753	11681533	51.82648087	11681533	0	-220	-220	-220	-220	220
CAGE_TSS_2171	1	+	11684686	11684600	6.626989841	11684600	0	-86	-86	-86	-86	86
CAGE_TSS_2172	1	+	11693831	11693687	36.3158493	11693687	0	-144	-144	-144	-144	144
CAGE_TSS_2174	1	+	11712148	11711991	58.87149048	11711991	0	-157	-157	-157	-157	157
CAGE_TSS_2176	1	+	11738265	11738149	140.140274	11738149	0	-116	-116	-116	-116	116
CAGE_TSS_2179	1	+	11767795	11767614	32.10474014	11767614	0	-181	-181	-181	-181	181
CAGE_TSS_2180	1	+	11774487	11774410	73.65647125	11774410	0	-77	-77	-77	-77	77
CAGE_TSS_2186	1	+	11797382	11797372	7.016190052	11797372	0	-10	-10	-10	-10	10
CAGE_TSS_2187	1	+	11827457	11827386	64.88926697	11827386	0	-71	-71	-71	-71	71
CAGE_TSS_2189	1	+	11840915	11840840	5.122980118	11840840	0	-75	-75	-75	-75	75
CAGE_TSS_2190	1	+	11844813	11844671	48.5592804	11844671	0	-142	-142	-142	-142	142
CAGE_TSS_2192	1	+	11858150	11858010	12.04741955	11858010	0	-140	-140	-140	-140	140
CAGE_TSS_2196	1	+	11928778	11928741	477.5810852	11928741	0	-37	-37	-37	-37	37
CAGE_TSS_2197	1	+	11931265	11931232	103.0013885	11931232	0	-33	-33	-33	-33	33
CAGE_TSS_2208	1	+	12004966	12004864	6.32351017	12004864	0	-102	-102	-102	-102	102
CAGE_TSS_2214	1	+	12046722	12046596	58.78160095	12046596	0	-126	-126	-126	-126	126
CAGE_TSS_2216	1	+	12051855	12051805	5.385300159	12051805	0	-50	-50	-50	-50	50
CAGE_TSS_2218	1	+	12057281	12057035	626.534668	12057035	0	-246	-246	-246	-246	246
CAGE_TSS_2219	1	+	12064493	12064246	38.62681961	12064246	0	-247	-247	-247	-247	247
CAGE_TSS_2224	1	+	12074098	12074115	11.58584023	12074115	0	17	17	17	17	17
CAGE_TSS_2227	1	+	12091859	12091918	26.37476921	12091918	0	59	59	59	59	59
CAGE_TSS_2229	1	+	12144503	12144550	16.28355026	12144550	0	47	47	47	47	47
CAGE_TSS_2233	1	+	12177771	12177654	248.9547577	12177654	0	-117	-117	-117	-117	117
CAGE_TSS_2236	1	+	12180761	12180717	235.2776337	12180717	0	-44	-44	-44	-44	44
CAGE_TSS_2239	1	+	12188893	12188787	30.29537964	12188787	0	-106	-106	-106	-106	106
CAGE_TSS_2240	1	+	12203944	12204028	5.029089928	12204028	0	84	84	84	84	84
CAGE_TSS_2258	1	+	12355833	12355713	52.8379097	12355713	0	-120	-120	-120	-120	120
CAGE_TSS_2262	1	+	12359761	12359637	314.6051636	12359637	0	-124	-124	-124	-124	124
CAGE_TSS_2263	1	+	12366886	12366939	10.93272018	12366939	0	53	53	53	53	53
CAGE_TSS_2270	1	+	12426766	12426757	6.47300005	12426757	0	-9	-9	-9	-9	9
CAGE_TSS_2272	1	+	12435927	12436022	6.665329933	12436022	0	95	95	95	95	95
CAGE_TSS_2275	1	+	12451450	12451582	6.429739952	12451582	0	132	132	132	132	132
CAGE_TSS_2276	1	+	12455754	12455715	95.06147003	12455715	0	-39	-39	-39	-39	39
CAGE_TSS_2277	1	+	12458661	12458646	64.11763763	12458646	0	-15	-15	-15	-15	15
CAGE_TSS_2289	1	+	12550486	12550416	8.540459633	12550416	0	-70	-70	-70	-70	70
CAGE_TSS_2291	1	+	12582121	12582025	5.337880135	12582025	0	-96	-96	-96	-96	96
CAGE_TSS_2294	1	+	12604365	12604343	26.53816032	12604343	0	-22	-22	-22	-22	22
CAGE_TSS_2302	1	+	12685239	12685158	35.03659058	12685158	0	-81	-81	-81	-81	81
CAGE_TSS_2307	1	+	12840407	12840370	29.75000954	12840370	0	-37	-37	-37	-37	37
CAGE_TSS_2309	1	+	12852000	12851821	86.20422363	12851821	0	-179	-179	-179	-179	179
CAGE_TSS_2310	1	+	12867194	12867042	28.08933067	12867042	0	-152	-152	-152	-152	152
CAGE_TSS_2314	1	+	12890493	12890477	17.91161919	12890477	0	-16	-16	-16	-16	16
CAGE_TSS_2318	1	+	12908931	12908867	24.27977943	12908867	0	-64	-64	-64	-64	64
CAGE_TSS_2326	1	+	12977764	12977555	6.854100227	12977555	0	-209	-209	-209	-209	209
CAGE_TSS_2335	1	+	13040035	13040049	19.7343502	13040049	0	14	14	14	14	14
CAGE_TSS_2341	1	+	13071372	13071219	88.79620361	13071219	0	-153	-153	-153	-153	153
CAGE_TSS_2342	1	+	13076660	13076586	9.124580383	13076586	0	-74	-74	-74	-74	74
CAGE_TSS_2344	1	+	13078617	13078731	9.631400108	13078731	0	114	114	114	114	114
CAGE_TSS_2357	1	+	13192647	13192609	28.34956932	13192609	0	-38	-38	-38	-38	38
CAGE_TSS_2366	1	+	13225271	13225208	60.24626923	13225208	0	-63	-63	-63	-63	63
CAGE_TSS_2373	1	+	13533277	13533257	137.1433258	13533257	0	-20	-20	-20	-20	20
CAGE_TSS_2380	1	+	13640579	13640288	10.16098976	13640288	0	-291	-291	-291	-291	291
CAGE_TSS_2402	1	+	14004028	14003874	57.73995972	14003874	0	-154	-154	-154	-154	154
CAGE_TSS_2404	1	+	14025063	14024964	81.54665375	14024964	0	-99	-99	-99	-99	99
CAGE_TSS_2410	1	+	14158527	14158536	14.41347027	14158536	0	9	9	9	9	9
CAGE_TSS_2412	1	+	14159361	14159245	9.44204998	14159245	0	-116	-116	-116	-116	116
CAGE_TSS_2445	1	+	15926243	15926159	25.1079998	15926159	0	-84	-84	-84	-84	84
CAGE_TSS_2446	1	+	15936279	15936097	16.25682068	15936097	0	-182	-182	-182	-182	182
CAGE_TSS_2450	1	+	15973172	15973375	20.49191093	15973375	0	203	203	203	203	203
CAGE_TSS_2451	1	+	15977013	15977001	1538.082275	15977001	0	-12	-12	-12	-12	12
CAGE_TSS_2496	1	+	16468136	16467948	62.36069107	16467948	0	-188	-188	-188	-188	188
CAGE_TSS_2501	1	+	16478253	16478142	8.704360008	16478142	0	-111	-111	-111	-111	111
CAGE_TSS_2502	1	+	16484280	16484282	40.1941185	16484282	0	2	2	2	2	2
CAGE_TSS_2504	1	+	16537540	16537430	33.2958107	16537430	0	-110	-110	-110	-110	110
CAGE_TSS_2514	1	+	16617130	16617133	31.64875031	16617133	0	3	3	3	3	3
CAGE_TSS_2529	1	+	16888228	16887936	66.78498077	16887936	0	-292	-292	-292	-292	292
CAGE_TSS_2530	1	+	16892615	16892589	9.033619881	16892589	0	-26	-26	-26	-26	26
CAGE_TSS_2531	1	+	16893691	16893612	71.19406128	16893612	0	-79	-79	-79	-79	79
CAGE_TSS_2537	1	+	16933764	16933752	410.6937561	16933752	0	-12	-12	-12	-12	12
CAGE_TSS_2550	1	+	17031312	17031425	5.064670086	17031425	0	113	113	113	113	113
CAGE_TSS_2555	1	+	17090949	17091031	39.2791214	17091031	0	82	82	82	82	82
CAGE_TSS_2568	1	+	17152941	17152874	84.9087677	17152874	0	-67	-67	-67	-67	67
CAGE_TSS_2573	1	+	17191389	17191450	12.58285046	17191450	0	61	61	61	61	61
CAGE_TSS_2576	1	+	17199325	17199358	9.359379768	17199358	0	33	33	33	33	33
CAGE_TSS_2580	1	+	17224836	17224813	128.1505432	17224813	0	-23	-23	-23	-23	23
CAGE_TSS_2582	1	+	17252939	17252813	10.79961967	17252813	0	-126	-126	-126	-126	126
CAGE_TSS_2585	1	+	17295569	17295572	30.74404907	17295572	0	3	3	3	3	3
CAGE_TSS_2587	1	+	17306607	17306712	32.95746994	17306712	0	105	105	105	105	105
CAGE_TSS_2592	1	+	17326525	17326568	26.40143013	17326568	0	43	43	43	43	43
CAGE_TSS_2597	1	+	17343017	17343069	20.05952072	17343069	0	52	52	52	52	52
CAGE_TSS_2598	1	+	17351046	17350992	1592.130249	17350992	0	-54	-54	-54	-54	54
CAGE_TSS_2606	1	+	17424666	17424606	769.8585205	17424606	0	-60	-60	-60	-60	60
CAGE_TSS_2608	1	+	17432558	17432499	278.1852112	17432499	0	-59	-59	-59	-59	59
CAGE_TSS_2611	1	+	17451690	17451567	873.5135498	17451567	0	-123	-123	-123	-123	123
CAGE_TSS_2613	1	+	17457115	17457085	91.01834106	17457085	0	-30	-30	-30	-30	30
CAGE_TSS_2617	1	+	17478724	17478607	13.43822002	17478607	0	-117	-117	-117	-117	117
CAGE_TSS_2625	1	+	17566662	17566585	134.5945435	17566585	0	-77	-77	-77	-77	77
CAGE_TSS_2633	1	+	17687283	17687006	88.20555878	17687006	0	-277	-277	-277	-277	277
CAGE_TSS_2640	1	+	17766873	17766771	10.16098976	17766771	0	-102	-102	-102	-102	102
CAGE_TSS_2641	1	+	17769132	17769141	14.57205009	17769141	0	9	9	9	9	9
CAGE_TSS_2646	1	+	17798464	17798613	26.24478912	17798613	0	149	149	149	149	149
CAGE_TSS_2648	1	+	17825623	17825559	14.20499039	17825559	0	-64	-64	-64	-64	64
CAGE_TSS_2649	1	+	17835108	17834885	127.5419693	17834885	0	-223	-223	-223	-223	223
CAGE_TSS_2651	1	+	17847080	17846930	6.122059822	17846930	0	-150	-150	-150	-150	150
CAGE_TSS_2657	1	+	17863835	17863580	52.75559998	17863580	0	-255	-255	-255	-255	255
CAGE_TSS_2658	1	+	17867207	17867190	5.458769798	17867190	0	-17	-17	-17	-17	17
CAGE_TSS_2660	1	+	17868621	17868633	27.53070068	17868633	0	12	12	12	12	12
CAGE_TSS_2663	1	+	17907032	17906973	19.94662094	17906973	0	-59	-59	-59	-59	59
CAGE_TSS_2664	1	+	17910668	17910631	28.82696915	17910631	0	-37	-37	-37	-37	37
CAGE_TSS_2666	1	+	17918471	17918348	36.02931976	17918348	0	-123	-123	-123	-123	123
CAGE_TSS_2672	1	+	17940111	17940081	6.019219875	17940081	0	-30	-30	-30	-30	30
CAGE_TSS_2674	1	+	17945363	17945233	10.1460104	17945233	0	-130	-130	-130	-130	130
CAGE_TSS_2675	1	+	17952882	17952844	7.009349823	17952844	0	-38	-38	-38	-38	38
CAGE_TSS_2688	1	+	18030794	18030610	45.80812836	18030610	0	-184	-184	-184	-184	184
CAGE_TSS_2690	1	+	18035966	18035986	21.47127914	18035986	0	20	20	20	20	20
CAGE_TSS_2692	1	+	18061537	18061556	20.65008926	18061556	0	19	19	19	19	19
CAGE_TSS_2694	1	+	18098100	18097916	21.00444031	18097916	0	-184	-184	-184	-184	184
CAGE_TSS_2702	1	+	18112479	18112374	13.03701019	18112374	0	-105	-105	-105	-105	105
CAGE_TSS_2705	1	+	18132655	18132520	13.7309103	18132520	0	-135	-135	-135	-135	135
CAGE_TSS_2707	1	+	18138193	18137915	554.9038086	18137915	0	-278	-278	-278	-278	278
CAGE_TSS_2709	1	+	18150556	18150636	6.458519936	18150636	0	80	80	80	80	80
CAGE_TSS_2715	1	+	18215918	18215882	25.34828949	18215882	0	-36	-36	-36	-36	36
CAGE_TSS_2719	1	+	18218750	18218813	6.326200008	18218813	0	63	63	63	63	63
CAGE_TSS_2723	1	+	18252077	18252049	5.814869881	18252049	0	-28	-28	-28	-28	28
CAGE_TSS_2729	1	+	18291106	18290952	18.41905022	18290952	0	-154	-154	-154	-154	154
CAGE_TSS_2730	1	+	18305542	18305523	16.25682068	18305523	0	-19	-19	-19	-19	19
CAGE_TSS_2736	1	+	18326916	18326900	5.177820206	18326900	0	-16	-16	-16	-16	16
CAGE_TSS_2739	1	+	18342578	18342480	6.711919785	18342480	0	-98	-98	-98	-98	98
CAGE_TSS_2742	1	+	18354785	18354817	5.513529778	18354817	0	32	32	32	32	32
CAGE_TSS_2745	1	+	18400070	18400050	289.8718567	18400050	0	-20	-20	-20	-20	20
CAGE_TSS_2748	1	+	18407530	18407525	146.1999664	18407525	0	-5	-5	-5	-5	5
CAGE_TSS_2749	1	+	18416486	18416485	92.73056793	18416485	0	-1	-1	-1	-1	1
CAGE_TSS_2750	1	+	18429080	18429239	13.8740797	18429239	0	159	159	159	159	159
CAGE_TSS_2753	1	+	18452117	18451988	100.4684601	18451988	0	-129	-129	-129	-129	129
CAGE_TSS_2758	1	+	18470058	18470126	13.54638958	18470126	0	68	68	68	68	68
CAGE_TSS_2771	1	+	18551121	18550824	47.37781906	18550824	0	-297	-297	-297	-297	297
CAGE_TSS_2773	1	+	18582065	18582014	8.162590027	18582014	0	-51	-51	-51	-51	51
CAGE_TSS_2775	1	+	18584196	18584045	14.1406002	18584045	0	-151	-151	-151	-151	151
CAGE_TSS_2778	1	+	18627658	18627532	5452.228027	18627532	0	-126	-126	-126	-126	126
CAGE_TSS_2779	1	+	18649786	18649723	12.42700958	18649723	0	-63	-63	-63	-63	63
CAGE_TSS_2780	1	+	18658652	18658762	10.49234962	18658762	0	110	110	110	110	110
CAGE_TSS_2782	1	+	18662318	18662240	5.261000156	18662240	0	-78	-78	-78	-78	78
CAGE_TSS_2788	1	+	18693654	18693658	336.6838074	18693658	0	4	4	4	4	4
CAGE_TSS_2791	1	+	18701989	18701764	37.41399002	18701764	0	-225	-225	-225	-225	225
CAGE_TSS_2800	1	+	18748252	18748218	12.58285046	18748218	0	-34	-34	-34	-34	34
CAGE_TSS_2802	1	+	18771214	18771068	21.3944397	18771068	0	-146	-146	-146	-146	146
CAGE_TSS_2807	1	+	18802758	18802829	12.58285046	18802829	0	71	71	71	71	71
CAGE_TSS_2809	1	+	18807805	18807786	46.23521042	18807786	0	-19	-19	-19	-19	19
CAGE_TSS_2810	1	+	18839252	18839039	19.36574936	18839039	0	-213	-213	-213	-213	213
CAGE_TSS_2811	1	+	18866251	18866060	15.88064957	18866060	0	-191	-191	-191	-191	191
CAGE_TSS_2816	1	+	18880307	18880191	33.4217186	18880191	0	-116	-116	-116	-116	116
CAGE_TSS_2823	1	+	18927886	18927830	40.04924011	18927830	0	-56	-56	-56	-56	56
CAGE_TSS_2827	1	+	18932931	18932647	1530.143555	18932647	0	-284	-284	-284	-284	284
CAGE_TSS_2838	1	+	18984441	18984459	7.056260109	18984459	0	18	18	18	18	18
CAGE_TSS_2846	1	+	19035778	19035813	10.91602993	19035813	0	35	35	35	35	35
CAGE_TSS_2852	1	+	19068360	19068287	7.27658987	19068287	0	-73	-73	-73	-73	73
CAGE_TSS_2853	1	+	19070916	19070694	339.977478	19070694	0	-222	-222	-222	-222	222
CAGE_TSS_2857	1	+	19106692	19106789	26.01782036	19106789	0	97	97	97	97	97
CAGE_TSS_2859	1	+	19125591	19125605	13.48110008	19125605	0	14	14	14	14	14
CAGE_TSS_2865	1	+	19149462	19149512	9.965600014	19149512	0	50	50	50	50	50
CAGE_TSS_2868	1	+	19154383	19154194	34.49734879	19154194	0	-189	-189	-189	-189	189
CAGE_TSS_2874	1	+	19174158	19174152	77.95600128	19174152	0	-6	-6	-6	-6	6
CAGE_TSS_2878	1	+	19191523	19191359	218.370285	19191359	0	-164	-164	-164	-164	164
CAGE_TSS_2881	1	+	19214147	19214108	13.63288975	19214108	0	-39	-39	-39	-39	39
CAGE_TSS_2884	1	+	19251957	19252152	21.55187988	19252152	0	195	195	195	195	195
CAGE_TSS_2889	1	+	19305970	19305966	57.98305893	19305966	0	-4	-4	-4	-4	4
CAGE_TSS_2891	1	+	19369343	19369250	19.49456024	19369250	0	-93	-93	-93	-93	93
CAGE_TSS_2896	1	+	19434660	19434618	5.337880135	19434618	0	-42	-42	-42	-42	42
CAGE_TSS_2899	1	+	19454868	19454871	25.59902	19454871	0	3	3	3	3	3
CAGE_TSS_2901	1	+	19460587	19460503	5.33852005	19460503	0	-84	-84	-84	-84	84
CAGE_TSS_2903	1	+	19478157	19478165	27.66991997	19478165	0	8	8	8	8	8
CAGE_TSS_2905	1	+	19484355	19484204	23.89344978	19484204	0	-151	-151	-151	-151	151
CAGE_TSS_2907	1	+	19488954	19489247	93.2721405	19489247	0	293	293	293	293	293
CAGE_TSS_2912	1	+	19499160	19499038	7.175089836	19499038	0	-122	-122	-122	-122	122
CAGE_TSS_2930	1	+	19527840	19527758	6.618810177	19527758	0	-82	-82	-82	-82	82
CAGE_TSS_2933	1	+	19565701	19565749	22.93791008	19565749	0	48	48	48	48	48
CAGE_TSS_2935	1	+	19590525	19590426	29.96920013	19590426	0	-99	-99	-99	-99	99
CAGE_TSS_2941	1	+	19619749	19619638	22.08963966	19619638	0	-111	-111	-111	-111	111
CAGE_TSS_2943	1	+	19640987	19641053	27.75663948	19641053	0	66	66	66	66	66
CAGE_TSS_2946	1	+	19645306	19645308	16.43862915	19645308	0	2	2	2	2	2
CAGE_TSS_2951	1	+	19658709	19658775	244.9997864	19658775	0	66	66	66	66	66
CAGE_TSS_2961	1	+	19685788	19685826	18.89291954	19685826	0	38	38	38	38	38
CAGE_TSS_2964	1	+	19706075	19705862	8.760769844	19705862	0	-213	-213	-213	-213	213
CAGE_TSS_2972	1	+	19772046	19772147	9.590169907	19772147	0	101	101	101	101	101
CAGE_TSS_2973	1	+	19775911	19776004	5.674890041	19776004	0	93	93	93	93	93
CAGE_TSS_2974	1	+	19778313	19778239	155.7686462	19778239	0	-74	-74	-74	-74	74
CAGE_TSS_2976	1	+	19790213	19790079	6.232699871	19790079	0	-134	-134	-134	-134	134
CAGE_TSS_2981	1	+	19813803	19813688	5.392230034	19813688	0	-115	-115	-115	-115	115
CAGE_TSS_2982	1	+	19821207	19821142	110.1090164	19821142	0	-65	-65	-65	-65	65
CAGE_TSS_2984	1	+	19837140	19837112	5.958129883	19837112	0	-28	-28	-28	-28	28
CAGE_TSS_2985	1	+	19844712	19844667	66.40326691	19844667	0	-45	-45	-45	-45	45
CAGE_TSS_2993	1	+	19871332	19871403	8.390500069	19871403	0	71	71	71	71	71
CAGE_TSS_3000	1	+	19924751	19924646	64.6829071	19924646	0	-105	-105	-105	-105	105
CAGE_TSS_3001	1	+	19935162	19935082	12.58285046	19935082	0	-80	-80	-80	-80	80
CAGE_TSS_3002	1	+	19945828	19945540	227.8640747	19945540	0	-288	-288	-288	-288	288
CAGE_TSS_3011	1	+	19987239	19987090	93.93525696	19987090	0	-149	-149	-149	-149	149
CAGE_TSS_3012	1	+	19996337	19996252	20.30953979	19996252	0	-85	-85	-85	-85	85
CAGE_TSS_3020	1	+	20048570	20048338	17.32440948	20048338	0	-232	-232	-232	-232	232
CAGE_TSS_3025	1	+	20061460	20061553	9.310669899	20061553	0	93	93	93	93	93
CAGE_TSS_3027	1	+	20081698	20081670	8.121729851	20081670	0	-28	-28	-28	-28	28
CAGE_TSS_3031	1	+	20101441	20101450	164.5721741	20101450	0	9	9	9	9	9
CAGE_TSS_3039	1	+	20167756	20167762	5.122980118	20167762	0	6	6	6	6	6
CAGE_TSS_3043	1	+	20180900	20180871	10.61166954	20180871	0	-29	-29	-29	-29	29
CAGE_TSS_3046	1	+	20189670	20189479	23.75138092	20189479	0	-191	-191	-191	-191	191
CAGE_TSS_3048	1	+	20199399	20199199	28.14216042	20199199	0	-200	-200	-200	-200	200
CAGE_TSS_3054	1	+	20227253	20227091	202.2814026	20227091	0	-162	-162	-162	-162	162
CAGE_TSS_3055	1	+	20235703	20235646	34.43746185	20235646	0	-57	-57	-57	-57	57
CAGE_TSS_3059	1	+	20256935	20256782	5.89730978	20256782	0	-153	-153	-153	-153	153
CAGE_TSS_3060	1	+	20259821	20259626	31.08205986	20259626	0	-195	-195	-195	-195	195
CAGE_TSS_3061	1	+	20273612	20273575	6.651420116	20273575	0	-37	-37	-37	-37	37
CAGE_TSS_3064	1	+	20286845	20286714	15.60013962	20286714	0	-131	-131	-131	-131	131
CAGE_TSS_3065	1	+	20290568	20290356	15.87796021	20290356	0	-212	-212	-212	-212	212
CAGE_TSS_3067	1	+	20323095	20322983	10.16098976	20322983	0	-112	-112	-112	-112	112
CAGE_TSS_3069	1	+	20363494	20363471	27.48204994	20363471	0	-23	-23	-23	-23	23
CAGE_TSS_3074	1	+	20389499	20389365	9.186659813	20389365	0	-134	-134	-134	-134	134
CAGE_TSS_3082	1	+	20430809	20430709	194.2830353	20430709	0	-100	-100	-100	-100	100
CAGE_TSS_3085	1	+	20439518	20439498	5.556869984	20439498	0	-20	-20	-20	-20	20
CAGE_TSS_3088	1	+	20447342	20447350	39.22739029	20447350	0	8	8	8	8	8
CAGE_TSS_3089	1	+	20451231	20451113	34.11164856	20451113	0	-118	-118	-118	-118	118
CAGE_TSS_3091	1	+	20454388	20454299	8.348119736	20454299	0	-89	-89	-89	-89	89
CAGE_TSS_3093	1	+	20470792	20470759	11.04354	20470759	0	-33	-33	-33	-33	33
CAGE_TSS_3099	1	+	20511524	20511377	83.42656708	20511377	0	-147	-147	-147	-147	147
CAGE_TSS_3101	1	+	20514644	20514689	9.310090065	20514689	0	45	45	45	45	45
CAGE_TSS_3110	1	+	20577637	20577595	28.04623985	20577595	0	-42	-42	-42	-42	42
CAGE_TSS_3117	1	+	20588431	20588245	501.5498352	20588245	0	-186	-186	-186	-186	186
CAGE_TSS_3118	1	+	20594565	20594517	9.873970032	20594517	0	-48	-48	-48	-48	48
CAGE_TSS_3124	1	+	20617309	20617189	13.70330048	20617189	0	-120	-120	-120	-120	120
CAGE_TSS_3136	1	+	20711511	20711409	158.1243134	20711409	0	-102	-102	-102	-102	102
CAGE_TSS_3142	1	+	20723336	20723415	386.5653076	20723415	0	79	79	79	79	79
CAGE_TSS_3144	1	+	20772177	20772077	9.267370224	20772077	0	-100	-100	-100	-100	100
CAGE_TSS_3146	1	+	20803853	20803852	29.45910072	20803852	0	-1	-1	-1	-1	1
CAGE_TSS_3147	1	+	20860608	20860551	54.73722839	20860551	0	-57	-57	-57	-57	57
CAGE_TSS_3149	1	+	20873607	20873504	117.0297928	20873504	0	-103	-103	-103	-103	103
CAGE_TSS_3151	1	+	20876689	20876571	61.30434036	20876571	0	-118	-118	-118	-118	118
CAGE_TSS_3156	1	+	20906133	20906094	100.9618835	20906094	0	-39	-39	-39	-39	39
CAGE_TSS_3157	1	+	20907519	20907378	30.82502937	20907378	0	-141	-141	-141	-141	141
CAGE_TSS_3165	1	+	20952128	20952164	56.29415131	20952164	0	36	36	36	36	36
CAGE_TSS_3169	1	+	21024768	21024678	16.8266201	21024678	0	-90	-90	-90	-90	90
CAGE_TSS_3170	1	+	21028364	21028215	287.1979065	21028215	0	-149	-149	-149	-149	149
CAGE_TSS_3172	1	+	21030828	21030785	98.88886261	21030785	0	-43	-43	-43	-43	43
CAGE_TSS_3178	1	+	21036111	21036209	9.033619881	21036209	0	98	98	98	98	98
CAGE_TSS_3179	1	+	21043358	21043444	16.17679024	21043444	0	86	86	86	86	86
CAGE_TSS_3180	1	+	21043887	21043816	5.597990036	21043816	0	-71	-71	-71	-71	71
CAGE_TSS_3182	1	+	21044592	21044782	89.44808197	21044782	0	190	190	190	190	190
CAGE_TSS_3183	1	+	21048800	21048637	5.957039833	21048637	0	-163	-163	-163	-163	163
CAGE_TSS_3185	1	+	21082523	21082475	30.5204792	21082475	0	-48	-48	-48	-48	48
CAGE_TSS_3187	1	+	21128927	21128897	52.23524857	21128897	0	-30	-30	-30	-30	30
CAGE_TSS_3198	1	+	21167675	21167496	52.48836136	21167496	0	-179	-179	-179	-179	179
CAGE_TSS_3202	1	+	21192455	21192369	2628.226074	21192369	0	-86	-86	-86	-86	86
CAGE_TSS_3208	1	+	21237887	21237826	1895.074585	21237826	0	-61	-61	-61	-61	61
CAGE_TSS_3211	1	+	21241672	21241595	14.88271046	21241595	0	-77	-77	-77	-77	77
CAGE_TSS_3213	1	+	21256182	21256127	229.6287994	21256127	0	-55	-55	-55	-55	55
CAGE_TSS_3218	1	+	21355530	21355534	5.622449875	21355534	0	4	4	4	4	4
CAGE_TSS_3221	1	+	21377678	21377592	7.199709892	21377592	0	-86	-86	-86	-86	86
CAGE_TSS_3231	1	+	21529993	21530245	5.615039825	21530245	0	252	252	252	252	252
CAGE_TSS_3233	1	+	21536127	21536062	100.4436111	21536062	0	-65	-65	-65	-65	65
CAGE_TSS_3235	1	+	21553574	21553617	6.469500065	21553617	0	43	43	43	43	43
CAGE_TSS_3241	1	+	21676530	21676496	21.67234039	21676496	0	-34	-34	-34	-34	34
CAGE_TSS_3247	1	+	21707378	21707365	288.4580994	21707365	0	-13	-13	-13	-13	13
CAGE_TSS_3250	1	+	21727022	21727057	27.69141006	21727057	0	35	35	35	35	35
CAGE_TSS_3251	1	+	21732616	21732468	53.48942947	21732468	0	-148	-148	-148	-148	148
CAGE_TSS_3253	1	+	21746324	21746170	48.07847977	21746170	0	-154	-154	-154	-154	154
CAGE_TSS_3262	1	+	21859556	21859477	113.6419678	21859477	0	-79	-79	-79	-79	79
CAGE_TSS_3266	1	+	21884079	21884069	37.31383896	21884069	0	-10	-10	-10	-10	10
CAGE_TSS_3270	1	+	21902319	21902227	28.08021927	21902227	0	-92	-92	-92	-92	92
CAGE_TSS_3271	1	+	21919973	21919883	19.64777946	21919883	0	-90	-90	-90	-90	90
CAGE_TSS_3273	1	+	21936411	21936367	22.32790947	21936367	0	-44	-44	-44	-44	44
CAGE_TSS_3274	1	+	21938574	21938423	112.3800735	21938423	0	-151	-151	-151	-151	151
CAGE_TSS_3276	1	+	21968073	21967872	17.05411911	21967872	0	-201	-201	-201	-201	201
CAGE_TSS_3277	1	+	21979519	21979333	12.81896019	21979333	0	-186	-186	-186	-186	186
CAGE_TSS_3279	1	+	22011384	22011316	18.27038002	22011316	0	-68	-68	-68	-68	68
CAGE_TSS_3295	1	+	22051300	22051395	13.80506992	22051395	0	95	95	95	95	95
CAGE_TSS_3302	1	+	22095311	22095289	166.5938873	22095289	0	-22	-22	-22	-22	22
CAGE_TSS_3305	1	+	22139183	22139189	314.2792664	22139189	0	6	6	6	6	6
CAGE_TSS_3312	1	+	22198339	22198192	51.69086838	22198192	0	-147	-147	-147	-147	147
CAGE_TSS_3314	1	+	22261907	22261802	10.25916004	22261802	0	-105	-105	-105	-105	105
CAGE_TSS_3319	1	+	22331077	22331082	9.450670242	22331082	0	5	5	5	5	5
CAGE_TSS_3321	1	+	22343702	22343630	76.61019135	22343630	0	-72	-72	-72	-72	72
CAGE_TSS_3323	1	+	22409678	22409613	5.341989994	22409613	0	-65	-65	-65	-65	65
CAGE_TSS_3326	1	+	22444513	22444371	83.9803772	22444371	0	-142	-142	-142	-142	142
CAGE_TSS_3335	1	+	22547961	22547853	35.36362839	22547853	0	-108	-108	-108	-108	108
CAGE_TSS_3336	1	+	22549641	22549545	93.22444916	22549545	0	-96	-96	-96	-96	96
CAGE_TSS_3337	1	+	22551386	22551313	5.779910088	22551313	0	-73	-73	-73	-73	73
CAGE_TSS_3339	1	+	22557520	22557413	5.695489883	22557413	0	-107	-107	-107	-107	107
CAGE_TSS_3341	1	+	22564488	22564323	8.702599525	22564323	0	-165	-165	-165	-165	165
CAGE_TSS_3344	1	+	22573157	22572959	67.12529755	22572959	0	-198	-198	-198	-198	198
CAGE_TSS_3349	1	+	22585933	22585870	8.896960258	22585870	0	-63	-63	-63	-63	63
CAGE_TSS_3350	1	+	22603122	22603262	22.45618057	22603262	0	140	140	140	140	140
CAGE_TSS_3352	1	+	22628265	22628063	22.25638962	22628063	0	-202	-202	-202	-202	202
CAGE_TSS_3354	1	+	22633974	22633869	61.07175827	22633869	0	-105	-105	-105	-105	105
CAGE_TSS_3359	1	+	22700063	22700010	155.5819244	22700010	0	-53	-53	-53	-53	53
CAGE_TSS_3365	1	+	22737582	22737668	5.862999916	22737668	0	86	86	86	86	86
CAGE_TSS_3366	1	+	22741598	22741532	847.5172119	22741532	0	-66	-66	-66	-66	66
CAGE_TSS_3367	1	+	22767592	22767576	71.80030823	22767576	0	-16	-16	-16	-16	16
CAGE_TSS_3369	1	+	22770044	22770008	26.79607964	22770008	0	-36	-36	-36	-36	36
CAGE_TSS_3372	1	+	22810177	22810056	61.0499115	22810056	0	-121	-121	-121	-121	121
CAGE_TSS_3377	1	+	22824439	22824311	12.65058041	22824311	0	-128	-128	-128	-128	128
CAGE_TSS_3379	1	+	22830018	22829877	141.6461487	22829877	0	-141	-141	-141	-141	141
CAGE_TSS_3382	1	+	22847317	22847285	19.54018021	22847285	0	-32	-32	-32	-32	32
CAGE_TSS_3385	1	+	22893100	22892982	34.42070007	22892982	0	-118	-118	-118	-118	118
CAGE_TSS_3393	1	+	22932929	22932883	8.226050377	22932883	0	-46	-46	-46	-46	46
CAGE_TSS_3401	1	+	23072557	23072372	118.1591034	23072372	0	-185	-185	-185	-185	185
CAGE_TSS_3403	1	+	23082263	23082006	643.9547729	23082006	0	-257	-257	-257	-257	257
CAGE_TSS_3405	1	+	23083300	23083451	15.90705967	23083451	0	151	151	151	151	151
CAGE_TSS_3408	1	+	23100448	23100522	21.07538033	23100522	0	74	74	74	74	74
CAGE_TSS_3410	1	+	23112825	23112620	25.18084908	23112620	0	-205	-205	-205	-205	205
CAGE_TSS_3418	1	+	23151794	23151813	13.54638958	23151813	0	19	19	19	19	19
CAGE_TSS_3431	1	+	23179516	23179550	21.07655907	23179550	0	34	34	34	34	34
CAGE_TSS_3433	1	+	23192286	23192297	21.37800026	23192297	0	11	11	11	11	11
CAGE_TSS_3437	1	+	23213426	23213355	276.9573059	23213355	0	-71	-71	-71	-71	71
CAGE_TSS_3438	1	+	23227486	23227269	6.655200005	23227269	0	-217	-217	-217	-217	217
CAGE_TSS_3445	1	+	23271415	23271403	9.159179688	23271403	0	-12	-12	-12	-12	12
CAGE_TSS_3446	1	+	23291938	23291912	6.95472002	23291912	0	-26	-26	-26	-26	26
CAGE_TSS_3450	1	+	23306553	23306570	5.256289959	23306570	0	17	17	17	17	17
CAGE_TSS_3451	1	+	23315113	23314940	97.381073	23314940	0	-173	-173	-173	-173	173
CAGE_TSS_3456	1	+	23337342	23337359	144.458786	23337359	0	17	17	17	17	17
CAGE_TSS_3460	1	+	23342912	23342751	9.239700317	23342751	0	-161	-161	-161	-161	161
CAGE_TSS_3470	1	+	23412701	23412418	1088.034668	23412418	0	-283	-283	-283	-283	283
CAGE_TSS_3471	1	+	23425380	23425422	32.96165085	23425422	0	42	42	42	42	42
CAGE_TSS_3473	1	+	23448922	23448906	11.49193954	23448906	0	-16	-16	-16	-16	16
CAGE_TSS_3479	1	+	23517124	23516993	236.6992645	23516993	0	-131	-131	-131	-131	131
CAGE_TSS_3491	1	+	23599629	23599509	282.7478027	23599509	0	-120	-120	-120	-120	120
CAGE_TSS_3492	1	+	23614437	23614372	11.90386009	23614372	0	-65	-65	-65	-65	65
CAGE_TSS_3493	1	+	23618412	23618178	181.9194794	23618178	0	-234	-234	-234	-234	234
CAGE_TSS_3496	1	+	23645379	23645114	31.03883934	23645114	0	-265	-265	-265	-265	265
CAGE_TSS_3498	1	+	23685197	23685174	44.25727844	23685174	0	-23	-23	-23	-23	23
CAGE_TSS_3499	1	+	23696757	23696708	31.19518089	23696708	0	-49	-49	-49	-49	49
CAGE_TSS_3501	1	+	23701178	23701199	37.9515419	23701199	0	21	21	21	21	21
CAGE_TSS_3512	1	+	23770095	23770163	18.41905022	23770163	0	68	68	68	68	68
CAGE_TSS_3513	1	+	23778567	23778494	28.63121986	23778494	0	-73	-73	-73	-73	73
CAGE_TSS_3515	1	+	23789314	23789242	25.41613007	23789242	0	-72	-72	-72	-72	72
CAGE_TSS_3519	1	+	23795049	23794804	18.95615959	23794804	0	-245	-245	-245	-245	245
CAGE_TSS_3527	1	+	23850578	23850553	82.98127747	23850553	0	-25	-25	-25	-25	25
CAGE_TSS_3533	1	+	23886109	23886096	65.65370178	23886096	0	-13	-13	-13	-13	13
CAGE_TSS_3538	1	+	23911194	23911188	41.21318817	23911188	0	-6	-6	-6	-6	6
CAGE_TSS_3539	1	+	23911724	23911726	9.033619881	23911726	0	2	2	2	2	2
CAGE_TSS_3542	1	+	23933456	23933278	6.798709869	23933278	0	-178	-178	-178	-178	178
CAGE_TSS_3543	1	+	23937029	23937054	10.62957001	23937054	0	25	25	25	25	25
CAGE_TSS_3545	1	+	23953245	23953016	67.60855865	23953016	0	-229	-229	-229	-229	229
CAGE_TSS_3547	1	+	23953902	23953778	5.640120029	23953778	0	-124	-124	-124	-124	124
CAGE_TSS_3554	1	+	23978675	23978526	9.711839676	23978526	0	-149	-149	-149	-149	149
CAGE_TSS_3557	1	+	24007188	24007002	52.43883133	24007002	0	-186	-186	-186	-186	186
CAGE_TSS_3558	1	+	24016651	24016518	20.74357033	24016518	0	-133	-133	-133	-133	133
CAGE_TSS_3562	1	+	24028918	24028682	215.8696442	24028682	0	-236	-236	-236	-236	236
CAGE_TSS_3563	1	+	24030114	24030003	18.63323021	24030003	0	-111	-111	-111	-111	111
CAGE_TSS_3564	1	+	24036046	24036001	22.53479004	24036001	0	-45	-45	-45	-45	45
CAGE_TSS_3568	1	+	24044556	24044514	74.82605743	24044514	0	-42	-42	-42	-42	42
CAGE_TSS_3570	1	+	24046150	24046387	42.17424011	24046387	0	237	237	237	237	237
CAGE_TSS_3572	1	+	24050008	24049976	541.1698608	24049976	0	-32	-32	-32	-32	32
CAGE_TSS_3573	1	+	24057517	24057308	19.9511795	24057308	0	-209	-209	-209	-209	209
CAGE_TSS_3585	1	+	24109709	24109662	71.44953156	24109662	0	-47	-47	-47	-47	47
CAGE_TSS_3586	1	+	24113215	24112955	168.7836456	24112955	0	-260	-260	-260	-260	260
CAGE_TSS_3590	1	+	24127562	24127690	9.625659943	24127690	0	128	128	128	128	128
CAGE_TSS_3593	1	+	24147038	24147028	9.514780045	24147028	0	-10	-10	-10	-10	10
CAGE_TSS_3594	1	+	24149206	24149300	21.90060997	24149300	0	94	94	94	94	94
CAGE_TSS_3614	1	+	24251608	24251486	50.76195908	24251486	0	-122	-122	-122	-122	122
CAGE_TSS_3616	1	+	24252379	24252498	83.14481354	24252498	0	119	119	119	119	119
CAGE_TSS_3619	1	+	24286791	24286757	29.24151993	24286757	0	-34	-34	-34	-34	34
CAGE_TSS_3621	1	+	24292477	24292317	50.10948944	24292317	0	-160	-160	-160	-160	160
CAGE_TSS_3630	1	+	24349508	24349284	54.91754913	24349284	0	-224	-224	-224	-224	224
CAGE_TSS_3631	1	+	24354778	24354669	28.52552032	24354669	0	-109	-109	-109	-109	109
CAGE_TSS_3634	1	+	24359433	24359476	9.866009712	24359476	0	43	43	43	43	43
CAGE_TSS_3635	1	+	24361350	24361326	55.62768173	24361326	0	-24	-24	-24	-24	24
CAGE_TSS_3637	1	+	24385869	24385950	28.45150948	24385950	0	81	81	81	81	81
CAGE_TSS_3647	1	+	24489783	24489613	59.44007111	24489613	0	-170	-170	-170	-170	170
CAGE_TSS_3651	1	+	24503600	24503405	21.46626091	24503405	0	-195	-195	-195	-195	195
CAGE_TSS_3652	1	+	24538934	24538885	12.44820023	24538885	0	-49	-49	-49	-49	49
CAGE_TSS_3664	1	+	24552064	24552024	52.19725037	24552024	0	-40	-40	-40	-40	40
CAGE_TSS_3674	1	+	24602189	24602003	5.765450001	24602003	0	-186	-186	-186	-186	186
CAGE_TSS_3675	1	+	24614991	24615046	8.047160149	24615046	0	55	55	55	55	55
CAGE_TSS_3676	1	+	24631409	24631337	533.3374634	24631337	0	-72	-72	-72	-72	72
CAGE_TSS_3677	1	+	24637195	24636924	205.8404846	24636924	0	-271	-271	-271	-271	271
CAGE_TSS_3680	1	+	24648101	24648084	24.57143021	24648084	0	-17	-17	-17	-17	17
CAGE_TSS_3682	1	+	24677209	24677125	64.86315918	24677125	0	-84	-84	-84	-84	84
CAGE_TSS_3684	1	+	24692866	24692818	13.54638958	24692818	0	-48	-48	-48	-48	48
CAGE_TSS_3685	1	+	24720906	24720688	166.7424316	24720688	0	-218	-218	-218	-218	218
CAGE_TSS_3686	1	+	24734186	24734191	9.108449936	24734191	0	5	5	5	5	5
CAGE_TSS_3689	1	+	24748279	24748054	429.2967834	24748054	0	-225	-225	-225	-225	225
CAGE_TSS_3696	1	+	24795213	24794914	23.8696804	24794914	0	-299	-299	-299	-299	299
CAGE_TSS_3698	1	+	24824478	24824274	26.53640938	24824274	0	-204	-204	-204	-204	204
CAGE_TSS_3700	1	+	24839171	24838973	40.43939972	24838973	0	-198	-198	-198	-198	198
CAGE_TSS_3706	1	+	24883919	24883662	435.5117798	24883662	0	-257	-257	-257	-257	257
CAGE_TSS_3707	1	+	24884827	24884971	9.625760078	24884971	0	144	144	144	144	144
CAGE_TSS_3710	1	+	24902090	24901875	90.75647736	24901875	0	-215	-215	-215	-215	215
CAGE_TSS_3715	1	+	24930079	24930207	10.36248016	24930207	0	128	128	128	128	128
CAGE_TSS_3717	1	+	24951240	24951188	42.61479187	24951188	0	-52	-52	-52	-52	52
CAGE_TSS_3718	1	+	24952801	24952686	117.8762436	24952686	0	-115	-115	-115	-115	115
CAGE_TSS_3719	1	+	24957557	24957515	26.74982071	24957515	0	-42	-42	-42	-42	42
CAGE_TSS_3720	1	+	24957819	24957885	38.81961823	24957885	0	66	66	66	66	66
CAGE_TSS_3721	1	+	24959347	24959437	7.589290142	24959437	0	90	90	90	90	90
CAGE_TSS_3728	1	+	25036669	25036653	6.47300005	25036653	0	-16	-16	-16	-16	16
CAGE_TSS_3731	1	+	25042218	25042109	5.556869984	25042109	0	-109	-109	-109	-109	109
CAGE_TSS_3732	1	+	25048135	25047977	71.76969147	25047977	0	-158	-158	-158	-158	158
CAGE_TSS_3747	1	+	25230268	25230042	36.3158493	25230042	0	-226	-226	-226	-226	226
CAGE_TSS_3757	1	+	25272184	25272067	25.31715012	25272067	0	-117	-117	-117	-117	117
CAGE_TSS_3758	1	+	25276241	25276231	250.1646118	25276231	0	-10	-10	-10	-10	10
CAGE_TSS_3763	1	+	25307996	25307885	1387.42688	25307885	0	-111	-111	-111	-111	111
CAGE_TSS_3764	1	+	25312719	25312585	17.75349045	25312585	0	-134	-134	-134	-134	134
CAGE_TSS_3765	1	+	25319902	25319724	658.2805786	25319724	0	-178	-178	-178	-178	178
CAGE_TSS_3777	1	+	25386492	25386237	64.33061218	25386237	0	-255	-255	-255	-255	255
CAGE_TSS_3778	1	+	25391652	25391376	1140.147339	25391376	0	-276	-276	-276	-276	276
CAGE_TSS_3781	1	+	25401588	25401622	26.41737938	25401622	0	34	34	34	34	34
CAGE_TSS_3783	1	+	25417649	25417653	12.71203995	25417653	0	4	4	4	4	4
CAGE_TSS_3790	1	+	25437915	25437766	50.22974014	25437766	0	-149	-149	-149	-149	149
CAGE_TSS_3791	1	+	25438968	25438949	21.51398087	25438949	0	-19	-19	-19	-19	19
CAGE_TSS_3793	1	+	25442387	25442335	20.37906075	25442335	0	-52	-52	-52	-52	52
CAGE_TSS_3796	1	+	25464760	25464772	308.6708679	25464772	0	12	12	12	12	12
CAGE_TSS_3797	1	+	25466986	25466776	56.48355865	25466776	0	-210	-210	-210	-210	210
CAGE_TSS_3798	1	+	25467503	25467381	35.24256897	25467381	0	-122	-122	-122	-122	122
CAGE_TSS_3809	1	+	25493378	25493196	56.40224838	25493196	0	-182	-182	-182	-182	182
CAGE_TSS_3819	1	+	25497378	25497196	12.03118038	25497196	0	-182	-182	-182	-182	182
CAGE_TSS_3822	1	+	25517504	25517522	77.1384201	25517522	0	18	18	18	18	18
CAGE_TSS_3823	1	+	25521224	25521204	297.2192688	25521204	0	-20	-20	-20	-20	20
CAGE_TSS_3830	1	+	25559243	25559147	19.94823074	25559147	0	-96	-96	-96	-96	96
CAGE_TSS_3841	1	+	25610920	25610867	28.16418076	25610867	0	-53	-53	-53	-53	53
CAGE_TSS_3843	1	+	25616490	25616412	4.250390053	25616412	0	-78	-78	-78	-78	78
CAGE_TSS_3845	1	+	25658034	25657884	547.5619507	25657884	0	-150	-150	-150	-150	150
CAGE_TSS_3848	1	+	25658795	25659019	187.0898132	25659019	0	224	224	224	224	224
CAGE_TSS_3849	1	+	25693489	25693461	56.55617905	25693461	0	-28	-28	-28	-28	28
CAGE_TSS_3853	1	+	25702008	25701854	58.87149048	25701854	0	-154	-154	-154	-154	154
CAGE_TSS_3861	1	+	25756859	25756667	5.255620003	25756667	0	-192	-192	-192	-192	192
CAGE_TSS_3867	1	+	25782139	25782113	154.2519379	25782113	0	-26	-26	-26	-26	26
CAGE_TSS_3876	1	+	25829076	25829185	7.732749939	25829185	0	109	109	109	109	109
CAGE_TSS_3879	1	+	25865723	25865611	13.90886974	25865611	0	-112	-112	-112	-112	112
CAGE_TSS_3880	1	+	25880328	25880121	218.3772736	25880121	0	-207	-207	-207	-207	207
CAGE_TSS_3885	1	+	25889063	25888962	5.211150169	25888962	0	-101	-101	-101	-101	101
CAGE_TSS_3887	1	+	25915006	25914910	21.63488007	25914910	0	-96	-96	-96	-96	96
CAGE_TSS_3894	1	+	25957799	25957719	47.37781906	25957719	0	-80	-80	-80	-80	80
CAGE_TSS_3896	1	+	25961924	25961739	8.760769844	25961739	0	-185	-185	-185	-185	185
CAGE_TSS_3897	1	+	25964391	25964442	9.811909676	25964442	0	51	51	51	51	51
CAGE_TSS_3899	1	+	26000170	25999890	24.80125999	25999890	0	-280	-280	-280	-280	280
CAGE_TSS_3904	1	+	26032878	26032759	17.93927002	26032759	0	-119	-119	-119	-119	119
CAGE_TSS_3905	1	+	26036770	26036625	119.3079605	26036625	0	-145	-145	-145	-145	145
CAGE_TSS_3907	1	+	26039079	26039147	133.0182648	26039147	0	68	68	68	68	68
CAGE_TSS_3912	1	+	26080045	26080012	300.8253174	26080012	0	-33	-33	-33	-33	33
CAGE_TSS_3915	1	+	26089237	26089214	6.378009796	26089214	0	-23	-23	-23	-23	23
CAGE_TSS_3917	1	+	26093337	26093257	104.2959671	26093257	0	-80	-80	-80	-80	80
CAGE_TSS_3921	1	+	26122139	26122041	30.5256691	26122041	0	-98	-98	-98	-98	98
CAGE_TSS_3922	1	+	26126378	26126300	75.45767975	26126300	0	-78	-78	-78	-78	78
CAGE_TSS_3929	1	+	26128310	26128103	38.46548843	26128103	0	-207	-207	-207	-207	207
CAGE_TSS_3932	1	+	26141837	26141840	172.7565765	26141840	0	3	3	3	3	3
CAGE_TSS_3935	1	+	26142474	26142489	4.623539925	26142489	0	15	15	15	15	15
CAGE_TSS_3938	1	+	26171942	26171915	144.7028198	26171915	0	-27	-27	-27	-27	27
CAGE_TSS_3940	1	+	26182478	26182534	12.36962032	26182534	0	56	56	56	56	56
CAGE_TSS_3941	1	+	26186719	26186751	16.63347054	26186751	0	32	32	32	32	32
CAGE_TSS_3948	1	+	26220243	26220228	5.226099968	26220228	0	-15	-15	-15	-15	15
CAGE_TSS_3952	1	+	26231835	26231906	11.38617992	26231906	0	71	71	71	71	71
CAGE_TSS_3955	1	+	26235306	26235222	86.67326355	26235222	0	-84	-84	-84	-84	84
CAGE_TSS_3959	1	+	26258938	26258964	222.2788849	26258964	0	26	26	26	26	26
CAGE_TSS_3962	1	+	26266743	26266593	14.85169029	26266593	0	-150	-150	-150	-150	150
CAGE_TSS_3964	1	+	26316029	26316019	281.5509338	26316019	0	-10	-10	-10	-10	10
CAGE_TSS_3966	1	+	26330061	26330165	31.56796074	26330165	0	104	104	104	104	104
CAGE_TSS_3968	1	+	26346211	26346253	6.686009884	26346253	0	42	42	42	42	42
CAGE_TSS_3973	1	+	26400789	26400763	58.14965057	26400763	0	-26	-26	-26	-26	26
CAGE_TSS_3975	1	+	26403131	26403124	93.93643188	26403124	0	-7	-7	-7	-7	7
CAGE_TSS_3987	1	+	26426427	26426140	11.01156044	26426140	0	-287	-287	-287	-287	287
CAGE_TSS_3991	1	+	26439896	26440055	3.378000021	26440055	0	159	159	159	159	159
CAGE_TSS_3992	1	+	26450290	26450240	21.57294083	26450240	0	-50	-50	-50	-50	50
CAGE_TSS_3994	1	+	26464388	26464429	5.66091013	26464429	0	41	41	41	41	41
CAGE_TSS_3995	1	+	26502935	26503015	7.322800159	26503015	0	80	80	80	80	80
CAGE_TSS_3999	1	+	26545277	26545155	47.40195847	26545155	0	-122	-122	-122	-122	122
CAGE_TSS_4002	1	+	26561903	26561915	36.10245895	26561915	0	12	12	12	12	12
CAGE_TSS_4005	1	+	26570274	26570088	9.696680069	26570088	0	-186	-186	-186	-186	186
CAGE_TSS_4008	1	+	26597301	26597187	12.66394043	26597187	0	-114	-114	-114	-114	114
CAGE_TSS_4010	1	+	26604850	26604869	28.08933067	26604869	0	19	19	19	19	19
CAGE_TSS_4019	1	+	26626559	26626507	28.09869003	26626507	0	-52	-52	-52	-52	52
CAGE_TSS_4022	1	+	26637315	26637179	54.61233139	26637179	0	-136	-136	-136	-136	136
CAGE_TSS_4024	1	+	26640581	26640299	17.37932014	26640299	0	-282	-282	-282	-282	282
CAGE_TSS_4029	1	+	26652075	26652226	9.412500381	26652226	0	151	151	151	151	151
CAGE_TSS_4031	1	+	26654781	26654781	1270.671387	26654781	0	0	0	0	0	0
CAGE_TSS_4033	1	+	26655816	26655650	96.75080872	26655650	0	-166	-166	-166	-166	166
CAGE_TSS_4042	1	+	26700402	26700522	62.89054871	26700522	0	120	120	120	120	120
CAGE_TSS_4043	1	+	26702681	26702676	13.38518047	26702676	0	-5	-5	-5	-5	5
CAGE_TSS_4044	1	+	26704161	26703987	21.16152954	26703987	0	-174	-174	-174	-174	174
CAGE_TSS_4046	1	+	26705550	26705430	15.72875023	26705430	0	-120	-120	-120	-120	120
CAGE_TSS_4048	1	+	26725834	26725629	10.6635704	26725629	0	-205	-205	-205	-205	205
CAGE_TSS_4049	1	+	26727828	26727784	528.4077759	26727784	0	-44	-44	-44	-44	44
CAGE_TSS_4051	1	+	26731861	26731739	148.7538452	26731739	0	-122	-122	-122	-122	122
CAGE_TSS_4053	1	+	26743048	26743105	158.2447968	26743105	0	57	57	57	57	57
CAGE_TSS_4057	1	+	26745993	26746048	22.25638962	26746048	0	55	55	55	55	55
CAGE_TSS_4060	1	+	26782188	26782169	77.332901	26782169	0	-19	-19	-19	-19	19
CAGE_TSS_4061	1	+	26794406	26794316	752.2841797	26794316	0	-90	-90	-90	-90	90
CAGE_TSS_4069	1	+	26818025	26817987	225.3684387	26817987	0	-38	-38	-38	-38	38
CAGE_TSS_4074	1	+	26830940	26831096	5.620399952	26831096	0	156	156	156	156	156
CAGE_TSS_4078	1	+	26841629	26841623	8.03069973	26841623	0	-6	-6	-6	-6	6
CAGE_TSS_4084	1	+	26920461	26920187	5.080719948	26920187	0	-274	-274	-274	-274	274
CAGE_TSS_4087	1	+	26936030	26935791	5.615940094	26935791	0	-239	-239	-239	-239	239
CAGE_TSS_4092	1	+	26939633	26939422	71.04753876	26939422	0	-211	-211	-211	-211	211
CAGE_TSS_4095	1	+	26965951	26965691	26.35614014	26965691	0	-260	-260	-260	-260	260
CAGE_TSS_4097	1	+	26971330	26971217	323.0489502	26971217	0	-113	-113	-113	-113	113
CAGE_TSS_4098	1	+	26983722	26983551	25.78845024	26983551	0	-171	-171	-171	-171	171
CAGE_TSS_4103	1	+	26999371	26999291	39.86503983	26999291	0	-80	-80	-80	-80	80
CAGE_TSS_4107	1	+	27022397	27022344	8.537960052	27022344	0	-53	-53	-53	-53	53
CAGE_TSS_4108	1	+	27026728	27026728	87.35843658	27026728	0	0	0	0	0	0
CAGE_TSS_4109	1	+	27029205	27029151	8.770959854	27029151	0	-54	-54	-54	-54	54
CAGE_TSS_4110	1	+	27054179	27053932	132.0024567	27053932	0	-247	-247	-247	-247	247
CAGE_TSS_4113	1	+	27061690	27061614	7.20138979	27061614	0	-76	-76	-76	-76	76
CAGE_TSS_4114	1	+	27065070	27064849	130.513382	27064849	0	-221	-221	-221	-221	221
CAGE_TSS_4117	1	+	27093027	27093080	52.42547989	27093080	0	53	53	53	53	53
CAGE_TSS_4119	1	+	27098200	27098097	108.7928314	27098097	0	-103	-103	-103	-103	103
CAGE_TSS_4120	1	+	27100290	27100305	6.928329945	27100305	0	15	15	15	15	15
CAGE_TSS_4121	1	+	27107587	27107658	6.79253006	27107658	0	71	71	71	71	71
CAGE_TSS_4122	1	+	27110872	27110709	16.72094917	27110709	0	-163	-163	-163	-163	163
CAGE_TSS_4129	1	+	27132112	27131872	28.97089958	27131872	0	-240	-240	-240	-240	240
CAGE_TSS_4131	1	+	27137158	27137026	26.50791931	27137026	0	-132	-132	-132	-132	132
CAGE_TSS_4135	1	+	27148511	27148453	340.0369263	27148453	0	-58	-58	-58	-58	58
CAGE_TSS_4142	1	+	27156360	27156090	4.256800175	27156090	0	-270	-270	-270	-270	270
CAGE_TSS_4145	1	+	27162804	27162884	32.45706177	27162884	0	80	80	80	80	80
CAGE_TSS_4146	1	+	27179699	27179990	28.50196075	27179990	0	291	291	291	291	291
CAGE_TSS_4147	1	+	27181136	27180846	65.89919281	27180846	0	-290	-290	-290	-290	290
CAGE_TSS_4148	1	+	27188238	27187993	47.44396973	27187993	0	-245	-245	-245	-245	245
CAGE_TSS_4150	1	+	27190126	27190094	46.11737061	27190094	0	-32	-32	-32	-32	32
CAGE_TSS_4151	1	+	27192772	27192623	18.07748032	27192623	0	-149	-149	-149	-149	149
CAGE_TSS_4152	1	+	27209891	27209596	7.809360027	27209596	0	-295	-295	-295	-295	295
CAGE_TSS_4153	1	+	27225943	27225855	11.55138969	27225855	0	-88	-88	-88	-88	88
CAGE_TSS_4155	1	+	27233654	27233386	8.080619812	27233386	0	-268	-268	-268	-268	268
CAGE_TSS_4157	1	+	27241819	27241688	9.286640167	27241688	0	-131	-131	-131	-131	131
CAGE_TSS_4159	1	+	27264662	27264490	1066.180054	27264490	0	-172	-172	-172	-172	172
CAGE_TSS_4160	1	+	27283722	27283736	20.97197914	27283736	0	14	14	14	14	14
CAGE_TSS_4162	1	+	27303366	27303168	135.6523132	27303168	0	-198	-198	-198	-198	198
CAGE_TSS_4165	1	+	27308513	27308515	80.74389648	27308515	0	2	2	2	2	2
CAGE_TSS_4166	1	+	27312951	27312876	24.60112	27312876	0	-75	-75	-75	-75	75
CAGE_TSS_4168	1	+	27344391	27344277	47.68994904	27344277	0	-114	-114	-114	-114	114
CAGE_TSS_4169	1	+	27348389	27348368	11.36466026	27348368	0	-21	-21	-21	-21	21
CAGE_TSS_4171	1	+	27349467	27349502	1294.999268	27349502	0	35	35	35	35	35
CAGE_TSS_4173	1	+	27361157	27361182	26.6565094	27361182	0	25	25	25	25	25
CAGE_TSS_4174	1	+	27365894	27366039	43.55342102	27366039	0	145	145	145	145	145
CAGE_TSS_4175	1	+	27372268	27372250	235.6659851	27372250	0	-18	-18	-18	-18	18
CAGE_TSS_4177	1	+	27383441	27383403	262.6575623	27383403	0	-38	-38	-38	-38	38
CAGE_TSS_4179	1	+	27390110	27389875	166.4659576	27389875	0	-235	-235	-235	-235	235
CAGE_TSS_4183	1	+	27394790	27394867	23.1332798	27394867	0	77	77	77	77	77
CAGE_TSS_4188	1	+	27416217	27416277	8.907460213	27416277	0	60	60	60	60	60
CAGE_TSS_4190	1	+	27429870	27429861	82.36354828	27429861	0	-9	-9	-9	-9	9
CAGE_TSS_4195	1	+	27435489	27435519	29.49983978	27435519	0	30	30	30	30	30
CAGE_TSS_4197	1	+	27437715	27437768	50.04957962	27437768	0	53	53	53	53	53
CAGE_TSS_4199	1	+	27439455	27439310	11.94221973	27439310	0	-145	-145	-145	-145	145
CAGE_TSS_4203	1	+	27442233	27441956	422.9004211	27441956	0	-277	-277	-277	-277	277
CAGE_TSS_4205	1	+	27452769	27452474	370.0688477	27452474	0	-295	-295	-295	-295	295
CAGE_TSS_4210	1	+	27479019	27478896	29.5683403	27478896	0	-123	-123	-123	-123	123
CAGE_TSS_4214	1	+	27484379	27484336	705.7796021	27484336	0	-43	-43	-43	-43	43
CAGE_TSS_4216	1	+	27488237	27488097	7.657390118	27488097	0	-140	-140	-140	-140	140
CAGE_TSS_4228	1	+	27611366	27611391	45.63822174	27611391	0	25	25	25	25	25
CAGE_TSS_4238	1	+	27659684	27659772	5.122980118	27659772	0	88	88	88	88	88
CAGE_TSS_4240	1	+	27670533	27670309	98.73422241	27670309	0	-224	-224	-224	-224	224
CAGE_TSS_4248	1	+	27686991	27686901	15.56039047	27686901	0	-90	-90	-90	-90	90
CAGE_TSS_4249	1	+	27700046	27699943	99.57840729	27699943	0	-103	-103	-103	-103	103
CAGE_TSS_4251	1	+	27714948	27714937	41.24156189	27714937	0	-11	-11	-11	-11	11
CAGE_TSS_4253	1	+	27725001	27724985	5.782050133	27724985	0	-16	-16	-16	-16	16
CAGE_TSS_4254	1	+	27734212	27733944	11.74166012	27733944	0	-268	-268	-268	-268	268
CAGE_TSS_4256	1	+	27736631	27736520	5.407460213	27736520	0	-111	-111	-111	-111	111
CAGE_TSS_4259	1	+	27744683	27744718	20.97686005	27744718	0	35	35	35	35	35
CAGE_TSS_4261	1	+	27759974	27759795	141.7822571	27759795	0	-179	-179	-179	-179	179
CAGE_TSS_4266	1	+	27781001	27781072	5.717229843	27781072	0	71	71	71	71	71
CAGE_TSS_4267	1	+	27785094	27785190	183.8348999	27785190	0	96	96	96	96	96
CAGE_TSS_4268	1	+	27786807	27786754	14.73567009	27786754	0	-53	-53	-53	-53	53
CAGE_TSS_4272	1	+	27790882	27790751	164.7517395	27790751	0	-131	-131	-131	-131	131
CAGE_TSS_4275	1	+	27816826	27816612	29.49234962	27816612	0	-214	-214	-214	-214	214
CAGE_TSS_4276	1	+	27824431	27824351	7.722539902	27824351	0	-80	-80	-80	-80	80
CAGE_TSS_4277	1	+	27842170	27842115	9.267539978	27842115	0	-55	-55	-55	-55	55
CAGE_TSS_4284	1	+	27886332	27886246	35.84664154	27886246	0	-86	-86	-86	-86	86
CAGE_TSS_4295	1	+	27931716	27931583	9.359379768	27931583	0	-133	-133	-133	-133	133
CAGE_TSS_4296	1	+	27935298	27935145	503.4858398	27935145	0	-153	-153	-153	-153	153
CAGE_TSS_4300	1	+	27959621	27959577	233.2071075	27959577	0	-44	-44	-44	-44	44
CAGE_TSS_4304	1	+	27975178	27975194	248.065506	27975194	0	16	16	16	16	16
CAGE_TSS_4308	1	+	27991177	27990902	454.3278198	27990902	0	-275	-275	-275	-275	275
CAGE_TSS_4312	1	+	28005364	28005243	297.5575867	28005243	0	-121	-121	-121	-121	121
CAGE_TSS_4318	1	+	28053287	28053258	119.0910568	28053258	0	-29	-29	-29	-29	29
CAGE_TSS_4319	1	+	28053597	28053818	36.85258102	28053818	0	221	221	221	221	221
CAGE_TSS_4321	1	+	28059172	28059201	7.782730103	28059201	0	29	29	29	29	29
CAGE_TSS_4322	1	+	28065270	28065095	11.83946037	28065095	0	-175	-175	-175	-175	175
CAGE_TSS_4325	1	+	28075089	28075146	9.583180428	28075146	0	57	57	57	57	57
CAGE_TSS_4326	1	+	28078943	28078924	6.85668993	28078924	0	-19	-19	-19	-19	19
CAGE_TSS_4329	1	+	28095831	28095655	6.196640015	28095655	0	-176	-176	-176	-176	176
CAGE_TSS_4331	1	+	28107868	28107821	8.124019623	28107821	0	-47	-47	-47	-47	47
CAGE_TSS_4333	1	+	28123348	28123204	34.86338043	28123204	0	-144	-144	-144	-144	144
CAGE_TSS_4336	1	+	28133922	28133918	14.73589993	28133918	0	-4	-4	-4	-4	4
CAGE_TSS_4338	1	+	28146119	28145989	184.5908356	28145989	0	-130	-130	-130	-130	130
CAGE_TSS_4340	1	+	28163501	28163667	16.25682068	28163667	0	166	166	166	166	166
CAGE_TSS_4341	1	+	28171018	28170988	19.95222092	28170988	0	-30	-30	-30	-30	30
CAGE_TSS_4345	1	+	28185527	28185674	9.536789894	28185674	0	147	147	147	147	147
CAGE_TSS_4348	1	+	28213865	28213783	48.22581863	28213783	0	-82	-82	-82	-82	82
CAGE_TSS_4352	1	+	28219503	28219553	6.159510136	28219553	0	50	50	50	50	50
CAGE_TSS_4353	1	+	28223868	28223863	43.57051086	28223863	0	-5	-5	-5	-5	5
CAGE_TSS_4355	1	+	28234347	28234412	18.67653084	28234412	0	65	65	65	65	65
CAGE_TSS_4356	1	+	28241069	28241322	47.07862091	28241322	0	253	253	253	253	253
CAGE_TSS_4367	1	+	28274829	28274792	98.35659027	28274792	0	-37	-37	-37	-37	37
CAGE_TSS_4368	1	+	28291762	28291481	65.22741699	28291481	0	-281	-281	-281	-281	281
CAGE_TSS_4370	1	+	28305296	28305145	15.71625996	28305145	0	-151	-151	-151	-151	151
CAGE_TSS_4371	1	+	28313589	28313392	310.9138489	28313392	0	-197	-197	-197	-197	197
CAGE_TSS_4374	1	+	28335763	28335826	7.295080185	28335826	0	63	63	63	63	63
CAGE_TSS_4375	1	+	28366016	28366164	22.7395401	28366164	0	148	148	148	148	148
CAGE_TSS_4378	1	+	28367039	28366966	1127.018555	28366966	0	-73	-73	-73	-73	73
CAGE_TSS_4381	1	+	28377836	28378077	37.25494003	28378077	0	241	241	241	241	241
CAGE_TSS_4390	1	+	28428714	28428529	40.93872833	28428529	0	-185	-185	-185	-185	185
CAGE_TSS_4392	1	+	28458783	28458797	52.72288132	28458797	0	14	14	14	14	14
CAGE_TSS_4394	1	+	28461664	28461429	1870.07019	28461429	0	-235	-235	-235	-235	235
CAGE_TSS_4398	1	+	28475778	28475735	26.74982071	28475735	0	-43	-43	-43	-43	43
CAGE_TSS_4399	1	+	28490449	28490396	117.7783279	28490396	0	-53	-53	-53	-53	53
CAGE_TSS_4401	1	+	28516635	28516869	6.95472002	28516869	0	234	234	234	234	234
CAGE_TSS_4403	1	+	28518897	28518915	34.78197861	28518915	0	18	18	18	18	18
CAGE_TSS_4406	1	+	28533852	28533721	9.980569839	28533721	0	-131	-131	-131	-131	131
CAGE_TSS_4411	1	+	28537794	28537829	116.6474533	28537829	0	35	35	35	35	35
CAGE_TSS_4413	1	+	28546480	28546508	20.86000061	28546508	0	28	28	28	28	28
CAGE_TSS_4417	1	+	28571134	28571202	9.293319702	28571202	0	68	68	68	68	68
CAGE_TSS_4421	1	+	28587195	28587134	68.43563843	28587134	0	-61	-61	-61	-61	61
CAGE_TSS_4422	1	+	28590303	28590006	55.14382935	28590006	0	-297	-297	-297	-297	297
CAGE_TSS_4428	1	+	28631259	28631121	11.45436954	28631121	0	-138	-138	-138	-138	138
CAGE_TSS_4429	1	+	28639570	28639658	52.87469101	28639658	0	88	88	88	88	88
CAGE_TSS_4433	1	+	28668851	28668946	25.1079998	28668946	0	95	95	95	95	95
CAGE_TSS_4437	1	+	28695883	28695888	87.18981934	28695888	0	5	5	5	5	5
CAGE_TSS_4444	1	+	28698259	28698237	46.26956177	28698237	0	-22	-22	-22	-22	22
CAGE_TSS_4446	1	+	28715128	28715150	33.38497925	28715150	0	22	22	22	22	22
CAGE_TSS_4449	1	+	28728259	28728064	32.6643219	28728064	0	-195	-195	-195	-195	195
CAGE_TSS_4450	1	+	28729044	28728871	11.91932011	28728871	0	-173	-173	-173	-173	173
CAGE_TSS_4452	1	+	28740740	28740595	199.8612976	28740595	0	-145	-145	-145	-145	145
CAGE_TSS_4454	1	+	28746887	28746738	32.28475189	28746738	0	-149	-149	-149	-149	149
CAGE_TSS_4455	1	+	28751017	28750719	21.85993958	28750719	0	-298	-298	-298	-298	298
CAGE_TSS_4456	1	+	28756653	28756632	89.56075287	28756632	0	-21	-21	-21	-21	21
CAGE_TSS_4457	1	+	28759518	28759422	5.601130009	28759422	0	-96	-96	-96	-96	96
CAGE_TSS_4468	1	+	28829289	28829251	22.97369957	28829251	0	-38	-38	-38	-38	38
CAGE_TSS_4470	1	+	28837621	28837517	9.138609886	28837517	0	-104	-104	-104	-104	104
CAGE_TSS_4474	1	+	28865411	28865213	157.7481384	28865213	0	-198	-198	-198	-198	198
CAGE_TSS_4478	1	+	28881854	28881908	13.78577995	28881908	0	54	54	54	54	54
CAGE_TSS_4480	1	+	28889135	28889173	12.14927959	28889173	0	38	38	38	38	38
CAGE_TSS_4484	1	+	28892153	28892157	161.6581268	28892157	0	4	4	4	4	4
CAGE_TSS_4486	1	+	28906522	28906581	33.52410126	28906581	0	59	59	59	59	59
CAGE_TSS_4491	1	+	28940297	28940351	57.66759872	28940351	0	54	54	54	54	54
CAGE_TSS_4494	1	+	28955636	28955795	13.15629959	28955795	0	159	159	159	159	159
CAGE_TSS_4500	1	+	28984021	28984012	5.206950188	28984012	0	-9	-9	-9	-9	9
CAGE_TSS_4502	1	+	29012715	29012681	407.8269958	29012681	0	-34	-34	-34	-34	34
CAGE_TSS_4504	1	+	29027787	29027822	43.67918015	29027822	0	35	35	35	35	35
CAGE_TSS_4507	1	+	29056503	29056430	73.58158112	29056430	0	-73	-73	-73	-73	73
CAGE_TSS_4509	1	+	29073885	29073852	19.19514084	29073852	0	-33	-33	-33	-33	33
CAGE_TSS_4512	1	+	29093620	29093532	27.23131943	29093532	0	-88	-88	-88	-88	88
CAGE_TSS_4514	1	+	29099955	29099805	394.9759216	29099805	0	-150	-150	-150	-150	150
CAGE_TSS_4515	1	+	29100722	29100964	142.7849121	29100964	0	242	242	242	242	242
CAGE_TSS_4522	1	+	29130527	29130460	11.26725006	29130460	0	-67	-67	-67	-67	67
CAGE_TSS_4528	1	+	29178717	29178603	15.64350033	29178603	0	-114	-114	-114	-114	114
CAGE_TSS_4534	1	+	29220385	29220274	16.25682068	29220274	0	-111	-111	-111	-111	111
CAGE_TSS_4536	1	+	29245041	29244859	18.7898407	29244859	0	-182	-182	-182	-182	182
CAGE_TSS_4538	1	+	29253399	29253237	19.98133087	29253237	0	-162	-162	-162	-162	162
CAGE_TSS_4540	1	+	29268489	29268470	5.556869984	29268470	0	-19	-19	-19	-19	19
CAGE_TSS_4541	1	+	29272368	29272199	6.913020134	29272199	0	-169	-169	-169	-169	169
CAGE_TSS_4542	1	+	29285078	29285120	6.503419876	29285120	0	42	42	42	42	42
CAGE_TSS_4543	1	+	29290267	29290251	194.370636	29290251	0	-16	-16	-16	-16	16
CAGE_TSS_4557	1	+	29338692	29338531	57.72467041	29338531	0	-161	-161	-161	-161	161
CAGE_TSS_4563	1	+	29347852	29347699	65.59899139	29347699	0	-153	-153	-153	-153	153
CAGE_TSS_4564	1	+	29355021	29354786	58.46237946	29354786	0	-235	-235	-235	-235	235
CAGE_TSS_4565	1	+	29364248	29364244	21.85993958	29364244	0	-4	-4	-4	-4	4
CAGE_TSS_4567	1	+	29373890	29373891	13.54638958	29373891	0	1	1	1	1	1
CAGE_TSS_4568	1	+	29387809	29387713	209.1583252	29387713	0	-96	-96	-96	-96	96
CAGE_TSS_4572	1	+	29391826	29391785	9.072990417	29391785	0	-41	-41	-41	-41	41
CAGE_TSS_4574	1	+	29400118	29399994	52.50054932	29399994	0	-124	-124	-124	-124	124
CAGE_TSS_4576	1	+	29414058	29413781	103.2875824	29413781	0	-277	-277	-277	-277	277
CAGE_TSS_4577	1	+	29415464	29415197	70.49095154	29415197	0	-267	-267	-267	-267	267
CAGE_TSS_4581	1	+	29422099	29422027	18.73731995	29422027	0	-72	-72	-72	-72	72
CAGE_TSS_4582	1	+	29423665	29423777	9.460670471	29423777	0	112	112	112	112	112
CAGE_TSS_4583	1	+	29430248	29430325	141.4944153	29430325	0	77	77	77	77	77
CAGE_TSS_4584	1	+	29446974	29446921	37.76142883	29446921	0	-53	-53	-53	-53	53
CAGE_TSS_4588	1	+	29450900	29450901	10.91158962	29450901	0	1	1	1	1	1
CAGE_TSS_4589	1	+	29452708	29452594	17.70601082	29452594	0	-114	-114	-114	-114	114
CAGE_TSS_4590	1	+	29461749	29461640	41.04719925	29461640	0	-109	-109	-109	-109	109
CAGE_TSS_4592	1	+	29502581	29502533	10.88521004	29502533	0	-48	-48	-48	-48	48
CAGE_TSS_4593	1	+	29504521	29504377	136.9308624	29504377	0	-144	-144	-144	-144	144
CAGE_TSS_4604	1	+	29564252	29564152	7.979129791	29564152	0	-100	-100	-100	-100	100
CAGE_TSS_4613	1	+	29591019	29590812	12.57256031	29590812	0	-207	-207	-207	-207	207
CAGE_TSS_4618	1	+	29593865	29593596	1555.366333	29593596	0	-269	-269	-269	-269	269
CAGE_TSS_4625	1	+	29617285	29617111	5.47397995	29617111	0	-174	-174	-174	-174	174
CAGE_TSS_4626	1	+	29637449	29637473	20.75667	29637473	0	24	24	24	24	24
CAGE_TSS_4628	1	+	29656579	29656509	57.0173912	29656509	0	-70	-70	-70	-70	70
CAGE_TSS_4630	1	+	29660221	29660166	5.975319862	29660166	0	-55	-55	-55	-55	55
CAGE_TSS_4637	1	+	29665210	29665245	15.7198	29665245	0	35	35	35	35	35
CAGE_TSS_4638	1	+	29671585	29671560	6.522220135	29671560	0	-25	-25	-25	-25	25
CAGE_TSS_4639	1	+	29696458	29696493	23.7010498	29696493	0	35	35	35	35	35
CAGE_TSS_4642	1	+	29703200	29703169	69.38568115	29703169	0	-31	-31	-31	-31	31
CAGE_TSS_4643	1	+	29736037	29735973	8.245149612	29735973	0	-64	-64	-64	-64	64
CAGE_TSS_4646	1	+	29741728	29741697	188.5816193	29741697	0	-31	-31	-31	-31	31
CAGE_TSS_4648	1	+	29759157	29759205	13.54638958	29759205	0	48	48	48	48	48
CAGE_TSS_4650	1	+	29786497	29786247	17.05623055	29786247	0	-250	-250	-250	-250	250
CAGE_TSS_4651	1	+	29788475	29788461	149.4921417	29788461	0	-14	-14	-14	-14	14
CAGE_TSS_4652	1	+	29794393	29794259	6.692110062	29794259	0	-134	-134	-134	-134	134
CAGE_TSS_4654	1	+	29800753	29800693	101.8219223	29800693	0	-60	-60	-60	-60	60
CAGE_TSS_4657	1	+	29813269	29813258	21.49854088	29813258	0	-11	-11	-11	-11	11
CAGE_TSS_4659	1	+	29816073	29816206	6.667510033	29816206	0	133	133	133	133	133
CAGE_TSS_4664	1	+	29833920	29833822	5.807799816	29833822	0	-98	-98	-98	-98	98
CAGE_TSS_4671	1	+	29860486	29860610	27.90821075	29860610	0	124	124	124	124	124
CAGE_TSS_4677	1	+	29890377	29890381	16.86425018	29890381	0	4	4	4	4	4
CAGE_TSS_4679	1	+	29900456	29900512	69.43798828	29900512	0	56	56	56	56	56
CAGE_TSS_4681	1	+	29906716	29906577	6.130519867	29906577	0	-139	-139	-139	-139	139
CAGE_TSS_4686	1	+	29975753	29975662	102.693222	29975662	0	-91	-91	-91	-91	91
CAGE_TSS_4703	1	+	30054762	30054643	18.31537056	30054643	0	-119	-119	-119	-119	119
CAGE_TSS_4708	1	+	30073647	30073512	8.349860191	30073512	0	-135	-135	-135	-135	135
CAGE_TSS_4709	1	+	30082147	30082092	18.31813049	30082092	0	-55	-55	-55	-55	55
CAGE_TSS_4710	1	+	30084172	30083913	423.6372986	30083913	0	-259	-259	-259	-259	259
CAGE_TSS_4714	1	+	30097371	30097293	12.19855976	30097293	0	-78	-78	-78	-78	78
CAGE_TSS_4716	1	+	30117889	30117867	10.98161983	30117867	0	-22	-22	-22	-22	22
CAGE_TSS_4718	1	+	30139096	30139013	23.02216911	30139013	0	-83	-83	-83	-83	83
CAGE_TSS_4728	1	+	30175785	30175777	19.90278053	30175777	0	-8	-8	-8	-8	8
CAGE_TSS_4731	1	+	30191821	30191661	84.12297058	30191661	0	-160	-160	-160	-160	160
CAGE_TSS_4732	1	+	30194884	30194801	24.88277054	30194801	0	-83	-83	-83	-83	83
CAGE_TSS_4735	1	+	30217271	30217098	27.15238953	30217098	0	-173	-173	-173	-173	173
CAGE_TSS_4738	1	+	30225240	30225242	17.09761047	30225242	0	2	2	2	2	2
CAGE_TSS_4739	1	+	30241609	30241406	22.98752022	30241406	0	-203	-203	-203	-203	203
CAGE_TSS_4740	1	+	30242110	30242278	34.8298111	30242278	0	168	168	168	168	168
CAGE_TSS_4743	1	+	30270569	30270596	32.4716301	30270596	0	27	27	27	27	27
CAGE_TSS_4745	1	+	30273034	30272940	12.13323021	30272940	0	-94	-94	-94	-94	94
CAGE_TSS_4746	1	+	30276432	30276345	9.452070236	30276345	0	-87	-87	-87	-87	87
CAGE_TSS_4748	1	+	30287797	30287807	23.99695015	30287807	0	10	10	10	10	10
CAGE_TSS_4753	1	+	30311746	30311777	89.19090271	30311777	0	31	31	31	31	31
CAGE_TSS_4764	1	+	30358184	30358203	106.0000687	30358203	0	19	19	19	19	19
CAGE_TSS_4765	1	+	30359673	30359587	13.70468044	30359587	0	-86	-86	-86	-86	86
CAGE_TSS_4768	1	+	30363503	30363218	9.644180298	30363218	0	-285	-285	-285	-285	285
CAGE_TSS_4770	1	+	30370570	30370308	5.56374979	30370308	0	-262	-262	-262	-262	262
CAGE_TSS_4772	1	+	30383690	30383524	107.2225571	30383524	0	-166	-166	-166	-166	166
CAGE_TSS_4774	1	+	30392056	30392147	35.1468811	30392147	0	91	91	91	91	91
CAGE_TSS_4778	1	+	30410783	30410689	12.03118038	30410689	0	-94	-94	-94	-94	94
CAGE_TSS_4782	1	+	30420104	30419854	6.95472002	30419854	0	-250	-250	-250	-250	250
CAGE_TSS_9638	2	+	2625	2755	13.70672989	2755	0	130	130	130	130	130
CAGE_TSS_9639	2	+	3404	3526	155.0583801	3526	0	122	122	122	122	122
CAGE_TSS_9660	2	+	100638	100554	135.6927948	100554	0	-84	-84	-84	-84	84
CAGE_TSS_9661	2	+	114965	114964	41.21318817	114964	0	-1	-1	-1	-1	1
CAGE_TSS_9662	2	+	123277	123014	215.413208	123014	0	-263	-263	-263	-263	263
CAGE_TSS_9665	2	+	163953	163932	13.68505001	163932	0	-21	-21	-21	-21	21
CAGE_TSS_9670	2	+	181324	181157	1160.055542	181157	0	-167	-167	-167	-167	167
CAGE_TSS_9676	2	+	216762	216776	20.00381088	216776	0	14	14	14	14	14
CAGE_TSS_9678	2	+	221268	221217	74.0825119	221217	0	-51	-51	-51	-51	51
CAGE_TSS_9695	2	+	296507	296283	58.30477905	296283	0	-224	-224	-224	-224	224
CAGE_TSS_9697	2	+	306363	306212	363.0936279	306212	0	-151	-151	-151	-151	151
CAGE_TSS_9704	2	+	385222	385375	12.58285046	385375	0	153	153	153	153	153
CAGE_TSS_9707	2	+	388059	387775	559.6221924	387775	0	-284	-284	-284	-284	284
CAGE_TSS_9709	2	+	416930	416724	130.4733429	416724	0	-206	-206	-206	-206	206
CAGE_TSS_9710	2	+	432272	432253	335.0084229	432253	0	-19	-19	-19	-19	19
CAGE_TSS_9716	2	+	495569	495531	95.08207703	495531	0	-38	-38	-38	-38	38
CAGE_TSS_9718	2	+	505456	505569	25.52609062	505569	0	113	113	113	113	113
CAGE_TSS_9721	2	+	528349	528129	91.45274353	528129	0	-220	-220	-220	-220	220
CAGE_TSS_9722	2	+	538252	537980	8.392780304	537980	0	-272	-272	-272	-272	272
CAGE_TSS_9724	2	+	560927	560676	223.5895538	560676	0	-251	-251	-251	-251	251
CAGE_TSS_9727	2	+	621179	621014	15.89185047	621014	0	-165	-165	-165	-165	165
CAGE_TSS_9733	2	+	647902	647764	57.68667984	647764	0	-138	-138	-138	-138	138
CAGE_TSS_9735	2	+	652580	652607	13.22192955	652607	0	27	27	27	27	27
CAGE_TSS_9738	2	+	660733	660650	9.427700043	660650	0	-83	-83	-83	-83	83
CAGE_TSS_9743	2	+	704959	704870	16.96552086	704870	0	-89	-89	-89	-89	89
CAGE_TSS_9759	2	+	837888	837842	9.590169907	837842	0	-46	-46	-46	-46	46
CAGE_TSS_9762	2	+	859452	859442	7.020949841	859442	0	-10	-10	-10	-10	10
CAGE_TSS_9768	2	+	905597	905600	10.6228199	905600	0	3	3	3	3	3
CAGE_TSS_9769	2	+	937536	937236	14.90314007	937236	0	-300	-300	-300	-300	300
CAGE_TSS_9778	2	+	1041470	1041643	5.615039825	1041643	0	173	173	173	173	173
CAGE_TSS_9780	2	+	1050928	1051182	21.86354065	1051182	0	254	254	254	254	254
CAGE_TSS_9783	2	+	1064207	1064032	26.2007103	1064032	0	-175	-175	-175	-175	175
CAGE_TSS_9784	2	+	1066671	1066656	5.393030167	1066656	0	-15	-15	-15	-15	15
CAGE_TSS_9785	2	+	1071778	1071708	262.6220093	1071708	0	-70	-70	-70	-70	70
CAGE_TSS_9787	2	+	1077030	1076906	176.4488983	1076906	0	-124	-124	-124	-124	124
CAGE_TSS_9800	2	+	1129273	1129269	118.8729095	1129269	0	-4	-4	-4	-4	4
CAGE_TSS_9805	2	+	1156777	1156830	24.23769951	1156830	0	53	53	53	53	53
CAGE_TSS_9808	2	+	1161581	1161471	74.5165863	1161471	0	-110	-110	-110	-110	110
CAGE_TSS_9810	2	+	1171149	1170881	8.361109734	1170881	0	-268	-268	-268	-268	268
CAGE_TSS_9820	2	+	1259198	1259208	81.09613037	1259208	0	10	10	10	10	10
CAGE_TSS_9823	2	+	1281899	1281891	25.84267998	1281891	0	-8	-8	-8	-8	8
CAGE_TSS_9835	2	+	1333340	1333285	6.905139923	1333285	0	-55	-55	-55	-55	55
CAGE_TSS_9847	2	+	1515810	1515752	10.31540012	1515752	0	-58	-58	-58	-58	58
CAGE_TSS_9850	2	+	1527041	1526914	6.306310177	1526914	0	-127	-127	-127	-127	127
CAGE_TSS_9852	2	+	1531156	1531093	16.1428299	1531093	0	-63	-63	-63	-63	63
CAGE_TSS_9860	2	+	1594703	1594482	1186.292969	1594482	0	-221	-221	-221	-221	221
CAGE_TSS_9870	2	+	1657107	1656997	6.114789963	1656997	0	-110	-110	-110	-110	110
CAGE_TSS_9875	2	+	1676978	1676931	23.40652084	1676931	0	-47	-47	-47	-47	47
CAGE_TSS_9877	2	+	1682952	1682787	27.30101967	1682787	0	-165	-165	-165	-165	165
CAGE_TSS_9899	2	+	1966819	1966618	549.758667	1966618	0	-201	-201	-201	-201	201
CAGE_TSS_9907	2	+	2026161	2025959	81.72902679	2025959	0	-202	-202	-202	-202	202
CAGE_TSS_9910	2	+	2033187	2033127	33.89028931	2033127	0	-60	-60	-60	-60	60
CAGE_TSS_9925	2	+	2180890	2180665	7.451889992	2180665	0	-225	-225	-225	-225	225
CAGE_TSS_9926	2	+	2199392	2199214	10.09259987	2199214	0	-178	-178	-178	-178	178
CAGE_TSS_9928	2	+	2200763	2201024	16.8752594	2201024	0	261	261	261	261	261
CAGE_TSS_9930	2	+	2215257	2215176	34.42070007	2215176	0	-81	-81	-81	-81	81
CAGE_TSS_9950	2	+	2350199	2350063	5.337880135	2350063	0	-136	-136	-136	-136	136
CAGE_TSS_9957	2	+	2457571	2457570	19.54018021	2457570	0	-1	-1	-1	-1	1
CAGE_TSS_9973	2	+	2763560	2763615	11.04354	2763615	0	55	55	55	55	55
CAGE_TSS_9975	2	+	2764306	2764336	42.21482086	2764336	0	30	30	30	30	30
CAGE_TSS_9980	2	+	2895092	2894976	7.244480133	2894976	0	-116	-116	-116	-116	116
CAGE_TSS_9982	2	+	2924447	2924349	102.8031082	2924349	0	-98	-98	-98	-98	98
CAGE_TSS_9986	2	+	2931517	2931419	14.34860039	2931419	0	-98	-98	-98	-98	98
CAGE_TSS_9988	2	+	2975068	2974861	7.098020077	2974861	0	-207	-207	-207	-207	207
CAGE_TSS_10055	2	+	4416142	4416149	14.35540962	4416149	0	7	7	7	7	7
CAGE_TSS_10077	2	+	4743343	4743102	7.20138979	4743102	0	-241	-241	-241	-241	241
CAGE_TSS_10099	2	+	5049754	5049911	9.399840355	5049911	0	157	157	157	157	157
CAGE_TSS_10103	2	+	5114833	5114549	8.226050377	5114549	0	-284	-284	-284	-284	284
CAGE_TSS_10114	2	+	5389796	5389763	5.337880135	5389763	0	-33	-33	-33	-33	33
CAGE_TSS_10133	2	+	5692178	5691945	24.99465942	5691945	0	-233	-233	-233	-233	233
CAGE_TSS_10136	2	+	5741827	5741779	118.8729095	5741779	0	-48	-48	-48	-48	48
CAGE_TSS_10152	2	+	5906631	5906565	24.46890068	5906565	0	-66	-66	-66	-66	66
CAGE_TSS_10154	2	+	5909167	5909160	19.52775955	5909160	0	-7	-7	-7	-7	7
CAGE_TSS_10156	2	+	5925193	5925109	141.9307556	5925109	0	-84	-84	-84	-84	84
CAGE_TSS_10161	2	+	6018557	6018494	750.196167	6018494	0	-63	-63	-63	-63	63
CAGE_TSS_10169	2	+	6154632	6154626	7.051780224	6154626	0	-6	-6	-6	-6	6
CAGE_TSS_10179	2	+	6272477	6272313	8.226050377	6272313	0	-164	-164	-164	-164	164
CAGE_TSS_10180	2	+	6277937	6277951	18.24258041	6277951	0	14	14	14	14	14
CAGE_TSS_10193	2	+	6385866	6385787	21.46626091	6385787	0	-79	-79	-79	-79	79
CAGE_TSS_10194	2	+	6392217	6392305	12.6649704	6392305	0	88	88	88	88	88
CAGE_TSS_10195	2	+	6392701	6392716	11.90913963	6392716	0	15	15	15	15	15
CAGE_TSS_10197	2	+	6404176	6404122	32.00057983	6404122	0	-54	-54	-54	-54	54
CAGE_TSS_10206	2	+	6518842	6518920	18.50836945	6518920	0	78	78	78	78	78
CAGE_TSS_10208	2	+	6523837	6523830	96.05098724	6523830	0	-7	-7	-7	-7	7
CAGE_TSS_10216	2	+	6612581	6612587	34.95225906	6612587	0	6	6	6	6	6
CAGE_TSS_10221	2	+	6666678	6666629	19.91970062	6666629	0	-49	-49	-49	-49	49
CAGE_TSS_10225	2	+	6758634	6758587	11.34463024	6758587	0	-47	-47	-47	-47	47
CAGE_TSS_10230	2	+	6798430	6798210	800.1981201	6798210	0	-220	-220	-220	-220	220
CAGE_TSS_10239	2	+	6830994	6830806	11.61600018	6830806	0	-188	-188	-188	-188	188
CAGE_TSS_10250	2	+	6947319	6947207	36.43606186	6947207	0	-112	-112	-112	-112	112
CAGE_TSS_10261	2	+	7050943	7050791	66.60325623	7050791	0	-152	-152	-152	-152	152
CAGE_TSS_10266	2	+	7053702	7053616	10.20380974	7053616	0	-86	-86	-86	-86	86
CAGE_TSS_10267	2	+	7074266	7074210	62.30548096	7074210	0	-56	-56	-56	-56	56
CAGE_TSS_10279	2	+	7198254	7198144	35.38098145	7198144	0	-110	-110	-110	-110	110
CAGE_TSS_10280	2	+	7200807	7200656	21.07655907	7200656	0	-151	-151	-151	-151	151
CAGE_TSS_10283	2	+	7244623	7244541	6.711919785	7244541	0	-82	-82	-82	-82	82
CAGE_TSS_10288	2	+	7271176	7270903	441.4601135	7270903	0	-273	-273	-273	-273	273
CAGE_TSS_10291	2	+	7275700	7275659	162.8843536	7275659	0	-41	-41	-41	-41	41
CAGE_TSS_10294	2	+	7301583	7301626	5.355529785	7301626	0	43	43	43	43	43
CAGE_TSS_10299	2	+	7353846	7353842	5.337880135	7353842	0	-4	-4	-4	-4	4
CAGE_TSS_10305	2	+	7401154	7401242	8.076120377	7401242	0	88	88	88	88	88
CAGE_TSS_10306	2	+	7407044	7406913	5.112110138	7406913	0	-131	-131	-131	-131	131
CAGE_TSS_10308	2	+	7459140	7459142	55.1272316	7459142	0	2	2	2	2	2
CAGE_TSS_10309	2	+	7462802	7462709	6.615210056	7462709	0	-93	-93	-93	-93	93
CAGE_TSS_10310	2	+	7498139	7498124	6.95472002	7498124	0	-15	-15	-15	-15	15
CAGE_TSS_10312	2	+	7499476	7499574	14.63113022	7499574	0	98	98	98	98	98
CAGE_TSS_10314	2	+	7510094	7510316	186.7681427	7510316	0	222	222	222	222	222
CAGE_TSS_10316	2	+	7513211	7513052	30.39776993	7513052	0	-159	-159	-159	-159	159
CAGE_TSS_10317	2	+	7516583	7516480	26.23129082	7516480	0	-103	-103	-103	-103	103
CAGE_TSS_10318	2	+	7520507	7520789	398.4595947	7520789	0	282	282	282	282	282
CAGE_TSS_10323	2	+	7549933	7549758	752.5792236	7549758	0	-175	-175	-175	-175	175
CAGE_TSS_10334	2	+	7559003	7558967	7.04445982	7558967	0	-36	-36	-36	-36	36
CAGE_TSS_10335	2	+	7564417	7564455	5.817580223	7564455	0	38	38	38	38	38
CAGE_TSS_10340	2	+	7580703	7580505	21.46626091	7580505	0	-198	-198	-198	-198	198
CAGE_TSS_10342	2	+	7606914	7606733	711.6005249	7606733	0	-181	-181	-181	-181	181
CAGE_TSS_10345	2	+	7617242	7617222	38.20188904	7617222	0	-20	-20	-20	-20	20
CAGE_TSS_10348	2	+	7626361	7626359	69.53507996	7626359	0	-2	-2	-2	-2	2
CAGE_TSS_10349	2	+	7632730	7632679	10.50092983	7632679	0	-51	-51	-51	-51	51
CAGE_TSS_10353	2	+	7666584	7666486	13.48068047	7666486	0	-98	-98	-98	-98	98
CAGE_TSS_10357	2	+	7692412	7692360	21.46626091	7692360	0	-52	-52	-52	-52	52
CAGE_TSS_10363	2	+	7704108	7703940	55.44382858	7703940	0	-168	-168	-168	-168	168
CAGE_TSS_10364	2	+	7713265	7713143	44.38882065	7713143	0	-122	-122	-122	-122	122
CAGE_TSS_10365	2	+	7731145	7731073	18.35898018	7731073	0	-72	-72	-72	-72	72
CAGE_TSS_10370	2	+	7767157	7767078	435.9945679	7767078	0	-79	-79	-79	-79	79
CAGE_TSS_10376	2	+	7826892	7826852	6.062779903	7826852	0	-40	-40	-40	-40	40
CAGE_TSS_10386	2	+	7842180	7842176	17.53816032	7842176	0	-4	-4	-4	-4	4
CAGE_TSS_10390	2	+	7864289	7864205	151.5523834	7864205	0	-84	-84	-84	-84	84
CAGE_TSS_10391	2	+	7867827	7867878	10.29555035	7867878	0	51	51	51	51	51
CAGE_TSS_10392	2	+	7872253	7872241	7.472020149	7872241	0	-12	-12	-12	-12	12
CAGE_TSS_10397	2	+	7928041	7927780	6.764319897	7927780	0	-261	-261	-261	-261	261
CAGE_TSS_10400	2	+	7939907	7939806	54.51615906	7939806	0	-101	-101	-101	-101	101
CAGE_TSS_10402	2	+	7946079	7945826	37.09381866	7945826	0	-253	-253	-253	-253	253
CAGE_TSS_10414	2	+	8059364	8059153	17.77638054	8059153	0	-211	-211	-211	-211	211
CAGE_TSS_10418	2	+	8080541	8080436	13.55117989	8080436	0	-105	-105	-105	-105	105
CAGE_TSS_10421	2	+	8093289	8093308	113.5163803	8093308	0	19	19	19	19	19
CAGE_TSS_10425	2	+	8108921	8108780	82.08197021	8108780	0	-141	-141	-141	-141	141
CAGE_TSS_10426	2	+	8118886	8118903	26.14119911	8118903	0	17	17	17	17	17
CAGE_TSS_10427	2	+	8122156	8122322	17.64125061	8122322	0	166	166	166	166	166
CAGE_TSS_10429	2	+	8125531	8125378	69.75311279	8125378	0	-153	-153	-153	-153	153
CAGE_TSS_10432	2	+	8134680	8134526	9.073670387	8134526	0	-154	-154	-154	-154	154
CAGE_TSS_10433	2	+	8139884	8139592	109.1090927	8139592	0	-292	-292	-292	-292	292
CAGE_TSS_10436	2	+	8158235	8158248	10.83300972	8158248	0	13	13	13	13	13
CAGE_TSS_10439	2	+	8164257	8164071	37.97766113	8164071	0	-186	-186	-186	-186	186
CAGE_TSS_10440	2	+	8169572	8169505	167.1799164	8169505	0	-67	-67	-67	-67	67
CAGE_TSS_10441	2	+	8183938	8183717	192.5723572	8183717	0	-221	-221	-221	-221	221
CAGE_TSS_10442	2	+	8207357	8207138	182.2880859	8207138	0	-219	-219	-219	-219	219
CAGE_TSS_10444	2	+	8221754	8221739	6.95472002	8221739	0	-15	-15	-15	-15	15
CAGE_TSS_10458	2	+	8279463	8279613	5.337880135	8279613	0	150	150	150	150	150
CAGE_TSS_10461	2	+	8309815	8309685	17.81476021	8309685	0	-130	-130	-130	-130	130
CAGE_TSS_10462	2	+	8324725	8324727	19.91970062	8324727	0	2	2	2	2	2
CAGE_TSS_10468	2	+	8376201	8376180	28.46014023	8376180	0	-21	-21	-21	-21	21
CAGE_TSS_10470	2	+	8387035	8386958	6.32776022	8386958	0	-77	-77	-77	-77	77
CAGE_TSS_10471	2	+	8415192	8415211	9.926560402	8415211	0	19	19	19	19	19
CAGE_TSS_10474	2	+	8438543	8438520	32.65245056	8438520	0	-23	-23	-23	-23	23
CAGE_TSS_10479	2	+	8455957	8455978	25.1079998	8455978	0	21	21	21	21	21
CAGE_TSS_10483	2	+	8470615	8470786	44.66730881	8470786	0	171	171	171	171	171
CAGE_TSS_10484	2	+	8474438	8474393	6.764319897	8474393	0	-45	-45	-45	-45	45
CAGE_TSS_10486	2	+	8479167	8478887	74.00022125	8478887	0	-280	-280	-280	-280	280
CAGE_TSS_10490	2	+	8506151	8506036	18.3737793	8506036	0	-115	-115	-115	-115	115
CAGE_TSS_10502	2	+	8550341	8550239	346.0157776	8550239	0	-102	-102	-102	-102	102
CAGE_TSS_10503	2	+	8551455	8551352	8.038499832	8551352	0	-103	-103	-103	-103	103
CAGE_TSS_10505	2	+	8570654	8570489	41.7151413	8570489	0	-165	-165	-165	-165	165
CAGE_TSS_10506	2	+	8575880	8575833	9.590169907	8575833	0	-47	-47	-47	-47	47
CAGE_TSS_10508	2	+	8612976	8612812	15.81564999	8612812	0	-164	-164	-164	-164	164
CAGE_TSS_10518	2	+	8725743	8725847	12.04469967	8725847	0	104	104	104	104	104
CAGE_TSS_10522	2	+	8736753	8736724	127.4188538	8736724	0	-29	-29	-29	-29	29
CAGE_TSS_10525	2	+	8766614	8766531	252.4198761	8766531	0	-83	-83	-83	-83	83
CAGE_TSS_10531	2	+	8791989	8791910	45.76031113	8791910	0	-79	-79	-79	-79	79
CAGE_TSS_10532	2	+	8799186	8799053	7.633649826	8799053	0	-133	-133	-133	-133	133
CAGE_TSS_10533	2	+	8802365	8802219	20.60209084	8802219	0	-146	-146	-146	-146	146
CAGE_TSS_10534	2	+	8804510	8804473	59.60905075	8804473	0	-37	-37	-37	-37	37
CAGE_TSS_10547	2	+	8855351	8855347	131.2093964	8855347	0	-4	-4	-4	-4	4
CAGE_TSS_10553	2	+	8900330	8900031	46.93833923	8900031	0	-299	-299	-299	-299	299
CAGE_TSS_10555	2	+	8920466	8920363	11.34463024	8920363	0	-103	-103	-103	-103	103
CAGE_TSS_10562	2	+	8935606	8935554	40.69401932	8935554	0	-52	-52	-52	-52	52
CAGE_TSS_10563	2	+	8941122	8940948	45.29700089	8940948	0	-174	-174	-174	-174	174
CAGE_TSS_10564	2	+	8957793	8957516	64.14723206	8957516	0	-277	-277	-277	-277	277
CAGE_TSS_10572	2	+	8987672	8987656	5.115980148	8987656	0	-16	-16	-16	-16	16
CAGE_TSS_10576	2	+	8998686	8998498	15.90056038	8998498	0	-188	-188	-188	-188	188
CAGE_TSS_10586	2	+	9034254	9034026	6.46089983	9034026	0	-228	-228	-228	-228	228
CAGE_TSS_10589	2	+	9043694	9043423	13.15439987	9043423	0	-271	-271	-271	-271	271
CAGE_TSS_10596	2	+	9074984	9074972	24.01852036	9074972	0	-12	-12	-12	-12	12
CAGE_TSS_10600	2	+	9080865	9080871	6.807499886	9080871	0	6	6	6	6	6
CAGE_TSS_10601	2	+	9083167	9083280	11.69285011	9083280	0	113	113	113	113	113
CAGE_TSS_10602	2	+	9089326	9089300	9.709710121	9089300	0	-26	-26	-26	-26	26
CAGE_TSS_10608	2	+	9126341	9126287	6.046329975	9126287	0	-54	-54	-54	-54	54
CAGE_TSS_10610	2	+	9132545	9132383	25.06938934	9132383	0	-162	-162	-162	-162	162
CAGE_TSS_10619	2	+	9198550	9198524	10.08864975	9198524	0	-26	-26	-26	-26	26
CAGE_TSS_10634	2	+	9259568	9259286	869.998291	9259286	0	-282	-282	-282	-282	282
CAGE_TSS_10638	2	+	9293446	9293307	7.783100128	9293307	0	-139	-139	-139	-139	139
CAGE_TSS_10644	2	+	9354881	9354787	12.3707304	9354787	0	-94	-94	-94	-94	94
CAGE_TSS_10649	2	+	9386568	9386499	25.68651009	9386499	0	-69	-69	-69	-69	69
CAGE_TSS_10652	2	+	9393878	9393863	32.07458878	9393863	0	-15	-15	-15	-15	15
CAGE_TSS_10653	2	+	9403263	9403056	19.16356087	9403056	0	-207	-207	-207	-207	207
CAGE_TSS_10654	2	+	9406224	9406143	97.20639038	9406143	0	-81	-81	-81	-81	81
CAGE_TSS_10658	2	+	9461308	9461422	7.253610134	9461422	0	114	114	114	114	114
CAGE_TSS_10665	2	+	9490311	9490061	42.51462936	9490061	0	-250	-250	-250	-250	250
CAGE_TSS_10666	2	+	9497632	9497387	12.53837967	9497387	0	-245	-245	-245	-245	245
CAGE_TSS_10670	2	+	9513309	9513292	65.12277222	9513292	0	-17	-17	-17	-17	17
CAGE_TSS_10671	2	+	9514938	9514876	8.914059639	9514876	0	-62	-62	-62	-62	62
CAGE_TSS_10673	2	+	9530595	9530516	638.1431274	9530516	0	-79	-79	-79	-79	79
CAGE_TSS_10678	2	+	9579664	9579661	383.5982361	9579661	0	-3	-3	-3	-3	3
CAGE_TSS_10679	2	+	9580233	9580208	1518.215088	9580208	0	-25	-25	-25	-25	25
CAGE_TSS_10685	2	+	9585773	9585589	5.38492012	9585589	0	-184	-184	-184	-184	184
CAGE_TSS_10687	2	+	9599468	9599252	6.796090126	9599252	0	-216	-216	-216	-216	216
CAGE_TSS_10689	2	+	9623099	9623135	39.79508972	9623135	0	36	36	36	36	36
CAGE_TSS_10690	2	+	9627410	9627287	68.50450897	9627287	0	-123	-123	-123	-123	123
CAGE_TSS_10696	2	+	9645291	9645249	9.590169907	9645249	0	-42	-42	-42	-42	42
CAGE_TSS_10698	2	+	9657538	9657433	11.49367046	9657433	0	-105	-105	-105	-105	105
CAGE_TSS_10699	2	+	9660937	9660660	51.99816132	9660660	0	-277	-277	-277	-277	277
CAGE_TSS_10703	2	+	9696268	9696564	37.62696075	9696564	0	296	296	296	296	296
CAGE_TSS_10710	2	+	9749875	9749668	257.4207458	9749668	0	-207	-207	-207	-207	207
CAGE_TSS_10711	2	+	9753877	9753768	11.04354	9753768	0	-109	-109	-109	-109	109
CAGE_TSS_10713	2	+	9774852	9774573	6.711919785	9774573	0	-279	-279	-279	-279	279
CAGE_TSS_10716	2	+	9778917	9778856	50.57263184	9778856	0	-61	-61	-61	-61	61
CAGE_TSS_10720	2	+	9786367	9786356	2765.943115	9786356	0	-11	-11	-11	-11	11
CAGE_TSS_10728	2	+	9792275	9792142	1211.758301	9792142	0	-133	-133	-133	-133	133
CAGE_TSS_10731	2	+	9798807	9798755	8.74227047	9798755	0	-52	-52	-52	-52	52
CAGE_TSS_10738	2	+	9842042	9842022	204.2082825	9842022	0	-20	-20	-20	-20	20
CAGE_TSS_10739	2	+	9844349	9844152	230.9529724	9844152	0	-197	-197	-197	-197	197
CAGE_TSS_10741	2	+	9874910	9874761	932.9748535	9874761	0	-149	-149	-149	-149	149
CAGE_TSS_10745	2	+	9924927	9924812	668.0690918	9924812	0	-115	-115	-115	-115	115
CAGE_TSS_10748	2	+	9937989	9938002	51.11217117	9938002	0	13	13	13	13	13
CAGE_TSS_10753	2	+	9948848	9948799	22.67798996	9948799	0	-49	-49	-49	-49	49
CAGE_TSS_10755	2	+	9955412	9955513	20.45289993	9955513	0	101	101	101	101	101
CAGE_TSS_10760	2	+	9995517	9995440	67.4675293	9995440	0	-77	-77	-77	-77	77
CAGE_TSS_10764	2	+	10026385	10026453	12.09549999	10026453	0	68	68	68	68	68
CAGE_TSS_10769	2	+	10066163	10066091	145.4321747	10066091	0	-72	-72	-72	-72	72
CAGE_TSS_10770	2	+	10072233	10072089	101.0337982	10072089	0	-144	-144	-144	-144	144
CAGE_TSS_10773	2	+	10140524	10140411	10.93272018	10140411	0	-113	-113	-113	-113	113
CAGE_TSS_10776	2	+	10177828	10177817	18.97583008	10177817	0	-11	-11	-11	-11	11
CAGE_TSS_10786	2	+	10223941	10223979	16.86425018	10223979	0	38	38	38	38	38
CAGE_TSS_10789	2	+	10244901	10244747	328.0215759	10244747	0	-154	-154	-154	-154	154
CAGE_TSS_10794	2	+	10300091	10299951	57.68043137	10299951	0	-140	-140	-140	-140	140
CAGE_TSS_10795	2	+	10310613	10310541	138.1410675	10310541	0	-72	-72	-72	-72	72
CAGE_TSS_10797	2	+	10333307	10333251	3.097709894	10333251	0	-56	-56	-56	-56	56
CAGE_TSS_10798	2	+	10334105	10333925	32.80466843	10333925	0	-180	-180	-180	-180	180
CAGE_TSS_10800	2	+	10338663	10338611	147.5421448	10338611	0	-52	-52	-52	-52	52
CAGE_TSS_10805	2	+	10361126	10361122	35.89533997	10361122	0	-4	-4	-4	-4	4
CAGE_TSS_10806	2	+	10373730	10373452	277.2674866	10373452	0	-278	-278	-278	-278	278
CAGE_TSS_10808	2	+	10375477	10375307	8.740949631	10375307	0	-170	-170	-170	-170	170
CAGE_TSS_10809	2	+	10380038	10379992	48.62168884	10379992	0	-46	-46	-46	-46	46
CAGE_TSS_10812	2	+	10415146	10414992	25.02251053	10414992	0	-154	-154	-154	-154	154
CAGE_TSS_10815	2	+	10426406	10426355	11.16329002	10426355	0	-51	-51	-51	-51	51
CAGE_TSS_10818	2	+	10449636	10449630	32.07458878	10449630	0	-6	-6	-6	-6	6
CAGE_TSS_10820	2	+	10456942	10456782	9.657859802	10456782	0	-160	-160	-160	-160	160
CAGE_TSS_10822	2	+	10559374	10559342	13.54638958	10559342	0	-32	-32	-32	-32	32
CAGE_TSS_10826	2	+	10566898	10566741	123.5943222	10566741	0	-157	-157	-157	-157	157
CAGE_TSS_10828	2	+	10568039	10567783	8.308279991	10567783	0	-256	-256	-256	-256	256
CAGE_TSS_10843	2	+	10631603	10631515	15.35206985	10631515	0	-88	-88	-88	-88	88
CAGE_TSS_10846	2	+	10668083	10668105	7.396049976	10668105	0	22	22	22	22	22
CAGE_TSS_10850	2	+	10684190	10684194	5.539340019	10684194	0	4	4	4	4	4
CAGE_TSS_10854	2	+	10733993	10733985	15.21681976	10733985	0	-8	-8	-8	-8	8
CAGE_TSS_10855	2	+	10739869	10739827	6.458519936	10739827	0	-42	-42	-42	-42	42
CAGE_TSS_10859	2	+	10759727	10759660	7.507810116	10759660	0	-67	-67	-67	-67	67
CAGE_TSS_10862	2	+	10816865	10816878	5.194190025	10816878	0	13	13	13	13	13
CAGE_TSS_10863	2	+	10822370	10822332	66.94100952	10822332	0	-38	-38	-38	-38	38
CAGE_TSS_10873	2	+	10860827	10860846	43.90513992	10860846	0	19	19	19	19	19
CAGE_TSS_10875	2	+	10863260	10863065	6.974030018	10863065	0	-195	-195	-195	-195	195
CAGE_TSS_10878	2	+	10888005	10887978	6.036509991	10887978	0	-27	-27	-27	-27	27
CAGE_TSS_10884	2	+	10914585	10914482	5.050049782	10914482	0	-103	-103	-103	-103	103
CAGE_TSS_10886	2	+	10976977	10976757	29.2985096	10976757	0	-220	-220	-220	-220	220
CAGE_TSS_10889	2	+	11000601	11000304	93.05332184	11000304	0	-297	-297	-297	-297	297
CAGE_TSS_10891	2	+	11012593	11012419	8.488479614	11012419	0	-174	-174	-174	-174	174
CAGE_TSS_10897	2	+	11059096	11059074	12.37744999	11059074	0	-22	-22	-22	-22	22
CAGE_TSS_10901	2	+	11070801	11070813	14.73567009	11070813	0	12	12	12	12	12
CAGE_TSS_10906	2	+	11120905	11120883	59.94208145	11120883	0	-22	-22	-22	-22	22
CAGE_TSS_10909	2	+	11140808	11140735	71.80789948	11140735	0	-73	-73	-73	-73	73
CAGE_TSS_10910	2	+	11152725	11152647	26.63445091	11152647	0	-78	-78	-78	-78	78
CAGE_TSS_10913	2	+	11159583	11159836	40.38481903	11159836	0	253	253	253	253	253
CAGE_TSS_10914	2	+	11164620	11164613	49.82247925	11164613	0	-7	-7	-7	-7	7
CAGE_TSS_10916	2	+	11183837	11183928	72.55213165	11183928	0	91	91	91	91	91
CAGE_TSS_10918	2	+	11197377	11197312	341.3858337	11197312	0	-65	-65	-65	-65	65
CAGE_TSS_10923	2	+	11215286	11215208	29.5844593	11215208	0	-78	-78	-78	-78	78
CAGE_TSS_10932	2	+	11270226	11270166	13.54638958	11270166	0	-60	-60	-60	-60	60
CAGE_TSS_10936	2	+	11277943	11277805	18.13751984	11277805	0	-138	-138	-138	-138	138
CAGE_TSS_10937	2	+	11280240	11280290	74.52115631	11280290	0	50	50	50	50	50
CAGE_TSS_10939	2	+	11316450	11316214	7.064260006	11316214	0	-236	-236	-236	-236	236
CAGE_TSS_10942	2	+	11329878	11329664	11.36785984	11329664	0	-214	-214	-214	-214	214
CAGE_TSS_10943	2	+	11338886	11338586	12.41308022	11338586	0	-300	-300	-300	-300	300
CAGE_TSS_10945	2	+	11341745	11341618	6.47300005	11341618	0	-127	-127	-127	-127	127
CAGE_TSS_10951	2	+	11380491	11380455	118.1591034	11380455	0	-36	-36	-36	-36	36
CAGE_TSS_10953	2	+	11388435	11388506	1012.277283	11388506	0	71	71	71	71	71
CAGE_TSS_10955	2	+	11410082	11409814	46.62453079	11409814	0	-268	-268	-268	-268	268
CAGE_TSS_10959	2	+	11481517	11481376	43.28619003	11481376	0	-141	-141	-141	-141	141
CAGE_TSS_10961	2	+	11512961	11512843	256.2895203	11512843	0	-118	-118	-118	-118	118
CAGE_TSS_10964	2	+	11535637	11535347	5.768239975	11535347	0	-290	-290	-290	-290	290
CAGE_TSS_10965	2	+	11545969	11545877	98.34149933	11545877	0	-92	-92	-92	-92	92
CAGE_TSS_10966	2	+	11551038	11550863	146.5130463	11550863	0	-175	-175	-175	-175	175
CAGE_TSS_10972	2	+	11595340	11595132	16.70681	11595132	0	-208	-208	-208	-208	208
CAGE_TSS_10975	2	+	11620525	11620580	8.226050377	11620580	0	55	55	55	55	55
CAGE_TSS_10977	2	+	11629920	11629754	35.00498962	11629754	0	-166	-166	-166	-166	166
CAGE_TSS_10979	2	+	11649105	11649136	144.7451019	11649136	0	31	31	31	31	31
CAGE_TSS_10980	2	+	11650357	11650239	21.85993958	11650239	0	-118	-118	-118	-118	118
CAGE_TSS_10981	2	+	11669739	11669650	11.40178013	11669650	0	-89	-89	-89	-89	89
CAGE_TSS_10987	2	+	11720341	11720132	5.823850155	11720132	0	-209	-209	-209	-209	209
CAGE_TSS_10989	2	+	11723525	11723464	7.024919987	11723464	0	-61	-61	-61	-61	61
CAGE_TSS_10991	2	+	11726338	11726323	9.371509552	11726323	0	-15	-15	-15	-15	15
CAGE_TSS_10995	2	+	11752818	11752819	17.88515091	11752819	0	1	1	1	1	1
CAGE_TSS_11003	2	+	11809305	11809057	51.11217117	11809057	0	-248	-248	-248	-248	248
CAGE_TSS_11004	2	+	11816774	11816741	8.702150345	11816741	0	-33	-33	-33	-33	33
CAGE_TSS_11014	2	+	11852166	11852332	9.202409744	11852332	0	166	166	166	166	166
CAGE_TSS_11015	2	+	11856769	11856512	206.0956726	11856512	0	-257	-257	-257	-257	257
CAGE_TSS_11017	2	+	11862021	11861769	124.9757614	11861769	0	-252	-252	-252	-252	252
CAGE_TSS_11021	2	+	11926525	11926397	19.02934074	11926397	0	-128	-128	-128	-128	128
CAGE_TSS_11031	2	+	11961000	11960974	4.1178298	11960974	0	-26	-26	-26	-26	26
CAGE_TSS_11035	2	+	11988675	11988734	10.74588013	11988734	0	59	59	59	59	59
CAGE_TSS_11037	2	+	11999836	11999774	68.22000885	11999774	0	-62	-62	-62	-62	62
CAGE_TSS_11040	2	+	12024152	12024250	91.32872772	12024250	0	98	98	98	98	98
CAGE_TSS_11051	2	+	12081112	12081108	6.158979893	12081108	0	-4	-4	-4	-4	4
CAGE_TSS_11052	2	+	12083311	12083330	8.300990105	12083330	0	19	19	19	19	19
CAGE_TSS_11053	2	+	12085419	12085334	15.21681976	12085334	0	-85	-85	-85	-85	85
CAGE_TSS_11055	2	+	12094745	12094542	4214.251953	12094542	0	-203	-203	-203	-203	203
CAGE_TSS_11056	2	+	12114076	12114070	1298.15918	12114070	0	-6	-6	-6	-6	6
CAGE_TSS_11061	2	+	12166572	12166343	26.20853043	12166343	0	-229	-229	-229	-229	229
CAGE_TSS_11070	2	+	12289526	12289411	19.54018021	12289411	0	-115	-115	-115	-115	115
CAGE_TSS_11083	2	+	12424343	12424338	69.98674011	12424338	0	-5	-5	-5	-5	5
CAGE_TSS_11089	2	+	12478142	12478185	14.4808197	12478185	0	43	43	43	43	43
CAGE_TSS_11102	2	+	12585871	12585633	321.3661804	12585633	0	-238	-238	-238	-238	238
CAGE_TSS_11109	2	+	12592185	12592060	60.9048996	12592060	0	-125	-125	-125	-125	125
CAGE_TSS_11110	2	+	12592673	12592910	40.74580002	12592910	0	237	237	237	237	237
CAGE_TSS_11112	2	+	12597116	12597068	681.5355835	12597068	0	-48	-48	-48	-48	48
CAGE_TSS_11121	2	+	12619067	12619129	17.64620972	12619129	0	62	62	62	62	62
CAGE_TSS_11122	2	+	12624832	12624549	76.09155273	12624549	0	-283	-283	-283	-283	283
CAGE_TSS_11123	2	+	12634520	12634365	95.74919891	12634365	0	-155	-155	-155	-155	155
CAGE_TSS_11125	2	+	12638333	12638372	21.21579933	12638372	0	39	39	39	39	39
CAGE_TSS_11130	2	+	12667034	12666933	6.857560158	12666933	0	-101	-101	-101	-101	101
CAGE_TSS_11134	2	+	12679232	12679101	33.75078964	12679101	0	-131	-131	-131	-131	131
CAGE_TSS_11136	2	+	12689517	12689377	5.541409969	12689377	0	-140	-140	-140	-140	140
CAGE_TSS_11137	2	+	12693857	12693795	25.9389801	12693795	0	-62	-62	-62	-62	62
CAGE_TSS_11138	2	+	12697521	12697351	10.25055981	12697351	0	-170	-170	-170	-170	170
CAGE_TSS_11140	2	+	12703509	12703475	7.159699917	12703475	0	-34	-34	-34	-34	34
CAGE_TSS_11144	2	+	12711010	12711260	14.07835007	12711260	0	250	250	250	250	250
CAGE_TSS_11146	2	+	12744136	12744034	8.261340141	12744034	0	-102	-102	-102	-102	102
CAGE_TSS_11155	2	+	12805727	12805740	83.157547	12805740	0	13	13	13	13	13
CAGE_TSS_11156	2	+	12808789	12808619	146.4939728	12808619	0	-170	-170	-170	-170	170
CAGE_TSS_11158	2	+	12821711	12821539	118.8953171	12821539	0	-172	-172	-172	-172	172
CAGE_TSS_11165	2	+	12834900	12834917	85.83757019	12834917	0	17	17	17	17	17
CAGE_TSS_11167	2	+	12849757	12849613	61.22962189	12849613	0	-144	-144	-144	-144	144
CAGE_TSS_11169	2	+	12872136	12872000	645.7790527	12872000	0	-136	-136	-136	-136	136
CAGE_TSS_11173	2	+	12874600	12874491	218.5742798	12874491	0	-109	-109	-109	-109	109
CAGE_TSS_11176	2	+	12877837	12877866	104.9931335	12877866	0	29	29	29	29	29
CAGE_TSS_11177	2	+	12897056	12896989	41.21318817	12896989	0	-67	-67	-67	-67	67
CAGE_TSS_11183	2	+	12972923	12972793	35.7052002	12972793	0	-130	-130	-130	-130	130
CAGE_TSS_11190	2	+	13014861	13015102	8.569749832	13015102	0	241	241	241	241	241
CAGE_TSS_11193	2	+	13025965	13025887	6.629769802	13025887	0	-78	-78	-78	-78	78
CAGE_TSS_11195	2	+	13036832	13036846	1314.470337	13036846	0	14	14	14	14	14
CAGE_TSS_11208	2	+	13116474	13116470	9.310090065	13116470	0	-4	-4	-4	-4	4
CAGE_TSS_11210	2	+	13139080	13139086	6.628799915	13139086	0	6	6	6	6	6
CAGE_TSS_11213	2	+	13141449	13141360	27.60115051	13141360	0	-89	-89	-89	-89	89
CAGE_TSS_11232	2	+	13178974	13178730	905.0383301	13178730	0	-244	-244	-244	-244	244
CAGE_TSS_11239	2	+	13254177	13254116	26.40390015	13254116	0	-61	-61	-61	-61	61
CAGE_TSS_11240	2	+	13256222	13256254	78.41885376	13256254	0	32	32	32	32	32
CAGE_TSS_11243	2	+	13277810	13277587	74.85713196	13277587	0	-223	-223	-223	-223	223
CAGE_TSS_11244	2	+	13294027	13293919	50.52729034	13293919	0	-108	-108	-108	-108	108
CAGE_TSS_11248	2	+	13339044	13339015	6.158979893	13339015	0	-29	-29	-29	-29	29
CAGE_TSS_11255	2	+	13379036	13378967	6.899069786	13378967	0	-69	-69	-69	-69	69
CAGE_TSS_11257	2	+	13381963	13381750	118.8729782	13381750	0	-213	-213	-213	-213	213
CAGE_TSS_11262	2	+	13436566	13436418	565.0617065	13436418	0	-148	-148	-148	-148	148
CAGE_TSS_11263	2	+	13446047	13446078	20.62508965	13446078	0	31	31	31	31	31
CAGE_TSS_11271	2	+	13497275	13496994	60.52672958	13496994	0	-281	-281	-281	-281	281
CAGE_TSS_11273	2	+	13518210	13518334	10.1087904	13518334	0	124	124	124	124	124
CAGE_TSS_11274	2	+	13524223	13523977	168.0189667	13523977	0	-246	-246	-246	-246	246
CAGE_TSS_11275	2	+	13529860	13529670	241.6208344	13529670	0	-190	-190	-190	-190	190
CAGE_TSS_11277	2	+	13554893	13554894	874.9758911	13554894	0	1	1	1	1	1
CAGE_TSS_11284	2	+	13588817	13588741	29.42041016	13588741	0	-76	-76	-76	-76	76
CAGE_TSS_11289	2	+	13612967	13613037	19.59251976	13613037	0	70	70	70	70	70
CAGE_TSS_11291	2	+	13625076	13625127	23.91529083	13625127	0	51	51	51	51	51
CAGE_TSS_11296	2	+	13644439	13644416	36.55036926	13644416	0	-23	-23	-23	-23	23
CAGE_TSS_11298	2	+	13647803	13647818	67.00048065	13647818	0	15	15	15	15	15
CAGE_TSS_11300	2	+	13659006	13659007	81.24297333	13659007	0	1	1	1	1	1
CAGE_TSS_11301	2	+	13659975	13660049	28.72390938	13660049	0	74	74	74	74	74
CAGE_TSS_11302	2	+	13660234	13660442	102.5199585	13660442	0	208	208	208	208	208
CAGE_TSS_11303	2	+	13662219	13662224	33.56756973	13662224	0	5	5	5	5	5
CAGE_TSS_11305	2	+	13674516	13674397	11.95306015	13674397	0	-119	-119	-119	-119	119
CAGE_TSS_11306	2	+	13676487	13676284	16.96552086	13676284	0	-203	-203	-203	-203	203
CAGE_TSS_11308	2	+	13678906	13678976	8.864640236	13678976	0	70	70	70	70	70
CAGE_TSS_11313	2	+	13713040	13713042	12.88961983	13713042	0	2	2	2	2	2
CAGE_TSS_11315	2	+	13719202	13719331	55.47766876	13719331	0	129	129	129	129	129
CAGE_TSS_11318	2	+	13726834	13726644	34.20394897	13726644	0	-190	-190	-190	-190	190
CAGE_TSS_11320	2	+	13757580	13757557	40.71897888	13757557	0	-23	-23	-23	-23	23
CAGE_TSS_11321	2	+	13771310	13771217	72.45240784	13771217	0	-93	-93	-93	-93	93
CAGE_TSS_11322	2	+	13774544	13774401	5.744790077	13774401	0	-143	-143	-143	-143	143
CAGE_TSS_11324	2	+	13775571	13775338	64.79958344	13775338	0	-233	-233	-233	-233	233
CAGE_TSS_11325	2	+	13778410	13778365	18.7050705	13778365	0	-45	-45	-45	-45	45
CAGE_TSS_11345	2	+	13873455	13873414	34.7055397	13873414	0	-41	-41	-41	-41	41
CAGE_TSS_11348	2	+	13891858	13891776	11.5527401	13891776	0	-82	-82	-82	-82	82
CAGE_TSS_11349	2	+	13894874	13894794	73.06658936	13894794	0	-80	-80	-80	-80	80
CAGE_TSS_11351	2	+	13909434	13909304	34.42070007	13909304	0	-130	-130	-130	-130	130
CAGE_TSS_11352	2	+	13916451	13916236	162.0402832	13916236	0	-215	-215	-215	-215	215
CAGE_TSS_11355	2	+	13953728	13953753	8.381649971	13953753	0	25	25	25	25	25
CAGE_TSS_11357	2	+	13977941	13977863	20.88294029	13977863	0	-78	-78	-78	-78	78
CAGE_TSS_11359	2	+	13987864	13987814	13.86069965	13987814	0	-50	-50	-50	-50	50
CAGE_TSS_11360	2	+	14003255	14003182	10.81540966	14003182	0	-73	-73	-73	-73	73
CAGE_TSS_11361	2	+	14021826	14021804	190.6926727	14021804	0	-22	-22	-22	-22	22
CAGE_TSS_11363	2	+	14066462	14066732	16.96552086	14066732	0	270	270	270	270	270
CAGE_TSS_11366	2	+	14097438	14097365	13.95720005	14097365	0	-73	-73	-73	-73	73
CAGE_TSS_11369	2	+	14098780	14098791	6.504700184	14098791	0	11	11	11	11	11
CAGE_TSS_11372	2	+	14110080	14110036	11.71131992	14110036	0	-44	-44	-44	-44	44
CAGE_TSS_11373	2	+	14119691	14119632	33.09835052	14119632	0	-59	-59	-59	-59	59
CAGE_TSS_11374	2	+	14139980	14139760	96.88877869	14139760	0	-220	-220	-220	-220	220
CAGE_TSS_11375	2	+	14151148	14151152	10.39113045	14151152	0	4	4	4	4	4
CAGE_TSS_11378	2	+	14162783	14162528	9.133890152	14162528	0	-255	-255	-255	-255	255
CAGE_TSS_11381	2	+	14165232	14165207	6.863800049	14165207	0	-25	-25	-25	-25	25
CAGE_TSS_11383	2	+	14181217	14181146	5.512639999	14181146	0	-71	-71	-71	-71	71
CAGE_TSS_11386	2	+	14194127	14193928	88.18820953	14193928	0	-199	-199	-199	-199	199
CAGE_TSS_11393	2	+	14233970	14233983	59.36182022	14233983	0	13	13	13	13	13
CAGE_TSS_11403	2	+	14305287	14305192	124.3781128	14305192	0	-95	-95	-95	-95	95
CAGE_TSS_11404	2	+	14314945	14314845	26.84692001	14314845	0	-100	-100	-100	-100	100
CAGE_TSS_11409	2	+	14384897	14385151	183.1682434	14385151	0	254	254	254	254	254
CAGE_TSS_11411	2	+	14393478	14393458	11.6283102	14393458	0	-20	-20	-20	-20	20
CAGE_TSS_11413	2	+	14426247	14426164	17.88282013	14426164	0	-83	-83	-83	-83	83
CAGE_TSS_11414	2	+	14427814	14427645	203.177536	14427645	0	-169	-169	-169	-169	169
CAGE_TSS_11417	2	+	14434410	14434407	5.447740078	14434407	0	-3	-3	-3	-3	3
CAGE_TSS_11418	2	+	14436796	14436692	31.50634956	14436692	0	-104	-104	-104	-104	104
CAGE_TSS_11420	2	+	14440678	14440571	100.8522263	14440571	0	-107	-107	-107	-107	107
CAGE_TSS_11425	2	+	14462101	14461927	9.072230339	14461927	0	-174	-174	-174	-174	174
CAGE_TSS_11432	2	+	14496365	14496264	11.28279018	14496264	0	-101	-101	-101	-101	101
CAGE_TSS_11433	2	+	14498612	14498603	13.37987041	14498603	0	-9	-9	-9	-9	9
CAGE_TSS_11434	2	+	14512707	14512713	45.83050919	14512713	0	6	6	6	6	6
CAGE_TSS_11437	2	+	14522806	14522748	69.89990234	14522748	0	-58	-58	-58	-58	58
CAGE_TSS_11438	2	+	14524755	14524494	22.12487984	14524494	0	-261	-261	-261	-261	261
CAGE_TSS_11441	2	+	14529626	14529611	29.8128891	14529611	0	-15	-15	-15	-15	15
CAGE_TSS_11445	2	+	14560191	14560202	8.017250061	14560202	0	11	11	11	11	11
CAGE_TSS_11447	2	+	14573084	14573097	21.04161072	14573097	0	13	13	13	13	13
CAGE_TSS_11449	2	+	14575389	14575162	5.939340115	14575162	0	-227	-227	-227	-227	227
CAGE_TSS_11450	2	+	14577179	14577056	39.45724106	14577056	0	-123	-123	-123	-123	123
CAGE_TSS_11452	2	+	14578574	14578384	14.85169029	14578384	0	-190	-190	-190	-190	190
CAGE_TSS_11453	2	+	14596697	14596516	106.2335663	14596516	0	-181	-181	-181	-181	181
CAGE_TSS_11454	2	+	14602620	14602568	34.39477921	14602568	0	-52	-52	-52	-52	52
CAGE_TSS_11458	2	+	14654261	14654134	19.56520081	14654134	0	-127	-127	-127	-127	127
CAGE_TSS_11460	2	+	14665792	14665600	82.83431244	14665600	0	-192	-192	-192	-192	192
CAGE_TSS_11462	2	+	14668493	14668415	12.90629005	14668415	0	-78	-78	-78	-78	78
CAGE_TSS_11463	2	+	14685258	14685210	9.033619881	14685210	0	-48	-48	-48	-48	48
CAGE_TSS_11465	2	+	14702473	14702203	9.441869736	14702203	0	-270	-270	-270	-270	270
CAGE_TSS_11475	2	+	14754321	14754142	41.74253082	14754142	0	-179	-179	-179	-179	179
CAGE_TSS_11477	2	+	14757992	14757903	6.785620213	14757903	0	-89	-89	-89	-89	89
CAGE_TSS_11484	2	+	14830682	14830551	6.707419872	14830551	0	-131	-131	-131	-131	131
CAGE_TSS_11488	2	+	14849535	14849507	11.61063957	14849507	0	-28	-28	-28	-28	28
CAGE_TSS_11496	2	+	14872321	14872196	11.19513988	14872196	0	-125	-125	-125	-125	125
CAGE_TSS_11497	2	+	14891176	14891160	8.914649963	14891160	0	-16	-16	-16	-16	16
CAGE_TSS_11502	2	+	14898328	14898337	12.64947033	14898337	0	9	9	9	9	9
CAGE_TSS_11510	2	+	14927105	14927113	6.499889851	14927113	0	8	8	8	8	8
CAGE_TSS_11513	2	+	14936627	14936344	6.070459843	14936344	0	-283	-283	-283	-283	283
CAGE_TSS_11515	2	+	14966700	14966456	594.640564	14966456	0	-244	-244	-244	-244	244
CAGE_TSS_11516	2	+	14980990	14980948	17.64125061	14980948	0	-42	-42	-42	-42	42
CAGE_TSS_11518	2	+	14985498	14985466	60.27051163	14985466	0	-32	-32	-32	-32	32
CAGE_TSS_11519	2	+	14988486	14988534	12.7402401	14988534	0	48	48	48	48	48
CAGE_TSS_11520	2	+	14999806	14999786	18.39900017	14999786	0	-20	-20	-20	-20	20
CAGE_TSS_11521	2	+	15005096	15004993	220.6928864	15004993	0	-103	-103	-103	-103	103
CAGE_TSS_11522	2	+	15005699	15005600	7.972280025	15005600	0	-99	-99	-99	-99	99
CAGE_TSS_11523	2	+	15016748	15016793	7.129899979	15016793	0	45	45	45	45	45
CAGE_TSS_11533	2	+	15050906	15050725	78.08358002	15050725	0	-181	-181	-181	-181	181
CAGE_TSS_11535	2	+	15052254	15052397	9.291230202	15052397	0	143	143	143	143	143
CAGE_TSS_11538	2	+	15059816	15059681	115.7761536	15059681	0	-135	-135	-135	-135	135
CAGE_TSS_11541	2	+	15060538	15060467	3.949399948	15060467	0	-71	-71	-71	-71	71
CAGE_TSS_11545	2	+	15075597	15075575	12.02151966	15075575	0	-22	-22	-22	-22	22
CAGE_TSS_11547	2	+	15104794	15104594	58.14471817	15104594	0	-200	-200	-200	-200	200
CAGE_TSS_11548	2	+	15107079	15107101	30.74404907	15107101	0	22	22	22	22	22
CAGE_TSS_11549	2	+	15110590	15110425	54.39107132	15110425	0	-165	-165	-165	-165	165
CAGE_TSS_11550	2	+	15114020	15114082	21.56389999	15114082	0	62	62	62	62	62
CAGE_TSS_11553	2	+	15127195	15127216	9.124580383	15127216	0	21	21	21	21	21
CAGE_TSS_11554	2	+	15158560	15158581	9.732990265	15158581	0	21	21	21	21	21
CAGE_TSS_11556	2	+	15166803	15166767	9.354260445	15166767	0	-36	-36	-36	-36	36
CAGE_TSS_11558	2	+	15168559	15168758	5.278480053	15168758	0	199	199	199	199	199
CAGE_TSS_11577	2	+	15235558	15235536	11.72259045	15235536	0	-22	-22	-22	-22	22
CAGE_TSS_11579	2	+	15238092	15237904	182.0381012	15237904	0	-188	-188	-188	-188	188
CAGE_TSS_11582	2	+	15257498	15257603	7.248390198	15257603	0	105	105	105	105	105
CAGE_TSS_11584	2	+	15264249	15263981	6.345349789	15263981	0	-268	-268	-268	-268	268
CAGE_TSS_11591	2	+	15286343	15286108	248.5503235	15286108	0	-235	-235	-235	-235	235
CAGE_TSS_11593	2	+	15290203	15290183	36.48931885	15290183	0	-20	-20	-20	-20	20
CAGE_TSS_11597	2	+	15335556	15335340	48.35366821	15335340	0	-216	-216	-216	-216	216
CAGE_TSS_11598	2	+	15339122	15339126	7.052060127	15339126	0	4	4	4	4	4
CAGE_TSS_11605	2	+	15445431	15445169	38.53720856	15445169	0	-262	-262	-262	-262	262
CAGE_TSS_11606	2	+	15445869	15446156	4.181310177	15446156	0	287	287	287	287	287
CAGE_TSS_11609	2	+	15502015	15502095	18.47701073	15502095	0	80	80	80	80	80
CAGE_TSS_11618	2	+	15546487	15546390	10.22531033	15546390	0	-97	-97	-97	-97	97
CAGE_TSS_11619	2	+	15549051	15548935	24.9654808	15548935	0	-116	-116	-116	-116	116
CAGE_TSS_11620	2	+	15553638	15553574	255.6851654	15553574	0	-64	-64	-64	-64	64
CAGE_TSS_11622	2	+	15568982	15569099	280.344696	15569099	0	117	117	117	117	117
CAGE_TSS_11626	2	+	15591107	15590939	544.458252	15590939	0	-168	-168	-168	-168	168
CAGE_TSS_11627	2	+	15592613	15592602	36.10707855	15592602	0	-11	-11	-11	-11	11
CAGE_TSS_11630	2	+	15608826	15608672	52.23485947	15608672	0	-154	-154	-154	-154	154
CAGE_TSS_11631	2	+	15617713	15617745	11.20191956	15617745	0	32	32	32	32	32
CAGE_TSS_11635	2	+	15641936	15641945	79.16448212	15641945	0	9	9	9	9	9
CAGE_TSS_11644	2	+	15686740	15686784	7.375299931	15686784	0	44	44	44	44	44
CAGE_TSS_11645	2	+	15694199	15694159	10.95065022	15694159	0	-40	-40	-40	-40	40
CAGE_TSS_11652	2	+	15736895	15736926	11.21411991	15736926	0	31	31	31	31	31
CAGE_TSS_11653	2	+	15737860	15737652	39.10924149	15737652	0	-208	-208	-208	-208	208
CAGE_TSS_11657	2	+	15750872	15750608	65.78739929	15750608	0	-264	-264	-264	-264	264
CAGE_TSS_11663	2	+	15792560	15792330	57.73995972	15792330	0	-230	-230	-230	-230	230
CAGE_TSS_11665	2	+	15805723	15805666	7.886109829	15805666	0	-57	-57	-57	-57	57
CAGE_TSS_11666	2	+	15830988	15831258	6.998770237	15831258	0	270	270	270	270	270
CAGE_TSS_11668	2	+	15831850	15831831	31.19794083	15831831	0	-19	-19	-19	-19	19
CAGE_TSS_11671	2	+	15834864	15834797	13.55231953	15834797	0	-67	-67	-67	-67	67
CAGE_TSS_11681	2	+	15876801	15876763	13.63531017	15876763	0	-38	-38	-38	-38	38
CAGE_TSS_11684	2	+	15891042	15890817	46.81396866	15890817	0	-225	-225	-225	-225	225
CAGE_TSS_11685	2	+	15900639	15900594	33.55475998	15900594	0	-45	-45	-45	-45	45
CAGE_TSS_11687	2	+	15906760	15906598	6.036509991	15906598	0	-162	-162	-162	-162	162
CAGE_TSS_11688	2	+	15917098	15917023	92.63847351	15917023	0	-75	-75	-75	-75	75
CAGE_TSS_11692	2	+	15928640	15928429	62.21564102	15928429	0	-211	-211	-211	-211	211
CAGE_TSS_11695	2	+	15944713	15944717	4.99296999	15944717	0	4	4	4	4	4
CAGE_TSS_11696	2	+	15972997	15973061	43.23397827	15973061	0	64	64	64	64	64
CAGE_TSS_11699	2	+	15975711	15975722	5.231309891	15975722	0	11	11	11	11	11
CAGE_TSS_11703	2	+	15999927	15999863	10.23089981	15999863	0	-64	-64	-64	-64	64
CAGE_TSS_11706	2	+	16011836	16011726	6.95472002	16011726	0	-110	-110	-110	-110	110
CAGE_TSS_11709	2	+	16050162	16050104	88.14586639	16050104	0	-58	-58	-58	-58	58
CAGE_TSS_11710	2	+	16050711	16050659	47.37781906	16050659	0	-52	-52	-52	-52	52
CAGE_TSS_11713	2	+	16061878	16061952	13.22192955	16061952	0	74	74	74	74	74
CAGE_TSS_11714	2	+	16064483	16064521	15.89185047	16064521	0	38	38	38	38	38
CAGE_TSS_11722	2	+	16083690	16083735	9.692660332	16083735	0	45	45	45	45	45
CAGE_TSS_11730	2	+	16110259	16110234	6.49695015	16110234	0	-25	-25	-25	-25	25
CAGE_TSS_11731	2	+	16128426	16128256	330.6789246	16128256	0	-170	-170	-170	-170	170
CAGE_TSS_11732	2	+	16130353	16130243	102.6408691	16130243	0	-110	-110	-110	-110	110
CAGE_TSS_11741	2	+	16168896	16168731	15.83493996	16168731	0	-165	-165	-165	-165	165
CAGE_TSS_11743	2	+	16200998	16200928	20.27757072	16200928	0	-70	-70	-70	-70	70
CAGE_TSS_11745	2	+	16210884	16210981	16.62257004	16210981	0	97	97	97	97	97
CAGE_TSS_11746	2	+	16216956	16216801	35.77653885	16216801	0	-155	-155	-155	-155	155
CAGE_TSS_11748	2	+	16221820	16221782	527.7981567	16221782	0	-38	-38	-38	-38	38
CAGE_TSS_11751	2	+	16227138	16227094	22.75468063	16227094	0	-44	-44	-44	-44	44
CAGE_TSS_11754	2	+	16257227	16257297	44.66603088	16257297	0	70	70	70	70	70
CAGE_TSS_11758	2	+	16265409	16265209	73.59664917	16265209	0	-200	-200	-200	-200	200
CAGE_TSS_11759	2	+	16273924	16273900	13.33290958	16273900	0	-24	-24	-24	-24	24
CAGE_TSS_11762	2	+	16291479	16291436	1179.50061	16291436	0	-43	-43	-43	-43	43
CAGE_TSS_11765	2	+	16293258	16293120	1699.403442	16293120	0	-138	-138	-138	-138	138
CAGE_TSS_11770	2	+	16303401	16303373	228.7322083	16303373	0	-28	-28	-28	-28	28
CAGE_TSS_11772	2	+	16317437	16317538	11.28334999	16317538	0	101	101	101	101	101
CAGE_TSS_11775	2	+	16330195	16330298	7.051579952	16330298	0	103	103	103	103	103
CAGE_TSS_11777	2	+	16339899	16339806	36.3158493	16339806	0	-93	-93	-93	-93	93
CAGE_TSS_11778	2	+	16350049	16350054	9.946169853	16350054	0	5	5	5	5	5
CAGE_TSS_11780	2	+	16399969	16399837	60.58420181	16399837	0	-132	-132	-132	-132	132
CAGE_TSS_11782	2	+	16407238	16407078	9.128020287	16407078	0	-160	-160	-160	-160	160
CAGE_TSS_11784	2	+	16423641	16423560	12.01019001	16423560	0	-81	-81	-81	-81	81
CAGE_TSS_11786	2	+	16430795	16431086	8.05877018	16431086	0	291	291	291	291	291
CAGE_TSS_11792	2	+	16460366	16460282	35.17036057	16460282	0	-84	-84	-84	-84	84
CAGE_TSS_11794	2	+	16461381	16461260	36.88376999	16461260	0	-121	-121	-121	-121	121
CAGE_TSS_11804	2	+	16501630	16501624	13.39789009	16501624	0	-6	-6	-6	-6	6
CAGE_TSS_11805	2	+	16507898	16507671	41.28308868	16507671	0	-227	-227	-227	-227	227
CAGE_TSS_11808	2	+	16510420	16510415	5.043960094	16510415	0	-5	-5	-5	-5	5
CAGE_TSS_11809	2	+	16531705	16531446	4770.328613	16531446	0	-259	-259	-259	-259	259
CAGE_TSS_11810	2	+	16534224	16534153	10.77145958	16534153	0	-71	-71	-71	-71	71
CAGE_TSS_11811	2	+	16556856	16556665	19.54018021	16556665	0	-191	-191	-191	-191	191
CAGE_TSS_11813	2	+	16569468	16569411	8.246009827	16569411	0	-57	-57	-57	-57	57
CAGE_TSS_11815	2	+	16583084	16582966	40.12810898	16582966	0	-118	-118	-118	-118	118
CAGE_TSS_11816	2	+	16588705	16588710	30.72451019	16588710	0	5	5	5	5	5
CAGE_TSS_11821	2	+	16590300	16590595	9.138609886	16590595	0	295	295	295	295	295
CAGE_TSS_11823	2	+	16591222	16591161	37.37260818	16591161	0	-61	-61	-61	-61	61
CAGE_TSS_11827	2	+	16627374	16627408	16.35601997	16627408	0	34	34	34	34	34
CAGE_TSS_11830	2	+	16643625	16643556	41.16397095	16643556	0	-69	-69	-69	-69	69
CAGE_TSS_11847	2	+	16745864	16745633	2994.297119	16745633	0	-231	-231	-231	-231	231
CAGE_TSS_11848	2	+	16747995	16747902	67.60527802	16747902	0	-93	-93	-93	-93	93
CAGE_TSS_11850	2	+	16765920	16765807	48.37234116	16765807	0	-113	-113	-113	-113	113
CAGE_TSS_11851	2	+	16772071	16771972	204.2105103	16771972	0	-99	-99	-99	-99	99
CAGE_TSS_11854	2	+	16775441	16775284	5.459969997	16775284	0	-157	-157	-157	-157	157
CAGE_TSS_11862	2	+	16869355	16869416	72.48526764	16869416	0	61	61	61	61	61
CAGE_TSS_11863	2	+	16873422	16873432	57.04872131	16873432	0	10	10	10	10	10
CAGE_TSS_11867	2	+	16896906	16896650	122.4619675	16896650	0	-256	-256	-256	-256	256
CAGE_TSS_11880	2	+	16922605	16922701	6.95472002	16922701	0	96	96	96	96	96
CAGE_TSS_11883	2	+	16930855	16931086	1607.600098	16931086	0	231	231	231	231	231
CAGE_TSS_11897	2	+	17032477	17032197	3905.394043	17032197	0	-280	-280	-280	-280	280
CAGE_TSS_11900	2	+	17045140	17045067	83.42656708	17045067	0	-73	-73	-73	-73	73
CAGE_TSS_11909	2	+	17117353	17117294	4.608009815	17117294	0	-59	-59	-59	-59	59
CAGE_TSS_11910	2	+	17121367	17121362	8.037879944	17121362	0	-5	-5	-5	-5	5
CAGE_TSS_11915	2	+	17135780	17135656	187.1464386	17135656	0	-124	-124	-124	-124	124
CAGE_TSS_11917	2	+	17138085	17137994	57.8263092	17137994	0	-91	-91	-91	-91	91
CAGE_TSS_11920	2	+	17140313	17140107	67.65323639	17140107	0	-206	-206	-206	-206	206
CAGE_TSS_11922	2	+	17143293	17143325	4.110839844	17143325	0	32	32	32	32	32
CAGE_TSS_11923	2	+	17150169	17150082	59.74319077	17150082	0	-87	-87	-87	-87	87
CAGE_TSS_11926	2	+	17153846	17153663	25.64995956	17153663	0	-183	-183	-183	-183	183
CAGE_TSS_11927	2	+	17165191	17164965	38.91957855	17164965	0	-226	-226	-226	-226	226
CAGE_TSS_11935	2	+	17222066	17222058	6.92317009	17222058	0	-8	-8	-8	-8	8
CAGE_TSS_11939	2	+	17225519	17225227	265.3951416	17225227	0	-292	-292	-292	-292	292
CAGE_TSS_11941	2	+	17227066	17226998	85.36312103	17226998	0	-68	-68	-68	-68	68
CAGE_TSS_11943	2	+	17231350	17231371	25.24579048	17231371	0	21	21	21	21	21
CAGE_TSS_11949	2	+	17269813	17269954	104.6740417	17269954	0	141	141	141	141	141
CAGE_TSS_11952	2	+	17271747	17271606	60.58283997	17271606	0	-141	-141	-141	-141	141
CAGE_TSS_11960	2	+	17326169	17325992	453.0688171	17325992	0	-177	-177	-177	-177	177
CAGE_TSS_11964	2	+	17360527	17360419	72.08110046	17360419	0	-108	-108	-108	-108	108
CAGE_TSS_11965	2	+	17362627	17362682	8.343219757	17362682	0	55	55	55	55	55
CAGE_TSS_11967	2	+	17363889	17363916	45.1353302	17363916	0	27	27	27	27	27
CAGE_TSS_11969	2	+	17367822	17367761	18.41905022	17367761	0	-61	-61	-61	-61	61
CAGE_TSS_11970	2	+	17374082	17374086	9.973449707	17374086	0	4	4	4	4	4
CAGE_TSS_11973	2	+	17397310	17397178	7.059529781	17397178	0	-132	-132	-132	-132	132
CAGE_TSS_11974	2	+	17409462	17409366	26.42227936	17409366	0	-96	-96	-96	-96	96
CAGE_TSS_11975	2	+	17421726	17421450	54.1150589	17421450	0	-276	-276	-276	-276	276
CAGE_TSS_11977	2	+	17428112	17427968	13.16149044	17427968	0	-144	-144	-144	-144	144
CAGE_TSS_11983	2	+	17491200	17491037	4.446310043	17491037	0	-163	-163	-163	-163	163
CAGE_TSS_11985	2	+	17495679	17495577	79.96840668	17495577	0	-102	-102	-102	-102	102
CAGE_TSS_11990	2	+	17527359	17527074	195.0309143	17527074	0	-285	-285	-285	-285	285
CAGE_TSS_11991	2	+	17543206	17543051	23.05758095	17543051	0	-155	-155	-155	-155	155
CAGE_TSS_11998	2	+	17582911	17582754	10.16098976	17582754	0	-157	-157	-157	-157	157
CAGE_TSS_12001	2	+	17587269	17587381	354.5312195	17587381	0	112	112	112	112	112
CAGE_TSS_12003	2	+	17588471	17588276	136.4653931	17588276	0	-195	-195	-195	-195	195
CAGE_TSS_12011	2	+	17596832	17596771	8.615460396	17596771	0	-61	-61	-61	-61	61
CAGE_TSS_12012	2	+	17599340	17599532	21.08300972	17599532	0	192	192	192	192	192
CAGE_TSS_12014	2	+	17604193	17604026	21.94860077	17604026	0	-167	-167	-167	-167	167
CAGE_TSS_12015	2	+	17621191	17621150	21.56839943	17621150	0	-41	-41	-41	-41	41
CAGE_TSS_12019	2	+	17627342	17627193	17.87969017	17627193	0	-149	-149	-149	-149	149
CAGE_TSS_12020	2	+	17627992	17627862	197.3995667	17627862	0	-130	-130	-130	-130	130
CAGE_TSS_12027	2	+	17663444	17663429	6.897530079	17663429	0	-15	-15	-15	-15	15
CAGE_TSS_12028	2	+	17690526	17690385	45.15385056	17690385	0	-141	-141	-141	-141	141
CAGE_TSS_12034	2	+	17728714	17728720	43.86473083	17728720	0	6	6	6	6	6
CAGE_TSS_12038	2	+	17756169	17756053	151.4682007	17756053	0	-116	-116	-116	-116	116
CAGE_TSS_12045	2	+	17793349	17793188	33.0513916	17793188	0	-161	-161	-161	-161	161
CAGE_TSS_12053	2	+	17800514	17800346	21.01144981	17800346	0	-168	-168	-168	-168	168
CAGE_TSS_12058	2	+	17854539	17854525	18.11568069	17854525	0	-14	-14	-14	-14	14
CAGE_TSS_12059	2	+	17856304	17856228	7.614830017	17856228	0	-76	-76	-76	-76	76
CAGE_TSS_12062	2	+	17863816	17863601	21.24626923	17863601	0	-215	-215	-215	-215	215
CAGE_TSS_12063	2	+	17873971	17873768	5.162519932	17873768	0	-203	-203	-203	-203	203
CAGE_TSS_12064	2	+	17879031	17879132	21.07538033	17879132	0	101	101	101	101	101
CAGE_TSS_12065	2	+	17886482	17886642	3314.906006	17886642	0	160	160	160	160	160
CAGE_TSS_12069	2	+	17891521	17891590	71.78830719	17891590	0	69	69	69	69	69
CAGE_TSS_12071	2	+	17892338	17892189	5.117179871	17892189	0	-149	-149	-149	-149	149
CAGE_TSS_12077	2	+	17909432	17909337	21.46626091	17909337	0	-95	-95	-95	-95	95
CAGE_TSS_12088	2	+	17927264	17927249	838.1672974	17927249	0	-15	-15	-15	-15	15
CAGE_TSS_12092	2	+	17948063	17947821	55.9897995	17947821	0	-242	-242	-242	-242	242
CAGE_TSS_12101	2	+	17989690	17989687	7.906690121	17989687	0	-3	-3	-3	-3	3
CAGE_TSS_12102	2	+	17996063	17995843	156.7412567	17995843	0	-220	-220	-220	-220	220
CAGE_TSS_12104	2	+	18007696	18007523	212.6571198	18007523	0	-173	-173	-173	-173	173
CAGE_TSS_12106	2	+	18013369	18013335	25.93848038	18013335	0	-34	-34	-34	-34	34
CAGE_TSS_12107	2	+	18021240	18021103	561.4090576	18021103	0	-137	-137	-137	-137	137
CAGE_TSS_12112	2	+	18061924	18061801	7.707859993	18061801	0	-123	-123	-123	-123	123
CAGE_TSS_12116	2	+	18070059	18069999	21.46165085	18069999	0	-60	-60	-60	-60	60
CAGE_TSS_12132	2	+	18108356	18108384	136.9382935	18108384	0	28	28	28	28	28
CAGE_TSS_12137	2	+	18119973	18119950	17.55083084	18119950	0	-23	-23	-23	-23	23
CAGE_TSS_12140	2	+	18123246	18123061	24.98834991	18123061	0	-185	-185	-185	-185	185
CAGE_TSS_12144	2	+	18145564	18145520	95.60173035	18145520	0	-44	-44	-44	-44	44
CAGE_TSS_12150	2	+	18157619	18157505	25.73481941	18157505	0	-114	-114	-114	-114	114
CAGE_TSS_12151	2	+	18172989	18172766	8.776579857	18172766	0	-223	-223	-223	-223	223
CAGE_TSS_12152	2	+	18186390	18186429	48.16292191	18186429	0	39	39	39	39	39
CAGE_TSS_12165	2	+	18237181	18236964	410.5592346	18236964	0	-217	-217	-217	-217	217
CAGE_TSS_12170	2	+	18253609	18253362	60.13729858	18253362	0	-247	-247	-247	-247	247
CAGE_TSS_12173	2	+	18258640	18258504	6.798349857	18258504	0	-136	-136	-136	-136	136
CAGE_TSS_12174	2	+	18262261	18262212	13.31501007	18262212	0	-49	-49	-49	-49	49
CAGE_TSS_12180	2	+	18276234	18276194	11.46218014	18276194	0	-40	-40	-40	-40	40
CAGE_TSS_12181	2	+	18280752	18280695	140.4302063	18280695	0	-57	-57	-57	-57	57
CAGE_TSS_12190	2	+	18316300	18316097	29.88091087	18316097	0	-203	-203	-203	-203	203
CAGE_TSS_12193	2	+	18330465	18330456	5.724349976	18330456	0	-9	-9	-9	-9	9
CAGE_TSS_12195	2	+	18333804	18333820	10.08864975	18333820	0	16	16	16	16	16
CAGE_TSS_12207	2	+	18377069	18376949	8.913590431	18376949	0	-120	-120	-120	-120	120
CAGE_TSS_12208	2	+	18379578	18379347	11.39564037	18379347	0	-231	-231	-231	-231	231
CAGE_TSS_12212	2	+	18408694	18408516	36.37327957	18408516	0	-178	-178	-178	-178	178
CAGE_TSS_12213	2	+	18414264	18414235	316.2087708	18414235	0	-29	-29	-29	-29	29
CAGE_TSS_12216	2	+	18425180	18425183	19.22098923	18425183	0	3	3	3	3	3
CAGE_TSS_12218	2	+	18429247	18429138	53.35401154	18429138	0	-109	-109	-109	-109	109
CAGE_TSS_12223	2	+	18451426	18451397	52.14957047	18451397	0	-29	-29	-29	-29	29
CAGE_TSS_12231	2	+	18503137	18503139	8.590330124	18503139	0	2	2	2	2	2
CAGE_TSS_12234	2	+	18524396	18524273	155.5234528	18524273	0	-123	-123	-123	-123	123
CAGE_TSS_12238	2	+	18552441	18552513	21.75735092	18552513	0	72	72	72	72	72
CAGE_TSS_12239	2	+	18564067	18563928	20.99238968	18563928	0	-139	-139	-139	-139	139
CAGE_TSS_12240	2	+	18567940	18567827	7.019010067	18567827	0	-113	-113	-113	-113	113
CAGE_TSS_12242	2	+	18577649	18577485	10.01257038	18577485	0	-164	-164	-164	-164	164
CAGE_TSS_12244	2	+	18591647	18591358	64.64050293	18591358	0	-289	-289	-289	-289	289
CAGE_TSS_12245	2	+	18603598	18603369	794.1787109	18603369	0	-229	-229	-229	-229	229
CAGE_TSS_12248	2	+	18609232	18609209	468.6724243	18609209	0	-23	-23	-23	-23	23
CAGE_TSS_12249	2	+	18610869	18610850	22.74909019	18610850	0	-19	-19	-19	-19	19
CAGE_TSS_12251	2	+	18624339	18624215	69.47160339	18624215	0	-124	-124	-124	-124	124
CAGE_TSS_12264	2	+	18670115	18669876	19.23732948	18669876	0	-239	-239	-239	-239	239
CAGE_TSS_12266	2	+	18677459	18677268	9.275520325	18677268	0	-191	-191	-191	-191	191
CAGE_TSS_12267	2	+	18680502	18680552	5.586440086	18680552	0	50	50	50	50	50
CAGE_TSS_12275	2	+	18731064	18731007	18.85885048	18731007	0	-57	-57	-57	-57	57
CAGE_TSS_12282	2	+	18786636	18786365	83.99642181	18786365	0	-271	-271	-271	-271	271
CAGE_TSS_12287	2	+	18795972	18795918	8.381649971	18795918	0	-54	-54	-54	-54	54
CAGE_TSS_12292	2	+	18833363	18833092	68.72035217	18833092	0	-271	-271	-271	-271	271
CAGE_TSS_12293	2	+	18834086	18834088	46.48416901	18834088	0	2	2	2	2	2
CAGE_TSS_12297	2	+	18842530	18842465	7.586390018	18842465	0	-65	-65	-65	-65	65
CAGE_TSS_12299	2	+	18855836	18855593	115.8386765	18855593	0	-243	-243	-243	-243	243
CAGE_TSS_12303	2	+	18859483	18859526	50.31657028	18859526	0	43	43	43	43	43
CAGE_TSS_12305	2	+	18874029	18874154	73.76744843	18874154	0	125	125	125	125	125
CAGE_TSS_12306	2	+	18883474	18883318	30.88644981	18883318	0	-156	-156	-156	-156	156
CAGE_TSS_12307	2	+	18894140	18893861	9.948740005	18893861	0	-279	-279	-279	-279	279
CAGE_TSS_12319	2	+	18922816	18922531	87.01316071	18922531	0	-285	-285	-285	-285	285
CAGE_TSS_12320	2	+	18933683	18933729	75.86839294	18933729	0	46	46	46	46	46
CAGE_TSS_12322	2	+	18953300	18953325	64.3651886	18953325	0	25	25	25	25	25
CAGE_TSS_12326	2	+	18959091	18959013	229.5554352	18959013	0	-78	-78	-78	-78	78
CAGE_TSS_12328	2	+	18961398	18961149	180.4780426	18961149	0	-249	-249	-249	-249	249
CAGE_TSS_12329	2	+	18963130	18962941	39.81668091	18962941	0	-189	-189	-189	-189	189
CAGE_TSS_12330	2	+	18965313	18965173	46.52450943	18965173	0	-140	-140	-140	-140	140
CAGE_TSS_12333	2	+	18973306	18973214	6.974030018	18973214	0	-92	-92	-92	-92	92
CAGE_TSS_12335	2	+	18977416	18977214	116.463829	18977214	0	-202	-202	-202	-202	202
CAGE_TSS_12336	2	+	18979646	18979382	275.3440552	18979382	0	-264	-264	-264	-264	264
CAGE_TSS_12338	2	+	18981928	18981914	35.00564957	18981914	0	-14	-14	-14	-14	14
CAGE_TSS_12340	2	+	18991298	18991122	31.29438019	18991122	0	-176	-176	-176	-176	176
CAGE_TSS_12342	2	+	18996004	18995725	136.7714844	18995725	0	-279	-279	-279	-279	279
CAGE_TSS_12343	2	+	19000256	19000270	13.11250019	19000270	0	14	14	14	14	14
CAGE_TSS_12344	2	+	19000804	19000648	36.16931915	19000648	0	-156	-156	-156	-156	156
CAGE_TSS_12346	2	+	19011503	19011430	118.0659332	19011430	0	-73	-73	-73	-73	73
CAGE_TSS_12347	2	+	19015832	19015689	7.337049961	19015689	0	-143	-143	-143	-143	143
CAGE_TSS_12348	2	+	19033789	19033696	59.44216156	19033696	0	-93	-93	-93	-93	93
CAGE_TSS_12350	2	+	19053685	19053453	2038.936768	19053453	0	-232	-232	-232	-232	232
CAGE_TSS_12351	2	+	19058038	19058090	348.5546875	19058090	0	52	52	52	52	52
CAGE_TSS_12353	2	+	19061880	19061681	10.95065022	19061681	0	-199	-199	-199	-199	199
CAGE_TSS_12357	2	+	19079407	19079305	354.2538452	19079305	0	-102	-102	-102	-102	102
CAGE_TSS_12363	2	+	19133225	19133139	38.30596924	19133139	0	-86	-86	-86	-86	86
CAGE_TSS_12364	2	+	19136031	19136019	47.82588959	19136019	0	-12	-12	-12	-12	12
CAGE_TSS_12371	2	+	19175955	19175830	118.1591034	19175830	0	-125	-125	-125	-125	125
CAGE_TSS_12374	2	+	19192036	19191885	229.6012726	19191885	0	-151	-151	-151	-151	151
CAGE_TSS_12376	2	+	19200661	19200425	5.337880135	19200425	0	-236	-236	-236	-236	236
CAGE_TSS_12377	2	+	19204438	19204426	30.74404907	19204426	0	-12	-12	-12	-12	12
CAGE_TSS_12378	2	+	19229240	19229190	96.71956635	19229190	0	-50	-50	-50	-50	50
CAGE_TSS_12379	2	+	19232629	19232409	47.90518188	19232409	0	-220	-220	-220	-220	220
CAGE_TSS_12380	2	+	19237519	19237497	150.7831879	19237497	0	-22	-22	-22	-22	22
CAGE_TSS_12385	2	+	19240557	19240460	51.6932106	19240460	0	-97	-97	-97	-97	97
CAGE_TSS_12386	2	+	19243695	19243562	45.42274857	19243562	0	-133	-133	-133	-133	133
CAGE_TSS_12395	2	+	19260969	19261122	181.5210724	19261122	0	153	153	153	153	153
CAGE_TSS_12396	2	+	19269577	19269560	5.7895298	19269560	0	-17	-17	-17	-17	17
CAGE_TSS_12398	2	+	19283586	19283494	128.6059875	19283494	0	-92	-92	-92	-92	92
CAGE_TSS_12399	2	+	19307786	19307576	6.296740055	19307576	0	-210	-210	-210	-210	210
CAGE_TSS_12400	2	+	19317476	19317479	4.650559902	19317479	0	3	3	3	3	3
CAGE_TSS_12418	2	+	19387003	19386776	7.936870098	19386776	0	-227	-227	-227	-227	227
CAGE_TSS_12419	2	+	19392565	19392390	83.15519714	19392390	0	-175	-175	-175	-175	175
CAGE_TSS_12420	2	+	19393530	19393428	243.062561	19393428	0	-102	-102	-102	-102	102
CAGE_TSS_12427	2	+	19433812	19433804	21.95178986	19433804	0	-8	-8	-8	-8	8
CAGE_TSS_12433	2	+	19448306	19448166	7.44039011	19448166	0	-140	-140	-140	-140	140
CAGE_TSS_12436	2	+	19469787	19469672	155.7686005	19469672	0	-115	-115	-115	-115	115
CAGE_TSS_12437	2	+	19470499	19470790	13.4257803	19470790	0	291	291	291	291	291
CAGE_TSS_12438	2	+	19472777	19472700	49.87168121	19472700	0	-77	-77	-77	-77	77
CAGE_TSS_12440	2	+	19473460	19473295	14.3930397	19473295	0	-165	-165	-165	-165	165
CAGE_TSS_12442	2	+	19476327	19476289	48.26374054	19476289	0	-38	-38	-38	-38	38
CAGE_TSS_12444	2	+	19481447	19481271	181.4478149	19481271	0	-176	-176	-176	-176	176
CAGE_TSS_12450	2	+	19487259	19487087	198.4890747	19487087	0	-172	-172	-172	-172	172
CAGE_TSS_12451	2	+	19492967	19492857	20.26849937	19492857	0	-110	-110	-110	-110	110
CAGE_TSS_12470	2	+	19531976	19531952	5.099520206	19531952	0	-24	-24	-24	-24	24
CAGE_TSS_12471	2	+	19534597	19534405	90.10919189	19534405	0	-192	-192	-192	-192	192
CAGE_TSS_12475	2	+	19551339	19551187	40.90407181	19551187	0	-152	-152	-152	-152	152
CAGE_TSS_12480	2	+	19558639	19558616	33.82461929	19558616	0	-23	-23	-23	-23	23
CAGE_TSS_12482	2	+	19559261	19559091	26.89277077	19559091	0	-170	-170	-170	-170	170
CAGE_TSS_12485	2	+	19574865	19574848	146.0645447	19574848	0	-17	-17	-17	-17	17
CAGE_TSS_12486	2	+	19595679	19595536	126.2876816	19595536	0	-143	-143	-143	-143	143
CAGE_TSS_12488	2	+	19599831	19599876	12.88868999	19599876	0	45	45	45	45	45
CAGE_TSS_12497	2	+	19625618	19625618	32.78659058	19625618	0	0	0	0	0	0
CAGE_TSS_12499	2	+	19629474	19629296	151.1809082	19629296	0	-178	-178	-178	-178	178
CAGE_TSS_12501	2	+	19641373	19641089	43.06468964	19641089	0	-284	-284	-284	-284	284
CAGE_TSS_12502	2	+	19644319	19644251	102.035881	19644251	0	-68	-68	-68	-68	68
CAGE_TSS_15588	3	+	8956	8930	37.42147064	8930	0	-26	-26	-26	-26	26
CAGE_TSS_15589	3	+	13115	12992	14.08226013	12992	0	-123	-123	-123	-123	123
CAGE_TSS_15592	3	+	46711	46732	5.122980118	46732	0	21	21	21	21	21
CAGE_TSS_15593	3	+	50028	49829	277.2100525	49829	0	-199	-199	-199	-199	199
CAGE_TSS_15594	3	+	51640	51472	6.108850002	51472	0	-168	-168	-168	-168	168
CAGE_TSS_15596	3	+	71689	71610	46.66680908	71610	0	-79	-79	-79	-79	79
CAGE_TSS_15610	3	+	151797	151687	14.34786034	151687	0	-110	-110	-110	-110	110
CAGE_TSS_15612	3	+	173243	173221	14.35921001	173221	0	-22	-22	-22	-22	22
CAGE_TSS_15613	3	+	183169	183050	188.5747223	183050	0	-119	-119	-119	-119	119
CAGE_TSS_15622	3	+	208477	208355	8.361109734	208355	0	-122	-122	-122	-122	122
CAGE_TSS_15624	3	+	219820	219582	148.3125763	219582	0	-238	-238	-238	-238	238
CAGE_TSS_15629	3	+	231642	231695	10.49300003	231695	0	53	53	53	53	53
CAGE_TSS_15630	3	+	239403	239389	68.68839264	239389	0	-14	-14	-14	-14	14
CAGE_TSS_15632	3	+	241948	241872	34.61203003	241872	0	-76	-76	-76	-76	76
CAGE_TSS_15644	3	+	267831	267709	53.27777863	267709	0	-122	-122	-122	-122	122
CAGE_TSS_15646	3	+	270422	270137	93.89420319	270137	0	-285	-285	-285	-285	285
CAGE_TSS_15651	3	+	288658	288464	42.59941864	288464	0	-194	-194	-194	-194	194
CAGE_TSS_15653	3	+	296059	295834	189.9362183	295834	0	-225	-225	-225	-225	225
CAGE_TSS_15654	3	+	302732	302665	178.1879883	302665	0	-67	-67	-67	-67	67
CAGE_TSS_15658	3	+	317421	317398	22.11424065	317398	0	-23	-23	-23	-23	23
CAGE_TSS_15660	3	+	326252	326038	9.352629662	326038	0	-214	-214	-214	-214	214
CAGE_TSS_15663	3	+	330170	329888	10.08292007	329888	0	-282	-282	-282	-282	282
CAGE_TSS_15665	3	+	350616	350655	24.7109108	350655	0	39	39	39	39	39
CAGE_TSS_15668	3	+	361015	361041	440.9879456	361041	0	26	26	26	26	26
CAGE_TSS_15670	3	+	365560	365645	6.953310013	365645	0	85	85	85	85	85
CAGE_TSS_15673	3	+	377102	376945	145.9973755	376945	0	-157	-157	-157	-157	157
CAGE_TSS_15674	3	+	380512	380548	9.975419998	380548	0	36	36	36	36	36
CAGE_TSS_15675	3	+	391119	390939	42.25391006	390939	0	-180	-180	-180	-180	180
CAGE_TSS_15676	3	+	394088	393905	5.62677002	393905	0	-183	-183	-183	-183	183
CAGE_TSS_15677	3	+	404766	404759	5.312129974	404759	0	-7	-7	-7	-7	7
CAGE_TSS_15678	3	+	406602	406598	5.332849979	406598	0	-4	-4	-4	-4	4
CAGE_TSS_15680	3	+	415394	415384	5.89730978	415384	0	-10	-10	-10	-10	10
CAGE_TSS_15691	3	+	459045	459019	138.0415344	459019	0	-26	-26	-26	-26	26
CAGE_TSS_15692	3	+	461167	461190	8.72852993	461190	0	23	23	23	23	23
CAGE_TSS_15697	3	+	477006	476980	145.3821564	476980	0	-26	-26	-26	-26	26
CAGE_TSS_15698	3	+	479085	478827	11.59224987	478827	0	-258	-258	-258	-258	258
CAGE_TSS_15700	3	+	481972	481840	14.45326996	481840	0	-132	-132	-132	-132	132
CAGE_TSS_15705	3	+	484256	484203	41.27035904	484203	0	-53	-53	-53	-53	53
CAGE_TSS_15707	3	+	505656	505527	24.58254051	505527	0	-129	-129	-129	-129	129
CAGE_TSS_15708	3	+	508886	508926	149.539856	508926	0	40	40	40	40	40
CAGE_TSS_15714	3	+	510978	511143	114.2815628	511143	0	165	165	165	165	165
CAGE_TSS_15716	3	+	512313	512153	9.845729828	512153	0	-160	-160	-160	-160	160
CAGE_TSS_15718	3	+	519331	519078	77.66293335	519078	0	-253	-253	-253	-253	253
CAGE_TSS_15724	3	+	546916	546889	29.06999016	546889	0	-27	-27	-27	-27	27
CAGE_TSS_15726	3	+	551354	551329	38.81010056	551329	0	-25	-25	-25	-25	25
CAGE_TSS_15728	3	+	556941	556728	13.94075966	556728	0	-213	-213	-213	-213	213
CAGE_TSS_15740	3	+	604844	604855	13.32962036	604855	0	11	11	11	11	11
CAGE_TSS_15741	3	+	611556	611274	475.8115234	611274	0	-282	-282	-282	-282	282
CAGE_TSS_15742	3	+	613828	613608	69.27719116	613608	0	-220	-220	-220	-220	220
CAGE_TSS_15744	3	+	616416	616359	5.915299892	616359	0	-57	-57	-57	-57	57
CAGE_TSS_15746	3	+	631949	631678	51.16249084	631678	0	-271	-271	-271	-271	271
CAGE_TSS_15747	3	+	634615	634581	190.0454712	634581	0	-34	-34	-34	-34	34
CAGE_TSS_15748	3	+	640235	640203	16.67033958	640203	0	-32	-32	-32	-32	32
CAGE_TSS_15750	3	+	649809	649827	15.92868996	649827	0	18	18	18	18	18
CAGE_TSS_15755	3	+	673442	673201	148.6945953	673201	0	-241	-241	-241	-241	241
CAGE_TSS_15757	3	+	680960	680856	50.32476044	680856	0	-104	-104	-104	-104	104
CAGE_TSS_15760	3	+	687010	686859	20.4251709	686859	0	-151	-151	-151	-151	151
CAGE_TSS_15762	3	+	692056	692023	11.48381996	692023	0	-33	-33	-33	-33	33
CAGE_TSS_15766	3	+	723906	723982	12.70355034	723982	0	76	76	76	76	76
CAGE_TSS_15769	3	+	731870	731794	243.0275574	731794	0	-76	-76	-76	-76	76
CAGE_TSS_15773	3	+	740766	740754	64.88037109	740754	0	-12	-12	-12	-12	12
CAGE_TSS_15776	3	+	765481	765383	16.41543007	765383	0	-98	-98	-98	-98	98
CAGE_TSS_15783	3	+	815631	815634	46.68141937	815634	0	3	3	3	3	3
CAGE_TSS_15792	3	+	907474	907453	10.79961967	907453	0	-21	-21	-21	-21	21
CAGE_TSS_15798	3	+	957760	957593	5.253039837	957593	0	-167	-167	-167	-167	167
CAGE_TSS_15802	3	+	962179	961999	15.84689045	961999	0	-180	-180	-180	-180	180
CAGE_TSS_15803	3	+	981192	981028	1827.096069	981028	0	-164	-164	-164	-164	164
CAGE_TSS_15804	3	+	983111	982930	756.8241577	982930	0	-181	-181	-181	-181	181
CAGE_TSS_15807	3	+	995350	995118	337.903717	995118	0	-232	-232	-232	-232	232
CAGE_TSS_15810	3	+	997798	997639	5.030409813	997639	0	-159	-159	-159	-159	159
CAGE_TSS_15814	3	+	1021305	1021286	119.2991409	1021286	0	-19	-19	-19	-19	19
CAGE_TSS_15817	3	+	1031741	1031740	6.018760204	1031740	0	-1	-1	-1	-1	1
CAGE_TSS_15821	3	+	1035441	1035372	178.1634674	1035372	0	-69	-69	-69	-69	69
CAGE_TSS_15823	3	+	1047639	1047424	39.34534836	1047424	0	-215	-215	-215	-215	215
CAGE_TSS_15825	3	+	1077304	1077515	8.401229858	1077515	0	211	211	211	211	211
CAGE_TSS_15826	3	+	1081001	1080762	56.81629944	1080762	0	-239	-239	-239	-239	239
CAGE_TSS_15834	3	+	1083277	1083172	32.75659943	1083172	0	-105	-105	-105	-105	105
CAGE_TSS_15835	3	+	1083973	1083924	6.240920067	1083924	0	-49	-49	-49	-49	49
CAGE_TSS_15836	3	+	1086832	1086816	2529.664551	1086816	0	-16	-16	-16	-16	16
CAGE_TSS_15840	3	+	1143790	1143775	43.13525009	1143775	0	-15	-15	-15	-15	15
CAGE_TSS_15844	3	+	1161396	1161368	25.19566917	1161368	0	-28	-28	-28	-28	28
CAGE_TSS_15860	3	+	1246665	1246662	37.44855881	1246662	0	-3	-3	-3	-3	3
CAGE_TSS_15861	3	+	1258678	1258661	6.144249916	1258661	0	-17	-17	-17	-17	17
CAGE_TSS_15862	3	+	1261980	1261735	31.70561028	1261735	0	-245	-245	-245	-245	245
CAGE_TSS_15882	3	+	1354741	1354649	399.6621704	1354649	0	-92	-92	-92	-92	92
CAGE_TSS_15884	3	+	1360921	1360987	5.33164978	1360987	0	66	66	66	66	66
CAGE_TSS_15887	3	+	1362943	1362825	34.45603943	1362825	0	-118	-118	-118	-118	118
CAGE_TSS_15889	3	+	1365163	1364941	576.3260498	1364941	0	-222	-222	-222	-222	222
CAGE_TSS_15896	3	+	1424098	1424069	161.1164093	1424069	0	-29	-29	-29	-29	29
CAGE_TSS_15897	3	+	1430448	1430426	37.08605957	1430426	0	-22	-22	-22	-22	22
CAGE_TSS_15899	3	+	1447822	1447741	18.7898407	1447741	0	-81	-81	-81	-81	81
CAGE_TSS_15900	3	+	1448569	1448514	6.23800993	1448514	0	-55	-55	-55	-55	55
CAGE_TSS_15903	3	+	1477318	1477306	61.80395126	1477306	0	-12	-12	-12	-12	12
CAGE_TSS_15904	3	+	1479545	1479466	14.20499039	1479466	0	-79	-79	-79	-79	79
CAGE_TSS_15905	3	+	1488663	1488546	102.1213303	1488546	0	-117	-117	-117	-117	117
CAGE_TSS_15906	3	+	1489697	1489609	7.932219982	1489609	0	-88	-88	-88	-88	88
CAGE_TSS_15909	3	+	1490648	1490496	152.5493927	1490496	0	-152	-152	-152	-152	152
CAGE_TSS_15914	3	+	1539576	1539452	21.81163979	1539452	0	-124	-124	-124	-124	124
CAGE_TSS_15918	3	+	1567640	1567449	8.659500122	1567449	0	-191	-191	-191	-191	191
CAGE_TSS_15919	3	+	1591280	1591254	32.76095963	1591254	0	-26	-26	-26	-26	26
CAGE_TSS_15921	3	+	1593436	1593314	324.5306091	1593314	0	-122	-122	-122	-122	122
CAGE_TSS_15922	3	+	1595426	1595320	79.42572021	1595320	0	-106	-106	-106	-106	106
CAGE_TSS_15923	3	+	1598589	1598505	8.940199852	1598505	0	-84	-84	-84	-84	84
CAGE_TSS_15928	3	+	1609218	1608976	83.27526093	1608976	0	-242	-242	-242	-242	242
CAGE_TSS_15937	3	+	1622781	1622789	9.27670002	1622789	0	8	8	8	8	8
CAGE_TSS_15941	3	+	1649237	1649034	133.3662872	1649034	0	-203	-203	-203	-203	203
CAGE_TSS_15942	3	+	1653263	1653126	34.60300827	1653126	0	-137	-137	-137	-137	137
CAGE_TSS_15947	3	+	1695997	1695916	3.218800068	1695916	0	-81	-81	-81	-81	81
CAGE_TSS_15948	3	+	1698111	1697845	54.79732132	1697845	0	-266	-266	-266	-266	266
CAGE_TSS_15955	3	+	1736461	1736462	9.603710175	1736462	0	1	1	1	1	1
CAGE_TSS_15959	3	+	1739980	1739852	100.5115585	1739852	0	-128	-128	-128	-128	128
CAGE_TSS_15965	3	+	1755644	1755462	21.85993958	1755462	0	-182	-182	-182	-182	182
CAGE_TSS_15966	3	+	1775945	1775709	130.9455566	1775709	0	-236	-236	-236	-236	236
CAGE_TSS_15968	3	+	1795338	1795163	32.64617157	1795163	0	-175	-175	-175	-175	175
CAGE_TSS_15973	3	+	1846446	1846328	16.01963043	1846328	0	-118	-118	-118	-118	118
CAGE_TSS_15974	3	+	1848882	1849172	55.76702881	1849172	0	290	290	290	290	290
CAGE_TSS_15975	3	+	1865395	1865395	5.902029991	1865395	0	0	0	0	0	0
CAGE_TSS_15979	3	+	1877531	1877582	6.532839775	1877582	0	51	51	51	51	51
CAGE_TSS_15982	3	+	1880746	1880584	158.0825043	1880584	0	-162	-162	-162	-162	162
CAGE_TSS_15983	3	+	1887324	1887343	5.528570175	1887343	0	19	19	19	19	19
CAGE_TSS_15985	3	+	1896326	1896349	102.1913605	1896349	0	23	23	23	23	23
CAGE_TSS_15986	3	+	1907637	1907612	37.66130066	1907612	0	-25	-25	-25	-25	25
CAGE_TSS_15989	3	+	1917251	1917202	32.29798889	1917202	0	-49	-49	-49	-49	49
CAGE_TSS_15991	3	+	1936228	1936144	33.31790161	1936144	0	-84	-84	-84	-84	84
CAGE_TSS_15999	3	+	1984185	1984170	184.5758362	1984170	0	-15	-15	-15	-15	15
CAGE_TSS_16000	3	+	2004143	2004211	16.60964966	2004211	0	68	68	68	68	68
CAGE_TSS_16001	3	+	2012078	2011996	225.1801758	2011996	0	-82	-82	-82	-82	82
CAGE_TSS_16011	3	+	2088125	2088097	6.965809822	2088097	0	-28	-28	-28	-28	28
CAGE_TSS_16015	3	+	2102439	2102284	14.37285995	2102284	0	-155	-155	-155	-155	155
CAGE_TSS_16018	3	+	2120498	2120416	5.641190052	2120416	0	-82	-82	-82	-82	82
CAGE_TSS_16022	3	+	2126414	2126393	11.83648014	2126393	0	-21	-21	-21	-21	21
CAGE_TSS_16027	3	+	2143534	2143491	45.65972137	2143491	0	-43	-43	-43	-43	43
CAGE_TSS_16028	3	+	2146461	2146425	347.1501465	2146425	0	-36	-36	-36	-36	36
CAGE_TSS_16029	3	+	2156861	2156663	566.5982056	2156663	0	-198	-198	-198	-198	198
CAGE_TSS_16033	3	+	2167729	2167607	42.57444	2167607	0	-122	-122	-122	-122	122
CAGE_TSS_16044	3	+	2252028	2252028	7.707630157	2252028	0	0	0	0	0	0
CAGE_TSS_16048	3	+	2280201	2280149	10.80245972	2280149	0	-52	-52	-52	-52	52
CAGE_TSS_16051	3	+	2290819	2290694	7.30284977	2290694	0	-125	-125	-125	-125	125
CAGE_TSS_16052	3	+	2297928	2297935	6.443950176	2297935	0	7	7	7	7	7
CAGE_TSS_16054	3	+	2299773	2299700	32.88970184	2299700	0	-73	-73	-73	-73	73
CAGE_TSS_16055	3	+	2315099	2314852	279.7706604	2314852	0	-247	-247	-247	-247	247
CAGE_TSS_16057	3	+	2347613	2347345	160.2406311	2347345	0	-268	-268	-268	-268	268
CAGE_TSS_16060	3	+	2354714	2354672	761.8843994	2354672	0	-42	-42	-42	-42	42
CAGE_TSS_16063	3	+	2365472	2365318	53.29024124	2365318	0	-154	-154	-154	-154	154
CAGE_TSS_16066	3	+	2367236	2367237	25.04891968	2367237	0	1	1	1	1	1
CAGE_TSS_16071	3	+	2381364	2381314	8.629210472	2381314	0	-50	-50	-50	-50	50
CAGE_TSS_16072	3	+	2387099	2386885	397.2443848	2386885	0	-214	-214	-214	-214	214
CAGE_TSS_16087	3	+	2441633	2441603	297.9839783	2441603	0	-30	-30	-30	-30	30
CAGE_TSS_16089	3	+	2455332	2455131	53.64762878	2455131	0	-201	-201	-201	-201	201
CAGE_TSS_16091	3	+	2457120	2457041	49.9774704	2457041	0	-79	-79	-79	-79	79
CAGE_TSS_16092	3	+	2465375	2465351	167.0574646	2465351	0	-24	-24	-24	-24	24
CAGE_TSS_16094	3	+	2467845	2467747	9.636650085	2467747	0	-98	-98	-98	-98	98
CAGE_TSS_16096	3	+	2476443	2476404	650.8919678	2476404	0	-39	-39	-39	-39	39
CAGE_TSS_16102	3	+	2484470	2484477	39.61484146	2484477	0	7	7	7	7	7
CAGE_TSS_16105	3	+	2487357	2487120	687.3217773	2487120	0	-237	-237	-237	-237	237
CAGE_TSS_16107	3	+	2492258	2492320	8.888600349	2492320	0	62	62	62	62	62
CAGE_TSS_16111	3	+	2510786	2510678	9.512080193	2510678	0	-108	-108	-108	-108	108
CAGE_TSS_16124	3	+	2552457	2552324	5.119410038	2552324	0	-133	-133	-133	-133	133
CAGE_TSS_16126	3	+	2564107	2563983	55.59725189	2563983	0	-124	-124	-124	-124	124
CAGE_TSS_16127	3	+	2564821	2564894	9.293450356	2564894	0	73	73	73	73	73
CAGE_TSS_16133	3	+	2612370	2612237	119.7017975	2612237	0	-133	-133	-133	-133	133
CAGE_TSS_16135	3	+	2620810	2620673	67.24960327	2620673	0	-137	-137	-137	-137	137
CAGE_TSS_16136	3	+	2622863	2622633	287.1439514	2622633	0	-230	-230	-230	-230	230
CAGE_TSS_16138	3	+	2633793	2633539	83.80766296	2633539	0	-254	-254	-254	-254	254
CAGE_TSS_16146	3	+	2645194	2645098	9.897439957	2645098	0	-96	-96	-96	-96	96
CAGE_TSS_16148	3	+	2703053	2702888	37.85910034	2702888	0	-165	-165	-165	-165	165
CAGE_TSS_16151	3	+	2712269	2712422	13.0591898	2712422	0	153	153	153	153	153
CAGE_TSS_16152	3	+	2713387	2713206	5.194029808	2713206	0	-181	-181	-181	-181	181
CAGE_TSS_16154	3	+	2717675	2717489	111.1342621	2717489	0	-186	-186	-186	-186	186
CAGE_TSS_16157	3	+	2727214	2727101	34.1518898	2727101	0	-113	-113	-113	-113	113
CAGE_TSS_16160	3	+	2742975	2742783	11.77190018	2742783	0	-192	-192	-192	-192	192
CAGE_TSS_16162	3	+	2745564	2745373	1162.398193	2745373	0	-191	-191	-191	-191	191
CAGE_TSS_16163	3	+	2749932	2749867	43.88177109	2749867	0	-65	-65	-65	-65	65
CAGE_TSS_16165	3	+	2754793	2754848	8.843159676	2754848	0	55	55	55	55	55
CAGE_TSS_16166	3	+	2758999	2758839	16.01268959	2758839	0	-160	-160	-160	-160	160
CAGE_TSS_16168	3	+	2782153	2782136	6.640840054	2782136	0	-17	-17	-17	-17	17
CAGE_TSS_16169	3	+	2803596	2803554	16.80920029	2803554	0	-42	-42	-42	-42	42
CAGE_TSS_16171	3	+	2833358	2833340	9.86207962	2833340	0	-18	-18	-18	-18	18
CAGE_TSS_16172	3	+	2839036	2838795	25.69380951	2838795	0	-241	-241	-241	-241	241
CAGE_TSS_16177	3	+	2857870	2857698	5.773230076	2857698	0	-172	-172	-172	-172	172
CAGE_TSS_16182	3	+	2879344	2879131	27.0775795	2879131	0	-213	-213	-213	-213	213
CAGE_TSS_16183	3	+	2901265	2901203	9.886870384	2901203	0	-62	-62	-62	-62	62
CAGE_TSS_16194	3	+	2953760	2953995	6.6332798	2953995	0	235	235	235	235	235
CAGE_TSS_16196	3	+	2958678	2958703	37.15943146	2958703	0	25	25	25	25	25
CAGE_TSS_16197	3	+	2966410	2966471	23.95332909	2966471	0	61	61	61	61	61
CAGE_TSS_16198	3	+	2971872	2971698	18.19717026	2971698	0	-174	-174	-174	-174	174
CAGE_TSS_16200	3	+	2983932	2983879	22.4587307	2983879	0	-53	-53	-53	-53	53
CAGE_TSS_16202	3	+	2989508	2989543	5.984330177	2989543	0	35	35	35	35	35
CAGE_TSS_16206	3	+	3008693	3008692	5.535880089	3008692	0	-1	-1	-1	-1	1
CAGE_TSS_16207	3	+	3012052	3012143	6.14372015	3012143	0	91	91	91	91	91
CAGE_TSS_16211	3	+	3016526	3016450	55.02693176	3016450	0	-76	-76	-76	-76	76
CAGE_TSS_16212	3	+	3019382	3019251	6.057670116	3019251	0	-131	-131	-131	-131	131
CAGE_TSS_16233	3	+	3069231	3069231	39.4259491	3069231	0	0	0	0	0	0
CAGE_TSS_16239	3	+	3116106	3115929	493.1901245	3115929	0	-177	-177	-177	-177	177
CAGE_TSS_16245	3	+	3155294	3155383	34.80088043	3155383	0	89	89	89	89	89
CAGE_TSS_16252	3	+	3199767	3199867	6.144690037	3199867	0	100	100	100	100	100
CAGE_TSS_16256	3	+	3216406	3216388	20.3729496	3216388	0	-18	-18	-18	-18	18
CAGE_TSS_16266	3	+	3264409	3264420	9.186659813	3264420	0	11	11	11	11	11
CAGE_TSS_16268	3	+	3271489	3271409	18.78577042	3271409	0	-80	-80	-80	-80	80
CAGE_TSS_16272	3	+	3302095	3301976	153.7796021	3301976	0	-119	-119	-119	-119	119
CAGE_TSS_16274	3	+	3319036	3318976	8.486470222	3318976	0	-60	-60	-60	-60	60
CAGE_TSS_16276	3	+	3320255	3320295	22.11675072	3320295	0	40	40	40	40	40
CAGE_TSS_16281	3	+	3369540	3369620	16.88775063	3369620	0	80	80	80	80	80
CAGE_TSS_16283	3	+	3379299	3379310	11.56517982	3379310	0	11	11	11	11	11
CAGE_TSS_16289	3	+	3417987	3417983	104.2268219	3417983	0	-4	-4	-4	-4	4
CAGE_TSS_16294	3	+	3442529	3442379	9.818320274	3442379	0	-150	-150	-150	-150	150
CAGE_TSS_16296	3	+	3455355	3455361	22.25555038	3455361	0	6	6	6	6	6
CAGE_TSS_16297	3	+	3460020	3459911	44.6683197	3459911	0	-109	-109	-109	-109	109
CAGE_TSS_16303	3	+	3479922	3479879	123.9154816	3479879	0	-43	-43	-43	-43	43
CAGE_TSS_16304	3	+	3481045	3480977	12.74332047	3480977	0	-68	-68	-68	-68	68
CAGE_TSS_16305	3	+	3499905	3499678	18.85526085	3499678	0	-227	-227	-227	-227	227
CAGE_TSS_16308	3	+	3516649	3516622	14.65530968	3516622	0	-27	-27	-27	-27	27
CAGE_TSS_16315	3	+	3556707	3556457	25.72713089	3556457	0	-250	-250	-250	-250	250
CAGE_TSS_16323	3	+	3591626	3591625	2941.770996	3591625	0	-1	-1	-1	-1	1
CAGE_TSS_16331	3	+	3639442	3639398	79.35098267	3639398	0	-44	-44	-44	-44	44
CAGE_TSS_16332	3	+	3660376	3660408	6.744530201	3660408	0	32	32	32	32	32
CAGE_TSS_16335	3	+	3667273	3667006	5.209819794	3667006	0	-267	-267	-267	-267	267
CAGE_TSS_16345	3	+	3695064	3695034	11.04354	3695034	0	-30	-30	-30	-30	30
CAGE_TSS_16346	3	+	3695972	3696245	61.15700912	3696245	0	273	273	273	273	273
CAGE_TSS_16347	3	+	3698838	3698795	396.9645996	3698795	0	-43	-43	-43	-43	43
CAGE_TSS_16348	3	+	3699518	3699693	20.75667	3699693	0	175	175	175	175	175
CAGE_TSS_16351	3	+	3718090	3718178	211.9950714	3718178	0	88	88	88	88	88
CAGE_TSS_16353	3	+	3726125	3726195	16.49332047	3726195	0	70	70	70	70	70
CAGE_TSS_16358	3	+	3751665	3751670	18.33978081	3751670	0	5	5	5	5	5
CAGE_TSS_16360	3	+	3758456	3758394	122.8242798	3758394	0	-62	-62	-62	-62	62
CAGE_TSS_16366	3	+	3777317	3777485	5.441130161	3777485	0	168	168	168	168	168
CAGE_TSS_16369	3	+	3826218	3826131	74.54254913	3826131	0	-87	-87	-87	-87	87
CAGE_TSS_16376	3	+	3857853	3857813	50.68854141	3857813	0	-40	-40	-40	-40	40
CAGE_TSS_16381	3	+	3883437	3883367	15.06272984	3883367	0	-70	-70	-70	-70	70
CAGE_TSS_16385	3	+	3905514	3905555	8.68558979	3905555	0	41	41	41	41	41
CAGE_TSS_16389	3	+	3923732	3923605	139.3456421	3923605	0	-127	-127	-127	-127	127
CAGE_TSS_16394	3	+	3934077	3934095	33.04478073	3934095	0	18	18	18	18	18
CAGE_TSS_16404	3	+	3978156	3978060	7.304240227	3978060	0	-96	-96	-96	-96	96
CAGE_TSS_16405	3	+	3988749	3988675	19.89357948	3988675	0	-74	-74	-74	-74	74
CAGE_TSS_16406	3	+	4004503	4004460	74.11534882	4004460	0	-43	-43	-43	-43	43
CAGE_TSS_16410	3	+	4012606	4012453	201.6750031	4012453	0	-153	-153	-153	-153	153
CAGE_TSS_16411	3	+	4014216	4014067	36.18695831	4014067	0	-149	-149	-149	-149	149
CAGE_TSS_16412	3	+	4037173	4036929	6.024819851	4036929	0	-244	-244	-244	-244	244
CAGE_TSS_16413	3	+	4049679	4049542	40.21648026	4049542	0	-137	-137	-137	-137	137
CAGE_TSS_16424	3	+	4146458	4146479	1090.662231	4146479	0	21	21	21	21	21
CAGE_TSS_16426	3	+	4176511	4176225	104.6381989	4176225	0	-286	-286	-286	-286	286
CAGE_TSS_16428	3	+	4180577	4180525	449.7928467	4180525	0	-52	-52	-52	-52	52
CAGE_TSS_16429	3	+	4184469	4184375	12.98029041	4184375	0	-94	-94	-94	-94	94
CAGE_TSS_16434	3	+	4240171	4240208	142.7862549	4240208	0	37	37	37	37	37
CAGE_TSS_16441	3	+	4254760	4254660	14.42961025	4254660	0	-100	-100	-100	-100	100
CAGE_TSS_16445	3	+	4290081	4290066	15.35206985	4290066	0	-15	-15	-15	-15	15
CAGE_TSS_16449	3	+	4303894	4303904	17.43869972	4303904	0	10	10	10	10	10
CAGE_TSS_16450	3	+	4314626	4314523	140.4329071	4314523	0	-103	-103	-103	-103	103
CAGE_TSS_16451	3	+	4331756	4331708	24.6651001	4331708	0	-48	-48	-48	-48	48
CAGE_TSS_16453	3	+	4346819	4346848	243.9591827	4346848	0	29	29	29	29	29
CAGE_TSS_16455	3	+	4367271	4367295	25.62298965	4367295	0	24	24	24	24	24
CAGE_TSS_16462	3	+	4377207	4377279	26.79607964	4377279	0	72	72	72	72	72
CAGE_TSS_16463	3	+	4379814	4379754	25.39599037	4379754	0	-60	-60	-60	-60	60
CAGE_TSS_16464	3	+	4389257	4389096	6.9176898	4389096	0	-161	-161	-161	-161	161
CAGE_TSS_16471	3	+	4403653	4403414	781.8604736	4403414	0	-239	-239	-239	-239	239
CAGE_TSS_16473	3	+	4409002	4408953	38.81970978	4408953	0	-49	-49	-49	-49	49
CAGE_TSS_16486	3	+	4469222	4469199	130.4361725	4469199	0	-23	-23	-23	-23	23
CAGE_TSS_16491	3	+	4485791	4485918	7.825819969	4485918	0	127	127	127	127	127
CAGE_TSS_16495	3	+	4495150	4495189	26.09724998	4495189	0	39	39	39	39	39
CAGE_TSS_16497	3	+	4510966	4510949	64.26277161	4510949	0	-17	-17	-17	-17	17
CAGE_TSS_16506	3	+	4538855	4538687	1559.959595	4538687	0	-168	-168	-168	-168	168
CAGE_TSS_16508	3	+	4544936	4544721	305.2337036	4544721	0	-215	-215	-215	-215	215
CAGE_TSS_16509	3	+	4546401	4546220	137.7664642	4546220	0	-181	-181	-181	-181	181
CAGE_TSS_16510	3	+	4561064	4560895	21.01448059	4560895	0	-169	-169	-169	-169	169
CAGE_TSS_16513	3	+	4595936	4595788	37.31687927	4595788	0	-148	-148	-148	-148	148
CAGE_TSS_16518	3	+	4642291	4642444	315.5648804	4642444	0	153	153	153	153	153
CAGE_TSS_16521	3	+	4672802	4672756	170.2200623	4672756	0	-46	-46	-46	-46	46
CAGE_TSS_16525	3	+	4677814	4677774	7.25289011	4677774	0	-40	-40	-40	-40	40
CAGE_TSS_16527	3	+	4710492	4710470	121.4116211	4710470	0	-22	-22	-22	-22	22
CAGE_TSS_16528	3	+	4724777	4724497	1308.948975	4724497	0	-280	-280	-280	-280	280
CAGE_TSS_16534	3	+	4733013	4733040	2650.482422	4733040	0	27	27	27	27	27
CAGE_TSS_16535	3	+	4753903	4753729	92.73056793	4753729	0	-174	-174	-174	-174	174
CAGE_TSS_16536	3	+	4764157	4763958	5.536530018	4763958	0	-199	-199	-199	-199	199
CAGE_TSS_16569	3	+	4889071	4888947	2042.55481	4888947	0	-124	-124	-124	-124	124
CAGE_TSS_16574	3	+	4908964	4908867	19.97377968	4908867	0	-97	-97	-97	-97	97
CAGE_TSS_16580	3	+	4912542	4912358	13.18373966	4912358	0	-184	-184	-184	-184	184
CAGE_TSS_16584	3	+	4922161	4921996	72.22695923	4921996	0	-165	-165	-165	-165	165
CAGE_TSS_16585	3	+	4924901	4924711	33.71889877	4924711	0	-190	-190	-190	-190	190
CAGE_TSS_16589	3	+	4937357	4937150	100.2824173	4937150	0	-207	-207	-207	-207	207
CAGE_TSS_16593	3	+	4945700	4945574	117.3360291	4945574	0	-126	-126	-126	-126	126
CAGE_TSS_16597	3	+	4956348	4956474	7.976580143	4956474	0	126	126	126	126	126
CAGE_TSS_16600	3	+	4982999	4982946	6.95472002	4982946	0	-53	-53	-53	-53	53
CAGE_TSS_16601	3	+	4988139	4987900	43.67298126	4987900	0	-239	-239	-239	-239	239
CAGE_TSS_16606	3	+	5002362	5002355	48.72647858	5002355	0	-7	-7	-7	-7	7
CAGE_TSS_16607	3	+	5003925	5003632	1040.092285	5003632	0	-293	-293	-293	-293	293
CAGE_TSS_16612	3	+	5020570	5020396	6.527959824	5020396	0	-174	-174	-174	-174	174
CAGE_TSS_16620	3	+	5047450	5047171	240.6003265	5047171	0	-279	-279	-279	-279	279
CAGE_TSS_16626	3	+	5050263	5050304	9.455039978	5050304	0	41	41	41	41	41
CAGE_TSS_16631	3	+	5056075	5056045	21.79066086	5056045	0	-30	-30	-30	-30	30
CAGE_TSS_16633	3	+	5061957	5061887	121.0688019	5061887	0	-70	-70	-70	-70	70
CAGE_TSS_16634	3	+	5069196	5069125	7.295080185	5069125	0	-71	-71	-71	-71	71
CAGE_TSS_16636	3	+	5076792	5076737	214.3552856	5076737	0	-55	-55	-55	-55	55
CAGE_TSS_16640	3	+	5104493	5104340	85.62322998	5104340	0	-153	-153	-153	-153	153
CAGE_TSS_16642	3	+	5116161	5116027	11.03036022	5116027	0	-134	-134	-134	-134	134
CAGE_TSS_16645	3	+	5121424	5121336	539.8113403	5121336	0	-88	-88	-88	-88	88
CAGE_TSS_16647	3	+	5138684	5138617	5.954040051	5138617	0	-67	-67	-67	-67	67
CAGE_TSS_16649	3	+	5145010	5144909	11.20238018	5144909	0	-101	-101	-101	-101	101
CAGE_TSS_16652	3	+	5176062	5176040	11.03514004	5176040	0	-22	-22	-22	-22	22
CAGE_TSS_16656	3	+	5187145	5186902	6.344930172	5186902	0	-243	-243	-243	-243	243
CAGE_TSS_16658	3	+	5188414	5188366	11.7042799	5188366	0	-48	-48	-48	-48	48
CAGE_TSS_16662	3	+	5200710	5200560	5.086329937	5200560	0	-150	-150	-150	-150	150
CAGE_TSS_16665	3	+	5203291	5203268	14.59496021	5203268	0	-23	-23	-23	-23	23
CAGE_TSS_16666	3	+	5208736	5208714	10.11534977	5208714	0	-22	-22	-22	-22	22
CAGE_TSS_16668	3	+	5213004	5213177	57.40510178	5213177	0	173	173	173	173	173
CAGE_TSS_16670	3	+	5213603	5213595	30.11595917	5213595	0	-8	-8	-8	-8	8
CAGE_TSS_16671	3	+	5234617	5234464	34.19715118	5234464	0	-153	-153	-153	-153	153
CAGE_TSS_16678	3	+	5267241	5267075	5.332849979	5267075	0	-166	-166	-166	-166	166
CAGE_TSS_16681	3	+	5299203	5299177	79.63510132	5299177	0	-26	-26	-26	-26	26
CAGE_TSS_16686	3	+	5330321	5330114	91.48397827	5330114	0	-207	-207	-207	-207	207
CAGE_TSS_16694	3	+	5337547	5337666	7.906060219	5337666	0	119	119	119	119	119
CAGE_TSS_16695	3	+	5340079	5339920	147.5040588	5339920	0	-159	-159	-159	-159	159
CAGE_TSS_16696	3	+	5341426	5341575	10.08292007	5341575	0	149	149	149	149	149
CAGE_TSS_16697	3	+	5343017	5342807	100.6494904	5342807	0	-210	-210	-210	-210	210
CAGE_TSS_16698	3	+	5351137	5351015	471.4624939	5351015	0	-122	-122	-122	-122	122
CAGE_TSS_16699	3	+	5359058	5358885	1112.841309	5358885	0	-173	-173	-173	-173	173
CAGE_TSS_16704	3	+	5374248	5374098	54.94440842	5374098	0	-150	-150	-150	-150	150
CAGE_TSS_16706	3	+	5434014	5434032	129.960434	5434032	0	18	18	18	18	18
CAGE_TSS_16716	3	+	5464733	5464500	176.1693115	5464500	0	-233	-233	-233	-233	233
CAGE_TSS_16719	3	+	5472526	5472326	11.3094101	5472326	0	-200	-200	-200	-200	200
CAGE_TSS_16720	3	+	5476125	5475986	36.22550964	5475986	0	-139	-139	-139	-139	139
CAGE_TSS_16721	3	+	5480460	5480465	9.889129639	5480465	0	5	5	5	5	5
CAGE_TSS_16728	3	+	5506664	5506667	11.41956997	5506667	0	3	3	3	3	3
CAGE_TSS_16731	3	+	5518330	5518255	14.97990036	5518255	0	-75	-75	-75	-75	75
CAGE_TSS_16732	3	+	5535196	5534944	19.19141006	5534944	0	-252	-252	-252	-252	252
CAGE_TSS_16735	3	+	5547713	5547675	8.236069679	5547675	0	-38	-38	-38	-38	38
CAGE_TSS_16738	3	+	5556892	5556644	268.7222595	5556644	0	-248	-248	-248	-248	248
CAGE_TSS_16753	3	+	5581695	5581797	5.556869984	5581797	0	102	102	102	102	102
CAGE_TSS_16768	3	+	5599808	5599857	7.931680202	5599857	0	49	49	49	49	49
CAGE_TSS_16769	3	+	5644701	5644564	79.35066223	5644564	0	-137	-137	-137	-137	137
CAGE_TSS_16772	3	+	5671070	5671004	11.14204979	5671004	0	-66	-66	-66	-66	66
CAGE_TSS_16777	3	+	5687788	5687613	5.926169872	5687613	0	-175	-175	-175	-175	175
CAGE_TSS_16778	3	+	5692822	5692782	45.25085068	5692782	0	-40	-40	-40	-40	40
CAGE_TSS_16780	3	+	5699389	5699312	5.297530174	5699312	0	-77	-77	-77	-77	77
CAGE_TSS_16782	3	+	5705754	5705615	19.3426609	5705615	0	-139	-139	-139	-139	139
CAGE_TSS_16785	3	+	5708938	5708924	9.55161953	5708924	0	-14	-14	-14	-14	14
CAGE_TSS_16789	3	+	5721105	5721004	19.08198929	5721004	0	-101	-101	-101	-101	101
CAGE_TSS_16793	3	+	5748642	5748458	103.6825867	5748458	0	-184	-184	-184	-184	184
CAGE_TSS_16803	3	+	5814697	5814644	103.4863434	5814644	0	-53	-53	-53	-53	53
CAGE_TSS_16806	3	+	5826846	5826652	43.23397827	5826652	0	-194	-194	-194	-194	194
CAGE_TSS_16807	3	+	5831253	5831186	12.59724045	5831186	0	-67	-67	-67	-67	67
CAGE_TSS_16812	3	+	5841299	5841281	852.4067993	5841281	0	-18	-18	-18	-18	18
CAGE_TSS_16814	3	+	5842287	5842240	267.2288513	5842240	0	-47	-47	-47	-47	47
CAGE_TSS_16819	3	+	5861505	5861356	200.3457947	5861356	0	-149	-149	-149	-149	149
CAGE_TSS_16822	3	+	5873257	5872959	14.87897968	5872959	0	-298	-298	-298	-298	298
CAGE_TSS_16831	3	+	5955917	5955906	22.22455978	5955906	0	-11	-11	-11	-11	11
CAGE_TSS_16836	3	+	6023865	6023911	216.1772461	6023911	0	46	46	46	46	46
CAGE_TSS_16837	3	+	6024896	6024749	11.34037971	6024749	0	-147	-147	-147	-147	147
CAGE_TSS_16840	3	+	6032365	6032143	411.0401001	6032143	0	-222	-222	-222	-222	222
CAGE_TSS_16842	3	+	6039608	6039581	5.255620003	6039581	0	-27	-27	-27	-27	27
CAGE_TSS_16864	3	+	6101768	6101738	5.13146019	6101738	0	-30	-30	-30	-30	30
CAGE_TSS_16865	3	+	6106026	6105873	139.0856628	6105873	0	-153	-153	-153	-153	153
CAGE_TSS_16866	3	+	6119808	6119747	500.3668518	6119747	0	-61	-61	-61	-61	61
CAGE_TSS_16868	3	+	6123468	6123444	22.53269005	6123444	0	-24	-24	-24	-24	24
CAGE_TSS_16869	3	+	6127045	6127018	24.19342041	6127018	0	-27	-27	-27	-27	27
CAGE_TSS_16872	3	+	6137139	6137094	20.96895981	6137094	0	-45	-45	-45	-45	45
CAGE_TSS_16873	3	+	6146159	6145866	747.0456543	6145866	0	-293	-293	-293	-293	293
CAGE_TSS_16877	3	+	6174278	6174095	105.606781	6174095	0	-183	-183	-183	-183	183
CAGE_TSS_16879	3	+	6178684	6178597	6.327690125	6178597	0	-87	-87	-87	-87	87
CAGE_TSS_16880	3	+	6180887	6180919	12.75535965	6180919	0	32	32	32	32	32
CAGE_TSS_16887	3	+	6187279	6187369	8.245149612	6187369	0	90	90	90	90	90
CAGE_TSS_16896	3	+	6200558	6200505	7.992519855	6200505	0	-53	-53	-53	-53	53
CAGE_TSS_16898	3	+	6220652	6220476	23.96014977	6220476	0	-176	-176	-176	-176	176
CAGE_TSS_16899	3	+	6223199	6223084	24.23089027	6223084	0	-115	-115	-115	-115	115
CAGE_TSS_16902	3	+	6228632	6228566	16.3664093	6228566	0	-66	-66	-66	-66	66
CAGE_TSS_16904	3	+	6240886	6240776	45.27294159	6240776	0	-110	-110	-110	-110	110
CAGE_TSS_16905	3	+	6251483	6251568	25.38318062	6251568	0	85	85	85	85	85
CAGE_TSS_16910	3	+	6281129	6281165	7.518050194	6281165	0	36	36	36	36	36
CAGE_TSS_16911	3	+	6296851	6296874	14.99316025	6296874	0	23	23	23	23	23
CAGE_TSS_16914	3	+	6313471	6313454	7.841670036	6313454	0	-17	-17	-17	-17	17
CAGE_TSS_16924	3	+	6328123	6327959	8.829660416	6327959	0	-164	-164	-164	-164	164
CAGE_TSS_16932	3	+	6393909	6394003	17.90386009	6394003	0	94	94	94	94	94
CAGE_TSS_16934	3	+	6408318	6408018	64.45896149	6408018	0	-300	-300	-300	-300	300
CAGE_TSS_16941	3	+	6474917	6474710	13.6367197	6474710	0	-207	-207	-207	-207	207
CAGE_TSS_16944	3	+	6477730	6477612	50.4321785	6477612	0	-118	-118	-118	-118	118
CAGE_TSS_16946	3	+	6484158	6484141	43.73299026	6484141	0	-17	-17	-17	-17	17
CAGE_TSS_16956	3	+	6516954	6516961	167.9855194	6516961	0	7	7	7	7	7
CAGE_TSS_16960	3	+	6536714	6536434	51.11217117	6536434	0	-280	-280	-280	-280	280
CAGE_TSS_16962	3	+	6542559	6542548	5.781879902	6542548	0	-11	-11	-11	-11	11
CAGE_TSS_16963	3	+	6546258	6546241	147.6820374	6546241	0	-17	-17	-17	-17	17
CAGE_TSS_16968	3	+	6596052	6595921	8.525210381	6595921	0	-131	-131	-131	-131	131
CAGE_TSS_16969	3	+	6605471	6605431	284.8157959	6605431	0	-40	-40	-40	-40	40
CAGE_TSS_16970	3	+	6632712	6632649	87.62399292	6632649	0	-63	-63	-63	-63	63
CAGE_TSS_16972	3	+	6639696	6639674	27.90905952	6639674	0	-22	-22	-22	-22	22
CAGE_TSS_16975	3	+	6664210	6664182	11.64253044	6664182	0	-28	-28	-28	-28	28
CAGE_TSS_16976	3	+	6687159	6687121	16.90416908	6687121	0	-38	-38	-38	-38	38
CAGE_TSS_16980	3	+	6714664	6714809	43.73889923	6714809	0	145	145	145	145	145
CAGE_TSS_16981	3	+	6722989	6722851	32.60876846	6722851	0	-138	-138	-138	-138	138
CAGE_TSS_16983	3	+	6731492	6731456	25.52609062	6731456	0	-36	-36	-36	-36	36
CAGE_TSS_16987	3	+	6744762	6744557	152.4867401	6744557	0	-205	-205	-205	-205	205
CAGE_TSS_16996	3	+	6772715	6772699	9.635009766	6772699	0	-16	-16	-16	-16	16
CAGE_TSS_16998	3	+	6780643	6780456	336.1173706	6780456	0	-187	-187	-187	-187	187
CAGE_TSS_16999	3	+	6797557	6797498	7.47382021	6797498	0	-59	-59	-59	-59	59
CAGE_TSS_17000	3	+	6805698	6805469	63.33245087	6805469	0	-229	-229	-229	-229	229
CAGE_TSS_17005	3	+	6840344	6840256	444.5428162	6840256	0	-88	-88	-88	-88	88
CAGE_TSS_17034	3	+	6961825	6961792	12.51124001	6961792	0	-33	-33	-33	-33	33
CAGE_TSS_17038	3	+	6967625	6967549	10.78022003	6967549	0	-76	-76	-76	-76	76
CAGE_TSS_17044	3	+	6994896	6994882	5.515850067	6994882	0	-14	-14	-14	-14	14
CAGE_TSS_17046	3	+	7007107	7007070	24.38042068	7007070	0	-37	-37	-37	-37	37
CAGE_TSS_17049	3	+	7015641	7015575	8.280929565	7015575	0	-66	-66	-66	-66	66
CAGE_TSS_17050	3	+	7018997	7018838	54.85894012	7018838	0	-159	-159	-159	-159	159
CAGE_TSS_17052	3	+	7023306	7023287	40.53392029	7023287	0	-19	-19	-19	-19	19
CAGE_TSS_17054	3	+	7026893	7026735	5.330410004	7026735	0	-158	-158	-158	-158	158
CAGE_TSS_17064	3	+	7096404	7096318	29.49234962	7096318	0	-86	-86	-86	-86	86
CAGE_TSS_17079	3	+	7160804	7160678	29.62339973	7160678	0	-126	-126	-126	-126	126
CAGE_TSS_17080	3	+	7168131	7168161	38.88636017	7168161	0	30	30	30	30	30
CAGE_TSS_17085	3	+	7194850	7194738	28.96422958	7194738	0	-112	-112	-112	-112	112
CAGE_TSS_17095	3	+	7280877	7280895	123.9211731	7280895	0	18	18	18	18	18
CAGE_TSS_17100	3	+	7305879	7305730	10.08292007	7305730	0	-149	-149	-149	-149	149
CAGE_TSS_17102	3	+	7319822	7319771	5.193210125	7319771	0	-51	-51	-51	-51	51
CAGE_TSS_17103	3	+	7323690	7323503	11.60566998	7323503	0	-187	-187	-187	-187	187
CAGE_TSS_17109	3	+	7348242	7348170	35.60668182	7348170	0	-72	-72	-72	-72	72
CAGE_TSS_17117	3	+	7422053	7422072	26.05546951	7422072	0	19	19	19	19	19
CAGE_TSS_17122	3	+	7441177	7441115	5.367710114	7441115	0	-62	-62	-62	-62	62
CAGE_TSS_17123	3	+	7445872	7445594	385.6075745	7445594	0	-278	-278	-278	-278	278
CAGE_TSS_17127	3	+	7474657	7474733	3.310719967	7474733	0	76	76	76	76	76
CAGE_TSS_17132	3	+	7507239	7507447	845.8860474	7507447	0	208	208	208	208	208
CAGE_TSS_17145	3	+	7595805	7595626	119.0067291	7595626	0	-179	-179	-179	-179	179
CAGE_TSS_17149	3	+	7638664	7638807	11.04039955	7638807	0	143	143	143	143	143
CAGE_TSS_17151	3	+	7644440	7644283	314.2792664	7644283	0	-157	-157	-157	-157	157
CAGE_TSS_17156	3	+	7664470	7664546	351.9525146	7664546	0	76	76	76	76	76
CAGE_TSS_17162	3	+	7682267	7682266	26.38727951	7682266	0	-1	-1	-1	-1	1
CAGE_TSS_17171	3	+	7789434	7789630	39.39733887	7789630	0	196	196	196	196	196
CAGE_TSS_17176	3	+	7818095	7818190	12.27902985	7818190	0	95	95	95	95	95
CAGE_TSS_17177	3	+	7827038	7826869	28.44483948	7826869	0	-169	-169	-169	-169	169
CAGE_TSS_17187	3	+	7874224	7874128	12.9963398	7874128	0	-96	-96	-96	-96	96
CAGE_TSS_17195	3	+	7906793	7906855	21.07538033	7906855	0	62	62	62	62	62
CAGE_TSS_17197	3	+	7913084	7913076	110.4425888	7913076	0	-8	-8	-8	-8	8
CAGE_TSS_17208	3	+	7946563	7946500	113.0671082	7946500	0	-63	-63	-63	-63	63
CAGE_TSS_17211	3	+	7959752	7959712	69.90312195	7959712	0	-40	-40	-40	-40	40
CAGE_TSS_17218	3	+	7974756	7974670	22.14324951	7974670	0	-86	-86	-86	-86	86
CAGE_TSS_17221	3	+	8003930	8003919	7.066140175	8003919	0	-11	-11	-11	-11	11
CAGE_TSS_17222	3	+	8008533	8008289	5.459969997	8008289	0	-244	-244	-244	-244	244
CAGE_TSS_17224	3	+	8019720	8019705	47.04549026	8019705	0	-15	-15	-15	-15	15
CAGE_TSS_17226	3	+	8048796	8049047	6.324359894	8049047	0	251	251	251	251	251
CAGE_TSS_17238	3	+	8108022	8107795	60.19541931	8107795	0	-227	-227	-227	-227	227
CAGE_TSS_17239	3	+	8112766	8112751	17.32440948	8112751	0	-15	-15	-15	-15	15
CAGE_TSS_17245	3	+	8139260	8139205	40.80146027	8139205	0	-55	-55	-55	-55	55
CAGE_TSS_17250	3	+	8152037	8151752	73.01793671	8151752	0	-285	-285	-285	-285	285
CAGE_TSS_17251	3	+	8152385	8152094	28.52552032	8152094	0	-291	-291	-291	-291	291
CAGE_TSS_17255	3	+	8163989	8163967	15.61388016	8163967	0	-22	-22	-22	-22	22
CAGE_TSS_17257	3	+	8172597	8172616	56.75542068	8172616	0	19	19	19	19	19
CAGE_TSS_17261	3	+	8194721	8194693	73.01793671	8194693	0	-28	-28	-28	-28	28
CAGE_TSS_17264	3	+	8195709	8195630	4.503089905	8195630	0	-79	-79	-79	-79	79
CAGE_TSS_17267	3	+	8203468	8203168	12.87376022	8203168	0	-300	-300	-300	-300	300
CAGE_TSS_17271	3	+	8236112	8235993	111.7958527	8235993	0	-119	-119	-119	-119	119
CAGE_TSS_17272	3	+	8254635	8254686	13.56758976	8254686	0	51	51	51	51	51
CAGE_TSS_17277	3	+	8309372	8309103	28.08933067	8309103	0	-269	-269	-269	-269	269
CAGE_TSS_17281	3	+	8333069	8333072	9.033619881	8333072	0	3	3	3	3	3
CAGE_TSS_17288	3	+	8357584	8357601	7.105659962	8357601	0	17	17	17	17	17
CAGE_TSS_17292	3	+	8382810	8382695	43.68161011	8382695	0	-115	-115	-115	-115	115
CAGE_TSS_17293	3	+	8410436	8410417	15.44561958	8410417	0	-19	-19	-19	-19	19
CAGE_TSS_17298	3	+	8418801	8418743	28.43058014	8418743	0	-58	-58	-58	-58	58
CAGE_TSS_17300	3	+	8436668	8436625	68.18878937	8436625	0	-43	-43	-43	-43	43
CAGE_TSS_17306	3	+	8473799	8473874	9.323129654	8473874	0	75	75	75	75	75
CAGE_TSS_17313	3	+	8480082	8480037	23.01840973	8480037	0	-45	-45	-45	-45	45
CAGE_TSS_17323	3	+	8575047	8574919	131.7158813	8574919	0	-128	-128	-128	-128	128
CAGE_TSS_17326	3	+	8603429	8603266	817.1099243	8603266	0	-163	-163	-163	-163	163
CAGE_TSS_17331	3	+	8611125	8610974	14.01268959	8610974	0	-151	-151	-151	-151	151
CAGE_TSS_17332	3	+	8611944	8611792	6.328989983	8611792	0	-152	-152	-152	-152	152
CAGE_TSS_17337	3	+	8641622	8641448	12.90075016	8641448	0	-174	-174	-174	-174	174
CAGE_TSS_17341	3	+	8647023	8646769	538.1450195	8646769	0	-254	-254	-254	-254	254
CAGE_TSS_17342	3	+	8648710	8648612	157.6867065	8648612	0	-98	-98	-98	-98	98
CAGE_TSS_17350	3	+	8685961	8685834	76.5973587	8685834	0	-127	-127	-127	-127	127
CAGE_TSS_17352	3	+	8693097	8692998	26.19013977	8692998	0	-99	-99	-99	-99	99
CAGE_TSS_17362	3	+	8743255	8743215	7.774990082	8743215	0	-40	-40	-40	-40	40
CAGE_TSS_17367	3	+	8910781	8910701	19.05880928	8910701	0	-80	-80	-80	-80	80
CAGE_TSS_17368	3	+	8918678	8918516	52.12741852	8918516	0	-162	-162	-162	-162	162
CAGE_TSS_17371	3	+	8941401	8941265	444.2809448	8941265	0	-136	-136	-136	-136	136
CAGE_TSS_17375	3	+	8960389	8960235	899.1856689	8960235	0	-154	-154	-154	-154	154
CAGE_TSS_17377	3	+	8963768	8963687	11.82252026	8963687	0	-81	-81	-81	-81	81
CAGE_TSS_17380	3	+	9003589	9003387	17.69754028	9003387	0	-202	-202	-202	-202	202
CAGE_TSS_17381	3	+	9025610	9025517	82.07138824	9025517	0	-93	-93	-93	-93	93
CAGE_TSS_17385	3	+	9040095	9040002	106.7874832	9040002	0	-93	-93	-93	-93	93
CAGE_TSS_17386	3	+	9046624	9046414	131.2857513	9046414	0	-210	-210	-210	-210	210
CAGE_TSS_17387	3	+	9055503	9055334	6.47300005	9055334	0	-169	-169	-169	-169	169
CAGE_TSS_17388	3	+	9060938	9060882	9.885359764	9060882	0	-56	-56	-56	-56	56
CAGE_TSS_17393	3	+	9066774	9066877	111.8187027	9066877	0	103	103	103	103	103
CAGE_TSS_17395	3	+	9073622	9073816	25.72628975	9073816	0	194	194	194	194	194
CAGE_TSS_17398	3	+	9103072	9103230	8.516949654	9103230	0	158	158	158	158	158
CAGE_TSS_17399	3	+	9103829	9103637	24.9654808	9103637	0	-192	-192	-192	-192	192
CAGE_TSS_17401	3	+	9122197	9122114	57.62868118	9122114	0	-83	-83	-83	-83	83
CAGE_TSS_17404	3	+	9124348	9124099	49.24332047	9124099	0	-249	-249	-249	-249	249
CAGE_TSS_17408	3	+	9132267	9132188	132.4741058	9132188	0	-79	-79	-79	-79	79
CAGE_TSS_17412	3	+	9154712	9154713	25.58112907	9154713	0	1	1	1	1	1
CAGE_TSS_17413	3	+	9164579	9164583	6.122469902	9164583	0	4	4	4	4	4
CAGE_TSS_17416	3	+	9182617	9182554	14.03666019	9182554	0	-63	-63	-63	-63	63
CAGE_TSS_17425	3	+	9192481	9192384	31.14068985	9192384	0	-97	-97	-97	-97	97
CAGE_TSS_17430	3	+	9223966	9223963	6.264130116	9223963	0	-3	-3	-3	-3	3
CAGE_TSS_17435	3	+	9244324	9244418	6.95472002	9244418	0	94	94	94	94	94
CAGE_TSS_17441	3	+	9295375	9295352	25.94680977	9295352	0	-23	-23	-23	-23	23
CAGE_TSS_17445	3	+	9305943	9305680	6.95472002	9305680	0	-263	-263	-263	-263	263
CAGE_TSS_17450	3	+	9353912	9353679	55.38290024	9353679	0	-233	-233	-233	-233	233
CAGE_TSS_17455	3	+	9358883	9358768	109.699501	9358768	0	-115	-115	-115	-115	115
CAGE_TSS_17459	3	+	9396419	9396308	16.0839901	9396308	0	-111	-111	-111	-111	111
CAGE_TSS_17461	3	+	9403950	9403762	597.5150146	9403762	0	-188	-188	-188	-188	188
CAGE_TSS_17462	3	+	9406872	9406779	2048.391846	9406779	0	-93	-93	-93	-93	93
CAGE_TSS_17470	3	+	9475544	9475559	5.226099968	9475559	0	15	15	15	15	15
CAGE_TSS_17481	3	+	9517312	9517187	9.093689919	9517187	0	-125	-125	-125	-125	125
CAGE_TSS_17489	3	+	9526887	9526771	73.02918243	9526771	0	-116	-116	-116	-116	116
CAGE_TSS_17494	3	+	9528830	9528727	43.27096939	9528727	0	-103	-103	-103	-103	103
CAGE_TSS_17496	3	+	9532596	9532613	81.50496674	9532613	0	17	17	17	17	17
CAGE_TSS_17500	3	+	9550592	9550577	26.36724091	9550577	0	-15	-15	-15	-15	15
CAGE_TSS_17501	3	+	9589281	9589170	144.3480072	9589170	0	-111	-111	-111	-111	111
CAGE_TSS_17508	3	+	9660077	9660102	35.29281998	9660102	0	25	25	25	25	25
CAGE_TSS_17514	3	+	9674436	9674376	56.8219986	9674376	0	-60	-60	-60	-60	60
CAGE_TSS_17515	3	+	9676647	9676727	50.93955994	9676727	0	80	80	80	80	80
CAGE_TSS_17520	3	+	9681629	9681652	17.10930061	9681652	0	23	23	23	23	23
CAGE_TSS_17529	3	+	9711153	9711010	412.1510925	9711010	0	-143	-143	-143	-143	143
CAGE_TSS_17531	3	+	9720121	9719968	349.9181213	9719968	0	-153	-153	-153	-153	153
CAGE_TSS_17532	3	+	9756260	9756134	43.12533188	9756134	0	-126	-126	-126	-126	126
CAGE_TSS_17535	3	+	9758891	9758877	14.06587029	9758877	0	-14	-14	-14	-14	14
CAGE_TSS_17538	3	+	9764966	9764972	58.30477905	9764972	0	6	6	6	6	6
CAGE_TSS_17539	3	+	9769730	9769718	30.64826965	9769718	0	-12	-12	-12	-12	12
CAGE_TSS_17541	3	+	9782118	9782115	169.7298126	9782115	0	-3	-3	-3	-3	3
CAGE_TSS_17542	3	+	9788607	9788497	12.91676998	9788497	0	-110	-110	-110	-110	110
CAGE_TSS_17548	3	+	9801161	9801173	198.5458374	9801173	0	12	12	12	12	12
CAGE_TSS_17549	3	+	9809712	9809692	24.03733063	9809692	0	-20	-20	-20	-20	20
CAGE_TSS_17550	3	+	9810088	9810105	95.94915771	9810105	0	17	17	17	17	17
CAGE_TSS_17559	3	+	9823687	9823533	74.70543671	9823533	0	-154	-154	-154	-154	154
CAGE_TSS_17569	3	+	9867844	9867647	122.608963	9867647	0	-197	-197	-197	-197	197
CAGE_TSS_17571	3	+	9892793	9892772	100.2264786	9892772	0	-21	-21	-21	-21	21
CAGE_TSS_17575	3	+	9930280	9930177	70.31053162	9930177	0	-103	-103	-103	-103	103
CAGE_TSS_17578	3	+	9989540	9989615	7.898290157	9989615	0	75	75	75	75	75
CAGE_TSS_17586	3	+	10024048	10023875	233.5869141	10023875	0	-173	-173	-173	-173	173
CAGE_TSS_17592	3	+	10073295	10073242	11.20191956	10073242	0	-53	-53	-53	-53	53
CAGE_TSS_17593	3	+	10076858	10076647	14.66963959	10076647	0	-211	-211	-211	-211	211
CAGE_TSS_17594	3	+	10090141	10090011	32.83298111	10090011	0	-130	-130	-130	-130	130
CAGE_TSS_17595	3	+	10095116	10095301	28.70010948	10095301	0	185	185	185	185	185
CAGE_TSS_17599	3	+	10125998	10125994	29.2186203	10125994	0	-4	-4	-4	-4	4
CAGE_TSS_17605	3	+	10148584	10148599	358.2589111	10148599	0	15	15	15	15	15
CAGE_TSS_17610	3	+	10163080	10163079	329.563385	10163079	0	-1	-1	-1	-1	1
CAGE_TSS_17612	3	+	10192421	10192237	5.439579964	10192237	0	-184	-184	-184	-184	184
CAGE_TSS_17613	3	+	10205242	10205016	69.38568115	10205016	0	-226	-226	-226	-226	226
CAGE_TSS_17617	3	+	10255952	10255769	18.93902016	10255769	0	-183	-183	-183	-183	183
CAGE_TSS_17618	3	+	10256549	10256700	10.6645298	10256700	0	151	151	151	151	151
CAGE_TSS_17622	3	+	10315123	10315018	9.955160141	10315018	0	-105	-105	-105	-105	105
CAGE_TSS_17629	3	+	10324842	10324668	5.68501997	10324668	0	-174	-174	-174	-174	174
CAGE_TSS_17633	3	+	10338348	10338310	231.6144104	10338310	0	-38	-38	-38	-38	38
CAGE_TSS_17637	3	+	10400279	10400205	11.40517998	10400205	0	-74	-74	-74	-74	74
CAGE_TSS_17638	3	+	10424287	10424169	14.06488037	10424169	0	-118	-118	-118	-118	118
CAGE_TSS_17639	3	+	10435115	10434869	1242.237671	10434869	0	-246	-246	-246	-246	246
CAGE_TSS_17642	3	+	10442816	10442775	54.39107132	10442775	0	-41	-41	-41	-41	41
CAGE_TSS_17646	3	+	10447929	10447842	140.8925934	10447842	0	-87	-87	-87	-87	87
CAGE_TSS_17647	3	+	10451517	10451466	31.41064072	10451466	0	-51	-51	-51	-51	51
CAGE_TSS_17649	3	+	10456136	10456206	28.96422958	10456206	0	70	70	70	70	70
CAGE_TSS_17651	3	+	10469573	10469688	8.499210358	10469688	0	115	115	115	115	115
CAGE_TSS_17654	3	+	10505857	10505805	32.9720192	10505805	0	-52	-52	-52	-52	52
CAGE_TSS_17657	3	+	10518077	10518340	5.204639912	10518340	0	263	263	263	263	263
CAGE_TSS_17658	3	+	10520509	10520393	12.17018986	10520393	0	-116	-116	-116	-116	116
CAGE_TSS_17677	3	+	10755003	10754991	74.24237823	10754991	0	-12	-12	-12	-12	12
CAGE_TSS_17679	3	+	10758819	10758844	24.77330971	10758844	0	25	25	25	25	25
CAGE_TSS_17684	3	+	10782267	10782100	10.20575047	10782100	0	-167	-167	-167	-167	167
CAGE_TSS_17688	3	+	10848317	10848201	56.61600113	10848201	0	-116	-116	-116	-116	116
CAGE_TSS_17690	3	+	10911251	10911196	361.5472107	10911196	0	-55	-55	-55	-55	55
CAGE_TSS_17698	3	+	11005763	11005613	46.32928085	11005613	0	-150	-150	-150	-150	150
CAGE_TSS_17700	3	+	11012093	11011937	88.14586639	11011937	0	-156	-156	-156	-156	156
CAGE_TSS_17707	3	+	11148210	11148267	5.804460049	11148267	0	57	57	57	57	57
CAGE_TSS_17709	3	+	11154153	11154123	5.337880135	11154123	0	-30	-30	-30	-30	30
CAGE_TSS_17713	3	+	11191727	11191490	126.4233704	11191490	0	-237	-237	-237	-237	237
CAGE_TSS_17720	3	+	11252806	11252689	17.81324005	11252689	0	-117	-117	-117	-117	117
CAGE_TSS_17728	3	+	11280301	11280295	7.208690166	11280295	0	-6	-6	-6	-6	6
CAGE_TSS_17744	3	+	11509503	11509416	6.711919785	11509416	0	-87	-87	-87	-87	87
CAGE_TSS_17746	3	+	11527872	11527628	6.965809822	11527628	0	-244	-244	-244	-244	244
CAGE_TSS_17756	3	+	11648323	11648263	126.6480408	11648263	0	-60	-60	-60	-60	60
CAGE_TSS_17757	3	+	11655581	11655641	7.57047987	11655641	0	60	60	60	60	60
CAGE_TSS_17767	3	+	11757283	11757086	7.073299885	11757086	0	-197	-197	-197	-197	197
CAGE_TSS_17772	3	+	11810776	11810803	28.00674057	11810803	0	27	27	27	27	27
CAGE_TSS_17778	3	+	11974080	11974077	23.05758095	11974077	0	-3	-3	-3	-3	3
CAGE_TSS_17782	3	+	12104387	12104329	16.89786911	12104329	0	-58	-58	-58	-58	58
CAGE_TSS_17829	3	+	13489576	13489412	247.7812805	13489412	0	-164	-164	-164	-164	164
CAGE_TSS_17862	3	+	14195839	14195993	279.3843079	14195993	0	154	154	154	154	154
CAGE_TSS_17867	3	+	14201601	14201610	363.0486755	14201610	0	9	9	9	9	9
CAGE_TSS_17869	3	+	14239013	14238993	10.40116978	14238993	0	-20	-20	-20	-20	20
CAGE_TSS_17875	3	+	14309355	14309283	11.34463024	14309283	0	-72	-72	-72	-72	72
CAGE_TSS_17877	3	+	14320954	14320995	10.45170021	14320995	0	41	41	41	41	41
CAGE_TSS_17893	3	+	14751236	14751224	14.56355	14751224	0	-12	-12	-12	-12	12
CAGE_TSS_17914	3	+	15207414	15207227	25.06938934	15207227	0	-187	-187	-187	-187	187
CAGE_TSS_17921	3	+	15406033	15405900	69.6395874	15405900	0	-133	-133	-133	-133	133
CAGE_TSS_17932	3	+	15509631	15509552	10.10190964	15509552	0	-79	-79	-79	-79	79
CAGE_TSS_17972	3	+	15986865	15986780	430.3284912	15986780	0	-85	-85	-85	-85	85
CAGE_TSS_17974	3	+	15988120	15987958	29.40545082	15987958	0	-162	-162	-162	-162	162
CAGE_TSS_17977	3	+	15993381	15993286	11.13603973	15993286	0	-95	-95	-95	-95	95
CAGE_TSS_17984	3	+	16070166	16070001	15.56039047	16070001	0	-165	-165	-165	-165	165
CAGE_TSS_17990	3	+	16138017	16138007	9.310090065	16138007	0	-10	-10	-10	-10	10
CAGE_TSS_17992	3	+	16163819	16163716	5.137269974	16163716	0	-103	-103	-103	-103	103
CAGE_TSS_17995	3	+	16193851	16193824	28.78949928	16193824	0	-27	-27	-27	-27	27
CAGE_TSS_17998	3	+	16195957	16195956	5.18983984	16195956	0	-1	-1	-1	-1	1
CAGE_TSS_18001	3	+	16259960	16259924	8.491570473	16259924	0	-36	-36	-36	-36	36
CAGE_TSS_18016	3	+	16383747	16383792	5.889750004	16383792	0	45	45	45	45	45
CAGE_TSS_18024	3	+	16466153	16466213	6.95472002	16466213	0	60	60	60	60	60
CAGE_TSS_18029	3	+	16504452	16504433	25.11021042	16504433	0	-19	-19	-19	-19	19
CAGE_TSS_18033	3	+	16526642	16526682	9.53567028	16526682	0	40	40	40	40	40
CAGE_TSS_18040	3	+	16569032	16568900	6.179830074	16568900	0	-132	-132	-132	-132	132
CAGE_TSS_18058	3	+	16788874	16788836	29.48588943	16788836	0	-38	-38	-38	-38	38
CAGE_TSS_18059	3	+	16789984	16789688	27.53338051	16789688	0	-296	-296	-296	-296	296
CAGE_TSS_18060	3	+	16790816	16790771	7.711339951	16790771	0	-45	-45	-45	-45	45
CAGE_TSS_18061	3	+	16818538	16818299	942.7845459	16818299	0	-239	-239	-239	-239	239
CAGE_TSS_18064	3	+	16840963	16840757	16.27688026	16840757	0	-206	-206	-206	-206	206
CAGE_TSS_18068	3	+	16896165	16896055	36.45098114	16896055	0	-110	-110	-110	-110	110
CAGE_TSS_18069	3	+	16914566	16914500	28.72467995	16914500	0	-66	-66	-66	-66	66
CAGE_TSS_18072	3	+	16917707	16917694	17.92503929	16917694	0	-13	-13	-13	-13	13
CAGE_TSS_18087	3	+	17012654	17012564	6.874479771	17012564	0	-90	-90	-90	-90	90
CAGE_TSS_18097	3	+	17148368	17148366	19.25206947	17148366	0	-2	-2	-2	-2	2
CAGE_TSS_18098	3	+	17152791	17152567	39.22739029	17152567	0	-224	-224	-224	-224	224
CAGE_TSS_18101	3	+	17157957	17157787	100.700531	17157787	0	-170	-170	-170	-170	170
CAGE_TSS_18111	3	+	17228681	17228645	58.78160095	17228645	0	-36	-36	-36	-36	36
CAGE_TSS_18126	3	+	17332984	17332783	19.54800034	17332783	0	-201	-201	-201	-201	201
CAGE_TSS_18134	3	+	17420529	17420535	69.05735016	17420535	0	6	6	6	6	6
CAGE_TSS_18135	3	+	17428031	17427905	62.15795898	17427905	0	-126	-126	-126	-126	126
CAGE_TSS_18142	3	+	17446831	17446761	6.680540085	17446761	0	-70	-70	-70	-70	70
CAGE_TSS_18150	3	+	17462074	17462243	5.096859932	17462243	0	169	169	169	169	169
CAGE_TSS_18159	3	+	17498325	17498462	14.48178959	17498462	0	137	137	137	137	137
CAGE_TSS_18161	3	+	17504287	17504068	292.7479248	17504068	0	-219	-219	-219	-219	219
CAGE_TSS_18162	3	+	17511078	17510989	29.75000954	17510989	0	-89	-89	-89	-89	89
CAGE_TSS_18164	3	+	17521029	17520775	15.14538956	17520775	0	-254	-254	-254	-254	254
CAGE_TSS_18165	3	+	17523490	17523283	32.03884888	17523283	0	-207	-207	-207	-207	207
CAGE_TSS_18166	3	+	17527570	17527385	188.2371979	17527385	0	-185	-185	-185	-185	185
CAGE_TSS_18171	3	+	17559029	17558956	25.55077934	17558956	0	-73	-73	-73	-73	73
CAGE_TSS_18174	3	+	17560501	17560405	9.033619881	17560405	0	-96	-96	-96	-96	96
CAGE_TSS_18175	3	+	17567590	17567301	188.1860809	17567301	0	-289	-289	-289	-289	289
CAGE_TSS_18184	3	+	17624401	17624195	6.52933979	17624195	0	-206	-206	-206	-206	206
CAGE_TSS_18189	3	+	17647043	17647091	65.37008667	17647091	0	48	48	48	48	48
CAGE_TSS_18192	3	+	17684443	17684413	5.327519894	17684413	0	-30	-30	-30	-30	30
CAGE_TSS_18200	3	+	17771320	17771383	14.32573032	17771383	0	63	63	63	63	63
CAGE_TSS_18203	3	+	17778399	17778366	9.072990417	17778366	0	-33	-33	-33	-33	33
CAGE_TSS_18209	3	+	17797214	17797180	11.49864006	17797180	0	-34	-34	-34	-34	34
CAGE_TSS_18210	3	+	17801284	17801219	9.591600418	17801219	0	-65	-65	-65	-65	65
CAGE_TSS_18212	3	+	17867311	17867233	98.3498764	17867233	0	-78	-78	-78	-78	78
CAGE_TSS_18213	3	+	17879550	17879460	8.236069679	17879460	0	-90	-90	-90	-90	90
CAGE_TSS_18220	3	+	17905680	17905700	228.1117249	17905700	0	20	20	20	20	20
CAGE_TSS_18224	3	+	17929720	17929684	21.3944397	17929684	0	-36	-36	-36	-36	36
CAGE_TSS_18229	3	+	17935266	17935113	30.79241943	17935113	0	-153	-153	-153	-153	153
CAGE_TSS_18231	3	+	17941318	17941224	37.0542717	17941224	0	-94	-94	-94	-94	94
CAGE_TSS_18233	3	+	17949467	17949196	923.5480347	17949196	0	-271	-271	-271	-271	271
CAGE_TSS_18239	3	+	17993998	17993986	35.36362839	17993986	0	-12	-12	-12	-12	12
CAGE_TSS_18246	3	+	18040767	18040826	9.353819847	18040826	0	59	59	59	59	59
CAGE_TSS_18254	3	+	18075846	18075842	18.12907982	18075842	0	-4	-4	-4	-4	4
CAGE_TSS_18260	3	+	18103195	18103074	5.003290176	18103074	0	-121	-121	-121	-121	121
CAGE_TSS_18273	3	+	18155273	18155257	477.8418884	18155257	0	-16	-16	-16	-16	16
CAGE_TSS_18279	3	+	18200659	18200565	68.70735168	18200565	0	-94	-94	-94	-94	94
CAGE_TSS_18280	3	+	18207768	18207739	8.760769844	18207739	0	-29	-29	-29	-29	29
CAGE_TSS_18285	3	+	18249803	18249798	30.11595917	18249798	0	-5	-5	-5	-5	5
CAGE_TSS_18288	3	+	18262450	18262292	1015.126465	18262292	0	-158	-158	-158	-158	158
CAGE_TSS_18290	3	+	18272508	18272517	25.32025909	18272517	0	9	9	9	9	9
CAGE_TSS_18292	3	+	18324736	18324702	47.43556976	18324702	0	-34	-34	-34	-34	34
CAGE_TSS_18294	3	+	18331620	18331633	32.13367844	18331633	0	13	13	13	13	13
CAGE_TSS_18301	3	+	18367901	18367926	97.06149292	18367926	0	25	25	25	25	25
CAGE_TSS_18307	3	+	18377559	18377309	70.19451141	18377309	0	-250	-250	-250	-250	250
CAGE_TSS_18308	3	+	18393827	18393810	81.0546875	18393810	0	-17	-17	-17	-17	17
CAGE_TSS_18311	3	+	18417719	18417446	53.24095154	18417446	0	-273	-273	-273	-273	273
CAGE_TSS_18313	3	+	18422676	18422598	46.1259613	18422598	0	-78	-78	-78	-78	78
CAGE_TSS_18321	3	+	18465678	18465435	17.29120064	18465435	0	-243	-243	-243	-243	243
CAGE_TSS_18329	3	+	18496248	18496137	199.0870056	18496137	0	-111	-111	-111	-111	111
CAGE_TSS_18330	3	+	18499229	18499187	68.90049744	18499187	0	-42	-42	-42	-42	42
CAGE_TSS_18343	3	+	18634616	18634715	9.033619881	18634715	0	99	99	99	99	99
CAGE_TSS_18344	3	+	18635914	18635860	182.1340332	18635860	0	-54	-54	-54	-54	54
CAGE_TSS_18345	3	+	18637844	18637546	467.568634	18637546	0	-298	-298	-298	-298	298
CAGE_TSS_18352	3	+	18704761	18704616	5.779910088	18704616	0	-145	-145	-145	-145	145
CAGE_TSS_18356	3	+	18733175	18732958	9.53567028	18732958	0	-217	-217	-217	-217	217
CAGE_TSS_18360	3	+	18753608	18753387	462.7791748	18753387	0	-221	-221	-221	-221	221
CAGE_TSS_18362	3	+	18770989	18770946	8.825559616	18770946	0	-43	-43	-43	-43	43
CAGE_TSS_18364	3	+	18800403	18800293	26.88311005	18800293	0	-110	-110	-110	-110	110
CAGE_TSS_18367	3	+	18840442	18840501	143.1180725	18840501	0	59	59	59	59	59
CAGE_TSS_18369	3	+	18862168	18862291	12.14223003	18862291	0	123	123	123	123	123
CAGE_TSS_18370	3	+	18868062	18867973	117.8914413	18867973	0	-89	-89	-89	-89	89
CAGE_TSS_18379	3	+	18916274	18916001	68.68849182	18916001	0	-273	-273	-273	-273	273
CAGE_TSS_18391	3	+	18973295	18973199	19.34910011	18973199	0	-96	-96	-96	-96	96
CAGE_TSS_18392	3	+	18983666	18983667	12.30576038	18983667	0	1	1	1	1	1
CAGE_TSS_18393	3	+	18994200	18994117	268.6708984	18994117	0	-83	-83	-83	-83	83
CAGE_TSS_18394	3	+	18997821	18997707	9.395739555	18997707	0	-114	-114	-114	-114	114
CAGE_TSS_18395	3	+	19000874	19000826	9.35033989	19000826	0	-48	-48	-48	-48	48
CAGE_TSS_18396	3	+	19013391	19013492	64.76177216	19013492	0	101	101	101	101	101
CAGE_TSS_18397	3	+	19025230	19025245	42.24779892	19025245	0	15	15	15	15	15
CAGE_TSS_18400	3	+	19028209	19028097	12.84743977	19028097	0	-112	-112	-112	-112	112
CAGE_TSS_18408	3	+	19039629	19039440	111.7282867	19039440	0	-189	-189	-189	-189	189
CAGE_TSS_18409	3	+	19042850	19042850	46.11737061	19042850	0	0	0	0	0	0
CAGE_TSS_18417	3	+	19075619	19075636	91.0561676	19075636	0	17	17	17	17	17
CAGE_TSS_18420	3	+	19086464	19086499	10.08063984	19086499	0	35	35	35	35	35
CAGE_TSS_18423	3	+	19090994	19091072	46.2356987	19091072	0	78	78	78	78	78
CAGE_TSS_18427	3	+	19108137	19107969	25.40440941	19107969	0	-168	-168	-168	-168	168
CAGE_TSS_18428	3	+	19109109	19108955	24.38134003	19108955	0	-154	-154	-154	-154	154
CAGE_TSS_18429	3	+	19110675	19110557	257.7489319	19110557	0	-118	-118	-118	-118	118
CAGE_TSS_18430	3	+	19115319	19115209	15.54183006	19115209	0	-110	-110	-110	-110	110
CAGE_TSS_18432	3	+	19143640	19143488	87.95394135	19143488	0	-152	-152	-152	-152	152
CAGE_TSS_18433	3	+	19148860	19148851	13.54899025	19148851	0	-9	-9	-9	-9	9
CAGE_TSS_18436	3	+	19158920	19158801	8.210080147	19158801	0	-119	-119	-119	-119	119
CAGE_TSS_18437	3	+	19168846	19168789	144.2654419	19168789	0	-57	-57	-57	-57	57
CAGE_TSS_18440	3	+	19182507	19182301	140.8926544	19182301	0	-206	-206	-206	-206	206
CAGE_TSS_18441	3	+	19185051	19184871	163.9637299	19184871	0	-180	-180	-180	-180	180
CAGE_TSS_18442	3	+	19186842	19186694	16.55636978	19186694	0	-148	-148	-148	-148	148
CAGE_TSS_18445	3	+	19189082	19188901	44.02603149	19188901	0	-181	-181	-181	-181	181
CAGE_TSS_18447	3	+	19220167	19219961	28.47801971	19219961	0	-206	-206	-206	-206	206
CAGE_TSS_18448	3	+	19232479	19232557	5.66741991	19232557	0	78	78	78	78	78
CAGE_TSS_18449	3	+	19239432	19239194	224.1455078	19239194	0	-238	-238	-238	-238	238
CAGE_TSS_18458	3	+	19301855	19301874	5.613530159	19301874	0	19	19	19	19	19
CAGE_TSS_18462	3	+	19319274	19319201	107.3270493	19319201	0	-73	-73	-73	-73	73
CAGE_TSS_18463	3	+	19323159	19323139	6292.401855	19323139	0	-20	-20	-20	-20	20
CAGE_TSS_18477	3	+	19393819	19393803	176.8819122	19393803	0	-16	-16	-16	-16	16
CAGE_TSS_18478	3	+	19396643	19396596	12.86526966	19396596	0	-47	-47	-47	-47	47
CAGE_TSS_18482	3	+	19407023	19406908	140.6659851	19406908	0	-115	-115	-115	-115	115
CAGE_TSS_18483	3	+	19412124	19412097	18.41905022	19412097	0	-27	-27	-27	-27	27
CAGE_TSS_18485	3	+	19417522	19417242	242.7488403	19417242	0	-280	-280	-280	-280	280
CAGE_TSS_18486	3	+	19421592	19421735	7.352809906	19421735	0	143	143	143	143	143
CAGE_TSS_18491	3	+	19431434	19431313	11.17012024	19431313	0	-121	-121	-121	-121	121
CAGE_TSS_18494	3	+	19446948	19447087	16.49662971	19447087	0	139	139	139	139	139
CAGE_TSS_18495	3	+	19450648	19450668	41.26427841	19450668	0	20	20	20	20	20
CAGE_TSS_18496	3	+	19452200	19452150	9.573180199	19452150	0	-50	-50	-50	-50	50
CAGE_TSS_18504	3	+	19501129	19501071	6.559169769	19501071	0	-58	-58	-58	-58	58
CAGE_TSS_18505	3	+	19503253	19503267	6.880479813	19503267	0	14	14	14	14	14
CAGE_TSS_18510	3	+	19505644	19505537	9.178090096	19505537	0	-107	-107	-107	-107	107
CAGE_TSS_18517	3	+	19521685	19521651	8.520839691	19521651	0	-34	-34	-34	-34	34
CAGE_TSS_18523	3	+	19569404	19569503	21.07538033	19569503	0	99	99	99	99	99
CAGE_TSS_18525	3	+	19581153	19581118	328.6023865	19581118	0	-35	-35	-35	-35	35
CAGE_TSS_18528	3	+	19587820	19587527	32.32843018	19587527	0	-293	-293	-293	-293	293
CAGE_TSS_18531	3	+	19607968	19608186	44.86526871	19608186	0	218	218	218	218	218
CAGE_TSS_18534	3	+	19624377	19624256	115.3173599	19624256	0	-121	-121	-121	-121	121
CAGE_TSS_18536	3	+	19634517	19634533	32.75463104	19634533	0	16	16	16	16	16
CAGE_TSS_18537	3	+	19639676	19639613	10.25895977	19639613	0	-63	-63	-63	-63	63
CAGE_TSS_18555	3	+	19707006	19706866	11.83150005	19706866	0	-140	-140	-140	-140	140
CAGE_TSS_18556	3	+	19714029	19713879	42.0289917	19713879	0	-150	-150	-150	-150	150
CAGE_TSS_18559	3	+	19720140	19720140	77.10233307	19720140	0	0	0	0	0	0
CAGE_TSS_18563	3	+	19733839	19733836	6.374569893	19733836	0	-3	-3	-3	-3	3
CAGE_TSS_18564	3	+	19742853	19742692	11.23217964	19742692	0	-161	-161	-161	-161	161
CAGE_TSS_18569	3	+	19822729	19822633	18.79430962	19822633	0	-96	-96	-96	-96	96
CAGE_TSS_18573	3	+	19841465	19841256	8.799249649	19841256	0	-209	-209	-209	-209	209
CAGE_TSS_18575	3	+	19845196	19845063	72.48838806	19845063	0	-133	-133	-133	-133	133
CAGE_TSS_18580	3	+	19880619	19880400	41.25125122	19880400	0	-219	-219	-219	-219	219
CAGE_TSS_18585	3	+	19889287	19889211	7.741159916	19889211	0	-76	-76	-76	-76	76
CAGE_TSS_18586	3	+	19890464	19890261	6.215539932	19890261	0	-203	-203	-203	-203	203
CAGE_TSS_18589	3	+	19900279	19900066	6.357800007	19900066	0	-213	-213	-213	-213	213
CAGE_TSS_18592	3	+	19915317	19915169	14.04057026	19915169	0	-148	-148	-148	-148	148
CAGE_TSS_18593	3	+	19930890	19930823	1231.092896	19930823	0	-67	-67	-67	-67	67
CAGE_TSS_18595	3	+	19940662	19940444	65.22741699	19940444	0	-218	-218	-218	-218	218
CAGE_TSS_18601	3	+	19953170	19953050	5.691309929	19953050	0	-120	-120	-120	-120	120
CAGE_TSS_18603	3	+	19975691	19975668	50.90597916	19975668	0	-23	-23	-23	-23	23
CAGE_TSS_18604	3	+	19976379	19976381	6.309929848	19976381	0	2	2	2	2	2
CAGE_TSS_18608	3	+	19996615	19996548	106.6894226	19996548	0	-67	-67	-67	-67	67
CAGE_TSS_18610	3	+	20005761	20005666	65.21817017	20005666	0	-95	-95	-95	-95	95
CAGE_TSS_18612	3	+	20016938	20016748	92.88173676	20016748	0	-190	-190	-190	-190	190
CAGE_TSS_18617	3	+	20025250	20025199	34.31679153	20025199	0	-51	-51	-51	-51	51
CAGE_TSS_18620	3	+	20038714	20038622	20.01766968	20038622	0	-92	-92	-92	-92	92
CAGE_TSS_18621	3	+	20053249	20053141	30.64620018	20053141	0	-108	-108	-108	-108	108
CAGE_TSS_18624	3	+	20065687	20065659	176.7871246	20065659	0	-28	-28	-28	-28	28
CAGE_TSS_18626	3	+	20070229	20070214	82.26410675	20070214	0	-15	-15	-15	-15	15
CAGE_TSS_18629	3	+	20114729	20114625	25.41238022	20114625	0	-104	-104	-104	-104	104
CAGE_TSS_18630	3	+	20132181	20132254	65.67961121	20132254	0	73	73	73	73	73
CAGE_TSS_18632	3	+	20145891	20145762	23.57275963	20145762	0	-129	-129	-129	-129	129
CAGE_TSS_18661	3	+	20296231	20296282	193.9343567	20296282	0	51	51	51	51	51
CAGE_TSS_18663	3	+	20296950	20296774	5.779910088	20296774	0	-176	-176	-176	-176	176
CAGE_TSS_18666	3	+	20303326	20303242	842.1021729	20303242	0	-84	-84	-84	-84	84
CAGE_TSS_18670	3	+	20321421	20321398	13.78299999	20321398	0	-23	-23	-23	-23	23
CAGE_TSS_18672	3	+	20345098	20344999	8.783559799	20344999	0	-99	-99	-99	-99	99
CAGE_TSS_18676	3	+	20348730	20348537	40.35860825	20348537	0	-193	-193	-193	-193	193
CAGE_TSS_18678	3	+	20381518	20381547	9.711839676	20381547	0	29	29	29	29	29
CAGE_TSS_18681	3	+	20396759	20396726	11.16329002	20396726	0	-33	-33	-33	-33	33
CAGE_TSS_18684	3	+	20438773	20438570	1383.817993	20438570	0	-203	-203	-203	-203	203
CAGE_TSS_18693	3	+	20489248	20489072	9.316860199	20489072	0	-176	-176	-176	-176	176
CAGE_TSS_18697	3	+	20502617	20502477	219.1456757	20502477	0	-140	-140	-140	-140	140
CAGE_TSS_18698	3	+	20515647	20515503	21.52972984	20515503	0	-144	-144	-144	-144	144
CAGE_TSS_18700	3	+	20527064	20527174	33.95275879	20527174	0	110	110	110	110	110
CAGE_TSS_18701	3	+	20531406	20531389	356.7719727	20531389	0	-17	-17	-17	-17	17
CAGE_TSS_18704	3	+	20541452	20541459	6.277430058	20541459	0	7	7	7	7	7
CAGE_TSS_18706	3	+	20553699	20553731	16.55213928	20553731	0	32	32	32	32	32
CAGE_TSS_18715	3	+	20560855	20560718	17.51538086	20560718	0	-137	-137	-137	-137	137
CAGE_TSS_18718	3	+	20564235	20564283	10.22091007	20564283	0	48	48	48	48	48
CAGE_TSS_18726	3	+	20620468	20620389	13.55638027	20620389	0	-79	-79	-79	-79	79
CAGE_TSS_18728	3	+	20634233	20634216	22.25638962	20634216	0	-17	-17	-17	-17	17
CAGE_TSS_18730	3	+	20639836	20639650	7.995960236	20639650	0	-186	-186	-186	-186	186
CAGE_TSS_18731	3	+	20644896	20644986	12.46035004	20644986	0	90	90	90	90	90
CAGE_TSS_18733	3	+	20667016	20666987	16.45330048	20666987	0	-29	-29	-29	-29	29
CAGE_TSS_18735	3	+	20673819	20673738	1904.564331	20673738	0	-81	-81	-81	-81	81
CAGE_TSS_18736	3	+	20679803	20679584	23.73747063	20679584	0	-219	-219	-219	-219	219
CAGE_TSS_18742	3	+	20700435	20700347	18.12631035	20700347	0	-88	-88	-88	-88	88
CAGE_TSS_18743	3	+	20703318	20703185	6.039470196	20703185	0	-133	-133	-133	-133	133
CAGE_TSS_18756	3	+	20714994	20715076	26.17303085	20715076	0	82	82	82	82	82
CAGE_TSS_18763	3	+	20776389	20776118	655.1671143	20776118	0	-271	-271	-271	-271	271
CAGE_TSS_18768	3	+	20788702	20788703	11.34463024	20788703	0	1	1	1	1	1
CAGE_TSS_18773	3	+	20826756	20826677	6.250490189	20826677	0	-79	-79	-79	-79	79
CAGE_TSS_18781	3	+	20850028	20850035	827.5466919	20850035	0	7	7	7	7	7
CAGE_TSS_18784	3	+	20865999	20865948	75.36341095	20865948	0	-51	-51	-51	-51	51
CAGE_TSS_18785	3	+	20870065	20869992	13.0591898	20869992	0	-73	-73	-73	-73	73
CAGE_TSS_18786	3	+	20872831	20872600	87.78955841	20872600	0	-231	-231	-231	-231	231
CAGE_TSS_18790	3	+	20896486	20896626	30.2495594	20896626	0	140	140	140	140	140
CAGE_TSS_18801	3	+	20961559	20961324	10.34360027	20961324	0	-235	-235	-235	-235	235
CAGE_TSS_18818	3	+	21044458	21044510	24.02070999	21044510	0	52	52	52	52	52
CAGE_TSS_18820	3	+	21059915	21059891	119.6532516	21059891	0	-24	-24	-24	-24	24
CAGE_TSS_18822	3	+	21066152	21066165	6.304319859	21066165	0	13	13	13	13	13
CAGE_TSS_18833	3	+	21109761	21109619	36.47204971	21109619	0	-142	-142	-142	-142	142
CAGE_TSS_18836	3	+	21121360	21121305	15.22671986	21121305	0	-55	-55	-55	-55	55
CAGE_TSS_18837	3	+	21123890	21124051	132.8054962	21124051	0	161	161	161	161	161
CAGE_TSS_18838	3	+	21125860	21125756	121.7161331	21125756	0	-104	-104	-104	-104	104
CAGE_TSS_18840	3	+	21138952	21138674	60.40816879	21138674	0	-278	-278	-278	-278	278
CAGE_TSS_18845	3	+	21177422	21177418	2082.124756	21177418	0	-4	-4	-4	-4	4
CAGE_TSS_18848	3	+	21193865	21193629	92.69249725	21193629	0	-236	-236	-236	-236	236
CAGE_TSS_18854	3	+	21219008	21218884	17.93823051	21218884	0	-124	-124	-124	-124	124
CAGE_TSS_18856	3	+	21225541	21225527	11.40205002	21225527	0	-14	-14	-14	-14	14
CAGE_TSS_18858	3	+	21233700	21233612	6549.513184	21233612	0	-88	-88	-88	-88	88
CAGE_TSS_18859	3	+	21238415	21238353	21.46626091	21238353	0	-62	-62	-62	-62	62
CAGE_TSS_18861	3	+	21261933	21261924	103.6834869	21261924	0	-9	-9	-9	-9	9
CAGE_TSS_18862	3	+	21281908	21281763	161.169693	21281763	0	-145	-145	-145	-145	145
CAGE_TSS_18864	3	+	21306700	21306756	5.974870205	21306756	0	56	56	56	56	56
CAGE_TSS_18871	3	+	21349622	21349660	15.04014015	21349660	0	38	38	38	38	38
CAGE_TSS_18873	3	+	21370902	21370825	14.20499039	21370825	0	-77	-77	-77	-77	77
CAGE_TSS_18879	3	+	21394045	21393909	26.49909973	21393909	0	-136	-136	-136	-136	136
CAGE_TSS_18881	3	+	21397678	21397509	16.41053963	21397509	0	-169	-169	-169	-169	169
CAGE_TSS_18885	3	+	21438203	21438000	47.89764023	21438000	0	-203	-203	-203	-203	203
CAGE_TSS_18887	3	+	21449351	21449270	5.358890057	21449270	0	-81	-81	-81	-81	81
CAGE_TSS_18893	3	+	21484427	21484395	104.7974777	21484395	0	-32	-32	-32	-32	32
CAGE_TSS_18895	3	+	21488532	21488512	176.901123	21488512	0	-20	-20	-20	-20	20
CAGE_TSS_18897	3	+	21516744	21516621	16.61893082	21516621	0	-123	-123	-123	-123	123
CAGE_TSS_18901	3	+	21544110	21544088	11.04640007	21544088	0	-22	-22	-22	-22	22
CAGE_TSS_18903	3	+	21632859	21632712	12.51385975	21632712	0	-147	-147	-147	-147	147
CAGE_TSS_18904	3	+	21640055	21640038	9.641420364	21640038	0	-17	-17	-17	-17	17
CAGE_TSS_18907	3	+	21656503	21656403	8.904170036	21656403	0	-100	-100	-100	-100	100
CAGE_TSS_18921	3	+	21709222	21709305	236.041626	21709305	0	83	83	83	83	83
CAGE_TSS_18922	3	+	21711617	21711563	8.681019783	21711563	0	-54	-54	-54	-54	54
CAGE_TSS_18925	3	+	21715036	21715176	7.669390202	21715176	0	140	140	140	140	140
CAGE_TSS_18927	3	+	21716216	21716315	16.1145401	21716315	0	99	99	99	99	99
CAGE_TSS_18930	3	+	21728704	21728678	70.67105103	21728678	0	-26	-26	-26	-26	26
CAGE_TSS_18935	3	+	21752452	21752595	5.601130009	21752595	0	143	143	143	143	143
CAGE_TSS_18940	3	+	21832373	21832331	8.404399872	21832331	0	-42	-42	-42	-42	42
CAGE_TSS_18945	3	+	21854739	21854658	48.84550858	21854658	0	-81	-81	-81	-81	81
CAGE_TSS_18946	3	+	21872778	21872527	152.9756165	21872527	0	-251	-251	-251	-251	251
CAGE_TSS_18952	3	+	21918486	21918560	8.862620354	21918560	0	74	74	74	74	74
CAGE_TSS_18953	3	+	21932526	21932259	88.5372467	21932259	0	-267	-267	-267	-267	267
CAGE_TSS_18957	3	+	21948459	21948459	10.90816021	21948459	0	0	0	0	0	0
CAGE_TSS_18959	3	+	21970354	21970319	7.20138979	21970319	0	-35	-35	-35	-35	35
CAGE_TSS_18961	3	+	21986551	21986453	10.83434963	21986453	0	-98	-98	-98	-98	98
CAGE_TSS_18964	3	+	21991805	21991756	5.981910229	21991756	0	-49	-49	-49	-49	49
CAGE_TSS_18967	3	+	22009071	22009037	28.57799911	22009037	0	-34	-34	-34	-34	34
CAGE_TSS_18970	3	+	22028762	22028538	5.894879818	22028538	0	-224	-224	-224	-224	224
CAGE_TSS_18972	3	+	22039475	22039428	17.82089996	22039428	0	-47	-47	-47	-47	47
CAGE_TSS_18974	3	+	22048819	22048592	11.94633961	22048592	0	-227	-227	-227	-227	227
CAGE_TSS_18977	3	+	22086502	22086425	6.214849949	22086425	0	-77	-77	-77	-77	77
CAGE_TSS_18980	3	+	22120882	22120891	43.23397827	22120891	0	9	9	9	9	9
CAGE_TSS_18981	3	+	22122419	22122299	34.89099121	22122299	0	-120	-120	-120	-120	120
CAGE_TSS_18984	3	+	22129728	22129636	5.880869865	22129636	0	-92	-92	-92	-92	92
CAGE_TSS_18985	3	+	22135047	22134923	16.48110008	22134923	0	-124	-124	-124	-124	124
CAGE_TSS_18989	3	+	22142903	22142638	499.6904297	22142638	0	-265	-265	-265	-265	265
CAGE_TSS_18990	3	+	22143834	22143892	28.4179306	22143892	0	58	58	58	58	58
CAGE_TSS_18992	3	+	22151220	22151301	14.15705013	22151301	0	81	81	81	81	81
CAGE_TSS_18996	3	+	22187562	22187512	84.86785126	22187512	0	-50	-50	-50	-50	50
CAGE_TSS_18998	3	+	22197920	22197645	635.088623	22197645	0	-275	-275	-275	-275	275
CAGE_TSS_19000	3	+	22210244	22210236	41.21318817	22210236	0	-8	-8	-8	-8	8
CAGE_TSS_19003	3	+	22216673	22216445	430.5262146	22216445	0	-228	-228	-228	-228	228
CAGE_TSS_19004	3	+	22222122	22221961	104.6423416	22221961	0	-161	-161	-161	-161	161
CAGE_TSS_19006	3	+	22249236	22249163	76.54196167	22249163	0	-73	-73	-73	-73	73
CAGE_TSS_19014	3	+	22273930	22273879	31.2047596	22273879	0	-51	-51	-51	-51	51
CAGE_TSS_19024	3	+	22304159	22303974	12.12654018	22303974	0	-185	-185	-185	-185	185
CAGE_TSS_19027	3	+	22320773	22320608	58.78110123	22320608	0	-165	-165	-165	-165	165
CAGE_TSS_19028	3	+	22329074	22329043	29.44601059	22329043	0	-31	-31	-31	-31	31
CAGE_TSS_19031	3	+	22334430	22334385	5.950150013	22334385	0	-45	-45	-45	-45	45
CAGE_TSS_19032	3	+	22337858	22337725	47.01514053	22337725	0	-133	-133	-133	-133	133
CAGE_TSS_19033	3	+	22340956	22340913	27.98398018	22340913	0	-43	-43	-43	-43	43
CAGE_TSS_19036	3	+	22373319	22373392	18.95615959	22373392	0	73	73	73	73	73
CAGE_TSS_19038	3	+	22374155	22374387	35.96583939	22374387	0	232	232	232	232	232
CAGE_TSS_19043	3	+	22400404	22400459	18.7509594	22400459	0	55	55	55	55	55
CAGE_TSS_19047	3	+	22406423	22406423	8.078399658	22406423	0	0	0	0	0	0
CAGE_TSS_19048	3	+	22415841	22415738	14.36330032	22415738	0	-103	-103	-103	-103	103
CAGE_TSS_19067	3	+	22457306	22457197	15.75465012	22457197	0	-109	-109	-109	-109	109
CAGE_TSS_19071	3	+	22481922	22481757	6.067130089	22481757	0	-165	-165	-165	-165	165
CAGE_TSS_19074	3	+	22494822	22494830	12.58510971	22494830	0	8	8	8	8	8
CAGE_TSS_19075	3	+	22501688	22501606	9.879810333	22501606	0	-82	-82	-82	-82	82
CAGE_TSS_19076	3	+	22514027	22514043	25.03619003	22514043	0	16	16	16	16	16
CAGE_TSS_19077	3	+	22535721	22535743	13.09391975	22535743	0	22	22	22	22	22
CAGE_TSS_19080	3	+	22562973	22562916	6.259980202	22562916	0	-57	-57	-57	-57	57
CAGE_TSS_19081	3	+	22575592	22575535	67.88720703	22575535	0	-57	-57	-57	-57	57
CAGE_TSS_19082	3	+	22597284	22597245	16.25682068	22597245	0	-39	-39	-39	-39	39
CAGE_TSS_19084	3	+	22603016	22602881	31.45630074	22602881	0	-135	-135	-135	-135	135
CAGE_TSS_19091	3	+	22622007	22621879	26.41474915	22621879	0	-128	-128	-128	-128	128
CAGE_TSS_19094	3	+	22626264	22626194	10.05799007	22626194	0	-70	-70	-70	-70	70
CAGE_TSS_19095	3	+	22630608	22630574	762.295105	22630574	0	-34	-34	-34	-34	34
CAGE_TSS_19097	3	+	22645585	22645566	18.46948051	22645566	0	-19	-19	-19	-19	19
CAGE_TSS_19099	3	+	22662986	22662877	5.749380112	22662877	0	-109	-109	-109	-109	109
CAGE_TSS_19103	3	+	22666183	22666229	16.8115406	22666229	0	46	46	46	46	46
CAGE_TSS_19118	3	+	22735809	22735590	102.4767532	22735590	0	-219	-219	-219	-219	219
CAGE_TSS_19124	3	+	22741733	22741859	18.35399055	22741859	0	126	126	126	126	126
CAGE_TSS_19127	3	+	22746464	22746516	8.491570473	22746516	0	52	52	52	52	52
CAGE_TSS_19128	3	+	22747058	22747150	5.779910088	22747150	0	92	92	92	92	92
CAGE_TSS_19130	3	+	22758064	22757990	16.96552086	22757990	0	-74	-74	-74	-74	74
CAGE_TSS_19133	3	+	22776384	22776294	255.7180939	22776294	0	-90	-90	-90	-90	90
CAGE_TSS_19135	3	+	22777797	22777720	74.61222839	22777720	0	-77	-77	-77	-77	77
CAGE_TSS_19137	3	+	22786064	22785876	589.9553833	22785876	0	-188	-188	-188	-188	188
CAGE_TSS_19139	3	+	22792122	22791977	49.84582901	22791977	0	-145	-145	-145	-145	145
CAGE_TSS_19140	3	+	22795590	22795572	16.04762077	22795572	0	-18	-18	-18	-18	18
CAGE_TSS_19147	3	+	22818589	22818380	19.44433975	22818380	0	-209	-209	-209	-209	209
CAGE_TSS_19148	3	+	22823514	22823403	25.26044083	22823403	0	-111	-111	-111	-111	111
CAGE_TSS_19149	3	+	22827763	22827486	73.01329803	22827486	0	-277	-277	-277	-277	277
CAGE_TSS_19155	3	+	22887699	22887513	43.96916962	22887513	0	-186	-186	-186	-186	186
CAGE_TSS_19158	3	+	22895329	22895365	23.8696804	22895365	0	36	36	36	36	36
CAGE_TSS_19163	3	+	22922001	22921900	53.80176163	22921900	0	-101	-101	-101	-101	101
CAGE_TSS_19168	3	+	22951490	22951475	354.7183838	22951475	0	-15	-15	-15	-15	15
CAGE_TSS_19169	3	+	22964676	22964602	11.06857967	22964602	0	-74	-74	-74	-74	74
CAGE_TSS_19171	3	+	22973647	22973540	15.60999012	22973540	0	-107	-107	-107	-107	107
CAGE_TSS_19182	3	+	23004945	23004901	7.600800037	23004901	0	-44	-44	-44	-44	44
CAGE_TSS_19183	3	+	23007228	23007036	15.45823002	23007036	0	-192	-192	-192	-192	192
CAGE_TSS_19198	3	+	23090948	23090822	65.25369263	23090822	0	-126	-126	-126	-126	126
CAGE_TSS_19200	3	+	23098031	23097830	6.494440079	23097830	0	-201	-201	-201	-201	201
CAGE_TSS_19202	3	+	23116387	23116161	160.8738403	23116161	0	-226	-226	-226	-226	226
CAGE_TSS_19204	3	+	23120007	23120044	6.95472002	23120044	0	37	37	37	37	37
CAGE_TSS_19212	3	+	23142532	23142539	7.996109962	23142539	0	7	7	7	7	7
CAGE_TSS_19213	3	+	23146919	23146728	25.24671936	23146728	0	-191	-191	-191	-191	191
CAGE_TSS_19215	3	+	23159830	23159641	213.8361053	23159641	0	-189	-189	-189	-189	189
CAGE_TSS_19216	3	+	23168041	23167859	73.87545013	23167859	0	-182	-182	-182	-182	182
CAGE_TSS_19217	3	+	23168520	23168398	444.5470886	23168398	0	-122	-122	-122	-122	122
CAGE_TSS_19219	3	+	23172925	23173043	14.37977982	23173043	0	118	118	118	118	118
CAGE_TSS_19227	3	+	23214370	23214221	18.02128029	23214221	0	-149	-149	-149	-149	149
CAGE_TSS_19230	3	+	23227713	23227724	19.80887985	23227724	0	11	11	11	11	11
CAGE_TSS_19232	3	+	23232385	23232482	22.85988045	23232482	0	97	97	97	97	97
CAGE_TSS_19234	3	+	23233369	23233663	31.83283043	23233663	0	294	294	294	294	294
CAGE_TSS_19244	3	+	23283651	23283507	45.18186188	23283507	0	-144	-144	-144	-144	144
CAGE_TSS_19246	3	+	23289461	23289488	50.04933167	23289488	0	27	27	27	27	27
CAGE_TSS_19247	3	+	23295342	23295354	24.31748009	23295354	0	12	12	12	12	12
CAGE_TSS_19248	3	+	23302328	23302198	1074.094971	23302198	0	-130	-130	-130	-130	130
CAGE_TSS_19249	3	+	23310108	23310046	8.167229652	23310046	0	-62	-62	-62	-62	62
CAGE_TSS_19252	3	+	23313001	23312844	9.199379921	23312844	0	-157	-157	-157	-157	157
CAGE_TSS_19253	3	+	23313582	23313610	9.267370224	23313610	0	28	28	28	28	28
CAGE_TSS_19256	3	+	23345895	23345950	8.473409653	23345950	0	55	55	55	55	55
CAGE_TSS_19257	3	+	23353807	23353840	6.974030018	23353840	0	33	33	33	33	33
CAGE_TSS_19259	3	+	23381662	23381779	6.430210114	23381779	0	117	117	117	117	117
CAGE_TSS_19260	3	+	23384987	23384936	13.13743973	23384936	0	-51	-51	-51	-51	51
CAGE_TSS_19261	3	+	23402108	23401981	29.97607994	23401981	0	-127	-127	-127	-127	127
CAGE_TSS_19262	3	+	23411115	23411067	22.94072914	23411067	0	-48	-48	-48	-48	48
CAGE_TSS_19266	3	+	23417289	23417235	7.645959854	23417235	0	-54	-54	-54	-54	54
CAGE_TSS_19269	3	+	23427018	23426913	110.1028595	23426913	0	-105	-105	-105	-105	105
CAGE_TSS_19278	3	+	23450535	23450365	30.0762291	23450365	0	-170	-170	-170	-170	170
CAGE_TSS_19280	3	+	23452922	23452889	8.384490013	23452889	0	-33	-33	-33	-33	33
CAGE_TSS_23149	4	+	17793	17722	17.92543983	17722	0	-71	-71	-71	-71	71
CAGE_TSS_23155	4	+	34142	34019	7.384119987	34019	0	-123	-123	-123	-123	123
CAGE_TSS_23163	4	+	95215	95331	8.742219925	95331	0	116	116	116	116	116
CAGE_TSS_23165	4	+	128660	128655	44.74996185	128655	0	-5	-5	-5	-5	5
CAGE_TSS_23166	4	+	131468	131415	16.5694294	131415	0	-53	-53	-53	-53	53
CAGE_TSS_23169	4	+	148885	148642	46.63430023	148642	0	-243	-243	-243	-243	243
CAGE_TSS_23170	4	+	154751	154738	7.546010017	154738	0	-13	-13	-13	-13	13
CAGE_TSS_23173	4	+	160865	160898	211.9950714	160898	0	33	33	33	33	33
CAGE_TSS_23177	4	+	193638	193370	125.6480637	193370	0	-268	-268	-268	-268	268
CAGE_TSS_23180	4	+	200927	200759	415.8945618	200759	0	-168	-168	-168	-168	168
CAGE_TSS_23182	4	+	222417	222199	20.23337936	222199	0	-218	-218	-218	-218	218
CAGE_TSS_23190	4	+	289858	289824	32.63095856	289824	0	-34	-34	-34	-34	34
CAGE_TSS_23194	4	+	325065	325061	17.37932014	325061	0	-4	-4	-4	-4	4
CAGE_TSS_23196	4	+	334732	334667	39.88566971	334667	0	-65	-65	-65	-65	65
CAGE_TSS_23198	4	+	349103	349134	318.365448	349134	0	31	31	31	31	31
CAGE_TSS_23202	4	+	357464	357442	19.41519928	357442	0	-22	-22	-22	-22	22
CAGE_TSS_23205	4	+	387807	387697	15.5742197	387697	0	-110	-110	-110	-110	110
CAGE_TSS_23212	4	+	426969	426863	34.40055084	426863	0	-106	-106	-106	-106	106
CAGE_TSS_23215	4	+	447051	447090	68.14629364	447090	0	39	39	39	39	39
CAGE_TSS_23217	4	+	455803	455626	17.75682068	455626	0	-177	-177	-177	-177	177
CAGE_TSS_23224	4	+	460459	460389	346.3147583	460389	0	-70	-70	-70	-70	70
CAGE_TSS_23236	4	+	522827	522880	17.93456078	522880	0	53	53	53	53	53
CAGE_TSS_23238	4	+	535241	535222	10.71413994	535222	0	-19	-19	-19	-19	19
CAGE_TSS_23243	4	+	553414	553274	44.00244141	553274	0	-140	-140	-140	-140	140
CAGE_TSS_23245	4	+	564699	564663	16.92362976	564663	0	-36	-36	-36	-36	36
CAGE_TSS_23247	4	+	567169	567058	7.790450096	567058	0	-111	-111	-111	-111	111
CAGE_TSS_23254	4	+	620789	620518	42.72554016	620518	0	-271	-271	-271	-271	271
CAGE_TSS_23256	4	+	626117	626095	117.0307617	626095	0	-22	-22	-22	-22	22
CAGE_TSS_23266	4	+	685748	685668	6.95472002	685668	0	-80	-80	-80	-80	80
CAGE_TSS_23268	4	+	690709	690603	20.29508018	690603	0	-106	-106	-106	-106	106
CAGE_TSS_23270	4	+	694791	694671	10.64698982	694671	0	-120	-120	-120	-120	120
CAGE_TSS_23275	4	+	708569	708589	52.1919899	708589	0	20	20	20	20	20
CAGE_TSS_23280	4	+	735753	735688	6.23800993	735688	0	-65	-65	-65	-65	65
CAGE_TSS_23289	4	+	793395	793335	49.64479065	793335	0	-60	-60	-60	-60	60
CAGE_TSS_23290	4	+	808673	808593	23.89163017	808593	0	-80	-80	-80	-80	80
CAGE_TSS_23291	4	+	813096	813024	29.58662987	813024	0	-72	-72	-72	-72	72
CAGE_TSS_23298	4	+	873070	873003	29.42610931	873003	0	-67	-67	-67	-67	67
CAGE_TSS_23299	4	+	881184	880957	97.342453	880957	0	-227	-227	-227	-227	227
CAGE_TSS_23306	4	+	905874	905822	5.311450005	905822	0	-52	-52	-52	-52	52
CAGE_TSS_23317	4	+	972658	972559	81.84516907	972559	0	-99	-99	-99	-99	99
CAGE_TSS_23319	4	+	985240	985127	638.0693359	985127	0	-113	-113	-113	-113	113
CAGE_TSS_23320	4	+	994926	994932	11.14840984	994932	0	6	6	6	6	6
CAGE_TSS_23326	4	+	1032412	1032368	14.20499039	1032368	0	-44	-44	-44	-44	44
CAGE_TSS_23329	4	+	1038095	1037994	26.53097916	1037994	0	-101	-101	-101	-101	101
CAGE_TSS_23331	4	+	1042378	1042341	5.861859798	1042341	0	-37	-37	-37	-37	37
CAGE_TSS_23336	4	+	1072550	1072415	104.3797989	1072415	0	-135	-135	-135	-135	135
CAGE_TSS_23346	4	+	1104571	1104636	5.240039825	1104636	0	65	65	65	65	65
CAGE_TSS_23354	4	+	1117153	1116955	9.95306015	1116955	0	-198	-198	-198	-198	198
CAGE_TSS_23364	4	+	1144003	1143783	96.71956635	1143783	0	-220	-220	-220	-220	220
CAGE_TSS_23367	4	+	1151644	1151542	47.5527916	1151542	0	-102	-102	-102	-102	102
CAGE_TSS_23368	4	+	1154006	1154023	51.19561005	1154023	0	17	17	17	17	17
CAGE_TSS_23377	4	+	1250076	1249940	79.46125793	1249940	0	-136	-136	-136	-136	136
CAGE_TSS_23381	4	+	1264648	1264619	18.93223953	1264619	0	-29	-29	-29	-29	29
CAGE_TSS_23384	4	+	1292682	1292520	26.28750038	1292520	0	-162	-162	-162	-162	162
CAGE_TSS_23388	4	+	1306502	1306556	81.74156952	1306556	0	54	54	54	54	54
CAGE_TSS_23391	4	+	1324141	1324143	5.743579865	1324143	0	2	2	2	2	2
CAGE_TSS_23395	4	+	1358383	1358298	1190.156616	1358298	0	-85	-85	-85	-85	85
CAGE_TSS_23398	4	+	1392240	1392094	286.1885681	1392094	0	-146	-146	-146	-146	146
CAGE_TSS_23407	4	+	1428196	1428081	126.3703079	1428081	0	-115	-115	-115	-115	115
CAGE_TSS_23416	4	+	1464401	1464404	27.78606987	1464404	0	3	3	3	3	3
CAGE_TSS_23422	4	+	1511772	1511803	33.89028931	1511803	0	31	31	31	31	31
CAGE_TSS_23428	4	+	1573316	1573437	9.033619881	1573437	0	121	121	121	121	121
CAGE_TSS_23429	4	+	1580213	1579935	1112.401367	1579935	0	-278	-278	-278	-278	278
CAGE_TSS_23438	4	+	1779925	1779921	21.48707008	1779921	0	-4	-4	-4	-4	4
CAGE_TSS_23445	4	+	1874899	1875151	9.818320274	1875151	0	252	252	252	252	252
CAGE_TSS_23449	4	+	1887607	1887563	10.74588013	1887563	0	-44	-44	-44	-44	44
CAGE_TSS_23458	4	+	1939182	1939142	625.7206421	1939142	0	-40	-40	-40	-40	40
CAGE_TSS_23471	4	+	2024565	2024421	7.314089775	2024421	0	-144	-144	-144	-144	144
CAGE_TSS_23473	4	+	2030359	2030170	1196.30249	2030170	0	-189	-189	-189	-189	189
CAGE_TSS_23476	4	+	2036589	2036466	9.149869919	2036466	0	-123	-123	-123	-123	123
CAGE_TSS_23479	4	+	2113441	2113338	23.8696804	2113338	0	-103	-103	-103	-103	103
CAGE_TSS_23480	4	+	2122795	2122597	105.7811127	2122597	0	-198	-198	-198	-198	198
CAGE_TSS_23493	4	+	2290015	2290047	17.5116291	2290047	0	32	32	32	32	32
CAGE_TSS_23502	4	+	2367534	2367462	117.5205612	2367462	0	-72	-72	-72	-72	72
CAGE_TSS_23505	4	+	2417955	2417856	281.5509338	2417856	0	-99	-99	-99	-99	99
CAGE_TSS_23514	4	+	2453008	2453134	23.38199043	2453134	0	126	126	126	126	126
CAGE_TSS_23518	4	+	2497802	2497727	35.46274948	2497727	0	-75	-75	-75	-75	75
CAGE_TSS_23520	4	+	2506162	2506283	31.37194061	2506283	0	121	121	121	121	121
CAGE_TSS_23522	4	+	2533055	2532956	303.7351074	2532956	0	-99	-99	-99	-99	99
CAGE_TSS_23523	4	+	2536932	2536839	26.08159065	2536839	0	-93	-93	-93	-93	93
CAGE_TSS_23528	4	+	2567359	2567176	189.8061676	2567176	0	-183	-183	-183	-183	183
CAGE_TSS_23529	4	+	2572697	2572598	16.01950073	2572598	0	-99	-99	-99	-99	99
CAGE_TSS_23531	4	+	2578667	2578537	12.79808044	2578537	0	-130	-130	-130	-130	130
CAGE_TSS_23533	4	+	2587645	2587592	100.419899	2587592	0	-53	-53	-53	-53	53
CAGE_TSS_23535	4	+	2609146	2609212	5.337880135	2609212	0	66	66	66	66	66
CAGE_TSS_23536	4	+	2618456	2618368	21.46626091	2618368	0	-88	-88	-88	-88	88
CAGE_TSS_23538	4	+	2660347	2660397	15.21681976	2660397	0	50	50	50	50	50
CAGE_TSS_23539	4	+	2661611	2661601	42.72554016	2661601	0	-10	-10	-10	-10	10
CAGE_TSS_23541	4	+	2664414	2664393	5.304430008	2664393	0	-21	-21	-21	-21	21
CAGE_TSS_23544	4	+	2718013	2718011	172.8386536	2718011	0	-2	-2	-2	-2	2
CAGE_TSS_23554	4	+	2758689	2758505	11.60402966	2758505	0	-184	-184	-184	-184	184
CAGE_TSS_23558	4	+	2804397	2804368	10.45170021	2804368	0	-29	-29	-29	-29	29
CAGE_TSS_23559	4	+	2816427	2816266	19.30583954	2816266	0	-161	-161	-161	-161	161
CAGE_TSS_23634	4	+	4798041	4797984	6.169310093	4797984	0	-57	-57	-57	-57	57
CAGE_TSS_23645	4	+	4866627	4866419	83.24443817	4866419	0	-208	-208	-208	-208	208
CAGE_TSS_23647	4	+	4886981	4886865	15.56039047	4886865	0	-116	-116	-116	-116	116
CAGE_TSS_23663	4	+	5252817	5252645	24.00995064	5252645	0	-172	-172	-172	-172	172
CAGE_TSS_23677	4	+	5433657	5433691	18.41905022	5433691	0	34	34	34	34	34
CAGE_TSS_23678	4	+	5448132	5448034	47.90518188	5448034	0	-98	-98	-98	-98	98
CAGE_TSS_23679	4	+	5461485	5461500	5.084290028	5461500	0	15	15	15	15	15
CAGE_TSS_23684	4	+	5550549	5550419	66.93618774	5550419	0	-130	-130	-130	-130	130
CAGE_TSS_23688	4	+	5637697	5637697	20.33243942	5637697	0	0	0	0	0	0
CAGE_TSS_23692	4	+	5712346	5712253	13.54638958	5712253	0	-93	-93	-93	-93	93
CAGE_TSS_23694	4	+	5724186	5723980	123.9068604	5723980	0	-206	-206	-206	-206	206
CAGE_TSS_23699	4	+	5729489	5729483	50.92763901	5729483	0	-6	-6	-6	-6	6
CAGE_TSS_23701	4	+	5740305	5740371	380.0295105	5740371	0	66	66	66	66	66
CAGE_TSS_23706	4	+	5758395	5758523	40.57769012	5758523	0	128	128	128	128	128
CAGE_TSS_23708	4	+	5775379	5775138	28.22470093	5775138	0	-241	-241	-241	-241	241
CAGE_TSS_23717	4	+	5828616	5828482	65.22741699	5828482	0	-134	-134	-134	-134	134
CAGE_TSS_23719	4	+	5839683	5839645	420.2529907	5839645	0	-38	-38	-38	-38	38
CAGE_TSS_23721	4	+	5847432	5847242	370.5960388	5847242	0	-190	-190	-190	-190	190
CAGE_TSS_23730	4	+	5992992	5992926	56.66468048	5992926	0	-66	-66	-66	-66	66
CAGE_TSS_23733	4	+	6018170	6017934	34.99380875	6017934	0	-236	-236	-236	-236	236
CAGE_TSS_23735	4	+	6049547	6049443	45.22631836	6049443	0	-104	-104	-104	-104	104
CAGE_TSS_23737	4	+	6083713	6083544	75.95024109	6083544	0	-169	-169	-169	-169	169
CAGE_TSS_23739	4	+	6116739	6116768	5.500289917	6116768	0	29	29	29	29	29
CAGE_TSS_23740	4	+	6133002	6132820	6.619740009	6132820	0	-182	-182	-182	-182	182
CAGE_TSS_23756	4	+	6234660	6234575	8.349860191	6234575	0	-85	-85	-85	-85	85
CAGE_TSS_23762	4	+	6308713	6308622	9.033619881	6308622	0	-91	-91	-91	-91	91
CAGE_TSS_23766	4	+	6314889	6314604	58.01522064	6314604	0	-285	-285	-285	-285	285
CAGE_TSS_23770	4	+	6322456	6322318	16.04969978	6322318	0	-138	-138	-138	-138	138
CAGE_TSS_23773	4	+	6346463	6346408	12.0017004	6346408	0	-55	-55	-55	-55	55
CAGE_TSS_23774	4	+	6352887	6352636	39.22739029	6352636	0	-251	-251	-251	-251	251
CAGE_TSS_23776	4	+	6374735	6374628	65.22741699	6374628	0	-107	-107	-107	-107	107
CAGE_TSS_23777	4	+	6384528	6384427	5.122980118	6384427	0	-101	-101	-101	-101	101
CAGE_TSS_23780	4	+	6406541	6406605	6.630149841	6406605	0	64	64	64	64	64
CAGE_TSS_23782	4	+	6408147	6407942	11.46370983	6407942	0	-205	-205	-205	-205	205
CAGE_TSS_23783	4	+	6420501	6420269	223.2530365	6420269	0	-232	-232	-232	-232	232
CAGE_TSS_23787	4	+	6557254	6556966	47.37781906	6556966	0	-288	-288	-288	-288	288
CAGE_TSS_23792	4	+	6618684	6618704	14.26953983	6618704	0	20	20	20	20	20
CAGE_TSS_23794	4	+	6631514	6631334	6.331339836	6631334	0	-180	-180	-180	-180	180
CAGE_TSS_23797	4	+	6656550	6656684	7.059279919	6656684	0	134	134	134	134	134
CAGE_TSS_23811	4	+	6799980	6799860	11.64912987	6799860	0	-120	-120	-120	-120	120
CAGE_TSS_23820	4	+	6826643	6826535	19.91970062	6826535	0	-108	-108	-108	-108	108
CAGE_TSS_23822	4	+	6836105	6836128	10.08864975	6836128	0	23	23	23	23	23
CAGE_TSS_23824	4	+	6847162	6847133	8.590330124	6847133	0	-29	-29	-29	-29	29
CAGE_TSS_23827	4	+	6864096	6863959	90.75647736	6863959	0	-137	-137	-137	-137	137
CAGE_TSS_23830	4	+	6877907	6877749	107.6157227	6877749	0	-158	-158	-158	-158	158
CAGE_TSS_23839	4	+	6901488	6901392	37.76142883	6901392	0	-96	-96	-96	-96	96
CAGE_TSS_23842	4	+	6906296	6906353	27.65568924	6906353	0	57	57	57	57	57
CAGE_TSS_23847	4	+	6955620	6955334	5.03249979	6955334	0	-286	-286	-286	-286	286
CAGE_TSS_23853	4	+	7004354	7004348	19.44433975	7004348	0	-6	-6	-6	-6	6
CAGE_TSS_23863	4	+	7042621	7042389	158.3261566	7042389	0	-232	-232	-232	-232	232
CAGE_TSS_23867	4	+	7090353	7090112	6.986199856	7090112	0	-241	-241	-241	-241	241
CAGE_TSS_23872	4	+	7156306	7156091	9.498009682	7156091	0	-215	-215	-215	-215	215
CAGE_TSS_23874	4	+	7196449	7196456	51.98561859	7196456	0	7	7	7	7	7
CAGE_TSS_23877	4	+	7214709	7214536	16.34810066	7214536	0	-173	-173	-173	-173	173
CAGE_TSS_23879	4	+	7231905	7231969	8.05366993	7231969	0	64	64	64	64	64
CAGE_TSS_23882	4	+	7239438	7239636	10.67943954	7239636	0	198	198	198	198	198
CAGE_TSS_23883	4	+	7254045	7253985	8.226050377	7253985	0	-60	-60	-60	-60	60
CAGE_TSS_23885	4	+	7279579	7279466	5.79598999	7279466	0	-113	-113	-113	-113	113
CAGE_TSS_23886	4	+	7284596	7284448	60.2571907	7284448	0	-148	-148	-148	-148	148
CAGE_TSS_23893	4	+	7303994	7303838	9.163820267	7303838	0	-156	-156	-156	-156	156
CAGE_TSS_23901	4	+	7314970	7314682	5.556869984	7314682	0	-288	-288	-288	-288	288
CAGE_TSS_23903	4	+	7333964	7333964	6.95472002	7333964	0	0	0	0	0	0
CAGE_TSS_23904	4	+	7336494	7336554	94.72315979	7336554	0	60	60	60	60	60
CAGE_TSS_23920	4	+	7487566	7487584	7.337930202	7487584	0	18	18	18	18	18
CAGE_TSS_23925	4	+	7521439	7521390	12.79808044	7521390	0	-49	-49	-49	-49	49
CAGE_TSS_23926	4	+	7522086	7522348	7.146649837	7522348	0	262	262	262	262	262
CAGE_TSS_23937	4	+	7603139	7602881	15.1928997	7602881	0	-258	-258	-258	-258	258
CAGE_TSS_23939	4	+	7613295	7613341	9.033619881	7613341	0	46	46	46	46	46
CAGE_TSS_23941	4	+	7617553	7617467	15.05200005	7617467	0	-86	-86	-86	-86	86
CAGE_TSS_23943	4	+	7641506	7641364	7.295080185	7641364	0	-142	-142	-142	-142	142
CAGE_TSS_23945	4	+	7653644	7653657	10.10190964	7653657	0	13	13	13	13	13
CAGE_TSS_23948	4	+	7683684	7683885	8.864640236	7683885	0	201	201	201	201	201
CAGE_TSS_23949	4	+	7731285	7731054	6.946489811	7731054	0	-231	-231	-231	-231	231
CAGE_TSS_23954	4	+	7760429	7760137	220.5603027	7760137	0	-292	-292	-292	-292	292
CAGE_TSS_23969	4	+	7843195	7843287	13.54638958	7843287	0	92	92	92	92	92
CAGE_TSS_23975	4	+	7858182	7858129	63.20500946	7858129	0	-53	-53	-53	-53	53
CAGE_TSS_23978	4	+	7866782	7866757	482.8877869	7866757	0	-25	-25	-25	-25	25
CAGE_TSS_23992	4	+	7948642	7948415	93.41977692	7948415	0	-227	-227	-227	-227	227
CAGE_TSS_23995	4	+	7962428	7962367	111.6490021	7962367	0	-61	-61	-61	-61	61
CAGE_TSS_23998	4	+	8011410	8011312	22.47250938	8011312	0	-98	-98	-98	-98	98
CAGE_TSS_24001	4	+	8012355	8012237	86.81658173	8012237	0	-118	-118	-118	-118	118
CAGE_TSS_24002	4	+	8020954	8020695	7.028470039	8020695	0	-259	-259	-259	-259	259
CAGE_TSS_24009	4	+	8054865	8054766	9.810529709	8054766	0	-99	-99	-99	-99	99
CAGE_TSS_24012	4	+	8084250	8084161	38.90475845	8084161	0	-89	-89	-89	-89	89
CAGE_TSS_24023	4	+	8167448	8167478	9.643639565	8167478	0	30	30	30	30	30
CAGE_TSS_24028	4	+	8244128	8244008	6.249549866	8244008	0	-120	-120	-120	-120	120
CAGE_TSS_24033	4	+	8300033	8299884	125.3557434	8299884	0	-149	-149	-149	-149	149
CAGE_TSS_24042	4	+	8341338	8341330	6.997260094	8341330	0	-8	-8	-8	-8	8
CAGE_TSS_24044	4	+	8344654	8344611	50.45962906	8344611	0	-43	-43	-43	-43	43
CAGE_TSS_24047	4	+	8361059	8360947	149.2156372	8360947	0	-112	-112	-112	-112	112
CAGE_TSS_24049	4	+	8374336	8374325	242.5388947	8374325	0	-11	-11	-11	-11	11
CAGE_TSS_24057	4	+	8397735	8397509	20.55028915	8397509	0	-226	-226	-226	-226	226
CAGE_TSS_24059	4	+	8419801	8419701	1417.42981	8419701	0	-100	-100	-100	-100	100
CAGE_TSS_24060	4	+	8422214	8422175	6.804309845	8422175	0	-39	-39	-39	-39	39
CAGE_TSS_24061	4	+	8459566	8459295	123.0917282	8459295	0	-271	-271	-271	-271	271
CAGE_TSS_24062	4	+	8470332	8470340	375.3545532	8470340	0	8	8	8	8	8
CAGE_TSS_24068	4	+	8510961	8510808	7.545080185	8510808	0	-153	-153	-153	-153	153
CAGE_TSS_24070	4	+	8517215	8517250	10.57122993	8517250	0	35	35	35	35	35
CAGE_TSS_24074	4	+	8541862	8541740	6.338749886	8541740	0	-122	-122	-122	-122	122
CAGE_TSS_24079	4	+	8551309	8551329	15.12043953	8551329	0	20	20	20	20	20
CAGE_TSS_24083	4	+	8575385	8575392	95.74539185	8575392	0	7	7	7	7	7
CAGE_TSS_24088	4	+	8614159	8614124	10.71296024	8614124	0	-35	-35	-35	-35	35
CAGE_TSS_24092	4	+	8637713	8637599	22.65560913	8637599	0	-114	-114	-114	-114	114
CAGE_TSS_24094	4	+	8646150	8646351	5.122980118	8646351	0	201	201	201	201	201
CAGE_TSS_24097	4	+	8651448	8651497	7.955850124	8651497	0	49	49	49	49	49
CAGE_TSS_24106	4	+	8708865	8708632	37.8320694	8708632	0	-233	-233	-233	-233	233
CAGE_TSS_24115	4	+	8817083	8817158	42.24779892	8817158	0	75	75	75	75	75
CAGE_TSS_24118	4	+	8827814	8827539	212.2795868	8827539	0	-275	-275	-275	-275	275
CAGE_TSS_24119	4	+	8835494	8835667	18.98811913	8835667	0	173	173	173	173	173
CAGE_TSS_24120	4	+	8837456	8837206	16.25682068	8837206	0	-250	-250	-250	-250	250
CAGE_TSS_24121	4	+	8839382	8839254	263.2917786	8839254	0	-128	-128	-128	-128	128
CAGE_TSS_24125	4	+	8845880	8845859	8.753669739	8845859	0	-21	-21	-21	-21	21
CAGE_TSS_24126	4	+	8852957	8852958	17.90940094	8852958	0	1	1	1	1	1
CAGE_TSS_24133	4	+	8875919	8876069	10.90579033	8876069	0	150	150	150	150	150
CAGE_TSS_24139	4	+	8884013	8884034	16.25682068	8884034	0	21	21	21	21	21
CAGE_TSS_24152	4	+	8890865	8890694	6.23800993	8890694	0	-171	-171	-171	-171	171
CAGE_TSS_24153	4	+	8892612	8892646	5.204639912	8892646	0	34	34	34	34	34
CAGE_TSS_24156	4	+	8913841	8913553	95.94915771	8913553	0	-288	-288	-288	-288	288
CAGE_TSS_24157	4	+	8917434	8917675	22.4929409	8917675	0	241	241	241	241	241
CAGE_TSS_24186	4	+	9029041	9029193	7.177110195	9029193	0	152	152	152	152	152
CAGE_TSS_24190	4	+	9038322	9038308	9.894869804	9038308	0	-14	-14	-14	-14	14
CAGE_TSS_24198	4	+	9096361	9096438	24.31299019	9096438	0	77	77	77	77	77
CAGE_TSS_24199	4	+	9105673	9105804	6.035369873	9105804	0	131	131	131	131	131
CAGE_TSS_24200	4	+	9112685	9112596	14.20499039	9112596	0	-89	-89	-89	-89	89
CAGE_TSS_24203	4	+	9128958	9128984	54.72422028	9128984	0	26	26	26	26	26
CAGE_TSS_24217	4	+	9200205	9200095	25.51902962	9200095	0	-110	-110	-110	-110	110
CAGE_TSS_24218	4	+	9205015	9204999	156.6399841	9204999	0	-16	-16	-16	-16	16
CAGE_TSS_24220	4	+	9245170	9244933	11.69157028	9244933	0	-237	-237	-237	-237	237
CAGE_TSS_24224	4	+	9254569	9254285	334.7138977	9254285	0	-284	-284	-284	-284	284
CAGE_TSS_24225	4	+	9255045	9254938	23.17168045	9254938	0	-107	-107	-107	-107	107
CAGE_TSS_24227	4	+	9255861	9255822	101.5624695	9255822	0	-39	-39	-39	-39	39
CAGE_TSS_24228	4	+	9257950	9257746	2708.706299	9257746	0	-204	-204	-204	-204	204
CAGE_TSS_24236	4	+	9290898	9290976	9.178759575	9290976	0	78	78	78	78	78
CAGE_TSS_24242	4	+	9336820	9336809	11.70625019	9336809	0	-11	-11	-11	-11	11
CAGE_TSS_24245	4	+	9372458	9372211	91.94463348	9372211	0	-247	-247	-247	-247	247
CAGE_TSS_24251	4	+	9385219	9385173	6.581110001	9385173	0	-46	-46	-46	-46	46
CAGE_TSS_24252	4	+	9386190	9386249	7.706180096	9386249	0	59	59	59	59	59
CAGE_TSS_24254	4	+	9398548	9398472	9.822790146	9398472	0	-76	-76	-76	-76	76
CAGE_TSS_24256	4	+	9411868	9411764	14.16345024	9411764	0	-104	-104	-104	-104	104
CAGE_TSS_24258	4	+	9449204	9449141	36.33172989	9449141	0	-63	-63	-63	-63	63
CAGE_TSS_24259	4	+	9470457	9470376	10.01257038	9470376	0	-81	-81	-81	-81	81
CAGE_TSS_24270	4	+	9506207	9506061	18.41905022	9506061	0	-146	-146	-146	-146	146
CAGE_TSS_24275	4	+	9560134	9559956	142.1636353	9559956	0	-178	-178	-178	-178	178
CAGE_TSS_24286	4	+	9604507	9604540	24.33431053	9604540	0	33	33	33	33	33
CAGE_TSS_24287	4	+	9638173	9638022	34.81232071	9638022	0	-151	-151	-151	-151	151
CAGE_TSS_24292	4	+	9669363	9669265	47.58211899	9669265	0	-98	-98	-98	-98	98
CAGE_TSS_24295	4	+	9673989	9673858	189.6181335	9673858	0	-131	-131	-131	-131	131
CAGE_TSS_24299	4	+	9699255	9699216	77.86076355	9699216	0	-39	-39	-39	-39	39
CAGE_TSS_24303	4	+	9701446	9701292	20.55307007	9701292	0	-154	-154	-154	-154	154
CAGE_TSS_24304	4	+	9706130	9705984	80.05127716	9705984	0	-146	-146	-146	-146	146
CAGE_TSS_24307	4	+	9739680	9739550	641.6002808	9739550	0	-130	-130	-130	-130	130
CAGE_TSS_24309	4	+	9759324	9759179	84.51750946	9759179	0	-145	-145	-145	-145	145
CAGE_TSS_24323	4	+	9803981	9803962	8.737549782	9803962	0	-19	-19	-19	-19	19
CAGE_TSS_24326	4	+	9816555	9816263	60.46657181	9816263	0	-292	-292	-292	-292	292
CAGE_TSS_24327	4	+	9818019	9817768	19.28473091	9817768	0	-251	-251	-251	-251	251
CAGE_TSS_24328	4	+	9819442	9819423	8.513449669	9819423	0	-19	-19	-19	-19	19
CAGE_TSS_24329	4	+	9821959	9821900	46.34751892	9821900	0	-59	-59	-59	-59	59
CAGE_TSS_24330	4	+	9825238	9825152	29.38034058	9825152	0	-86	-86	-86	-86	86
CAGE_TSS_24331	4	+	9827515	9827460	5.412350178	9827460	0	-55	-55	-55	-55	55
CAGE_TSS_24334	4	+	9865135	9865158	41.27592087	9865158	0	23	23	23	23	23
CAGE_TSS_24337	4	+	9876430	9876245	298.3424683	9876245	0	-185	-185	-185	-185	185
CAGE_TSS_24344	4	+	9915897	9915825	78.97354889	9915825	0	-72	-72	-72	-72	72
CAGE_TSS_24347	4	+	9937034	9936901	79.69194031	9936901	0	-133	-133	-133	-133	133
CAGE_TSS_24350	4	+	9945932	9945983	6.078949928	9945983	0	51	51	51	51	51
CAGE_TSS_24364	4	+	10030692	10030718	145.3290558	10030718	0	26	26	26	26	26
CAGE_TSS_24366	4	+	10038085	10038118	17.9574604	10038118	0	33	33	33	33	33
CAGE_TSS_24369	4	+	10055449	10055476	9.189350128	10055476	0	27	27	27	27	27
CAGE_TSS_24378	4	+	10082108	10081949	21.41275978	10081949	0	-159	-159	-159	-159	159
CAGE_TSS_24385	4	+	10152491	10152292	12.71267986	10152292	0	-199	-199	-199	-199	199
CAGE_TSS_24392	4	+	10197016	10197003	10.78314972	10197003	0	-13	-13	-13	-13	13
CAGE_TSS_24396	4	+	10217397	10217369	28.23225021	10217369	0	-28	-28	-28	-28	28
CAGE_TSS_24398	4	+	10231374	10231204	34.80743027	10231204	0	-170	-170	-170	-170	170
CAGE_TSS_24402	4	+	10237591	10237544	6.766469955	10237544	0	-47	-47	-47	-47	47
CAGE_TSS_24411	4	+	10275949	10275886	128.5340271	10275886	0	-63	-63	-63	-63	63
CAGE_TSS_24412	4	+	10296408	10296336	140.6484528	10296336	0	-72	-72	-72	-72	72
CAGE_TSS_24421	4	+	10337342	10337120	212.1268921	10337120	0	-222	-222	-222	-222	222
CAGE_TSS_24422	4	+	10352607	10352615	53.82088089	10352615	0	8	8	8	8	8
CAGE_TSS_24425	4	+	10366131	10366070	10.16098976	10366070	0	-61	-61	-61	-61	61
CAGE_TSS_24426	4	+	10370768	10370559	35.69063187	10370559	0	-209	-209	-209	-209	209
CAGE_TSS_24428	4	+	10375463	10375435	18.82349968	10375435	0	-28	-28	-28	-28	28
CAGE_TSS_24431	4	+	10398904	10398801	12.49773026	10398801	0	-103	-103	-103	-103	103
CAGE_TSS_24432	4	+	10414545	10414481	115.3744583	10414481	0	-64	-64	-64	-64	64
CAGE_TSS_24438	4	+	10469664	10469483	88.83402252	10469483	0	-181	-181	-181	-181	181
CAGE_TSS_24439	4	+	10477295	10477296	32.10474014	10477296	0	1	1	1	1	1
CAGE_TSS_24440	4	+	10481787	10481800	4.205450058	10481800	0	13	13	13	13	13
CAGE_TSS_24443	4	+	10485153	10484976	95.92716217	10484976	0	-177	-177	-177	-177	177
CAGE_TSS_24445	4	+	10493304	10493328	6.984729767	10493328	0	24	24	24	24	24
CAGE_TSS_24446	4	+	10498914	10498937	8.019330025	10498937	0	23	23	23	23	23
CAGE_TSS_24449	4	+	10501208	10501181	10.16162014	10501181	0	-27	-27	-27	-27	27
CAGE_TSS_24450	4	+	10521378	10521276	76.7114563	10521276	0	-102	-102	-102	-102	102
CAGE_TSS_24452	4	+	10578497	10578412	113.8786621	10578412	0	-85	-85	-85	-85	85
CAGE_TSS_24453	4	+	10606420	10606480	18.70384979	10606480	0	60	60	60	60	60
CAGE_TSS_24458	4	+	10633772	10633821	17.14027023	10633821	0	49	49	49	49	49
CAGE_TSS_24459	4	+	10651929	10651780	5.909490108	10651780	0	-149	-149	-149	-149	149
CAGE_TSS_24461	4	+	10657383	10657463	8.563799858	10657463	0	80	80	80	80	80
CAGE_TSS_24467	4	+	10693239	10693041	15.99779034	10693041	0	-198	-198	-198	-198	198
CAGE_TSS_24470	4	+	10713268	10713004	314.2792664	10713004	0	-264	-264	-264	-264	264
CAGE_TSS_24471	4	+	10724971	10724814	33.17491913	10724814	0	-157	-157	-157	-157	157
CAGE_TSS_24472	4	+	10774275	10774117	75.64923096	10774117	0	-158	-158	-158	-158	158
CAGE_TSS_24478	4	+	10813340	10813509	214.7634125	10813509	0	169	169	169	169	169
CAGE_TSS_24483	4	+	10832446	10832388	85.60758972	10832388	0	-58	-58	-58	-58	58
CAGE_TSS_24485	4	+	10842031	10841996	14.54314995	10841996	0	-35	-35	-35	-35	35
CAGE_TSS_24494	4	+	10883905	10883892	33.40156937	10883892	0	-13	-13	-13	-13	13
CAGE_TSS_24498	4	+	10942213	10942275	320.5947266	10942275	0	62	62	62	62	62
CAGE_TSS_24504	4	+	10955438	10955479	14.48178959	10955479	0	41	41	41	41	41
CAGE_TSS_24506	4	+	10957263	10956998	40.25537109	10956998	0	-265	-265	-265	-265	265
CAGE_TSS_24509	4	+	10974467	10974368	9.033619881	10974368	0	-99	-99	-99	-99	99
CAGE_TSS_24510	4	+	10979787	10979553	88.24714661	10979553	0	-234	-234	-234	-234	234
CAGE_TSS_24513	4	+	10989970	10989867	7.080580235	10989867	0	-103	-103	-103	-103	103
CAGE_TSS_24518	4	+	11004579	11004541	9.654250145	11004541	0	-38	-38	-38	-38	38
CAGE_TSS_24519	4	+	11005296	11005450	5.507460117	11005450	0	154	154	154	154	154
CAGE_TSS_24522	4	+	11105323	11105268	66.98114777	11105268	0	-55	-55	-55	-55	55
CAGE_TSS_24524	4	+	11129027	11128935	10.41403961	11128935	0	-92	-92	-92	-92	92
CAGE_TSS_24527	4	+	11155455	11155486	357.7579346	11155486	0	31	31	31	31	31
CAGE_TSS_24531	4	+	11156962	11156949	6.158979893	11156949	0	-13	-13	-13	-13	13
CAGE_TSS_24532	4	+	11157900	11158082	17.75205994	11158082	0	182	182	182	182	182
CAGE_TSS_24534	4	+	11182092	11182043	21.08674049	11182043	0	-49	-49	-49	-49	49
CAGE_TSS_24537	4	+	11211946	11211732	50.72396851	11211732	0	-214	-214	-214	-214	214
CAGE_TSS_24550	4	+	11284169	11284181	5.990260124	11284181	0	12	12	12	12	12
CAGE_TSS_24563	4	+	11334430	11334382	16.28269958	11334382	0	-48	-48	-48	-48	48
CAGE_TSS_24567	4	+	11340441	11340283	7.875460148	11340283	0	-158	-158	-158	-158	158
CAGE_TSS_24568	4	+	11345977	11345909	25.19817924	11345909	0	-68	-68	-68	-68	68
CAGE_TSS_24570	4	+	11374501	11374363	10.74588013	11374363	0	-138	-138	-138	-138	138
CAGE_TSS_24572	4	+	11424760	11424683	10.44149971	11424683	0	-77	-77	-77	-77	77
CAGE_TSS_24574	4	+	11426055	11426004	8.719650269	11426004	0	-51	-51	-51	-51	51
CAGE_TSS_24581	4	+	11456139	11456097	17.28326035	11456097	0	-42	-42	-42	-42	42
CAGE_TSS_24582	4	+	11459567	11459486	5.116809845	11459486	0	-81	-81	-81	-81	81
CAGE_TSS_24589	4	+	11491482	11491519	96.14402771	11491519	0	37	37	37	37	37
CAGE_TSS_24591	4	+	11511062	11511045	14.66963959	11511045	0	-17	-17	-17	-17	17
CAGE_TSS_24594	4	+	11542495	11542475	25.26449966	11542475	0	-20	-20	-20	-20	20
CAGE_TSS_24595	4	+	11544902	11544918	26.69066048	11544918	0	16	16	16	16	16
CAGE_TSS_24596	4	+	11545902	11545924	58.87149048	11545924	0	22	22	22	22	22
CAGE_TSS_24599	4	+	11555184	11555152	64.64050293	11555152	0	-32	-32	-32	-32	32
CAGE_TSS_24601	4	+	11561185	11561145	27.36425018	11561145	0	-40	-40	-40	-40	40
CAGE_TSS_24606	4	+	11572789	11572716	28.49353981	11572716	0	-73	-73	-73	-73	73
CAGE_TSS_24608	4	+	11601916	11601852	7.876080036	11601852	0	-64	-64	-64	-64	64
CAGE_TSS_24612	4	+	11639756	11639674	41.21318817	11639674	0	-82	-82	-82	-82	82
CAGE_TSS_24615	4	+	11640806	11640774	480.2767944	11640774	0	-32	-32	-32	-32	32
CAGE_TSS_24619	4	+	11655690	11655570	17.40620995	11655570	0	-120	-120	-120	-120	120
CAGE_TSS_24623	4	+	11723643	11723657	11.55459023	11723657	0	14	14	14	14	14
CAGE_TSS_24624	4	+	11733143	11733213	20.05666924	11733213	0	70	70	70	70	70
CAGE_TSS_24631	4	+	11773337	11773335	16.40262985	11773335	0	-2	-2	-2	-2	2
CAGE_TSS_24632	4	+	11791361	11791353	459.5843506	11791353	0	-8	-8	-8	-8	8
CAGE_TSS_24636	4	+	11797599	11797430	22.85371017	11797430	0	-169	-169	-169	-169	169
CAGE_TSS_24637	4	+	11807648	11807546	19.30176926	11807546	0	-102	-102	-102	-102	102
CAGE_TSS_24641	4	+	11859536	11859525	10.27779007	11859525	0	-11	-11	-11	-11	11
CAGE_TSS_24644	4	+	11907463	11907432	10.80346012	11907432	0	-31	-31	-31	-31	31
CAGE_TSS_24647	4	+	11918165	11917978	16.91123009	11917978	0	-187	-187	-187	-187	187
CAGE_TSS_24651	4	+	11929874	11929885	11.64912987	11929885	0	11	11	11	11	11
CAGE_TSS_24653	4	+	11934968	11934719	99.40872192	11934719	0	-249	-249	-249	-249	249
CAGE_TSS_24655	4	+	11941065	11941033	499.5209045	11941033	0	-32	-32	-32	-32	32
CAGE_TSS_24656	4	+	11958381	11958143	32.4716301	11958143	0	-238	-238	-238	-238	238
CAGE_TSS_24658	4	+	11984139	11983913	157.1426239	11983913	0	-226	-226	-226	-226	226
CAGE_TSS_24660	4	+	11997394	11997234	17.37100983	11997234	0	-160	-160	-160	-160	160
CAGE_TSS_24661	4	+	12007103	12006990	14.20499039	12006990	0	-113	-113	-113	-113	113
CAGE_TSS_24667	4	+	12012676	12012462	165.9322357	12012462	0	-214	-214	-214	-214	214
CAGE_TSS_24671	4	+	12043986	12043909	144.2214813	12043909	0	-77	-77	-77	-77	77
CAGE_TSS_24673	4	+	12080059	12079860	24.48648071	12079860	0	-199	-199	-199	-199	199
CAGE_TSS_24679	4	+	12138184	12138052	18.25709915	12138052	0	-132	-132	-132	-132	132
CAGE_TSS_24683	4	+	12192118	12192204	12.51593971	12192204	0	86	86	86	86	86
CAGE_TSS_24691	4	+	12225614	12225483	29.64409065	12225483	0	-131	-131	-131	-131	131
CAGE_TSS_24694	4	+	12237109	12237018	90.34928131	12237018	0	-91	-91	-91	-91	91
CAGE_TSS_24696	4	+	12249141	12249114	8.022939682	12249114	0	-27	-27	-27	-27	27
CAGE_TSS_24699	4	+	12264586	12264568	7.451889992	12264568	0	-18	-18	-18	-18	18
CAGE_TSS_24701	4	+	12279032	12278925	345.2573547	12278925	0	-107	-107	-107	-107	107
CAGE_TSS_24702	4	+	12291740	12291727	5.556869984	12291727	0	-13	-13	-13	-13	13
CAGE_TSS_24727	4	+	12366382	12366381	86.97441101	12366381	0	-1	-1	-1	-1	1
CAGE_TSS_24729	4	+	12376191	12376313	141.5436249	12376313	0	122	122	122	122	122
CAGE_TSS_24732	4	+	12387791	12387755	26.62858963	12387755	0	-36	-36	-36	-36	36
CAGE_TSS_24739	4	+	12414229	12414288	22.9429493	12414288	0	59	59	59	59	59
CAGE_TSS_24741	4	+	12419397	12419335	48.46537018	12419335	0	-62	-62	-62	-62	62
CAGE_TSS_24743	4	+	12422102	12422111	13.08681011	12422111	0	9	9	9	9	9
CAGE_TSS_24744	4	+	12424459	12424375	7.837679863	12424375	0	-84	-84	-84	-84	84
CAGE_TSS_24745	4	+	12426610	12426427	83.17397308	12426427	0	-183	-183	-183	-183	183
CAGE_TSS_24746	4	+	12431349	12431343	83.64198303	12431343	0	-6	-6	-6	-6	6
CAGE_TSS_24747	4	+	12436295	12436272	10.90857983	12436272	0	-23	-23	-23	-23	23
CAGE_TSS_24749	4	+	12442178	12442133	5.307559967	12442133	0	-45	-45	-45	-45	45
CAGE_TSS_24750	4	+	12451196	12451085	38.79705811	12451085	0	-111	-111	-111	-111	111
CAGE_TSS_24751	4	+	12456490	12456641	15.24302006	12456641	0	151	151	151	151	151
CAGE_TSS_24754	4	+	12479805	12479753	47.90518188	12479753	0	-52	-52	-52	-52	52
CAGE_TSS_24755	4	+	12486379	12486227	8.254719734	12486227	0	-152	-152	-152	-152	152
CAGE_TSS_24756	4	+	12488180	12488062	112.9604263	12488062	0	-118	-118	-118	-118	118
CAGE_TSS_24757	4	+	12497057	12497070	31.19518089	12497070	0	13	13	13	13	13
CAGE_TSS_24759	4	+	12503810	12503704	18.05120087	12503704	0	-106	-106	-106	-106	106
CAGE_TSS_24763	4	+	12515049	12514940	17.47867012	12514940	0	-109	-109	-109	-109	109
CAGE_TSS_24764	4	+	12524583	12524343	312.8571777	12524343	0	-240	-240	-240	-240	240
CAGE_TSS_24765	4	+	12527755	12527667	156.9695892	12527667	0	-88	-88	-88	-88	88
CAGE_TSS_24766	4	+	12539809	12539750	36.98392105	12539750	0	-59	-59	-59	-59	59
CAGE_TSS_24769	4	+	12563571	12563566	19.6931591	12563566	0	-5	-5	-5	-5	5
CAGE_TSS_24771	4	+	12565204	12565056	65.46880341	12565056	0	-148	-148	-148	-148	148
CAGE_TSS_24773	4	+	12571760	12571757	72.49466705	12571757	0	-3	-3	-3	-3	3
CAGE_TSS_24776	4	+	12588523	12588420	3.705319881	12588420	0	-103	-103	-103	-103	103
CAGE_TSS_24777	4	+	12590023	12590001	11.57161045	12590001	0	-22	-22	-22	-22	22
CAGE_TSS_24788	4	+	12612534	12612406	1554.38208	12612406	0	-128	-128	-128	-128	128
CAGE_TSS_24790	4	+	12617291	12617092	30.14249992	12617092	0	-199	-199	-199	-199	199
CAGE_TSS_24801	4	+	12645711	12645694	6.432059765	12645694	0	-17	-17	-17	-17	17
CAGE_TSS_24805	4	+	12660901	12660734	65.78439331	12660734	0	-167	-167	-167	-167	167
CAGE_TSS_24807	4	+	12686495	12686372	254.3576202	12686372	0	-123	-123	-123	-123	123
CAGE_TSS_24809	4	+	12696475	12696252	11.24913025	12696252	0	-223	-223	-223	-223	223
CAGE_TSS_24812	4	+	12741035	12741024	22.88965034	12741024	0	-11	-11	-11	-11	11
CAGE_TSS_24819	4	+	12777613	12777609	80.40751648	12777609	0	-4	-4	-4	-4	4
CAGE_TSS_24820	4	+	12781925	12781782	304.0860901	12781782	0	-143	-143	-143	-143	143
CAGE_TSS_24823	4	+	12814814	12814845	10.2378397	12814845	0	31	31	31	31	31
CAGE_TSS_24825	4	+	12827937	12827731	228.7287445	12827731	0	-206	-206	-206	-206	206
CAGE_TSS_24826	4	+	12830993	12831157	18.46025085	12831157	0	164	164	164	164	164
CAGE_TSS_24829	4	+	12864641	12864485	202.0352936	12864485	0	-156	-156	-156	-156	156
CAGE_TSS_24833	4	+	12870114	12869991	42.42531967	12869991	0	-123	-123	-123	-123	123
CAGE_TSS_24837	4	+	12876964	12876897	15.6415596	12876897	0	-67	-67	-67	-67	67
CAGE_TSS_24843	4	+	12909617	12909685	29.5323391	12909685	0	68	68	68	68	68
CAGE_TSS_24845	4	+	12918340	12918355	10.32044983	12918355	0	15	15	15	15	15
CAGE_TSS_24856	4	+	12969670	12969519	38.47771072	12969519	0	-151	-151	-151	-151	151
CAGE_TSS_24857	4	+	12972736	12972716	6.096739769	12972716	0	-20	-20	-20	-20	20
CAGE_TSS_24865	4	+	13027707	13027609	12.65505981	13027609	0	-98	-98	-98	-98	98
CAGE_TSS_24867	4	+	13048377	13048312	14.97990036	13048312	0	-65	-65	-65	-65	65
CAGE_TSS_24868	4	+	13052506	13052536	27.62717056	13052536	0	30	30	30	30	30
CAGE_TSS_24877	4	+	13088074	13088120	14.23534966	13088120	0	46	46	46	46	46
CAGE_TSS_24882	4	+	13120891	13120661	12.54827976	13120661	0	-230	-230	-230	-230	230
CAGE_TSS_24888	4	+	13133635	13133426	68.60559845	13133426	0	-209	-209	-209	-209	209
CAGE_TSS_24889	4	+	13136058	13136071	5.536530018	13136071	0	13	13	13	13	13
CAGE_TSS_24890	4	+	13139053	13139106	12.37362957	13139106	0	53	53	53	53	53
CAGE_TSS_24892	4	+	13154890	13154849	232.8814545	13154849	0	-41	-41	-41	-41	41
CAGE_TSS_24893	4	+	13161382	13161298	12.25030041	13161298	0	-84	-84	-84	-84	84
CAGE_TSS_24898	4	+	13163997	13163872	12.90209007	13163872	0	-125	-125	-125	-125	125
CAGE_TSS_24900	4	+	13177530	13177426	46.85250854	13177426	0	-104	-104	-104	-104	104
CAGE_TSS_24902	4	+	13197265	13197275	6.524129868	13197275	0	10	10	10	10	10
CAGE_TSS_24907	4	+	13217690	13217553	18.71003914	13217553	0	-137	-137	-137	-137	137
CAGE_TSS_24909	4	+	13232651	13232665	5.65391016	13232665	0	14	14	14	14	14
CAGE_TSS_24915	4	+	13240465	13240279	53.09917068	13240279	0	-186	-186	-186	-186	186
CAGE_TSS_24916	4	+	13242720	13242517	582.6789551	13242517	0	-203	-203	-203	-203	203
CAGE_TSS_24918	4	+	13255273	13255380	49.64501953	13255380	0	107	107	107	107	107
CAGE_TSS_24926	4	+	13293840	13293785	121.7438965	13293785	0	-55	-55	-55	-55	55
CAGE_TSS_24930	4	+	13355163	13355186	13.22192955	13355186	0	23	23	23	23	23
CAGE_TSS_24931	4	+	13361952	13361906	12.2757597	13361906	0	-46	-46	-46	-46	46
CAGE_TSS_24932	4	+	13365367	13365307	11.59971046	13365307	0	-60	-60	-60	-60	60
CAGE_TSS_24938	4	+	13380408	13380315	43.90901947	13380315	0	-93	-93	-93	-93	93
CAGE_TSS_24939	4	+	13383851	13383878	12.06233978	13383878	0	27	27	27	27	27
CAGE_TSS_24940	4	+	13388447	13388342	11.43871021	13388342	0	-105	-105	-105	-105	105
CAGE_TSS_24941	4	+	13391506	13391308	20.29795074	13391308	0	-198	-198	-198	-198	198
CAGE_TSS_24946	4	+	13395420	13395411	43.38097	13395411	0	-9	-9	-9	-9	9
CAGE_TSS_24947	4	+	13413598	13413508	5.479800224	13413508	0	-90	-90	-90	-90	90
CAGE_TSS_24949	4	+	13424604	13424557	10.95569992	13424557	0	-47	-47	-47	-47	47
CAGE_TSS_24950	4	+	13445097	13445009	103.7691498	13445009	0	-88	-88	-88	-88	88
CAGE_TSS_24952	4	+	13452197	13452209	24.61333084	13452209	0	12	12	12	12	12
CAGE_TSS_24954	4	+	13463116	13463261	117.1542282	13463261	0	145	145	145	145	145
CAGE_TSS_24961	4	+	13487585	13487629	124.0396118	13487629	0	44	44	44	44	44
CAGE_TSS_24965	4	+	13497356	13497190	7.809360027	13497190	0	-166	-166	-166	-166	166
CAGE_TSS_24966	4	+	13505356	13505122	43.46725845	13505122	0	-234	-234	-234	-234	234
CAGE_TSS_24969	4	+	13539616	13539626	14.41615963	13539626	0	10	10	10	10	10
CAGE_TSS_24977	4	+	13586514	13586343	43.86978149	13586343	0	-171	-171	-171	-171	171
CAGE_TSS_24981	4	+	13595485	13595451	54.33573914	13595451	0	-34	-34	-34	-34	34
CAGE_TSS_24985	4	+	13653611	13653381	30.29537964	13653381	0	-230	-230	-230	-230	230
CAGE_TSS_24987	4	+	13675635	13675724	40.75128937	13675724	0	89	89	89	89	89
CAGE_TSS_24989	4	+	13693961	13693690	9.810529709	13693690	0	-271	-271	-271	-271	271
CAGE_TSS_24990	4	+	13701258	13701171	8.923299789	13701171	0	-87	-87	-87	-87	87
CAGE_TSS_24995	4	+	13718578	13718873	34.60976028	13718873	0	295	295	295	295	295
CAGE_TSS_24999	4	+	13725590	13725562	42.36148834	13725562	0	-28	-28	-28	-28	28
CAGE_TSS_25005	4	+	13735056	13734940	11.99967003	13734940	0	-116	-116	-116	-116	116
CAGE_TSS_25007	4	+	13743168	13743074	163.9280548	13743074	0	-94	-94	-94	-94	94
CAGE_TSS_25016	4	+	13750243	13750011	176.0333252	13750011	0	-232	-232	-232	-232	232
CAGE_TSS_25019	4	+	13809834	13810002	26.21818924	13810002	0	168	168	168	168	168
CAGE_TSS_25020	4	+	13811644	13811737	16.21990967	13811737	0	93	93	93	93	93
CAGE_TSS_25021	4	+	13813043	13812997	126.6679611	13812997	0	-46	-46	-46	-46	46
CAGE_TSS_25022	4	+	13821111	13820974	39.22172928	13820974	0	-137	-137	-137	-137	137
CAGE_TSS_25023	4	+	13823597	13823607	11.10375023	13823607	0	10	10	10	10	10
CAGE_TSS_25026	4	+	13831120	13830996	167.8728333	13830996	0	-124	-124	-124	-124	124
CAGE_TSS_25036	4	+	13847580	13847478	42.37810898	13847478	0	-102	-102	-102	-102	102
CAGE_TSS_25038	4	+	13878923	13878933	2871.945557	13878933	0	10	10	10	10	10
CAGE_TSS_25040	4	+	13883265	13883422	473.086792	13883422	0	157	157	157	157	157
CAGE_TSS_25041	4	+	13890816	13890631	608.9971924	13890631	0	-185	-185	-185	-185	185
CAGE_TSS_25042	4	+	13894164	13894147	10.02344036	13894147	0	-17	-17	-17	-17	17
CAGE_TSS_25044	4	+	13930350	13930318	5.588500023	13930318	0	-32	-32	-32	-32	32
CAGE_TSS_25051	4	+	13985584	13985489	44.25693893	13985489	0	-95	-95	-95	-95	95
CAGE_TSS_25053	4	+	13992200	13992094	9.243769646	13992094	0	-106	-106	-106	-106	106
CAGE_TSS_25056	4	+	14004502	14004511	77.9526825	14004511	0	9	9	9	9	9
CAGE_TSS_25059	4	+	14014711	14014752	4.94343996	14014752	0	41	41	41	41	41
CAGE_TSS_25063	4	+	14034662	14034487	11.12178993	14034487	0	-175	-175	-175	-175	175
CAGE_TSS_25064	4	+	14048418	14048355	18.96295929	14048355	0	-63	-63	-63	-63	63
CAGE_TSS_25073	4	+	14073044	14072926	244.4765625	14072926	0	-118	-118	-118	-118	118
CAGE_TSS_25081	4	+	14119496	14119451	12.8223896	14119451	0	-45	-45	-45	-45	45
CAGE_TSS_25082	4	+	14129510	14129246	45.60350037	14129246	0	-264	-264	-264	-264	264
CAGE_TSS_25083	4	+	14142223	14142162	17.60049057	14142162	0	-61	-61	-61	-61	61
CAGE_TSS_25093	4	+	14199096	14199144	15.92868996	14199144	0	48	48	48	48	48
CAGE_TSS_25095	4	+	14201078	14200942	8.80795002	14200942	0	-136	-136	-136	-136	136
CAGE_TSS_25098	4	+	14207444	14207539	112.0835419	14207539	0	95	95	95	95	95
CAGE_TSS_25099	4	+	14215544	14215504	7.614309788	14215504	0	-40	-40	-40	-40	40
CAGE_TSS_25106	4	+	14246286	14246092	247.0362854	14246092	0	-194	-194	-194	-194	194
CAGE_TSS_25108	4	+	14251139	14251042	68.44460297	14251042	0	-97	-97	-97	-97	97
CAGE_TSS_25121	4	+	14307253	14307227	413.472229	14307227	0	-26	-26	-26	-26	26
CAGE_TSS_25135	4	+	14321807	14321758	190.8975525	14321758	0	-49	-49	-49	-49	49
CAGE_TSS_25146	4	+	14380780	14380680	10.87141037	14380680	0	-100	-100	-100	-100	100
CAGE_TSS_25160	4	+	14418677	14418649	46.75305176	14418649	0	-28	-28	-28	-28	28
CAGE_TSS_25163	4	+	14444818	14444617	44.68146896	14444617	0	-201	-201	-201	-201	201
CAGE_TSS_25170	4	+	14458685	14458705	7.563399792	14458705	0	20	20	20	20	20
CAGE_TSS_25177	4	+	14496082	14496020	15.1856699	14496020	0	-62	-62	-62	-62	62
CAGE_TSS_25179	4	+	14517426	14517278	793.0098877	14517278	0	-148	-148	-148	-148	148
CAGE_TSS_25187	4	+	14582987	14582821	60.59700012	14582821	0	-166	-166	-166	-166	166
CAGE_TSS_25188	4	+	14597693	14597697	16.66341972	14597697	0	4	4	4	4	4
CAGE_TSS_25191	4	+	14626416	14626215	3122.664551	14626215	0	-201	-201	-201	-201	201
CAGE_TSS_25193	4	+	14644011	14644055	1090.771851	14644055	0	44	44	44	44	44
CAGE_TSS_25196	4	+	14657048	14657137	37.85329819	14657137	0	89	89	89	89	89
CAGE_TSS_25198	4	+	14672867	14672843	32.26087189	14672843	0	-24	-24	-24	-24	24
CAGE_TSS_25200	4	+	14677284	14677349	163.8249817	14677349	0	65	65	65	65	65
CAGE_TSS_25201	4	+	14713432	14713442	45.47829819	14713442	0	10	10	10	10	10
CAGE_TSS_25204	4	+	14753474	14753575	13.4698801	14753575	0	101	101	101	101	101
CAGE_TSS_25210	4	+	14769007	14768953	56.61600113	14768953	0	-54	-54	-54	-54	54
CAGE_TSS_25211	4	+	14796763	14796708	28.08884048	14796708	0	-55	-55	-55	-55	55
CAGE_TSS_25215	4	+	14831863	14831881	14.55955029	14831881	0	18	18	18	18	18
CAGE_TSS_25218	4	+	14847940	14847830	402.1018982	14847830	0	-110	-110	-110	-110	110
CAGE_TSS_25221	4	+	14866987	14866914	20.25402069	14866914	0	-73	-73	-73	-73	73
CAGE_TSS_25226	4	+	14894168	14893945	84.2767334	14893945	0	-223	-223	-223	-223	223
CAGE_TSS_25231	4	+	14920533	14920495	10.74588013	14920495	0	-38	-38	-38	-38	38
CAGE_TSS_25236	4	+	14944178	14943889	162.4476624	14943889	0	-289	-289	-289	-289	289
CAGE_TSS_25238	4	+	14950335	14950216	18.18407059	14950216	0	-119	-119	-119	-119	119
CAGE_TSS_25244	4	+	14954317	14954069	5.911230087	14954069	0	-248	-248	-248	-248	248
CAGE_TSS_25245	4	+	14955378	14955096	17.32025909	14955096	0	-282	-282	-282	-282	282
CAGE_TSS_25246	4	+	14960717	14960542	9.354149818	14960542	0	-175	-175	-175	-175	175
CAGE_TSS_25249	4	+	14990361	14990160	71.20812988	14990160	0	-201	-201	-201	-201	201
CAGE_TSS_25251	4	+	15003451	15003381	5.621069908	15003381	0	-70	-70	-70	-70	70
CAGE_TSS_25254	4	+	15009477	15009523	6.804780006	15009523	0	46	46	46	46	46
CAGE_TSS_25257	4	+	15024521	15024277	30.69984055	15024277	0	-244	-244	-244	-244	244
CAGE_TSS_25262	4	+	15067057	15066925	54.39107132	15066925	0	-132	-132	-132	-132	132
CAGE_TSS_25266	4	+	15074730	15074588	166.7424316	15074588	0	-142	-142	-142	-142	142
CAGE_TSS_25268	4	+	15084141	15083979	93.67861176	15083979	0	-162	-162	-162	-162	162
CAGE_TSS_25269	4	+	15098138	15098014	5.675829887	15098014	0	-124	-124	-124	-124	124
CAGE_TSS_25272	4	+	15101355	15101223	18.38446045	15101223	0	-132	-132	-132	-132	132
CAGE_TSS_25274	4	+	15103164	15103088	17.56296921	15103088	0	-76	-76	-76	-76	76
CAGE_TSS_25277	4	+	15114333	15114459	31.38355064	15114459	0	126	126	126	126	126
CAGE_TSS_25285	4	+	15156675	15156507	5.962860107	15156507	0	-168	-168	-168	-168	168
CAGE_TSS_25288	4	+	15172002	15171816	5.096539974	15171816	0	-186	-186	-186	-186	186
CAGE_TSS_25289	4	+	15185990	15185856	8.497730255	15185856	0	-134	-134	-134	-134	134
CAGE_TSS_25300	4	+	15202295	15202116	7.706180096	15202116	0	-179	-179	-179	-179	179
CAGE_TSS_25301	4	+	15205592	15205330	277.7894287	15205330	0	-262	-262	-262	-262	262
CAGE_TSS_25305	4	+	15216355	15216291	45.09893036	15216291	0	-64	-64	-64	-64	64
CAGE_TSS_25308	4	+	15233073	15232855	7.314750195	15232855	0	-218	-218	-218	-218	218
CAGE_TSS_25311	4	+	15248455	15248518	16.93103981	15248518	0	63	63	63	63	63
CAGE_TSS_25313	4	+	15263238	15263115	29.54039955	15263115	0	-123	-123	-123	-123	123
CAGE_TSS_25317	4	+	15268559	15268330	5.696589947	15268330	0	-229	-229	-229	-229	229
CAGE_TSS_25320	4	+	15295201	15295225	8.245149612	15295225	0	24	24	24	24	24
CAGE_TSS_25322	4	+	15306678	15306727	11.38164997	15306727	0	49	49	49	49	49
CAGE_TSS_25325	4	+	15331041	15330969	40.80651855	15330969	0	-72	-72	-72	-72	72
CAGE_TSS_25326	4	+	15361092	15361064	16.29283905	15361064	0	-28	-28	-28	-28	28
CAGE_TSS_25328	4	+	15374108	15374053	113.1814117	15374053	0	-55	-55	-55	-55	55
CAGE_TSS_25330	4	+	15377256	15377082	8.975270271	15377082	0	-174	-174	-174	-174	174
CAGE_TSS_25334	4	+	15402783	15402660	110.1500015	15402660	0	-123	-123	-123	-123	123
CAGE_TSS_25335	4	+	15410135	15410127	17.37641907	15410127	0	-8	-8	-8	-8	8
CAGE_TSS_25340	4	+	15464719	15464689	84.63568115	15464689	0	-30	-30	-30	-30	30
CAGE_TSS_25343	4	+	15469895	15469860	11.18255043	15469860	0	-35	-35	-35	-35	35
CAGE_TSS_25349	4	+	15490748	15490577	197.2554932	15490577	0	-171	-171	-171	-171	171
CAGE_TSS_25353	4	+	15494301	15494470	5.35763979	15494470	0	169	169	169	169	169
CAGE_TSS_25357	4	+	15501078	15501070	37.56211853	15501070	0	-8	-8	-8	-8	8
CAGE_TSS_25362	4	+	15528761	15528640	42.9324913	15528640	0	-121	-121	-121	-121	121
CAGE_TSS_25364	4	+	15544891	15544684	13.41965008	15544684	0	-207	-207	-207	-207	207
CAGE_TSS_25366	4	+	15583386	15583388	22.15209007	15583388	0	2	2	2	2	2
CAGE_TSS_25367	4	+	15585679	15585674	45.63993073	15585674	0	-5	-5	-5	-5	5
CAGE_TSS_25368	4	+	15592894	15592775	13.67661953	15592775	0	-119	-119	-119	-119	119
CAGE_TSS_25377	4	+	15617465	15617246	55.84989166	15617246	0	-219	-219	-219	-219	219
CAGE_TSS_25381	4	+	15638616	15638602	1603.936646	15638602	0	-14	-14	-14	-14	14
CAGE_TSS_25382	4	+	15656685	15656578	43.68857956	15656578	0	-107	-107	-107	-107	107
CAGE_TSS_25384	4	+	15676404	15676314	547.3136597	15676314	0	-90	-90	-90	-90	90
CAGE_TSS_25394	4	+	15731444	15731499	5.294429779	15731499	0	55	55	55	55	55
CAGE_TSS_25397	4	+	15756157	15756081	6.543889999	15756081	0	-76	-76	-76	-76	76
CAGE_TSS_25398	4	+	15765438	15765423	5.911230087	15765423	0	-15	-15	-15	-15	15
CAGE_TSS_25401	4	+	15787240	15787241	5.197249889	15787241	0	1	1	1	1	1
CAGE_TSS_25403	4	+	15799163	15799059	94.54653168	15799059	0	-104	-104	-104	-104	104
CAGE_TSS_25406	4	+	15804917	15804824	14.68614006	15804824	0	-93	-93	-93	-93	93
CAGE_TSS_25409	4	+	15812010	15811974	70.90609741	15811974	0	-36	-36	-36	-36	36
CAGE_TSS_25410	4	+	15819535	15819669	106.4433136	15819669	0	134	134	134	134	134
CAGE_TSS_25413	4	+	15842470	15842342	78.31596375	15842342	0	-128	-128	-128	-128	128
CAGE_TSS_25418	4	+	15862143	15861950	115.0355988	15861950	0	-193	-193	-193	-193	193
CAGE_TSS_25420	4	+	15875469	15875542	81.91149139	15875542	0	73	73	73	73	73
CAGE_TSS_25427	4	+	15922102	15922081	18.94189072	15922081	0	-21	-21	-21	-21	21
CAGE_TSS_25428	4	+	15924755	15924670	5.066150188	15924670	0	-85	-85	-85	-85	85
CAGE_TSS_25429	4	+	15935447	15935349	24.05739021	15935349	0	-98	-98	-98	-98	98
CAGE_TSS_25434	4	+	15948488	15948335	35.93066025	15948335	0	-153	-153	-153	-153	153
CAGE_TSS_25435	4	+	15960017	15959977	83.98970795	15959977	0	-40	-40	-40	-40	40
CAGE_TSS_25441	4	+	16000555	16000410	33.3433609	16000410	0	-145	-145	-145	-145	145
CAGE_TSS_25447	4	+	16072027	16071892	6.116320133	16071892	0	-135	-135	-135	-135	135
CAGE_TSS_25450	4	+	16080885	16080703	7.817659855	16080703	0	-182	-182	-182	-182	182
CAGE_TSS_25452	4	+	16091814	16091521	1613.2677	16091521	0	-293	-293	-293	-293	293
CAGE_TSS_25468	4	+	16155513	16155593	16.27882957	16155593	0	80	80	80	80	80
CAGE_TSS_25473	4	+	16169138	16168979	80.93550873	16168979	0	-159	-159	-159	-159	159
CAGE_TSS_25479	4	+	16186817	16186879	27.00147057	16186879	0	62	62	62	62	62
CAGE_TSS_25481	4	+	16200591	16200352	19.54018021	16200352	0	-239	-239	-239	-239	239
CAGE_TSS_25484	4	+	16260508	16260567	37.73889923	16260567	0	59	59	59	59	59
CAGE_TSS_25486	4	+	16263236	16263174	11.02493954	16263174	0	-62	-62	-62	-62	62
CAGE_TSS_25487	4	+	16266114	16265933	39.55619812	16265933	0	-181	-181	-181	-181	181
CAGE_TSS_25488	4	+	16268049	16268122	5.40625	16268122	0	73	73	73	73	73
CAGE_TSS_25490	4	+	16271903	16271899	19.56520081	16271899	0	-4	-4	-4	-4	4
CAGE_TSS_25491	4	+	16272320	16272378	7.342549801	16272378	0	58	58	58	58	58
CAGE_TSS_25495	4	+	16295373	16295361	1304.911011	16295361	0	-12	-12	-12	-12	12
CAGE_TSS_25500	4	+	16310778	16310586	59.41875839	16310586	0	-192	-192	-192	-192	192
CAGE_TSS_25503	4	+	16311430	16311579	22.08963966	16311579	0	149	149	149	149	149
CAGE_TSS_25504	4	+	16311896	16312076	137.3035278	16312076	0	180	180	180	180	180
CAGE_TSS_25509	4	+	16330427	16330505	10.0639801	16330505	0	78	78	78	78	78
CAGE_TSS_25511	4	+	16336400	16336444	8.742219925	16336444	0	44	44	44	44	44
CAGE_TSS_25520	4	+	16341060	16340935	261.9385376	16340935	0	-125	-125	-125	-125	125
CAGE_TSS_25522	4	+	16345290	16345122	8901.851562	16345122	0	-168	-168	-168	-168	168
CAGE_TSS_25524	4	+	16354974	16355017	14.23534966	16355017	0	43	43	43	43	43
CAGE_TSS_25527	4	+	16356523	16356732	214.0424957	16356732	0	209	209	209	209	209
CAGE_TSS_25528	4	+	16357649	16357409	152.8355865	16357409	0	-240	-240	-240	-240	240
CAGE_TSS_25535	4	+	16407070	16406864	10.23686981	16406864	0	-206	-206	-206	-206	206
CAGE_TSS_25541	4	+	16434351	16434325	50.1475296	16434325	0	-26	-26	-26	-26	26
CAGE_TSS_25543	4	+	16441230	16441125	61.63441086	16441125	0	-105	-105	-105	-105	105
CAGE_TSS_25554	4	+	16498389	16498286	481.8235168	16498286	0	-103	-103	-103	-103	103
CAGE_TSS_25558	4	+	16507630	16507411	7.105639935	16507411	0	-219	-219	-219	-219	219
CAGE_TSS_25561	4	+	16521903	16521857	18.05120087	16521857	0	-46	-46	-46	-46	46
CAGE_TSS_25563	4	+	16536799	16536679	12.63877964	16536679	0	-120	-120	-120	-120	120
CAGE_TSS_25564	4	+	16538359	16538179	30.88112068	16538179	0	-180	-180	-180	-180	180
CAGE_TSS_25567	4	+	16542353	16542335	307.2153931	16542335	0	-18	-18	-18	-18	18
CAGE_TSS_25572	4	+	16553407	16553174	84.67549133	16553174	0	-233	-233	-233	-233	233
CAGE_TSS_25577	4	+	16577393	16577404	167.1799164	16577404	0	11	11	11	11	11
CAGE_TSS_25579	4	+	16591229	16590991	478.7794495	16590991	0	-238	-238	-238	-238	238
CAGE_TSS_25581	4	+	16596613	16596432	1168.672241	16596432	0	-181	-181	-181	-181	181
CAGE_TSS_25584	4	+	16606288	16606221	7.038730145	16606221	0	-67	-67	-67	-67	67
CAGE_TSS_25585	4	+	16614395	16614166	80.99360657	16614166	0	-229	-229	-229	-229	229
CAGE_TSS_25589	4	+	16635682	16635628	65.73301697	16635628	0	-54	-54	-54	-54	54
CAGE_TSS_25590	4	+	16636209	16636388	4.460659981	16636388	0	179	179	179	179	179
CAGE_TSS_25593	4	+	16648615	16648347	6.626920223	16648347	0	-268	-268	-268	-268	268
CAGE_TSS_25595	4	+	16658067	16658266	10.67138004	16658266	0	199	199	199	199	199
CAGE_TSS_25596	4	+	16673058	16673061	18.5949707	16673061	0	3	3	3	3	3
CAGE_TSS_25600	4	+	16680490	16680387	48.26374054	16680387	0	-103	-103	-103	-103	103
CAGE_TSS_25602	4	+	16694231	16694091	12.58285046	16694091	0	-140	-140	-140	-140	140
CAGE_TSS_25611	4	+	16752611	16752570	78.36987305	16752570	0	-41	-41	-41	-41	41
CAGE_TSS_25616	4	+	16802008	16802047	129.1688232	16802047	0	39	39	39	39	39
CAGE_TSS_25633	4	+	16846300	16846380	28.36712074	16846380	0	80	80	80	80	80
CAGE_TSS_25635	4	+	16857314	16857283	29.01478958	16857283	0	-31	-31	-31	-31	31
CAGE_TSS_25637	4	+	16873831	16873793	19.89816093	16873793	0	-38	-38	-38	-38	38
CAGE_TSS_25638	4	+	16881356	16881344	7.68377018	16881344	0	-12	-12	-12	-12	12
CAGE_TSS_25641	4	+	16901620	16901356	356.9599915	16901356	0	-264	-264	-264	-264	264
CAGE_TSS_25642	4	+	16904144	16904138	37.48255157	16904138	0	-6	-6	-6	-6	6
CAGE_TSS_25653	4	+	16945021	16944885	8.975250244	16944885	0	-136	-136	-136	-136	136
CAGE_TSS_25656	4	+	16952515	16952375	8.484959602	16952375	0	-140	-140	-140	-140	140
CAGE_TSS_25660	4	+	16990199	16990162	8.220930099	16990162	0	-37	-37	-37	-37	37
CAGE_TSS_25661	4	+	16993084	16993053	37.37855148	16993053	0	-31	-31	-31	-31	31
CAGE_TSS_25664	4	+	17004594	17004342	8.895050049	17004342	0	-252	-252	-252	-252	252
CAGE_TSS_25666	4	+	17018938	17018656	30.91389084	17018656	0	-282	-282	-282	-282	282
CAGE_TSS_25667	4	+	17021388	17021392	41.49707031	17021392	0	4	4	4	4	4
CAGE_TSS_25669	4	+	17035028	17035006	194.2779541	17035006	0	-22	-22	-22	-22	22
CAGE_TSS_25674	4	+	17089943	17089993	5.122980118	17089993	0	50	50	50	50	50
CAGE_TSS_25681	4	+	17124000	17123902	29.13204002	17123902	0	-98	-98	-98	-98	98
CAGE_TSS_25682	4	+	17127166	17127122	187.8557129	17127122	0	-44	-44	-44	-44	44
CAGE_TSS_25683	4	+	17130245	17130123	6.24943018	17130123	0	-122	-122	-122	-122	122
CAGE_TSS_25687	4	+	17151009	17150876	1264.595459	17150876	0	-133	-133	-133	-133	133
CAGE_TSS_25692	4	+	17201919	17201780	57.96839905	17201780	0	-139	-139	-139	-139	139
CAGE_TSS_25694	4	+	17243642	17243512	533.7184448	17243512	0	-130	-130	-130	-130	130
CAGE_TSS_25700	4	+	17306073	17305953	18.7898407	17305953	0	-120	-120	-120	-120	120
CAGE_TSS_25701	4	+	17307705	17307407	33.6905899	17307407	0	-298	-298	-298	-298	298
CAGE_TSS_25703	4	+	17324748	17324714	12.26177979	17324714	0	-34	-34	-34	-34	34
CAGE_TSS_25705	4	+	17326616	17326373	14.93645	17326373	0	-243	-243	-243	-243	243
CAGE_TSS_25706	4	+	17336272	17336274	33.9708786	17336274	0	2	2	2	2	2
CAGE_TSS_25708	4	+	17343502	17343396	11.37874031	17343396	0	-106	-106	-106	-106	106
CAGE_TSS_25712	4	+	17351333	17351484	26.52319908	17351484	0	151	151	151	151	151
CAGE_TSS_25714	4	+	17369063	17369100	37.27729034	17369100	0	37	37	37	37	37
CAGE_TSS_25716	4	+	17388813	17388844	59.44007111	17388844	0	31	31	31	31	31
CAGE_TSS_25719	4	+	17400788	17400670	55.49967957	17400670	0	-118	-118	-118	-118	118
CAGE_TSS_25721	4	+	17414129	17413980	10.5010004	17413980	0	-149	-149	-149	-149	149
CAGE_TSS_25723	4	+	17426971	17426961	9.831740379	17426961	0	-10	-10	-10	-10	10
CAGE_TSS_25725	4	+	17440278	17440322	239.9828644	17440322	0	44	44	44	44	44
CAGE_TSS_25733	4	+	17447631	17447525	7.614309788	17447525	0	-106	-106	-106	-106	106
CAGE_TSS_25744	4	+	17489475	17489514	6.042860031	17489514	0	39	39	39	39	39
CAGE_TSS_25745	4	+	17504414	17504446	534.394165	17504446	0	32	32	32	32	32
CAGE_TSS_25751	4	+	17512323	17512031	54.49124146	17512031	0	-292	-292	-292	-292	292
CAGE_TSS_25752	4	+	17515077	17514955	8.561220169	17514955	0	-122	-122	-122	-122	122
CAGE_TSS_25753	4	+	17524460	17524379	142.4980774	17524379	0	-81	-81	-81	-81	81
CAGE_TSS_25759	4	+	17554755	17554495	67.39147949	17554495	0	-260	-260	-260	-260	260
CAGE_TSS_25760	4	+	17555109	17555385	5.33164978	17555385	0	276	276	276	276	276
CAGE_TSS_25761	4	+	17557252	17557198	39.2809906	17557198	0	-54	-54	-54	-54	54
CAGE_TSS_25764	4	+	17564072	17564031	10.99298954	17564031	0	-41	-41	-41	-41	41
CAGE_TSS_25765	4	+	17579660	17579479	62.06988907	17579479	0	-181	-181	-181	-181	181
CAGE_TSS_25766	4	+	17584050	17583977	9.590169907	17583977	0	-73	-73	-73	-73	73
CAGE_TSS_25774	4	+	17597191	17597228	21.09148026	17597228	0	37	37	37	37	37
CAGE_TSS_25775	4	+	17601232	17601193	192.706543	17601193	0	-39	-39	-39	-39	39
CAGE_TSS_25776	4	+	17617062	17616880	104.6937103	17616880	0	-182	-182	-182	-182	182
CAGE_TSS_25782	4	+	17634751	17634508	100.9318237	17634508	0	-243	-243	-243	-243	243
CAGE_TSS_25784	4	+	17643656	17643395	70.94671631	17643395	0	-261	-261	-261	-261	261
CAGE_TSS_25785	4	+	17646488	17646196	52.77148819	17646196	0	-292	-292	-292	-292	292
CAGE_TSS_25787	4	+	17658872	17658686	94.05422211	17658686	0	-186	-186	-186	-186	186
CAGE_TSS_25789	4	+	17668946	17669228	47.68494034	17669228	0	282	282	282	282	282
CAGE_TSS_25792	4	+	17679156	17679211	28.52552032	17679211	0	55	55	55	55	55
CAGE_TSS_25798	4	+	17706535	17706319	6.95472002	17706319	0	-216	-216	-216	-216	216
CAGE_TSS_25800	4	+	17723915	17723796	146.9550476	17723796	0	-119	-119	-119	-119	119
CAGE_TSS_25801	4	+	17739594	17739529	4.313650131	17739529	0	-65	-65	-65	-65	65
CAGE_TSS_25803	4	+	17743869	17744001	33.30451965	17744001	0	132	132	132	132	132
CAGE_TSS_25805	4	+	17752084	17752087	148.8929138	17752087	0	3	3	3	3	3
CAGE_TSS_25806	4	+	17768131	17767974	15.56039047	17767974	0	-157	-157	-157	-157	157
CAGE_TSS_25809	4	+	17780777	17780806	35.83858109	17780806	0	29	29	29	29	29
CAGE_TSS_25816	4	+	17852620	17852475	40.25833893	17852475	0	-145	-145	-145	-145	145
CAGE_TSS_25833	4	+	17935407	17935453	15.03837967	17935453	0	46	46	46	46	46
CAGE_TSS_25838	4	+	17951431	17951243	5.336030006	17951243	0	-188	-188	-188	-188	188
CAGE_TSS_25843	4	+	17982773	17982704	5.422999859	17982704	0	-69	-69	-69	-69	69
CAGE_TSS_25844	4	+	17986518	17986439	69.28533173	17986439	0	-79	-79	-79	-79	79
CAGE_TSS_25847	4	+	17999202	17998989	87.41976166	17998989	0	-213	-213	-213	-213	213
CAGE_TSS_25849	4	+	18003915	18003746	535.9124146	18003746	0	-169	-169	-169	-169	169
CAGE_TSS_25850	4	+	18006365	18006320	5.214920044	18006320	0	-45	-45	-45	-45	45
CAGE_TSS_25862	4	+	18034450	18034372	161.9017029	18034372	0	-78	-78	-78	-78	78
CAGE_TSS_25863	4	+	18035353	18035284	18.54177094	18035284	0	-69	-69	-69	-69	69
CAGE_TSS_25864	4	+	18053652	18053503	321.8966675	18053503	0	-149	-149	-149	-149	149
CAGE_TSS_25866	4	+	18063212	18063187	130.6702271	18063187	0	-25	-25	-25	-25	25
CAGE_TSS_25868	4	+	18076428	18076161	123.6580734	18076161	0	-267	-267	-267	-267	267
CAGE_TSS_25869	4	+	18076676	18076900	35.53153992	18076900	0	224	224	224	224	224
CAGE_TSS_25873	4	+	18117998	18117871	5.809999943	18117871	0	-127	-127	-127	-127	127
CAGE_TSS_25877	4	+	18130267	18130380	8.480079651	18130380	0	113	113	113	113	113
CAGE_TSS_25879	4	+	18147220	18147051	35.10741043	18147051	0	-169	-169	-169	-169	169
CAGE_TSS_25882	4	+	18149534	18149539	12.71411037	18149539	0	5	5	5	5	5
CAGE_TSS_25883	4	+	18151960	18152083	77.57833862	18152083	0	123	123	123	123	123
CAGE_TSS_25889	4	+	18185667	18185846	8.608420372	18185846	0	179	179	179	179	179
CAGE_TSS_25890	4	+	18193201	18193205	16.41558075	18193205	0	4	4	4	4	4
CAGE_TSS_25899	4	+	18236289	18236217	10.82155991	18236217	0	-72	-72	-72	-72	72
CAGE_TSS_25901	4	+	18240662	18240667	9.301030159	18240667	0	5	5	5	5	5
CAGE_TSS_25905	4	+	18259656	18259485	35.82754898	18259485	0	-171	-171	-171	-171	171
CAGE_TSS_25909	4	+	18268031	18267763	172.4895782	18267763	0	-268	-268	-268	-268	268
CAGE_TSS_25910	4	+	18274234	18274221	22.95858955	18274221	0	-13	-13	-13	-13	13
CAGE_TSS_25914	4	+	18291221	18291228	89.39054108	18291228	0	7	7	7	7	7
CAGE_TSS_25919	4	+	18296606	18296638	133.1427765	18296638	0	32	32	32	32	32
CAGE_TSS_25928	4	+	18315630	18315584	46.12144089	18315584	0	-46	-46	-46	-46	46
CAGE_TSS_25929	4	+	18324661	18324645	216.6648865	18324645	0	-16	-16	-16	-16	16
CAGE_TSS_25932	4	+	18362492	18362306	245.3751373	18362306	0	-186	-186	-186	-186	186
CAGE_TSS_25934	4	+	18378280	18378284	12.59737015	18378284	0	4	4	4	4	4
CAGE_TSS_25938	4	+	18395268	18395174	8.378499985	18395174	0	-94	-94	-94	-94	94
CAGE_TSS_25939	4	+	18400026	18399829	198.6526337	18399829	0	-197	-197	-197	-197	197
CAGE_TSS_25941	4	+	18406773	18406753	24.16057968	18406753	0	-20	-20	-20	-20	20
CAGE_TSS_25942	4	+	18410174	18409933	30.74404907	18409933	0	-241	-241	-241	-241	241
CAGE_TSS_25946	4	+	18432912	18432825	14.88271046	18432825	0	-87	-87	-87	-87	87
CAGE_TSS_25951	4	+	18485158	18485135	254.1936035	18485135	0	-23	-23	-23	-23	23
CAGE_TSS_25954	4	+	18488503	18488360	13.72620964	18488360	0	-143	-143	-143	-143	143
CAGE_TSS_25956	4	+	18499867	18499875	11.34521961	18499875	0	8	8	8	8	8
CAGE_TSS_25964	4	+	18515860	18515910	13.44495964	18515910	0	50	50	50	50	50
CAGE_TSS_25969	4	+	18525249	18525206	8.137470245	18525206	0	-43	-43	-43	-43	43
CAGE_TSS_25974	4	+	18539580	18539493	93.21990204	18539493	0	-87	-87	-87	-87	87
CAGE_TSS_25976	4	+	18542565	18542669	22.00222015	18542669	0	104	104	104	104	104
CAGE_TSS_25977	4	+	18559105	18558992	42.85652161	18558992	0	-113	-113	-113	-113	113
CAGE_TSS_25979	4	+	18571636	18571522	28.57510948	18571522	0	-114	-114	-114	-114	114
CAGE_TSS_25980	4	+	18576422	18576641	5.367710114	18576641	0	219	219	219	219	219
CAGE_TSS_25981	4	+	18579313	18579182	13.0219698	18579182	0	-131	-131	-131	-131	131
CAGE_TSS_29081	5	+	9930	9743	34.02312851	9743	0	-187	-187	-187	-187	187
CAGE_TSS_29084	5	+	32839	32817	72.91117859	32817	0	-22	-22	-22	-22	22
CAGE_TSS_29087	5	+	58185	58301	29.94729042	58301	0	116	116	116	116	116
CAGE_TSS_29094	5	+	97896	97848	41.21083832	97848	0	-48	-48	-48	-48	48
CAGE_TSS_29095	5	+	101195	101188	19.53063965	101188	0	-7	-7	-7	-7	7
CAGE_TSS_29096	5	+	105362	105243	13.98608971	105243	0	-119	-119	-119	-119	119
CAGE_TSS_29101	5	+	186756	186641	9.75646019	186641	0	-115	-115	-115	-115	115
CAGE_TSS_29105	5	+	201594	201622	5.068749905	201622	0	28	28	28	28	28
CAGE_TSS_29109	5	+	209048	208886	25.21397018	208886	0	-162	-162	-162	-162	162
CAGE_TSS_29116	5	+	227044	227044	124.6704483	227044	0	0	0	0	0	0
CAGE_TSS_29118	5	+	230988	230868	162.5626068	230868	0	-120	-120	-120	-120	120
CAGE_TSS_29121	5	+	280721	280670	58.02378082	280670	0	-51	-51	-51	-51	51
CAGE_TSS_29122	5	+	287500	287439	96.05098724	287439	0	-61	-61	-61	-61	61
CAGE_TSS_29124	5	+	289926	289693	15.85480976	289693	0	-233	-233	-233	-233	233
CAGE_TSS_29125	5	+	290610	290702	20.05952072	290702	0	92	92	92	92	92
CAGE_TSS_29126	5	+	291710	291543	38.42335892	291543	0	-167	-167	-167	-167	167
CAGE_TSS_29130	5	+	309716	309581	79.13793945	309581	0	-135	-135	-135	-135	135
CAGE_TSS_29136	5	+	332330	332147	226.1306458	332147	0	-183	-183	-183	-183	183
CAGE_TSS_29139	5	+	338906	338716	736.0588989	338716	0	-190	-190	-190	-190	190
CAGE_TSS_29141	5	+	359134	359087	16.33877945	359087	0	-47	-47	-47	-47	47
CAGE_TSS_29143	5	+	370410	370525	97.29212189	370525	0	115	115	115	115	115
CAGE_TSS_29146	5	+	395657	395629	26.8732605	395629	0	-28	-28	-28	-28	28
CAGE_TSS_29148	5	+	404502	404479	12.18389988	404479	0	-23	-23	-23	-23	23
CAGE_TSS_29151	5	+	419120	419096	6.14139986	419096	0	-24	-24	-24	-24	24
CAGE_TSS_29153	5	+	426359	426354	106.1269531	426354	0	-5	-5	-5	-5	5
CAGE_TSS_29158	5	+	435230	435201	33.66075134	435201	0	-29	-29	-29	-29	29
CAGE_TSS_29159	5	+	437446	437272	53.8045311	437272	0	-174	-174	-174	-174	174
CAGE_TSS_29160	5	+	448137	448148	44.26541901	448148	0	11	11	11	11	11
CAGE_TSS_29164	5	+	451500	451281	94.07259369	451281	0	-219	-219	-219	-219	219
CAGE_TSS_29168	5	+	463157	463217	10.22101021	463217	0	60	60	60	60	60
CAGE_TSS_29177	5	+	523431	523482	11.95701027	523482	0	51	51	51	51	51
CAGE_TSS_29183	5	+	547563	547488	14.07726955	547488	0	-75	-75	-75	-75	75
CAGE_TSS_29191	5	+	568522	568489	156.312088	568489	0	-33	-33	-33	-33	33
CAGE_TSS_29192	5	+	575381	575353	21.55187988	575353	0	-28	-28	-28	-28	28
CAGE_TSS_29194	5	+	579903	579691	48.96606827	579691	0	-212	-212	-212	-212	212
CAGE_TSS_29197	5	+	587562	587327	7.133840084	587327	0	-235	-235	-235	-235	235
CAGE_TSS_29199	5	+	589254	589108	51.76562881	589108	0	-146	-146	-146	-146	146
CAGE_TSS_29207	5	+	620061	619908	126.9221725	619908	0	-153	-153	-153	-153	153
CAGE_TSS_29215	5	+	642579	642480	6.434299946	642480	0	-99	-99	-99	-99	99
CAGE_TSS_29216	5	+	648709	648691	18.76815987	648691	0	-18	-18	-18	-18	18
CAGE_TSS_29218	5	+	652110	652265	13.29183006	652265	0	155	155	155	155	155
CAGE_TSS_29220	5	+	657809	657812	9.505869865	657812	0	3	3	3	3	3
CAGE_TSS_29229	5	+	694978	694959	181.581543	694959	0	-19	-19	-19	-19	19
CAGE_TSS_29232	5	+	721879	721855	22.91279984	721855	0	-24	-24	-24	-24	24
CAGE_TSS_29238	5	+	730275	730399	18.05120087	730399	0	124	124	124	124	124
CAGE_TSS_29239	5	+	733978	733928	6.306310177	733928	0	-50	-50	-50	-50	50
CAGE_TSS_29242	5	+	745564	745271	7.451889992	745271	0	-293	-293	-293	-293	293
CAGE_TSS_29245	5	+	758372	758181	36.33063889	758181	0	-191	-191	-191	-191	191
CAGE_TSS_29247	5	+	769513	769454	14.53909969	769454	0	-59	-59	-59	-59	59
CAGE_TSS_29251	5	+	787428	787429	14.97218037	787429	0	1	1	1	1	1
CAGE_TSS_29252	5	+	793498	793671	58.37699127	793671	0	173	173	173	173	173
CAGE_TSS_29257	5	+	796506	796421	9.283459663	796421	0	-85	-85	-85	-85	85
CAGE_TSS_29261	5	+	807704	807459	176.1976013	807459	0	-245	-245	-245	-245	245
CAGE_TSS_29262	5	+	814130	814143	5.366769791	814143	0	13	13	13	13	13
CAGE_TSS_29264	5	+	817834	817649	210.1804962	817649	0	-185	-185	-185	-185	185
CAGE_TSS_29269	5	+	862591	862546	18.85862923	862546	0	-45	-45	-45	-45	45
CAGE_TSS_29270	5	+	864306	864137	21.54243088	864137	0	-169	-169	-169	-169	169
CAGE_TSS_29273	5	+	866449	866364	10.85186005	866364	0	-85	-85	-85	-85	85
CAGE_TSS_29278	5	+	883531	883490	20.69881058	883490	0	-41	-41	-41	-41	41
CAGE_TSS_29286	5	+	915516	915496	14.22467041	915496	0	-20	-20	-20	-20	20
CAGE_TSS_29288	5	+	927170	927157	15.35643005	927157	0	-13	-13	-13	-13	13
CAGE_TSS_29289	5	+	931820	931755	50.01834106	931755	0	-65	-65	-65	-65	65
CAGE_TSS_29291	5	+	938009	938061	14.87409973	938061	0	52	52	52	52	52
CAGE_TSS_29294	5	+	947141	947123	25.52609062	947123	0	-18	-18	-18	-18	18
CAGE_TSS_29296	5	+	981876	981711	8.763850212	981711	0	-165	-165	-165	-165	165
CAGE_TSS_29302	5	+	1018369	1018223	28.94503975	1018223	0	-146	-146	-146	-146	146
CAGE_TSS_29303	5	+	1038570	1038319	50.50669861	1038319	0	-251	-251	-251	-251	251
CAGE_TSS_29307	5	+	1052595	1052602	28.5206604	1052602	0	7	7	7	7	7
CAGE_TSS_29308	5	+	1075818	1075904	34.39865112	1075904	0	86	86	86	86	86
CAGE_TSS_29312	5	+	1099118	1099100	5.348989964	1099100	0	-18	-18	-18	-18	18
CAGE_TSS_29333	5	+	1145488	1145362	5.194540024	1145362	0	-126	-126	-126	-126	126
CAGE_TSS_29339	5	+	1169209	1169237	7.583799839	1169237	0	28	28	28	28	28
CAGE_TSS_29340	5	+	1176004	1175885	27.04615974	1175885	0	-119	-119	-119	-119	119
CAGE_TSS_29341	5	+	1192287	1192288	41.97521973	1192288	0	1	1	1	1	1
CAGE_TSS_29342	5	+	1196015	1195956	6.962779999	1195956	0	-59	-59	-59	-59	59
CAGE_TSS_29347	5	+	1243753	1243830	12.03472996	1243830	0	77	77	77	77	77
CAGE_TSS_29348	5	+	1254847	1254808	5.185619831	1254808	0	-39	-39	-39	-39	39
CAGE_TSS_29349	5	+	1259613	1259471	5.463439941	1259471	0	-142	-142	-142	-142	142
CAGE_TSS_29350	5	+	1266901	1266748	114.0043793	1266748	0	-153	-153	-153	-153	153
CAGE_TSS_29351	5	+	1279798	1279639	990.8057251	1279639	0	-159	-159	-159	-159	159
CAGE_TSS_29353	5	+	1286947	1286819	6.450089931	1286819	0	-128	-128	-128	-128	128
CAGE_TSS_29355	5	+	1309160	1309073	9.536789894	1309073	0	-87	-87	-87	-87	87
CAGE_TSS_29372	5	+	1337155	1337246	12.78870964	1337246	0	91	91	91	91	91
CAGE_TSS_29373	5	+	1354316	1354310	20.82542038	1354310	0	-6	-6	-6	-6	6
CAGE_TSS_29374	5	+	1360696	1360649	32.71614838	1360649	0	-47	-47	-47	-47	47
CAGE_TSS_29375	5	+	1372175	1372056	6.23800993	1372056	0	-119	-119	-119	-119	119
CAGE_TSS_29377	5	+	1379079	1379152	19.54018021	1379152	0	73	73	73	73	73
CAGE_TSS_29381	5	+	1390023	1390057	5.586420059	1390057	0	34	34	34	34	34
CAGE_TSS_29382	5	+	1399620	1399600	37.39144897	1399600	0	-20	-20	-20	-20	20
CAGE_TSS_29384	5	+	1422862	1422758	29.59145927	1422758	0	-104	-104	-104	-104	104
CAGE_TSS_29389	5	+	1444876	1444813	24.94227028	1444813	0	-63	-63	-63	-63	63
CAGE_TSS_29394	5	+	1503274	1503194	5.140079975	1503194	0	-80	-80	-80	-80	80
CAGE_TSS_29397	5	+	1519811	1519880	184.0706177	1519880	0	69	69	69	69	69
CAGE_TSS_29400	5	+	1536064	1536076	493.6217346	1536076	0	12	12	12	12	12
CAGE_TSS_29406	5	+	1551386	1551211	33.9688797	1551211	0	-175	-175	-175	-175	175
CAGE_TSS_29407	5	+	1563407	1563166	27.61908913	1563166	0	-241	-241	-241	-241	241
CAGE_TSS_29412	5	+	1588373	1588499	5.003970146	1588499	0	126	126	126	126	126
CAGE_TSS_29414	5	+	1592149	1592285	9.618760109	1592285	0	136	136	136	136	136
CAGE_TSS_29416	5	+	1602204	1602012	6.338990211	1602012	0	-192	-192	-192	-192	192
CAGE_TSS_29417	5	+	1606442	1606387	17.46596909	1606387	0	-55	-55	-55	-55	55
CAGE_TSS_29418	5	+	1609293	1609109	235.9280548	1609109	0	-184	-184	-184	-184	184
CAGE_TSS_29423	5	+	1620464	1620344	7.757309914	1620344	0	-120	-120	-120	-120	120
CAGE_TSS_29427	5	+	1636387	1636190	39.63129044	1636190	0	-197	-197	-197	-197	197
CAGE_TSS_29431	5	+	1664156	1664109	38.12371826	1664109	0	-47	-47	-47	-47	47
CAGE_TSS_29435	5	+	1682321	1682076	6.928329945	1682076	0	-245	-245	-245	-245	245
CAGE_TSS_29438	5	+	1705502	1705498	74.49822235	1705498	0	-4	-4	-4	-4	4
CAGE_TSS_29440	5	+	1715905	1715930	9.708219528	1715930	0	25	25	25	25	25
CAGE_TSS_29444	5	+	1755828	1755713	5.688189983	1755713	0	-115	-115	-115	-115	115
CAGE_TSS_29445	5	+	1765492	1765398	188.0005188	1765398	0	-94	-94	-94	-94	94
CAGE_TSS_29447	5	+	1767620	1767464	272.3661499	1767464	0	-156	-156	-156	-156	156
CAGE_TSS_29452	5	+	1785912	1785813	7.855279922	1785813	0	-99	-99	-99	-99	99
CAGE_TSS_29460	5	+	1837914	1837638	43.57418823	1837638	0	-276	-276	-276	-276	276
CAGE_TSS_29465	5	+	1879936	1879810	12.33010006	1879810	0	-126	-126	-126	-126	126
CAGE_TSS_29466	5	+	1888307	1888220	46.68962097	1888220	0	-87	-87	-87	-87	87
CAGE_TSS_29467	5	+	1905293	1905320	9.033619881	1905320	0	27	27	27	27	27
CAGE_TSS_29468	5	+	1906126	1905834	33.02397156	1905834	0	-292	-292	-292	-292	292
CAGE_TSS_29469	5	+	1912032	1911964	15.90705967	1911964	0	-68	-68	-68	-68	68
CAGE_TSS_29472	5	+	1917541	1917469	4.167230129	1917469	0	-72	-72	-72	-72	72
CAGE_TSS_29482	5	+	1938582	1938580	14.68511009	1938580	0	-2	-2	-2	-2	2
CAGE_TSS_29487	5	+	1953651	1953630	5.667129993	1953630	0	-21	-21	-21	-21	21
CAGE_TSS_29491	5	+	1984985	1985006	693.0441895	1985006	0	21	21	21	21	21
CAGE_TSS_29494	5	+	2029917	2029807	13.91298962	2029807	0	-110	-110	-110	-110	110
CAGE_TSS_29497	5	+	2056654	2056553	5.213300228	2056553	0	-101	-101	-101	-101	101
CAGE_TSS_29498	5	+	2063501	2063482	61.32870102	2063482	0	-19	-19	-19	-19	19
CAGE_TSS_29504	5	+	2103159	2103003	6.788969994	2103003	0	-156	-156	-156	-156	156
CAGE_TSS_29508	5	+	2132350	2132333	151.8599243	2132333	0	-17	-17	-17	-17	17
CAGE_TSS_29509	5	+	2133917	2133898	1204.356567	2133898	0	-19	-19	-19	-19	19
CAGE_TSS_29515	5	+	2154779	2154870	482.4781494	2154870	0	91	91	91	91	91
CAGE_TSS_29516	5	+	2167584	2167338	610.7592773	2167338	0	-246	-246	-246	-246	246
CAGE_TSS_29519	5	+	2169662	2169537	11.32229996	2169537	0	-125	-125	-125	-125	125
CAGE_TSS_29522	5	+	2202385	2202144	8.499690056	2202144	0	-241	-241	-241	-241	241
CAGE_TSS_29528	5	+	2206098	2205990	47.20500183	2205990	0	-108	-108	-108	-108	108
CAGE_TSS_29536	5	+	2280604	2280560	40.29695129	2280560	0	-44	-44	-44	-44	44
CAGE_TSS_29538	5	+	2293374	2293228	53.30239105	2293228	0	-146	-146	-146	-146	146
CAGE_TSS_29540	5	+	2309942	2309877	6.23800993	2309877	0	-65	-65	-65	-65	65
CAGE_TSS_29541	5	+	2317257	2317074	10.62100029	2317074	0	-183	-183	-183	-183	183
CAGE_TSS_29542	5	+	2330384	2330504	178.7079773	2330504	0	120	120	120	120	120
CAGE_TSS_29545	5	+	2355963	2355851	11.88239956	2355851	0	-112	-112	-112	-112	112
CAGE_TSS_29564	5	+	2399689	2399525	461.2907715	2399525	0	-164	-164	-164	-164	164
CAGE_TSS_29569	5	+	2430283	2430145	43.10068893	2430145	0	-138	-138	-138	-138	138
CAGE_TSS_29570	5	+	2435892	2435753	11.34463024	2435753	0	-139	-139	-139	-139	139
CAGE_TSS_29572	5	+	2446802	2446613	7.650050163	2446613	0	-189	-189	-189	-189	189
CAGE_TSS_29576	5	+	2474733	2474614	318.9408264	2474614	0	-119	-119	-119	-119	119
CAGE_TSS_29577	5	+	2483282	2483206	66.47174835	2483206	0	-76	-76	-76	-76	76
CAGE_TSS_29578	5	+	2503453	2503277	50.40221024	2503277	0	-176	-176	-176	-176	176
CAGE_TSS_29581	5	+	2520168	2520173	9.195890427	2520173	0	5	5	5	5	5
CAGE_TSS_29584	5	+	2560417	2560633	29.06999016	2560633	0	216	216	216	216	216
CAGE_TSS_29587	5	+	2569133	2569172	6.419750214	2569172	0	39	39	39	39	39
CAGE_TSS_29589	5	+	2578368	2578239	15.27527046	2578239	0	-129	-129	-129	-129	129
CAGE_TSS_29596	5	+	2588340	2588142	691.208313	2588142	0	-198	-198	-198	-198	198
CAGE_TSS_29600	5	+	2635942	2635844	23.60699081	2635844	0	-98	-98	-98	-98	98
CAGE_TSS_29605	5	+	2665995	2665936	53.72975159	2665936	0	-59	-59	-59	-59	59
CAGE_TSS_29607	5	+	2667458	2667450	22.38240051	2667450	0	-8	-8	-8	-8	8
CAGE_TSS_29612	5	+	2680790	2680638	121.435379	2680638	0	-152	-152	-152	-152	152
CAGE_TSS_29613	5	+	2681154	2681337	9.213230133	2681337	0	183	183	183	183	183
CAGE_TSS_29614	5	+	2682235	2682192	21.62870979	2682192	0	-43	-43	-43	-43	43
CAGE_TSS_29625	5	+	2748191	2748151	9.523940086	2748151	0	-40	-40	-40	-40	40
CAGE_TSS_29626	5	+	2753139	2753048	29.83511925	2753048	0	-91	-91	-91	-91	91
CAGE_TSS_29627	5	+	2757008	2756797	18.13157082	2756797	0	-211	-211	-211	-211	211
CAGE_TSS_29629	5	+	2762106	2762071	9.010580063	2762071	0	-35	-35	-35	-35	35
CAGE_TSS_29631	5	+	2775897	2775798	22.92304039	2775798	0	-99	-99	-99	-99	99
CAGE_TSS_29634	5	+	2783408	2783594	14.78209972	2783594	0	186	186	186	186	186
CAGE_TSS_29638	5	+	2794468	2794409	20.61235046	2794409	0	-59	-59	-59	-59	59
CAGE_TSS_29641	5	+	2814098	2813897	11.6219902	2813897	0	-201	-201	-201	-201	201
CAGE_TSS_29642	5	+	2821927	2821830	5.459969997	2821830	0	-97	-97	-97	-97	97
CAGE_TSS_29647	5	+	2851978	2851918	58.70351028	2851918	0	-60	-60	-60	-60	60
CAGE_TSS_29649	5	+	2854939	2854844	15.13926029	2854844	0	-95	-95	-95	-95	95
CAGE_TSS_29659	5	+	2913548	2913522	5.801270008	2913522	0	-26	-26	-26	-26	26
CAGE_TSS_29661	5	+	2921261	2921256	69.25702667	2921256	0	-5	-5	-5	-5	5
CAGE_TSS_29662	5	+	2928194	2928264	9.496459961	2928264	0	70	70	70	70	70
CAGE_TSS_29663	5	+	2938346	2938161	304.8279114	2938161	0	-185	-185	-185	-185	185
CAGE_TSS_29665	5	+	2941811	2941702	5.519579887	2941702	0	-109	-109	-109	-109	109
CAGE_TSS_29675	5	+	3032379	3032189	33.17237854	3032189	0	-190	-190	-190	-190	190
CAGE_TSS_29677	5	+	3052166	3052045	69.33865356	3052045	0	-121	-121	-121	-121	121
CAGE_TSS_29682	5	+	3066657	3066666	19.58111954	3066666	0	9	9	9	9	9
CAGE_TSS_29688	5	+	3106412	3106257	14.48153973	3106257	0	-155	-155	-155	-155	155
CAGE_TSS_29696	5	+	3127935	3127957	9.22206974	3127957	0	22	22	22	22	22
CAGE_TSS_29698	5	+	3133375	3133247	15.51467991	3133247	0	-128	-128	-128	-128	128
CAGE_TSS_29702	5	+	3144226	3144063	9.275520325	3144063	0	-163	-163	-163	-163	163
CAGE_TSS_29704	5	+	3157784	3157675	31.16580009	3157675	0	-109	-109	-109	-109	109
CAGE_TSS_29711	5	+	3199132	3198957	15.14087009	3198957	0	-175	-175	-175	-175	175
CAGE_TSS_29712	5	+	3201517	3201514	285.2408752	3201514	0	-3	-3	-3	-3	3
CAGE_TSS_29722	5	+	3267706	3267547	373.3774414	3267547	0	-159	-159	-159	-159	159
CAGE_TSS_29725	5	+	3287790	3287708	8.289850235	3287708	0	-82	-82	-82	-82	82
CAGE_TSS_29727	5	+	3315505	3315306	8.650449753	3315306	0	-199	-199	-199	-199	199
CAGE_TSS_29732	5	+	3343241	3343282	10.12366009	3343282	0	41	41	41	41	41
CAGE_TSS_29735	5	+	3351257	3351265	5.952410221	3351265	0	8	8	8	8	8
CAGE_TSS_29736	5	+	3353490	3353540	24.84626961	3353540	0	50	50	50	50	50
CAGE_TSS_29738	5	+	3360167	3360095	5.191669941	3360095	0	-72	-72	-72	-72	72
CAGE_TSS_29739	5	+	3377752	3377919	13.30922985	3377919	0	167	167	167	167	167
CAGE_TSS_29744	5	+	3398997	3399015	46.00130081	3399015	0	18	18	18	18	18
CAGE_TSS_29745	5	+	3408328	3408330	9.881710052	3408330	0	2	2	2	2	2
CAGE_TSS_29749	5	+	3410394	3410319	31.71776962	3410319	0	-75	-75	-75	-75	75
CAGE_TSS_29751	5	+	3423683	3423534	12.9793396	3423534	0	-149	-149	-149	-149	149
CAGE_TSS_29753	5	+	3430713	3430647	16.51732063	3430647	0	-66	-66	-66	-66	66
CAGE_TSS_29762	5	+	3469139	3468957	1263.842773	3468957	0	-182	-182	-182	-182	182
CAGE_TSS_29763	5	+	3476805	3476712	7.478439808	3476712	0	-93	-93	-93	-93	93
CAGE_TSS_29766	5	+	3510241	3509988	146.1930084	3509988	0	-253	-253	-253	-253	253
CAGE_TSS_29769	5	+	3524680	3524427	185.704071	3524427	0	-253	-253	-253	-253	253
CAGE_TSS_29772	5	+	3525161	3525248	70.14823914	3525248	0	87	87	87	87	87
CAGE_TSS_29776	5	+	3536230	3535951	19.68984032	3535951	0	-279	-279	-279	-279	279
CAGE_TSS_29777	5	+	3550548	3550263	1717.935059	3550263	0	-285	-285	-285	-285	285
CAGE_TSS_29778	5	+	3553122	3553065	6.31757021	3553065	0	-57	-57	-57	-57	57
CAGE_TSS_29781	5	+	3564840	3564552	68.78636169	3564552	0	-288	-288	-288	-288	288
CAGE_TSS_29785	5	+	3582555	3582490	107.4962006	3582490	0	-65	-65	-65	-65	65
CAGE_TSS_29790	5	+	3633701	3633543	170.5509796	3633543	0	-158	-158	-158	-158	158
CAGE_TSS_29792	5	+	3644600	3644460	226.8101501	3644460	0	-140	-140	-140	-140	140
CAGE_TSS_29795	5	+	3645803	3645886	10.08530045	3645886	0	83	83	83	83	83
CAGE_TSS_29799	5	+	3654419	3654260	6.063680172	3654260	0	-159	-159	-159	-159	159
CAGE_TSS_29807	5	+	3679814	3679571	13.96485996	3679571	0	-243	-243	-243	-243	243
CAGE_TSS_29808	5	+	3695907	3695710	687.4198608	3695710	0	-197	-197	-197	-197	197
CAGE_TSS_29809	5	+	3708285	3708135	184.4438324	3708135	0	-150	-150	-150	-150	150
CAGE_TSS_29810	5	+	3718860	3718920	19.20935059	3718920	0	60	60	60	60	60
CAGE_TSS_29815	5	+	3754352	3754231	54.62305069	3754231	0	-121	-121	-121	-121	121
CAGE_TSS_29821	5	+	3758896	3758846	36.55036926	3758846	0	-50	-50	-50	-50	50
CAGE_TSS_29823	5	+	3761297	3761036	12.21520996	3761036	0	-261	-261	-261	-261	261
CAGE_TSS_29825	5	+	3776796	3776650	7.220570087	3776650	0	-146	-146	-146	-146	146
CAGE_TSS_29826	5	+	3780339	3780450	19.97546959	3780450	0	111	111	111	111	111
CAGE_TSS_29829	5	+	3784502	3784395	14.6856699	3784395	0	-107	-107	-107	-107	107
CAGE_TSS_29834	5	+	3799573	3799444	40.86766052	3799444	0	-129	-129	-129	-129	129
CAGE_TSS_29837	5	+	3808719	3808514	10.6630497	3808514	0	-205	-205	-205	-205	205
CAGE_TSS_29839	5	+	3825520	3825582	34.31660843	3825582	0	62	62	62	62	62
CAGE_TSS_29840	5	+	3831702	3831736	31.80492973	3831736	0	34	34	34	34	34
CAGE_TSS_29845	5	+	3854965	3854954	6.634550095	3854954	0	-11	-11	-11	-11	11
CAGE_TSS_29847	5	+	3862695	3862616	41.28615952	3862616	0	-79	-79	-79	-79	79
CAGE_TSS_29850	5	+	3890103	3890044	28.75395966	3890044	0	-59	-59	-59	-59	59
CAGE_TSS_29853	5	+	3914436	3914278	17.64788055	3914278	0	-158	-158	-158	-158	158
CAGE_TSS_29857	5	+	3919594	3919430	16.86166954	3919430	0	-164	-164	-164	-164	164
CAGE_TSS_29858	5	+	3931640	3931416	188.9824066	3931416	0	-224	-224	-224	-224	224
CAGE_TSS_29859	5	+	3933024	3932952	21.56839943	3932952	0	-72	-72	-72	-72	72
CAGE_TSS_29873	5	+	4087714	4087505	17.29676056	4087505	0	-209	-209	-209	-209	209
CAGE_TSS_29874	5	+	4088426	4088422	31.31533051	4088422	0	-4	-4	-4	-4	4
CAGE_TSS_29885	5	+	4147657	4147655	8.75924015	4147655	0	-2	-2	-2	-2	2
CAGE_TSS_29889	5	+	4158876	4158740	18.5949707	4158740	0	-136	-136	-136	-136	136
CAGE_TSS_29890	5	+	4176596	4176622	47.8624115	4176622	0	26	26	26	26	26
CAGE_TSS_29894	5	+	4206995	4206759	43.78512955	4206759	0	-236	-236	-236	-236	236
CAGE_TSS_29896	5	+	4218917	4218809	115.8828278	4218809	0	-108	-108	-108	-108	108
CAGE_TSS_29898	5	+	4243089	4243166	8.226050377	4243166	0	77	77	77	77	77
CAGE_TSS_29899	5	+	4249438	4249372	29.37766075	4249372	0	-66	-66	-66	-66	66
CAGE_TSS_29900	5	+	4263521	4263256	33.12973022	4263256	0	-265	-265	-265	-265	265
CAGE_TSS_29901	5	+	4267454	4267302	466.2052002	4267302	0	-152	-152	-152	-152	152
CAGE_TSS_29903	5	+	4272057	4271873	256.9981995	4271873	0	-184	-184	-184	-184	184
CAGE_TSS_29905	5	+	4283616	4283348	408.4759216	4283348	0	-268	-268	-268	-268	268
CAGE_TSS_29906	5	+	4286857	4286835	11.43548965	4286835	0	-22	-22	-22	-22	22
CAGE_TSS_29907	5	+	4292776	4292763	13.91392994	4292763	0	-13	-13	-13	-13	13
CAGE_TSS_29913	5	+	4341267	4341177	15.60441971	4341177	0	-90	-90	-90	-90	90
CAGE_TSS_29915	5	+	4360560	4360578	25.25048065	4360578	0	18	18	18	18	18
CAGE_TSS_29918	5	+	4367313	4367283	13.78392982	4367283	0	-30	-30	-30	-30	30
CAGE_TSS_29920	5	+	4370760	4370781	69.52250671	4370781	0	21	21	21	21	21
CAGE_TSS_29933	5	+	4426555	4426476	986.7824707	4426476	0	-79	-79	-79	-79	79
CAGE_TSS_29934	5	+	4427851	4427848	28.25021935	4427848	0	-3	-3	-3	-3	3
CAGE_TSS_29935	5	+	4432495	4432412	677.9621582	4432412	0	-83	-83	-83	-83	83
CAGE_TSS_29939	5	+	4438252	4438172	35.76303101	4438172	0	-80	-80	-80	-80	80
CAGE_TSS_29942	5	+	4442013	4441890	117.4085617	4441890	0	-123	-123	-123	-123	123
CAGE_TSS_29948	5	+	4455424	4455227	22.70438004	4455227	0	-197	-197	-197	-197	197
CAGE_TSS_29949	5	+	4460893	4460599	96.45736694	4460599	0	-294	-294	-294	-294	294
CAGE_TSS_29951	5	+	4471303	4471101	20.30653954	4471101	0	-202	-202	-202	-202	202
CAGE_TSS_29954	5	+	4488693	4488634	35.18891907	4488634	0	-59	-59	-59	-59	59
CAGE_TSS_29956	5	+	4489738	4489862	5.537280083	4489862	0	124	124	124	124	124
CAGE_TSS_29959	5	+	4501460	4501384	8.77575016	4501384	0	-76	-76	-76	-76	76
CAGE_TSS_29960	5	+	4508529	4508526	88.45069885	4508526	0	-3	-3	-3	-3	3
CAGE_TSS_29966	5	+	4535390	4535356	132.8395081	4535356	0	-34	-34	-34	-34	34
CAGE_TSS_29972	5	+	4556158	4556131	662.6988525	4556131	0	-27	-27	-27	-27	27
CAGE_TSS_29973	5	+	4561464	4561515	12.78635025	4561515	0	51	51	51	51	51
CAGE_TSS_29979	5	+	4591741	4591673	7.253580093	4591673	0	-68	-68	-68	-68	68
CAGE_TSS_29982	5	+	4600990	4600966	9.989720345	4600966	0	-24	-24	-24	-24	24
CAGE_TSS_29984	5	+	4604761	4604648	15.42453957	4604648	0	-113	-113	-113	-113	113
CAGE_TSS_29989	5	+	4630974	4630779	1550.493042	4630779	0	-195	-195	-195	-195	195
CAGE_TSS_29990	5	+	4652980	4653013	14.56492996	4653013	0	33	33	33	33	33
CAGE_TSS_29992	5	+	4667854	4667645	30.10957909	4667645	0	-209	-209	-209	-209	209
CAGE_TSS_29993	5	+	4690972	4690879	336.3596802	4690879	0	-93	-93	-93	-93	93
CAGE_TSS_29995	5	+	4694515	4694430	131.9881744	4694430	0	-85	-85	-85	-85	85
CAGE_TSS_29999	5	+	4695765	4695837	67.86229706	4695837	0	72	72	72	72	72
CAGE_TSS_30002	5	+	4706973	4706920	69.54305267	4706920	0	-53	-53	-53	-53	53
CAGE_TSS_30004	5	+	4710571	4710563	176.671875	4710563	0	-8	-8	-8	-8	8
CAGE_TSS_30022	5	+	4776985	4776906	56.39276123	4776906	0	-79	-79	-79	-79	79
CAGE_TSS_30027	5	+	4782948	4782689	102.5414963	4782689	0	-259	-259	-259	-259	259
CAGE_TSS_30028	5	+	4796883	4796917	11.37314034	4796917	0	34	34	34	34	34
CAGE_TSS_30030	5	+	4813998	4814011	41.4610405	4814011	0	13	13	13	13	13
CAGE_TSS_30037	5	+	4826564	4826423	36.98392105	4826423	0	-141	-141	-141	-141	141
CAGE_TSS_30040	5	+	4828718	4828419	110.6442795	4828419	0	-299	-299	-299	-299	299
CAGE_TSS_30048	5	+	4877707	4877633	40.4194603	4877633	0	-74	-74	-74	-74	74
CAGE_TSS_30050	5	+	4886189	4886177	11.24026966	4886177	0	-12	-12	-12	-12	12
CAGE_TSS_30052	5	+	4898763	4898639	477.4099426	4898639	0	-124	-124	-124	-124	124
CAGE_TSS_30056	5	+	4944899	4944918	317.1299744	4944918	0	19	19	19	19	19
CAGE_TSS_30057	5	+	4945463	4945427	113.2003403	4945427	0	-36	-36	-36	-36	36
CAGE_TSS_30058	5	+	4945869	4945956	18.98811913	4945956	0	87	87	87	87	87
CAGE_TSS_30064	5	+	4974743	4974641	71.22522736	4974641	0	-102	-102	-102	-102	102
CAGE_TSS_30067	5	+	4977534	4977274	40.60559082	4977274	0	-260	-260	-260	-260	260
CAGE_TSS_30068	5	+	4980454	4980569	23.53557014	4980569	0	115	115	115	115	115
CAGE_TSS_30070	5	+	5012092	5012101	23.28816986	5012101	0	9	9	9	9	9
CAGE_TSS_30072	5	+	5038906	5038845	9.082409859	5038845	0	-61	-61	-61	-61	61
CAGE_TSS_30073	5	+	5066220	5066192	5.125840187	5066192	0	-28	-28	-28	-28	28
CAGE_TSS_30074	5	+	5071720	5071614	6.667510033	5071614	0	-106	-106	-106	-106	106
CAGE_TSS_30075	5	+	5078192	5078120	116.1415634	5078120	0	-72	-72	-72	-72	72
CAGE_TSS_30077	5	+	5079513	5079374	11.4551897	5079374	0	-139	-139	-139	-139	139
CAGE_TSS_30079	5	+	5087426	5087333	6.44715023	5087333	0	-93	-93	-93	-93	93
CAGE_TSS_30080	5	+	5092156	5092160	9.531160355	5092160	0	4	4	4	4	4
CAGE_TSS_30089	5	+	5141190	5141112	5.438489914	5141112	0	-78	-78	-78	-78	78
CAGE_TSS_30095	5	+	5161741	5161600	15.97262001	5161600	0	-141	-141	-141	-141	141
CAGE_TSS_30097	5	+	5169877	5169764	19.75684929	5169764	0	-113	-113	-113	-113	113
CAGE_TSS_30098	5	+	5177781	5177872	869.4136963	5177872	0	91	91	91	91	91
CAGE_TSS_30099	5	+	5182084	5181787	392.7849731	5181787	0	-297	-297	-297	-297	297
CAGE_TSS_30100	5	+	5185783	5185746	17.31765938	5185746	0	-37	-37	-37	-37	37
CAGE_TSS_30107	5	+	5205868	5205679	254.7540283	5205679	0	-189	-189	-189	-189	189
CAGE_TSS_30108	5	+	5209931	5209785	14.35540962	5209785	0	-146	-146	-146	-146	146
CAGE_TSS_30109	5	+	5211905	5211677	114.1929703	5211677	0	-228	-228	-228	-228	228
CAGE_TSS_30110	5	+	5212370	5212491	18.35458946	5212491	0	121	121	121	121	121
CAGE_TSS_30111	5	+	5213171	5213094	9.53938961	5213094	0	-77	-77	-77	-77	77
CAGE_TSS_30113	5	+	5224175	5224047	22.53450966	5224047	0	-128	-128	-128	-128	128
CAGE_TSS_30117	5	+	5237945	5237920	146.9550476	5237920	0	-25	-25	-25	-25	25
CAGE_TSS_30121	5	+	5239128	5239137	6.859630108	5239137	0	9	9	9	9	9
CAGE_TSS_30127	5	+	5268460	5268447	5.536530018	5268447	0	-13	-13	-13	-13	13
CAGE_TSS_30131	5	+	5272586	5272499	37.21154022	5272499	0	-87	-87	-87	-87	87
CAGE_TSS_30135	5	+	5303313	5303054	13.10589981	5303054	0	-259	-259	-259	-259	259
CAGE_TSS_30136	5	+	5306922	5306696	429.118042	5306696	0	-226	-226	-226	-226	226
CAGE_TSS_30139	5	+	5316277	5316256	14.8956604	5316256	0	-21	-21	-21	-21	21
CAGE_TSS_30140	5	+	5333763	5333818	5.205599785	5333818	0	55	55	55	55	55
CAGE_TSS_30145	5	+	5352675	5352497	46.09820175	5352497	0	-178	-178	-178	-178	178
CAGE_TSS_30148	5	+	5371815	5371551	8.096050262	5371551	0	-264	-264	-264	-264	264
CAGE_TSS_30152	5	+	5379418	5379322	47.59748077	5379322	0	-96	-96	-96	-96	96
CAGE_TSS_30154	5	+	5390021	5390050	23.84033012	5390050	0	29	29	29	29	29
CAGE_TSS_30155	5	+	5392718	5392634	6.029669762	5392634	0	-84	-84	-84	-84	84
CAGE_TSS_30158	5	+	5403289	5403273	7.871449947	5403273	0	-16	-16	-16	-16	16
CAGE_TSS_30159	5	+	5405500	5405494	20.38445091	5405494	0	-6	-6	-6	-6	6
CAGE_TSS_30160	5	+	5431673	5431673	12.62506008	5431673	0	0	0	0	0	0
CAGE_TSS_30161	5	+	5438194	5438193	34.42070007	5438193	0	-1	-1	-1	-1	1
CAGE_TSS_30179	5	+	5497662	5497561	69.81896973	5497561	0	-101	-101	-101	-101	101
CAGE_TSS_30183	5	+	5509691	5509582	8.224169731	5509582	0	-109	-109	-109	-109	109
CAGE_TSS_30186	5	+	5530322	5530217	32.45706177	5530217	0	-105	-105	-105	-105	105
CAGE_TSS_30187	5	+	5535880	5535902	20.44296074	5535902	0	22	22	22	22	22
CAGE_TSS_30188	5	+	5548989	5548990	72.97657013	5548990	0	1	1	1	1	1
CAGE_TSS_30196	5	+	5594735	5594773	25.52609062	5594773	0	38	38	38	38	38
CAGE_TSS_30204	5	+	5652228	5652252	5.084700108	5652252	0	24	24	24	24	24
CAGE_TSS_30205	5	+	5656401	5656415	74.9535675	5656415	0	14	14	14	14	14
CAGE_TSS_30206	5	+	5658471	5658279	9.26595974	5658279	0	-192	-192	-192	-192	192
CAGE_TSS_30207	5	+	5666851	5666660	99.14569092	5666660	0	-191	-191	-191	-191	191
CAGE_TSS_30209	5	+	5686296	5686276	48.56502151	5686276	0	-20	-20	-20	-20	20
CAGE_TSS_30216	5	+	5720375	5720131	36.4240799	5720131	0	-244	-244	-244	-244	244
CAGE_TSS_30218	5	+	5727603	5727510	13.80770969	5727510	0	-93	-93	-93	-93	93
CAGE_TSS_30220	5	+	5749753	5749746	8.543999672	5749746	0	-7	-7	-7	-7	7
CAGE_TSS_30227	5	+	5809460	5809277	50.0007019	5809277	0	-183	-183	-183	-183	183
CAGE_TSS_30232	5	+	5877189	5877264	3.769049883	5877264	0	75	75	75	75	75
CAGE_TSS_30236	5	+	5916956	5917128	6.751190186	5917128	0	172	172	172	172	172
CAGE_TSS_30239	5	+	5924706	5924743	5.952410221	5924743	0	37	37	37	37	37
CAGE_TSS_30241	5	+	5927383	5927332	310.3309631	5927332	0	-51	-51	-51	-51	51
CAGE_TSS_30243	5	+	5935137	5935112	8.349860191	5935112	0	-25	-25	-25	-25	25
CAGE_TSS_30257	5	+	5957215	5956952	191.5886993	5956952	0	-263	-263	-263	-263	263
CAGE_TSS_30262	5	+	5972419	5972324	11.30171967	5972324	0	-95	-95	-95	-95	95
CAGE_TSS_30263	5	+	5975939	5975892	11.22167969	5975892	0	-47	-47	-47	-47	47
CAGE_TSS_30264	5	+	5978677	5978551	78.41091156	5978551	0	-126	-126	-126	-126	126
CAGE_TSS_30270	5	+	5991062	5990915	19.59576035	5990915	0	-147	-147	-147	-147	147
CAGE_TSS_30271	5	+	5995502	5995426	42.94997025	5995426	0	-76	-76	-76	-76	76
CAGE_TSS_30272	5	+	5996088	5995911	4.732999802	5995911	0	-177	-177	-177	-177	177
CAGE_TSS_30273	5	+	5998213	5998237	15.12296009	5998237	0	24	24	24	24	24
CAGE_TSS_30274	5	+	6006043	6006057	5.852829933	6006057	0	14	14	14	14	14
CAGE_TSS_30278	5	+	6015225	6015011	14.31439018	6015011	0	-214	-214	-214	-214	214
CAGE_TSS_30280	5	+	6028277	6028150	279.0278931	6028150	0	-127	-127	-127	-127	127
CAGE_TSS_30281	5	+	6033693	6033578	10.1061697	6033578	0	-115	-115	-115	-115	115
CAGE_TSS_30282	5	+	6035611	6035602	8.299269676	6035602	0	-9	-9	-9	-9	9
CAGE_TSS_30284	5	+	6061705	6061724	73.01793671	6061724	0	19	19	19	19	19
CAGE_TSS_30285	5	+	6062152	6062230	6.326200008	6062230	0	78	78	78	78	78
CAGE_TSS_30286	5	+	6090948	6090927	5.995900154	6090927	0	-21	-21	-21	-21	21
CAGE_TSS_30289	5	+	6122864	6122587	568.5197754	6122587	0	-277	-277	-277	-277	277
CAGE_TSS_30292	5	+	6127922	6127730	5.211150169	6127730	0	-192	-192	-192	-192	192
CAGE_TSS_30296	5	+	6144963	6145048	21.17016983	6145048	0	85	85	85	85	85
CAGE_TSS_30298	5	+	6160165	6160116	60.01052094	6160116	0	-49	-49	-49	-49	49
CAGE_TSS_30303	5	+	6202680	6202544	26.02846909	6202544	0	-136	-136	-136	-136	136
CAGE_TSS_30304	5	+	6212795	6212770	11.64912987	6212770	0	-25	-25	-25	-25	25
CAGE_TSS_30305	5	+	6217920	6217781	168.1564636	6217781	0	-139	-139	-139	-139	139
CAGE_TSS_30309	5	+	6225956	6225889	204.3248749	6225889	0	-67	-67	-67	-67	67
CAGE_TSS_30315	5	+	6261377	6261170	278.7443542	6261170	0	-207	-207	-207	-207	207
CAGE_TSS_30317	5	+	6267084	6267053	11.17743015	6267053	0	-31	-31	-31	-31	31
CAGE_TSS_30324	5	+	6290675	6290458	33.44945145	6290458	0	-217	-217	-217	-217	217
CAGE_TSS_30326	5	+	6310068	6309861	46.43848038	6309861	0	-207	-207	-207	-207	207
CAGE_TSS_30330	5	+	6342266	6342322	82.12194824	6342322	0	56	56	56	56	56
CAGE_TSS_30331	5	+	6369281	6369251	8.154250145	6369251	0	-30	-30	-30	-30	30
CAGE_TSS_30332	5	+	6375298	6375251	12.31521034	6375251	0	-47	-47	-47	-47	47
CAGE_TSS_30333	5	+	6378351	6378274	16.12368965	6378274	0	-77	-77	-77	-77	77
CAGE_TSS_30334	5	+	6387487	6387533	81.07289124	6387533	0	46	46	46	46	46
CAGE_TSS_30335	5	+	6389578	6389410	379.7372437	6389410	0	-168	-168	-168	-168	168
CAGE_TSS_30336	5	+	6414479	6414448	989.2203369	6414448	0	-31	-31	-31	-31	31
CAGE_TSS_30339	5	+	6423273	6423105	53.29024124	6423105	0	-168	-168	-168	-168	168
CAGE_TSS_30346	5	+	6453276	6453294	6.711919785	6453294	0	18	18	18	18	18
CAGE_TSS_30348	5	+	6457261	6457105	69.33865356	6457105	0	-156	-156	-156	-156	156
CAGE_TSS_30352	5	+	6467598	6467432	16.29999924	6467432	0	-166	-166	-166	-166	166
CAGE_TSS_30354	5	+	6470172	6470092	75.04810333	6470092	0	-80	-80	-80	-80	80
CAGE_TSS_30355	5	+	6470469	6470567	14.30953979	6470567	0	98	98	98	98	98
CAGE_TSS_30366	5	+	6498736	6498665	22.57106018	6498665	0	-71	-71	-71	-71	71
CAGE_TSS_30370	5	+	6531539	6531620	36.97830963	6531620	0	81	81	81	81	81
CAGE_TSS_30374	5	+	6556429	6556378	808.5698242	6556378	0	-51	-51	-51	-51	51
CAGE_TSS_30377	5	+	6563047	6562920	6.889920235	6562920	0	-127	-127	-127	-127	127
CAGE_TSS_30391	5	+	6602952	6603049	14.8645401	6603049	0	97	97	97	97	97
CAGE_TSS_30392	5	+	6606692	6606750	10.24962044	6606750	0	58	58	58	58	58
CAGE_TSS_30398	5	+	6652516	6652348	15.53859997	6652348	0	-168	-168	-168	-168	168
CAGE_TSS_30399	5	+	6670457	6670357	180.3949432	6670357	0	-100	-100	-100	-100	100
CAGE_TSS_30401	5	+	6673934	6673898	6.907209873	6673898	0	-36	-36	-36	-36	36
CAGE_TSS_30404	5	+	6687075	6687063	62.05569077	6687063	0	-12	-12	-12	-12	12
CAGE_TSS_30413	5	+	6739683	6739554	12.88290977	6739554	0	-129	-129	-129	-129	129
CAGE_TSS_30417	5	+	6744011	6743963	32.06175995	6743963	0	-48	-48	-48	-48	48
CAGE_TSS_30420	5	+	6752055	6751855	5.256639957	6751855	0	-200	-200	-200	-200	200
CAGE_TSS_30425	5	+	6760283	6760153	10.45401001	6760153	0	-130	-130	-130	-130	130
CAGE_TSS_30431	5	+	6774296	6774101	35.60266113	6774101	0	-195	-195	-195	-195	195
CAGE_TSS_30435	5	+	6779858	6779775	12.30200958	6779775	0	-83	-83	-83	-83	83
CAGE_TSS_30442	5	+	6792825	6792780	149.245636	6792780	0	-45	-45	-45	-45	45
CAGE_TSS_30443	5	+	6795430	6795457	49.23384094	6795457	0	27	27	27	27	27
CAGE_TSS_30453	5	+	6810948	6810953	8.893300056	6810953	0	5	5	5	5	5
CAGE_TSS_30456	5	+	6814522	6814363	9.565919876	6814363	0	-159	-159	-159	-159	159
CAGE_TSS_30460	5	+	6822087	6822059	6.023580074	6822059	0	-28	-28	-28	-28	28
CAGE_TSS_30461	5	+	6826506	6826390	244.5559082	6826390	0	-116	-116	-116	-116	116
CAGE_TSS_30465	5	+	6876589	6876596	5.420370102	6876596	0	7	7	7	7	7
CAGE_TSS_30469	5	+	6922462	6922263	112.0367203	6922263	0	-199	-199	-199	-199	199
CAGE_TSS_30470	5	+	6938607	6938481	12.14958954	6938481	0	-126	-126	-126	-126	126
CAGE_TSS_30472	5	+	6947847	6947906	53.6595192	6947906	0	59	59	59	59	59
CAGE_TSS_30474	5	+	6950118	6950068	517.0432129	6950068	0	-50	-50	-50	-50	50
CAGE_TSS_30475	5	+	6963479	6963361	206.6131134	6963361	0	-118	-118	-118	-118	118
CAGE_TSS_30482	5	+	7014673	7014567	6.409249783	7014567	0	-106	-106	-106	-106	106
CAGE_TSS_30491	5	+	7090790	7090583	22.60827065	7090583	0	-207	-207	-207	-207	207
CAGE_TSS_30500	5	+	7138761	7138852	11.35667038	7138852	0	91	91	91	91	91
CAGE_TSS_30503	5	+	7156175	7155990	17.24620056	7155990	0	-185	-185	-185	-185	185
CAGE_TSS_30504	5	+	7164627	7164619	11.93733025	7164619	0	-8	-8	-8	-8	8
CAGE_TSS_30509	5	+	7168197	7168106	68.39253998	7168106	0	-91	-91	-91	-91	91
CAGE_TSS_30513	5	+	7172752	7172711	20.97686005	7172711	0	-41	-41	-41	-41	41
CAGE_TSS_30514	5	+	7176526	7176780	7.956820011	7176780	0	254	254	254	254	254
CAGE_TSS_30517	5	+	7205666	7205537	29.37766075	7205537	0	-129	-129	-129	-129	129
CAGE_TSS_30518	5	+	7208698	7208777	9.530529976	7208777	0	79	79	79	79	79
CAGE_TSS_30519	5	+	7217339	7217197	196.917923	7217197	0	-142	-142	-142	-142	142
CAGE_TSS_30521	5	+	7222277	7222091	8.482560158	7222091	0	-186	-186	-186	-186	186
CAGE_TSS_30523	5	+	7226726	7226749	134.9436188	7226749	0	23	23	23	23	23
CAGE_TSS_30524	5	+	7238173	7238219	6.95472002	7238219	0	46	46	46	46	46
CAGE_TSS_30526	5	+	7243087	7242986	24.71961975	7242986	0	-101	-101	-101	-101	101
CAGE_TSS_30527	5	+	7249235	7249091	774.5163574	7249091	0	-144	-144	-144	-144	144
CAGE_TSS_30528	5	+	7252243	7252016	360.4590454	7252016	0	-227	-227	-227	-227	227
CAGE_TSS_30530	5	+	7261664	7261650	10.2530098	7261650	0	-14	-14	-14	-14	14
CAGE_TSS_30531	5	+	7273227	7273234	11.34463024	7273234	0	7	7	7	7	7
CAGE_TSS_30533	5	+	7277263	7277250	64.69268799	7277250	0	-13	-13	-13	-13	13
CAGE_TSS_30537	5	+	7301278	7301308	7.098020077	7301308	0	30	30	30	30	30
CAGE_TSS_30543	5	+	7358820	7358698	13.80512047	7358698	0	-122	-122	-122	-122	122
CAGE_TSS_30546	5	+	7379194	7379077	6.864840031	7379077	0	-117	-117	-117	-117	117
CAGE_TSS_30549	5	+	7394483	7394518	49.13212967	7394518	0	35	35	35	35	35
CAGE_TSS_30555	5	+	7420422	7420224	12.58285046	7420224	0	-198	-198	-198	-198	198
CAGE_TSS_30558	5	+	7433858	7433772	110.7047501	7433772	0	-86	-86	-86	-86	86
CAGE_TSS_30559	5	+	7470443	7470389	356.7754211	7470389	0	-54	-54	-54	-54	54
CAGE_TSS_30565	5	+	7502678	7502564	12.27186966	7502564	0	-114	-114	-114	-114	114
CAGE_TSS_30579	5	+	7541275	7541084	7.286119938	7541084	0	-191	-191	-191	-191	191
CAGE_TSS_30580	5	+	7571247	7571176	11.86157036	7571176	0	-71	-71	-71	-71	71
CAGE_TSS_30582	5	+	7627653	7627560	32.02310181	7627560	0	-93	-93	-93	-93	93
CAGE_TSS_30583	5	+	7650654	7650594	7.451889992	7650594	0	-60	-60	-60	-60	60
CAGE_TSS_30586	5	+	7664998	7665017	5.175119877	7665017	0	19	19	19	19	19
CAGE_TSS_30587	5	+	7676941	7676859	46.32928085	7676859	0	-82	-82	-82	-82	82
CAGE_TSS_30588	5	+	7681343	7681195	175.1631165	7681195	0	-148	-148	-148	-148	148
CAGE_TSS_30599	5	+	7741897	7741959	17.20537949	7741959	0	62	62	62	62	62
CAGE_TSS_30603	5	+	7753511	7753446	64.64050293	7753446	0	-65	-65	-65	-65	65
CAGE_TSS_30613	5	+	7781225	7781245	5.14730978	7781245	0	20	20	20	20	20
CAGE_TSS_30616	5	+	7785891	7785867	17.30750084	7785867	0	-24	-24	-24	-24	24
CAGE_TSS_30619	5	+	7810854	7810733	13.77015972	7810733	0	-121	-121	-121	-121	121
CAGE_TSS_30621	5	+	7812578	7812351	23.83374023	7812351	0	-227	-227	-227	-227	227
CAGE_TSS_30624	5	+	7842925	7842800	255.3486938	7842800	0	-125	-125	-125	-125	125
CAGE_TSS_30633	5	+	7854165	7854175	7.747360229	7854175	0	10	10	10	10	10
CAGE_TSS_30634	5	+	7856214	7855955	179.9270477	7855955	0	-259	-259	-259	-259	259
CAGE_TSS_30638	5	+	7880527	7880488	92.73056793	7880488	0	-39	-39	-39	-39	39
CAGE_TSS_30646	5	+	7937725	7937720	4.897789955	7937720	0	-5	-5	-5	-5	5
CAGE_TSS_30650	5	+	7943123	7942992	75.80638885	7942992	0	-131	-131	-131	-131	131
CAGE_TSS_30651	5	+	7946446	7946590	7.889989853	7946590	0	144	144	144	144	144
CAGE_TSS_30654	5	+	7998243	7998245	35.54212189	7998245	0	2	2	2	2	2
CAGE_TSS_30656	5	+	8005233	8005031	4359.561523	8005031	0	-202	-202	-202	-202	202
CAGE_TSS_30658	5	+	8014526	8014322	132.5362091	8014322	0	-204	-204	-204	-204	204
CAGE_TSS_30661	5	+	8031316	8031119	13.08279037	8031119	0	-197	-197	-197	-197	197
CAGE_TSS_30665	5	+	8038007	8037984	140.2018433	8037984	0	-23	-23	-23	-23	23
CAGE_TSS_30673	5	+	8082745	8082492	10.79961967	8082492	0	-253	-253	-253	-253	253
CAGE_TSS_30676	5	+	8113823	8113770	433.7525024	8113770	0	-53	-53	-53	-53	53
CAGE_TSS_30677	5	+	8116679	8116441	7.643400192	8116441	0	-238	-238	-238	-238	238
CAGE_TSS_30681	5	+	8151960	8151803	78.63626862	8151803	0	-157	-157	-157	-157	157
CAGE_TSS_30687	5	+	8217338	8217618	35.36362839	8217618	0	280	280	280	280	280
CAGE_TSS_30694	5	+	8273677	8273648	223.8165283	8273648	0	-29	-29	-29	-29	29
CAGE_TSS_30698	5	+	8282625	8282592	5.768219948	8282592	0	-33	-33	-33	-33	33
CAGE_TSS_30700	5	+	8301104	8300938	16.3728199	8300938	0	-166	-166	-166	-166	166
CAGE_TSS_30702	5	+	8323897	8323739	114.6837692	8323739	0	-158	-158	-158	-158	158
CAGE_TSS_30706	5	+	8348281	8348230	27.4236908	8348230	0	-51	-51	-51	-51	51
CAGE_TSS_30707	5	+	8354754	8354884	13.8740797	8354884	0	130	130	130	130	130
CAGE_TSS_30708	5	+	8365659	8365754	7.451889992	8365754	0	95	95	95	95	95
CAGE_TSS_30713	5	+	8428077	8427976	24.27977943	8427976	0	-101	-101	-101	-101	101
CAGE_TSS_30716	5	+	8436375	8436263	26.26284981	8436263	0	-112	-112	-112	-112	112
CAGE_TSS_30729	5	+	8530975	8530914	35.1599884	8530914	0	-61	-61	-61	-61	61
CAGE_TSS_30731	5	+	8552596	8552319	29.65365028	8552319	0	-277	-277	-277	-277	277
CAGE_TSS_30732	5	+	8558265	8558147	64.05536652	8558147	0	-118	-118	-118	-118	118
CAGE_TSS_30734	5	+	8589418	8589396	57.51979828	8589396	0	-22	-22	-22	-22	22
CAGE_TSS_30738	5	+	8609025	8608973	24.23769951	8608973	0	-52	-52	-52	-52	52
CAGE_TSS_30740	5	+	8610550	8610454	602.6584473	8610454	0	-96	-96	-96	-96	96
CAGE_TSS_30744	5	+	8621996	8621740	86.84986877	8621740	0	-256	-256	-256	-256	256
CAGE_TSS_30752	5	+	8672484	8672230	51.11217117	8672230	0	-254	-254	-254	-254	254
CAGE_TSS_30756	5	+	8677067	8677073	59.44007111	8677073	0	6	6	6	6	6
CAGE_TSS_30759	5	+	8723992	8724015	15.27295971	8724015	0	23	23	23	23	23
CAGE_TSS_30760	5	+	8735964	8736012	32.56315994	8736012	0	48	48	48	48	48
CAGE_TSS_30772	5	+	8863393	8863224	51.34444046	8863224	0	-169	-169	-169	-169	169
CAGE_TSS_30773	5	+	8864274	8864171	264.5734253	8864171	0	-103	-103	-103	-103	103
CAGE_TSS_30780	5	+	8885115	8884999	11.04905987	8884999	0	-116	-116	-116	-116	116
CAGE_TSS_30781	5	+	8897900	8897802	41.89408875	8897802	0	-98	-98	-98	-98	98
CAGE_TSS_30784	5	+	8903518	8903428	166.5388641	8903428	0	-90	-90	-90	-90	90
CAGE_TSS_30785	5	+	8947372	8947103	17.5636692	8947103	0	-269	-269	-269	-269	269
CAGE_TSS_30788	5	+	8953450	8953456	18.95657921	8953456	0	6	6	6	6	6
CAGE_TSS_30789	5	+	8967654	8967611	5.122980118	8967611	0	-43	-43	-43	-43	43
CAGE_TSS_30793	5	+	9036017	9035990	373.5757446	9035990	0	-27	-27	-27	-27	27
CAGE_TSS_30807	5	+	9096525	9096508	29.92070007	9096508	0	-17	-17	-17	-17	17
CAGE_TSS_30814	5	+	9142854	9142925	73.6594696	9142925	0	71	71	71	71	71
CAGE_TSS_30816	5	+	9157170	9157040	5.241149902	9157040	0	-130	-130	-130	-130	130
CAGE_TSS_30817	5	+	9166193	9166090	27.13232994	9166090	0	-103	-103	-103	-103	103
CAGE_TSS_30818	5	+	9173213	9173033	129.2536774	9173033	0	-180	-180	-180	-180	180
CAGE_TSS_30836	5	+	9245948	9245976	5.680620193	9245976	0	28	28	28	28	28
CAGE_TSS_30840	5	+	9276006	9275985	6.93859005	9275985	0	-21	-21	-21	-21	21
CAGE_TSS_30845	5	+	9291934	9292042	5.615039825	9292042	0	108	108	108	108	108
CAGE_TSS_30848	5	+	9303960	9303749	12.80904007	9303749	0	-211	-211	-211	-211	211
CAGE_TSS_30857	5	+	9377411	9377292	27.56712914	9377292	0	-119	-119	-119	-119	119
CAGE_TSS_30860	5	+	9423091	9423014	323.2699585	9423014	0	-77	-77	-77	-77	77
CAGE_TSS_30865	5	+	9445443	9445450	160.6083984	9445450	0	7	7	7	7	7
CAGE_TSS_30870	5	+	9480572	9480451	1033.52832	9480451	0	-121	-121	-121	-121	121
CAGE_TSS_30871	5	+	9484876	9484863	158.2447968	9484863	0	-13	-13	-13	-13	13
CAGE_TSS_30874	5	+	9491083	9490977	42.22288895	9490977	0	-106	-106	-106	-106	106
CAGE_TSS_30882	5	+	9553468	9553454	28.78949928	9553454	0	-14	-14	-14	-14	14
CAGE_TSS_30891	5	+	9629033	9629114	391.5751038	9629114	0	81	81	81	81	81
CAGE_TSS_30898	5	+	9650286	9650131	37.27729034	9650131	0	-155	-155	-155	-155	155
CAGE_TSS_30900	5	+	9652988	9652976	10.50092983	9652976	0	-12	-12	-12	-12	12
CAGE_TSS_30902	5	+	9657018	9657047	47.61130142	9657047	0	29	29	29	29	29
CAGE_TSS_30906	5	+	9684074	9683892	25.28409004	9683892	0	-182	-182	-182	-182	182
CAGE_TSS_30924	5	+	9815631	9815549	10.85159016	9815549	0	-82	-82	-82	-82	82
CAGE_TSS_30937	5	+	9835913	9835782	7.208690166	9835782	0	-131	-131	-131	-131	131
CAGE_TSS_30962	5	+	10018890	10018788	6.050849915	10018788	0	-102	-102	-102	-102	102
CAGE_TSS_30968	5	+	10135548	10135408	118.4491119	10135408	0	-140	-140	-140	-140	140
CAGE_TSS_30974	5	+	10238549	10238418	7.706180096	10238418	0	-131	-131	-131	-131	131
CAGE_TSS_30975	5	+	10262851	10262913	6.80464983	10262913	0	62	62	62	62	62
CAGE_TSS_30993	5	+	10632256	10632305	6.789130211	10632305	0	49	49	49	49	49
CAGE_TSS_31010	5	+	10933915	10933715	7.271259785	10933715	0	-200	-200	-200	-200	200
CAGE_TSS_31011	5	+	10940248	10940233	22.29013062	10940233	0	-15	-15	-15	-15	15
CAGE_TSS_31030	5	+	11379940	11379949	8.226050377	11379949	0	9	9	9	9	9
CAGE_TSS_31055	5	+	12079667	12079528	57.05075073	12079528	0	-139	-139	-139	-139	139
CAGE_TSS_31082	5	+	12549220	12549093	28.08933067	12549093	0	-127	-127	-127	-127	127
CAGE_TSS_31083	5	+	12558434	12558275	11.34463024	12558275	0	-159	-159	-159	-159	159
CAGE_TSS_31119	5	+	13419235	13419196	13.33036041	13419196	0	-39	-39	-39	-39	39
CAGE_TSS_31121	5	+	13424417	13424327	75.14186096	13424327	0	-90	-90	-90	-90	90
CAGE_TSS_31132	5	+	13611702	13611609	39.36381912	13611609	0	-93	-93	-93	-93	93
CAGE_TSS_31136	5	+	13667717	13667627	23.32151985	13667627	0	-90	-90	-90	-90	90
CAGE_TSS_31137	5	+	13672588	13672680	39.05411148	13672680	0	92	92	92	92	92
CAGE_TSS_31147	5	+	13830646	13830549	392.5542297	13830549	0	-97	-97	-97	-97	97
CAGE_TSS_31155	5	+	13855901	13855703	168.5213318	13855703	0	-198	-198	-198	-198	198
CAGE_TSS_31161	5	+	13908424	13908440	11.34463024	13908440	0	16	16	16	16	16
CAGE_TSS_31180	5	+	14273384	14273391	333.4900818	14273391	0	7	7	7	7	7
CAGE_TSS_31193	5	+	14590304	14590112	11.34463024	14590112	0	-192	-192	-192	-192	192
CAGE_TSS_31197	5	+	14629532	14629535	169.5632629	14629535	0	3	3	3	3	3
CAGE_TSS_31203	5	+	14762364	14762347	9.003370285	14762347	0	-17	-17	-17	-17	17
CAGE_TSS_31204	5	+	14767504	14767516	643.6789551	14767516	0	12	12	12	12	12
CAGE_TSS_31221	5	+	14978719	14978679	82.86515045	14978679	0	-40	-40	-40	-40	40
CAGE_TSS_31225	5	+	14992741	14992647	54.47116852	14992647	0	-94	-94	-94	-94	94
CAGE_TSS_31227	5	+	14995835	14995762	21.46626091	14995762	0	-73	-73	-73	-73	73
CAGE_TSS_31231	5	+	15065411	15065483	9.427510262	15065483	0	72	72	72	72	72
CAGE_TSS_31240	5	+	15187561	15187384	11.95701027	15187384	0	-177	-177	-177	-177	177
CAGE_TSS_31244	5	+	15208472	15208336	5.337880135	15208336	0	-136	-136	-136	-136	136
CAGE_TSS_31250	5	+	15261023	15261004	28.08933067	15261004	0	-19	-19	-19	-19	19
CAGE_TSS_31252	5	+	15268825	15268754	23.05758095	15268754	0	-71	-71	-71	-71	71
CAGE_TSS_31253	5	+	15303369	15303443	11.95701027	15303443	0	74	74	74	74	74
CAGE_TSS_31254	5	+	15305966	15305753	50.0350914	15305753	0	-213	-213	-213	-213	213
CAGE_TSS_31262	5	+	15404639	15404615	129.0725555	15404615	0	-24	-24	-24	-24	24
CAGE_TSS_31273	5	+	15421579	15421448	31.26931	15421448	0	-131	-131	-131	-131	131
CAGE_TSS_31278	5	+	15439359	15439344	109.6633606	15439344	0	-15	-15	-15	-15	15
CAGE_TSS_31295	5	+	15571465	15571515	56.70634079	15571515	0	50	50	50	50	50
CAGE_TSS_31299	5	+	15606770	15606750	62.89054871	15606750	0	-20	-20	-20	-20	20
CAGE_TSS_31301	5	+	15608787	15608674	35.36362839	15608674	0	-113	-113	-113	-113	113
CAGE_TSS_31317	5	+	15742791	15742675	46.32928085	15742675	0	-116	-116	-116	-116	116
CAGE_TSS_31319	5	+	15748850	15748787	44.79582977	15748787	0	-63	-63	-63	-63	63
CAGE_TSS_31325	5	+	15821440	15821310	53.25215912	15821310	0	-130	-130	-130	-130	130
CAGE_TSS_31327	5	+	15843972	15843865	26.59057999	15843865	0	-107	-107	-107	-107	107
CAGE_TSS_31333	5	+	15878847	15878625	221.8756866	15878625	0	-222	-222	-222	-222	222
CAGE_TSS_31348	5	+	15911443	15911705	5.290269852	15911705	0	262	262	262	262	262
CAGE_TSS_31352	5	+	15928973	15929047	73.02163696	15929047	0	74	74	74	74	74
CAGE_TSS_31357	5	+	15946577	15946666	60.97444153	15946666	0	89	89	89	89	89
CAGE_TSS_31359	5	+	15957437	15957336	209.8243713	15957336	0	-101	-101	-101	-101	101
CAGE_TSS_31360	5	+	15957607	15957893	307.0886841	15957893	0	286	286	286	286	286
CAGE_TSS_31361	5	+	15974419	15974359	7.053339958	15974359	0	-60	-60	-60	-60	60
CAGE_TSS_31364	5	+	15994009	15993954	24.64884949	15993954	0	-55	-55	-55	-55	55
CAGE_TSS_31366	5	+	16004278	16004069	416.1402283	16004069	0	-209	-209	-209	-209	209
CAGE_TSS_31370	5	+	16057173	16057082	9.310090065	16057082	0	-91	-91	-91	-91	91
CAGE_TSS_31373	5	+	16085751	16085511	65.30036926	16085511	0	-240	-240	-240	-240	240
CAGE_TSS_31377	5	+	16151551	16151428	89.05017853	16151428	0	-123	-123	-123	-123	123
CAGE_TSS_31378	5	+	16152147	16152071	4.783629894	16152071	0	-76	-76	-76	-76	76
CAGE_TSS_31379	5	+	16161588	16161539	41.24156189	16161539	0	-49	-49	-49	-49	49
CAGE_TSS_31380	5	+	16166364	16166262	23.57361984	16166262	0	-102	-102	-102	-102	102
CAGE_TSS_31385	5	+	16202247	16202027	72.40827179	16202027	0	-220	-220	-220	-220	220
CAGE_TSS_31386	5	+	16213228	16213093	18.89537048	16213093	0	-135	-135	-135	-135	135
CAGE_TSS_31387	5	+	16225404	16225291	40.04182816	16225291	0	-113	-113	-113	-113	113
CAGE_TSS_31394	5	+	16234496	16234473	9.541390419	16234473	0	-23	-23	-23	-23	23
CAGE_TSS_31395	5	+	16237213	16237478	368.5804138	16237478	0	265	265	265	265	265
CAGE_TSS_31400	5	+	16277243	16277512	14.96257019	16277512	0	269	269	269	269	269
CAGE_TSS_31401	5	+	16281456	16281219	25.72616959	16281219	0	-237	-237	-237	-237	237
CAGE_TSS_31403	5	+	16285921	16285879	49.06010056	16285879	0	-42	-42	-42	-42	42
CAGE_TSS_31404	5	+	16290711	16290514	9.268910408	16290514	0	-197	-197	-197	-197	197
CAGE_TSS_31407	5	+	16297438	16297384	106.4544983	16297384	0	-54	-54	-54	-54	54
CAGE_TSS_31410	5	+	16301073	16300922	8.86095047	16300922	0	-151	-151	-151	-151	151
CAGE_TSS_31411	5	+	16310837	16310753	76.70452118	16310753	0	-84	-84	-84	-84	84
CAGE_TSS_31417	5	+	16366671	16366460	80.20368958	16366460	0	-211	-211	-211	-211	211
CAGE_TSS_31419	5	+	16370474	16370198	6.23800993	16370198	0	-276	-276	-276	-276	276
CAGE_TSS_31420	5	+	16374907	16374973	6.23800993	16374973	0	66	66	66	66	66
CAGE_TSS_31429	5	+	16413973	16414091	9.87567997	16414091	0	118	118	118	118	118
CAGE_TSS_31437	5	+	16435388	16435295	29.24151993	16435295	0	-93	-93	-93	-93	93
CAGE_TSS_31438	5	+	16438339	16438297	149.1553345	16438297	0	-42	-42	-42	-42	42
CAGE_TSS_31439	5	+	16441794	16441619	22.74472046	16441619	0	-175	-175	-175	-175	175
CAGE_TSS_31441	5	+	16447222	16447220	9.199379921	16447220	0	-2	-2	-2	-2	2
CAGE_TSS_31443	5	+	16468410	16468152	7.662789822	16468152	0	-258	-258	-258	-258	258
CAGE_TSS_31445	5	+	16483760	16483746	6.432059765	16483746	0	-14	-14	-14	-14	14
CAGE_TSS_31447	5	+	16503726	16503748	27.72859955	16503748	0	22	22	22	22	22
CAGE_TSS_31453	5	+	16551119	16551149	11.33345985	16551149	0	30	30	30	30	30
CAGE_TSS_31454	5	+	16580115	16579890	135.6523132	16579890	0	-225	-225	-225	-225	225
CAGE_TSS_31458	5	+	16598781	16598730	15.36530018	16598730	0	-51	-51	-51	-51	51
CAGE_TSS_31460	5	+	16636168	16635985	220.4529724	16635985	0	-183	-183	-183	-183	183
CAGE_TSS_31463	5	+	16638568	16638607	7.445859909	16638607	0	39	39	39	39	39
CAGE_TSS_31464	5	+	16646254	16646190	208.5930328	16646190	0	-64	-64	-64	-64	64
CAGE_TSS_31470	5	+	16675829	16675601	60.28034973	16675601	0	-228	-228	-228	-228	228
CAGE_TSS_31474	5	+	16688625	16688522	51.87588882	16688522	0	-103	-103	-103	-103	103
CAGE_TSS_31478	5	+	16717957	16718010	5.096859932	16718010	0	53	53	53	53	53
CAGE_TSS_31481	5	+	16725883	16725691	48.51929092	16725691	0	-192	-192	-192	-192	192
CAGE_TSS_31487	5	+	16738176	16738134	13.63904953	16738134	0	-42	-42	-42	-42	42
CAGE_TSS_31491	5	+	16757988	16757968	46.15103912	16757968	0	-20	-20	-20	-20	20
CAGE_TSS_31493	5	+	16768946	16768896	4.503089905	16768896	0	-50	-50	-50	-50	50
CAGE_TSS_31500	5	+	16799353	16799217	18.94721985	16799217	0	-136	-136	-136	-136	136
CAGE_TSS_31502	5	+	16815522	16815547	88.69563293	16815547	0	25	25	25	25	25
CAGE_TSS_31503	5	+	16816052	16816263	31.67635918	16816263	0	211	211	211	211	211
CAGE_TSS_31510	5	+	16828716	16828647	248.2551727	16828647	0	-69	-69	-69	-69	69
CAGE_TSS_31516	5	+	16860404	16860309	9.590169907	16860309	0	-95	-95	-95	-95	95
CAGE_TSS_31519	5	+	16886912	16887169	5.337500095	16887169	0	257	257	257	257	257
CAGE_TSS_31534	5	+	16915779	16915703	37.07369995	16915703	0	-76	-76	-76	-76	76
CAGE_TSS_31541	5	+	16976031	16975947	6.788869858	16975947	0	-84	-84	-84	-84	84
CAGE_TSS_31544	5	+	16982302	16982331	5.715089798	16982331	0	29	29	29	29	29
CAGE_TSS_31554	5	+	17066421	17066287	10.7323103	17066287	0	-134	-134	-134	-134	134
CAGE_TSS_31556	5	+	17108058	17107869	20.58242989	17107869	0	-189	-189	-189	-189	189
CAGE_TSS_31558	5	+	17114581	17114403	143.4057465	17114403	0	-178	-178	-178	-178	178
CAGE_TSS_31561	5	+	17130497	17130524	8.760769844	17130524	0	27	27	27	27	27
CAGE_TSS_31564	5	+	17143005	17142736	664.0846558	17142736	0	-269	-269	-269	-269	269
CAGE_TSS_31566	5	+	17148818	17148618	485.2946472	17148618	0	-200	-200	-200	-200	200
CAGE_TSS_31569	5	+	17152051	17151890	29.22233009	17151890	0	-161	-161	-161	-161	161
CAGE_TSS_31570	5	+	17154799	17154726	79.35362244	17154726	0	-73	-73	-73	-73	73
CAGE_TSS_31575	5	+	17171964	17171943	25.19817924	17171943	0	-21	-21	-21	-21	21
CAGE_TSS_31577	5	+	17172448	17172668	259.5157471	17172668	0	220	220	220	220	220
CAGE_TSS_31580	5	+	17191495	17191430	51.60836029	17191430	0	-65	-65	-65	-65	65
CAGE_TSS_31581	5	+	17224364	17224067	49.11103821	17224067	0	-297	-297	-297	-297	297
CAGE_TSS_31583	5	+	17235092	17235085	10.74588013	17235085	0	-7	-7	-7	-7	7
CAGE_TSS_31584	5	+	17242726	17242640	9.29226017	17242640	0	-86	-86	-86	-86	86
CAGE_TSS_31588	5	+	17268017	17267853	8.623590469	17267853	0	-164	-164	-164	-164	164
CAGE_TSS_31590	5	+	17299134	17298916	17.38570976	17298916	0	-218	-218	-218	-218	218
CAGE_TSS_31592	5	+	17321517	17321364	6.667510033	17321364	0	-153	-153	-153	-153	153
CAGE_TSS_31593	5	+	17325017	17324935	6.533490181	17324935	0	-82	-82	-82	-82	82
CAGE_TSS_31595	5	+	17326461	17326325	319.5368652	17326325	0	-136	-136	-136	-136	136
CAGE_TSS_31596	5	+	17328245	17328120	17.34786034	17328120	0	-125	-125	-125	-125	125
CAGE_TSS_31601	5	+	17367919	17367723	8.315910339	17367723	0	-196	-196	-196	-196	196
CAGE_TSS_31602	5	+	17390478	17390301	16.4845295	17390301	0	-177	-177	-177	-177	177
CAGE_TSS_31607	5	+	17453607	17453484	39.44963074	17453484	0	-123	-123	-123	-123	123
CAGE_TSS_31618	5	+	17506399	17506403	470.9995117	17506403	0	4	4	4	4	4
CAGE_TSS_31619	5	+	17512610	17512446	21.51276016	17512446	0	-164	-164	-164	-164	164
CAGE_TSS_31621	5	+	17522519	17522530	20.47096062	17522530	0	11	11	11	11	11
CAGE_TSS_31622	5	+	17526747	17526593	437.0111084	17526593	0	-154	-154	-154	-154	154
CAGE_TSS_31625	5	+	17550381	17550211	13143.88477	17550211	0	-170	-170	-170	-170	170
CAGE_TSS_31630	5	+	17585764	17585666	486.0083923	17585666	0	-98	-98	-98	-98	98
CAGE_TSS_31633	5	+	17610862	17610810	65.89684296	17610810	0	-52	-52	-52	-52	52
CAGE_TSS_31639	5	+	17672668	17672762	6.23800993	17672762	0	94	94	94	94	94
CAGE_TSS_31640	5	+	17676836	17676769	112.6131516	17676769	0	-67	-67	-67	-67	67
CAGE_TSS_31641	5	+	17684199	17684002	123.4006882	17684002	0	-197	-197	-197	-197	197
CAGE_TSS_31650	5	+	17692828	17692840	31.04966927	17692840	0	12	12	12	12	12
CAGE_TSS_31658	5	+	17722445	17722337	3.921129942	17722337	0	-108	-108	-108	-108	108
CAGE_TSS_31661	5	+	17734760	17734744	10.63731956	17734744	0	-16	-16	-16	-16	16
CAGE_TSS_31667	5	+	17782431	17782414	26.88927078	17782414	0	-17	-17	-17	-17	17
CAGE_TSS_31670	5	+	17798369	17798314	265.1128845	17798314	0	-55	-55	-55	-55	55
CAGE_TSS_31676	5	+	17806469	17806517	40.01250076	17806517	0	48	48	48	48	48
CAGE_TSS_31678	5	+	17814261	17814199	8.73900032	17814199	0	-62	-62	-62	-62	62
CAGE_TSS_31682	5	+	17839937	17839822	177.6196136	17839822	0	-115	-115	-115	-115	115
CAGE_TSS_31683	5	+	17864519	17864565	5.997759819	17864565	0	46	46	46	46	46
CAGE_TSS_31690	5	+	17937699	17937802	48.5003891	17937802	0	103	103	103	103	103
CAGE_TSS_31693	5	+	17945957	17945916	158.0797882	17945916	0	-41	-41	-41	-41	41
CAGE_TSS_31695	5	+	17949351	17949255	14.81707001	17949255	0	-96	-96	-96	-96	96
CAGE_TSS_31696	5	+	17951586	17951393	7.451129913	17951393	0	-193	-193	-193	-193	193
CAGE_TSS_31698	5	+	17958368	17958265	11.74182987	17958265	0	-103	-103	-103	-103	103
CAGE_TSS_31699	5	+	17963436	17963436	69.98674011	17963436	0	0	0	0	0	0
CAGE_TSS_31700	5	+	17964424	17964283	332.4509888	17964283	0	-141	-141	-141	-141	141
CAGE_TSS_31711	5	+	18013266	18013183	16.30080986	18013183	0	-83	-83	-83	-83	83
CAGE_TSS_31715	5	+	18043054	18042863	12.08495045	18042863	0	-191	-191	-191	-191	191
CAGE_TSS_31720	5	+	18093430	18093511	11.8867197	18093511	0	81	81	81	81	81
CAGE_TSS_31723	5	+	18137329	18137212	253.0197449	18137212	0	-117	-117	-117	-117	117
CAGE_TSS_31726	5	+	18160281	18160191	7.591529846	18160191	0	-90	-90	-90	-90	90
CAGE_TSS_31728	5	+	18168515	18168562	26.59980011	18168562	0	47	47	47	47	47
CAGE_TSS_31729	5	+	18172521	18172472	8.502240181	18172472	0	-49	-49	-49	-49	49
CAGE_TSS_31730	5	+	18181997	18181933	14.98336029	18181933	0	-64	-64	-64	-64	64
CAGE_TSS_31735	5	+	18218698	18218659	50.0350914	18218659	0	-39	-39	-39	-39	39
CAGE_TSS_31737	5	+	18228909	18228874	112.6968689	18228874	0	-35	-35	-35	-35	35
CAGE_TSS_31738	5	+	18244302	18244309	10.22192955	18244309	0	7	7	7	7	7
CAGE_TSS_31742	5	+	18295510	18295520	24.58004951	18295520	0	10	10	10	10	10
CAGE_TSS_31745	5	+	18353624	18353719	5.181550026	18353719	0	95	95	95	95	95
CAGE_TSS_31746	5	+	18387360	18387098	17.76299095	18387098	0	-262	-262	-262	-262	262
CAGE_TSS_31749	5	+	18396305	18396307	8.255610466	18396307	0	2	2	2	2	2
CAGE_TSS_31753	5	+	18407393	18407362	27.24394989	18407362	0	-31	-31	-31	-31	31
CAGE_TSS_31757	5	+	18416169	18416137	8.984009743	18416137	0	-32	-32	-32	-32	32
CAGE_TSS_31766	5	+	18462215	18462236	14.49318027	18462236	0	21	21	21	21	21
CAGE_TSS_31773	5	+	18528493	18528331	288.5319519	18528331	0	-162	-162	-162	-162	162
CAGE_TSS_31777	5	+	18530883	18530717	9.353859901	18530717	0	-166	-166	-166	-166	166
CAGE_TSS_31782	5	+	18561102	18561075	46.97798157	18561075	0	-27	-27	-27	-27	27
CAGE_TSS_31784	5	+	18584674	18584727	616.6658936	18584727	0	53	53	53	53	53
CAGE_TSS_31789	5	+	18622752	18622674	21.60844994	18622674	0	-78	-78	-78	-78	78
CAGE_TSS_31791	5	+	18628054	18627892	9.043930054	18627892	0	-162	-162	-162	-162	162
CAGE_TSS_31794	5	+	18634078	18633845	125.356987	18633845	0	-233	-233	-233	-233	233
CAGE_TSS_31801	5	+	18670144	18670163	5.204639912	18670163	0	19	19	19	19	19
CAGE_TSS_31805	5	+	18683367	18683282	6.711740017	18683282	0	-85	-85	-85	-85	85
CAGE_TSS_31807	5	+	18697572	18697652	45.1658783	18697652	0	80	80	80	80	80
CAGE_TSS_31817	5	+	18755311	18755333	17.34922028	18755333	0	22	22	22	22	22
CAGE_TSS_31825	5	+	18791735	18791578	153.2423859	18791578	0	-157	-157	-157	-157	157
CAGE_TSS_31826	5	+	18816597	18816692	6.697569847	18816692	0	95	95	95	95	95
CAGE_TSS_31828	5	+	18825106	18825075	13.82271004	18825075	0	-31	-31	-31	-31	31
CAGE_TSS_31829	5	+	18829955	18829789	10.30117989	18829789	0	-166	-166	-166	-166	166
CAGE_TSS_31836	5	+	18835585	18835521	18.00872993	18835521	0	-64	-64	-64	-64	64
CAGE_TSS_31838	5	+	18842669	18842592	167.4472656	18842592	0	-77	-77	-77	-77	77
CAGE_TSS_31840	5	+	18850775	18850685	9.675020218	18850685	0	-90	-90	-90	-90	90
CAGE_TSS_31844	5	+	18888060	18888007	146.9550476	18888007	0	-53	-53	-53	-53	53
CAGE_TSS_31846	5	+	18905277	18905556	18.87877083	18905556	0	279	279	279	279	279
CAGE_TSS_31852	5	+	18945614	18945426	86.12159729	18945426	0	-188	-188	-188	-188	188
CAGE_TSS_31853	5	+	18950917	18950945	16.09049988	18950945	0	28	28	28	28	28
CAGE_TSS_31855	5	+	18964007	18963991	557.0494385	18963991	0	-16	-16	-16	-16	16
CAGE_TSS_31857	5	+	18974110	18974159	22.73547935	18974159	0	49	49	49	49	49
CAGE_TSS_31863	5	+	18979017	18979023	14.48178959	18979023	0	6	6	6	6	6
CAGE_TSS_31866	5	+	19002661	19002545	21.46626091	19002545	0	-116	-116	-116	-116	116
CAGE_TSS_31872	5	+	19015381	19015120	12.88831043	19015120	0	-261	-261	-261	-261	261
CAGE_TSS_31875	5	+	19046465	19046504	29.93224907	19046504	0	39	39	39	39	39
CAGE_TSS_31878	5	+	19071826	19071850	16.59374046	19071850	0	24	24	24	24	24
CAGE_TSS_31883	5	+	19090319	19090276	14.66812038	19090276	0	-43	-43	-43	-43	43
CAGE_TSS_31884	5	+	19106377	19106357	11.83946037	19106357	0	-20	-20	-20	-20	20
CAGE_TSS_31886	5	+	19116787	19116669	350.8955383	19116669	0	-118	-118	-118	-118	118
CAGE_TSS_31888	5	+	19136022	19135924	8.232740402	19135924	0	-98	-98	-98	-98	98
CAGE_TSS_31892	5	+	19144749	19144772	5.156730175	19144772	0	23	23	23	23	23
CAGE_TSS_31894	5	+	19166917	19166839	58.79006958	19166839	0	-78	-78	-78	-78	78
CAGE_TSS_31898	5	+	19183629	19183592	30.91675949	19183592	0	-37	-37	-37	-37	37
CAGE_TSS_31899	5	+	19200828	19200846	18.26441956	19200846	0	18	18	18	18	18
CAGE_TSS_31909	5	+	19229223	19229106	11.04773045	19229106	0	-117	-117	-117	-117	117
CAGE_TSS_31918	5	+	19264043	19263841	16.82674026	19263841	0	-202	-202	-202	-202	202
CAGE_TSS_31920	5	+	19274890	19274842	5.781879902	19274842	0	-48	-48	-48	-48	48
CAGE_TSS_31924	5	+	19289869	19289819	23.68825912	19289819	0	-50	-50	-50	-50	50
CAGE_TSS_31925	5	+	19306146	19305901	20.88328934	19305901	0	-245	-245	-245	-245	245
CAGE_TSS_31928	5	+	19312965	19313004	548.1090088	19313004	0	39	39	39	39	39
CAGE_TSS_31936	5	+	19345173	19345174	36.65924835	19345174	0	1	1	1	1	1
CAGE_TSS_31940	5	+	19347918	19347933	5.278480053	19347933	0	15	15	15	15	15
CAGE_TSS_31946	5	+	19366411	19366252	77.1648407	19366252	0	-159	-159	-159	-159	159
CAGE_TSS_31947	5	+	19375477	19375455	18.81487083	19375455	0	-22	-22	-22	-22	22
CAGE_TSS_31957	5	+	19392336	19392324	28.50196075	19392324	0	-12	-12	-12	-12	12
CAGE_TSS_31958	5	+	19397442	19397376	184.1758575	19397376	0	-66	-66	-66	-66	66
CAGE_TSS_31960	5	+	19422782	19422770	11.78437996	19422770	0	-12	-12	-12	-12	12
CAGE_TSS_31968	5	+	19470085	19470068	44.68146896	19470068	0	-17	-17	-17	-17	17
CAGE_TSS_31972	5	+	19539149	19539255	19.91970062	19539255	0	106	106	106	106	106
CAGE_TSS_31973	5	+	19549901	19549856	37.2560997	19549856	0	-45	-45	-45	-45	45
CAGE_TSS_31986	5	+	19585935	19585935	6.9822402	19585935	0	0	0	0	0	0
CAGE_TSS_31988	5	+	19590587	19590476	5.226099968	19590476	0	-111	-111	-111	-111	111
CAGE_TSS_31989	5	+	19595658	19595612	77.73008728	19595612	0	-46	-46	-46	-46	46
CAGE_TSS_31990	5	+	19608583	19608543	748.0317993	19608543	0	-40	-40	-40	-40	40
CAGE_TSS_31996	5	+	19641743	19641620	10.64330959	19641620	0	-123	-123	-123	-123	123
CAGE_TSS_31997	5	+	19644743	19644649	13.69596958	19644649	0	-94	-94	-94	-94	94
CAGE_TSS_31998	5	+	19653097	19653097	105.9273987	19653097	0	0	0	0	0	0
CAGE_TSS_32004	5	+	19684005	19684273	7.507810116	19684273	0	268	268	268	268	268
CAGE_TSS_32005	5	+	19698406	19698533	6.86371994	19698533	0	127	127	127	127	127
CAGE_TSS_32007	5	+	19711542	19711463	64.8456192	19711463	0	-79	-79	-79	-79	79
CAGE_TSS_32008	5	+	19717339	19717117	56.05688095	19717117	0	-222	-222	-222	-222	222
CAGE_TSS_32009	5	+	19726732	19726742	58.14965057	19726742	0	10	10	10	10	10
CAGE_TSS_32011	5	+	19758959	19758908	5.822859764	19758908	0	-51	-51	-51	-51	51
CAGE_TSS_32015	5	+	19786755	19786663	105.7811127	19786663	0	-92	-92	-92	-92	92
CAGE_TSS_32017	5	+	19825136	19824921	319.9876709	19824921	0	-215	-215	-215	-215	215
CAGE_TSS_32023	5	+	19849515	19849467	292.6603394	19849467	0	-48	-48	-48	-48	48
CAGE_TSS_32029	5	+	19869038	19868964	11.96471024	19868964	0	-74	-74	-74	-74	74
CAGE_TSS_32031	5	+	19871255	19871150	6.368299961	19871150	0	-105	-105	-105	-105	105
CAGE_TSS_32032	5	+	19886475	19886346	13.95071983	19886346	0	-129	-129	-129	-129	129
CAGE_TSS_32034	5	+	19932183	19932030	53.62334824	19932030	0	-153	-153	-153	-153	153
CAGE_TSS_32039	5	+	19953524	19953582	6.091989994	19953582	0	58	58	58	58	58
CAGE_TSS_32043	5	+	20016256	20016454	10.88239002	20016454	0	198	198	198	198	198
CAGE_TSS_32048	5	+	20032508	20032516	24.40988922	20032516	0	8	8	8	8	8
CAGE_TSS_32049	5	+	20051830	20051555	24.87422943	20051555	0	-275	-275	-275	-275	275
CAGE_TSS_32050	5	+	20054678	20054532	14.72126007	20054532	0	-146	-146	-146	-146	146
CAGE_TSS_32051	5	+	20063385	20063447	28.54273033	20063447	0	62	62	62	62	62
CAGE_TSS_32053	5	+	20080644	20080695	6.378009796	20080695	0	51	51	51	51	51
CAGE_TSS_32055	5	+	20100568	20100358	31.11309052	20100358	0	-210	-210	-210	-210	210
CAGE_TSS_32056	5	+	20106653	20106487	5.705890179	20106487	0	-166	-166	-166	-166	166
CAGE_TSS_32057	5	+	20152866	20152756	18.18362045	20152756	0	-110	-110	-110	-110	110
CAGE_TSS_32059	5	+	20156071	20156119	8.270799637	20156119	0	48	48	48	48	48
CAGE_TSS_32061	5	+	20192462	20192297	173.2715607	20192297	0	-165	-165	-165	-165	165
CAGE_TSS_32063	5	+	20195407	20195198	7.551720142	20195198	0	-209	-209	-209	-209	209
CAGE_TSS_32066	5	+	20216430	20216361	137.0716553	20216361	0	-69	-69	-69	-69	69
CAGE_TSS_32072	5	+	20239373	20239300	25.34828949	20239300	0	-73	-73	-73	-73	73
CAGE_TSS_32084	5	+	20329241	20329159	356.2171021	20329159	0	-82	-82	-82	-82	82
CAGE_TSS_32086	5	+	20351294	20350997	35.75354004	20350997	0	-297	-297	-297	-297	297
CAGE_TSS_32088	5	+	20371824	20371760	12.70995998	20371760	0	-64	-64	-64	-64	64
CAGE_TSS_32097	5	+	20420992	20421031	9.395569801	20421031	0	39	39	39	39	39
CAGE_TSS_32110	5	+	20511802	20511731	5.14632988	20511731	0	-71	-71	-71	-71	71
CAGE_TSS_32111	5	+	20540450	20540259	15.21681976	20540259	0	-191	-191	-191	-191	191
CAGE_TSS_32117	5	+	20689408	20689202	6.852779865	20689202	0	-206	-206	-206	-206	206
CAGE_TSS_32121	5	+	20702503	20702479	11.44279003	20702479	0	-24	-24	-24	-24	24
CAGE_TSS_32124	5	+	20728361	20728145	108.0790634	20728145	0	-216	-216	-216	-216	216
CAGE_TSS_32125	5	+	20729422	20729322	1092.010864	20729322	0	-100	-100	-100	-100	100
CAGE_TSS_32134	5	+	20744585	20744659	9.109900475	20744659	0	74	74	74	74	74
CAGE_TSS_32136	5	+	20750667	20750602	222.2788849	20750602	0	-65	-65	-65	-65	65
CAGE_TSS_32142	5	+	20764314	20764250	403.088501	20764250	0	-64	-64	-64	-64	64
CAGE_TSS_32143	5	+	20779721	20779590	801.6959839	20779590	0	-131	-131	-131	-131	131
CAGE_TSS_32146	5	+	20788961	20788972	6.822599888	20788972	0	11	11	11	11	11
CAGE_TSS_32148	5	+	20795595	20795494	16.91249084	20795494	0	-101	-101	-101	-101	101
CAGE_TSS_32149	5	+	20797017	20797186	11.47558022	20797186	0	169	169	169	169	169
CAGE_TSS_32153	5	+	20841312	20841276	61.69395065	20841276	0	-36	-36	-36	-36	36
CAGE_TSS_32154	5	+	20862942	20862955	12.94909954	20862955	0	13	13	13	13	13
CAGE_TSS_32155	5	+	20872735	20872701	34.05488968	20872701	0	-34	-34	-34	-34	34
CAGE_TSS_32168	5	+	20936425	20936459	16.48077965	20936459	0	34	34	34	34	34
CAGE_TSS_32170	5	+	20940041	20939898	30.06925011	20939898	0	-143	-143	-143	-143	143
CAGE_TSS_32171	5	+	20945725	20945665	26.08159065	20945665	0	-60	-60	-60	-60	60
CAGE_TSS_32174	5	+	20952475	20952349	5.735630035	20952349	0	-126	-126	-126	-126	126
CAGE_TSS_32178	5	+	20980136	20979938	7.299759865	20979938	0	-198	-198	-198	-198	198
CAGE_TSS_32186	5	+	21017029	21016732	11.13603973	21016732	0	-297	-297	-297	-297	297
CAGE_TSS_32187	5	+	21020206	21020107	60.82297134	21020107	0	-99	-99	-99	-99	99
CAGE_TSS_32189	5	+	21039632	21039522	25.77576065	21039522	0	-110	-110	-110	-110	110
CAGE_TSS_32191	5	+	21071997	21071991	20.47096062	21071991	0	-6	-6	-6	-6	6
CAGE_TSS_32193	5	+	21079176	21079273	63.73548889	21079273	0	97	97	97	97	97
CAGE_TSS_32208	5	+	21138859	21138917	5.906370163	21138917	0	58	58	58	58	58
CAGE_TSS_32210	5	+	21161312	21161279	76.7114563	21161279	0	-33	-33	-33	-33	33
CAGE_TSS_32216	5	+	21216846	21216677	61.58253098	21216677	0	-169	-169	-169	-169	169
CAGE_TSS_32218	5	+	21226833	21226617	41.2228508	21226617	0	-216	-216	-216	-216	216
CAGE_TSS_32220	5	+	21240848	21240592	1109.69751	21240592	0	-256	-256	-256	-256	256
CAGE_TSS_32224	5	+	21281769	21281913	20.41501045	21281913	0	144	144	144	144	144
CAGE_TSS_32226	5	+	21282342	21282455	19.77424049	21282455	0	113	113	113	113	113
CAGE_TSS_32235	5	+	21307038	21307040	489.3493042	21307040	0	2	2	2	2	2
CAGE_TSS_32237	5	+	21317128	21317117	22.64015007	21317117	0	-11	-11	-11	-11	11
CAGE_TSS_32239	5	+	21330638	21330467	15.73250961	21330467	0	-171	-171	-171	-171	171
CAGE_TSS_32253	5	+	21384042	21383868	19.16356087	21383868	0	-174	-174	-174	-174	174
CAGE_TSS_32255	5	+	21386823	21386680	95.3839035	21386680	0	-143	-143	-143	-143	143
CAGE_TSS_32259	5	+	21401359	21401284	15.39424038	21401284	0	-75	-75	-75	-75	75
CAGE_TSS_32268	5	+	21477180	21477071	1142.770752	21477071	0	-109	-109	-109	-109	109
CAGE_TSS_32279	5	+	21514999	21515066	7.836939812	21515066	0	67	67	67	67	67
CAGE_TSS_32286	5	+	21548475	21548530	13.78742981	21548530	0	55	55	55	55	55
CAGE_TSS_32291	5	+	21560724	21560624	261.7028809	21560624	0	-100	-100	-100	-100	100
CAGE_TSS_32294	5	+	21582844	21582748	54.39107132	21582748	0	-96	-96	-96	-96	96
CAGE_TSS_32300	5	+	21607539	21607493	34.34700012	21607493	0	-46	-46	-46	-46	46
CAGE_TSS_32304	5	+	21643858	21643776	8.128800392	21643776	0	-82	-82	-82	-82	82
CAGE_TSS_32308	5	+	21647891	21647900	122.4587326	21647900	0	9	9	9	9	9
CAGE_TSS_32310	5	+	21661503	21661571	6.115699768	21661571	0	68	68	68	68	68
CAGE_TSS_32314	5	+	21673562	21673526	20.91230965	21673526	0	-36	-36	-36	-36	36
CAGE_TSS_32315	5	+	21674265	21674241	43.5798912	21674241	0	-24	-24	-24	-24	24
CAGE_TSS_32319	5	+	21700241	21700239	159.3086853	21700239	0	-2	-2	-2	-2	2
CAGE_TSS_32326	5	+	21713369	21713448	7.445260048	21713448	0	79	79	79	79	79
CAGE_TSS_32332	5	+	21755376	21755440	153.3800201	21755440	0	64	64	64	64	64
CAGE_TSS_32333	5	+	21759411	21759144	56.55675888	21759144	0	-267	-267	-267	-267	267
CAGE_TSS_32344	5	+	21822518	21822441	88.59159088	21822441	0	-77	-77	-77	-77	77
CAGE_TSS_32346	5	+	21848137	21848259	7.451889992	21848259	0	122	122	122	122	122
CAGE_TSS_32350	5	+	21856942	21856858	19.05135918	21856858	0	-84	-84	-84	-84	84
CAGE_TSS_32351	5	+	21865310	21865134	29.88871002	21865134	0	-176	-176	-176	-176	176
CAGE_TSS_32354	5	+	21876589	21876549	143.8561707	21876549	0	-40	-40	-40	-40	40
CAGE_TSS_32356	5	+	21882598	21882849	10.91011047	21882849	0	251	251	251	251	251
CAGE_TSS_32361	5	+	21924924	21924798	26.57361031	21924798	0	-126	-126	-126	-126	126
CAGE_TSS_32365	5	+	21958287	21958067	91.58879089	21958067	0	-220	-220	-220	-220	220
CAGE_TSS_32367	5	+	21962668	21962643	134.3024139	21962643	0	-25	-25	-25	-25	25
CAGE_TSS_32369	5	+	21965796	21965719	71.57048798	21965719	0	-77	-77	-77	-77	77
CAGE_TSS_32370	5	+	21972464	21972204	130.4733429	21972204	0	-260	-260	-260	-260	260
CAGE_TSS_32372	5	+	21981996	21982019	17.36124992	21982019	0	23	23	23	23	23
CAGE_TSS_32378	5	+	21984573	21984658	16.13718987	21984658	0	85	85	85	85	85
CAGE_TSS_32381	5	+	22032062	22032126	6.475220203	22032126	0	64	64	64	64	64
CAGE_TSS_32384	5	+	22038356	22038285	64.11736298	22038285	0	-71	-71	-71	-71	71
CAGE_TSS_32390	5	+	22086028	22086047	8.491570473	22086047	0	19	19	19	19	19
CAGE_TSS_32393	5	+	22099936	22099879	8.693309784	22099879	0	-57	-57	-57	-57	57
CAGE_TSS_32394	5	+	22121403	22121436	8.063249588	22121436	0	33	33	33	33	33
CAGE_TSS_32395	5	+	22124587	22124565	21.8640995	22124565	0	-22	-22	-22	-22	22
CAGE_TSS_32398	5	+	22152725	22152682	34.11634827	22152682	0	-43	-43	-43	-43	43
CAGE_TSS_32402	5	+	22167354	22167412	13.15182018	22167412	0	58	58	58	58	58
CAGE_TSS_32404	5	+	22175541	22175479	31.85578918	22175479	0	-62	-62	-62	-62	62
CAGE_TSS_32405	5	+	22179752	22179810	18.90449905	22179810	0	58	58	58	58	58
CAGE_TSS_32414	5	+	22209485	22209476	55.04296112	22209476	0	-9	-9	-9	-9	9
CAGE_TSS_32416	5	+	22217070	22217116	5.880859852	22217116	0	46	46	46	46	46
CAGE_TSS_32420	5	+	22241506	22241482	36.29360962	22241482	0	-24	-24	-24	-24	24
CAGE_TSS_32423	5	+	22246594	22246346	456.0657043	22246346	0	-248	-248	-248	-248	248
CAGE_TSS_32433	5	+	22289148	22289152	11.48919964	22289152	0	4	4	4	4	4
CAGE_TSS_32440	5	+	22313188	22313000	35.4936409	22313000	0	-188	-188	-188	-188	188
CAGE_TSS_32441	5	+	22315699	22315576	13.15629959	22315576	0	-123	-123	-123	-123	123
CAGE_TSS_32445	5	+	22337691	22337509	114.610321	22337509	0	-182	-182	-182	-182	182
CAGE_TSS_32450	5	+	22369190	22369103	289.5709534	22369103	0	-87	-87	-87	-87	87
CAGE_TSS_32458	5	+	22394633	22394591	9.811909676	22394591	0	-42	-42	-42	-42	42
CAGE_TSS_32471	5	+	22493003	22492864	128.6365356	22492864	0	-139	-139	-139	-139	139
CAGE_TSS_32472	5	+	22493340	22493257	80.92677307	22493257	0	-83	-83	-83	-83	83
CAGE_TSS_32473	5	+	22515549	22515608	6.533490181	22515608	0	59	59	59	59	59
CAGE_TSS_32476	5	+	22530206	22530242	496.8587952	22530242	0	36	36	36	36	36
CAGE_TSS_32480	5	+	22538652	22538603	6.47300005	22538603	0	-49	-49	-49	-49	49
CAGE_TSS_32488	5	+	22580810	22580621	53.64897919	22580621	0	-189	-189	-189	-189	189
CAGE_TSS_32490	5	+	22594617	22594444	39.45724106	22594444	0	-173	-173	-173	-173	173
CAGE_TSS_32492	5	+	22603476	22603284	136.612442	22603284	0	-192	-192	-192	-192	192
CAGE_TSS_32498	5	+	22662628	22662613	176.3085938	22662613	0	-15	-15	-15	-15	15
CAGE_TSS_32512	5	+	22684443	22684561	8.245149612	22684561	0	118	118	118	118	118
CAGE_TSS_32513	5	+	22686833	22686579	21.60844994	22686579	0	-254	-254	-254	-254	254
CAGE_TSS_32520	5	+	22694983	22694892	94.22470856	22694892	0	-91	-91	-91	-91	91
CAGE_TSS_32521	5	+	22714596	22714567	9.653670311	22714567	0	-29	-29	-29	-29	29
CAGE_TSS_32527	5	+	22731981	22731960	69.80558777	22731960	0	-21	-21	-21	-21	21
CAGE_TSS_32528	5	+	22735986	22735890	8.361109734	22735890	0	-96	-96	-96	-96	96
CAGE_TSS_32532	5	+	22754818	22754736	32.48149109	22754736	0	-82	-82	-82	-82	82
CAGE_TSS_32539	5	+	22817559	22817557	57.74261093	22817557	0	-2	-2	-2	-2	2
CAGE_TSS_32540	5	+	22828418	22828309	8.226050377	22828309	0	-109	-109	-109	-109	109
CAGE_TSS_32542	5	+	22865223	22865130	80.26132202	22865130	0	-93	-93	-93	-93	93
CAGE_TSS_32543	5	+	22871471	22871317	5.761069775	22871317	0	-154	-154	-154	-154	154
CAGE_TSS_32547	5	+	22889309	22889282	61.94678879	22889282	0	-27	-27	-27	-27	27
CAGE_TSS_32550	5	+	22898491	22898405	8.198670387	22898405	0	-86	-86	-86	-86	86
CAGE_TSS_32551	5	+	22907317	22907242	54.52173996	22907242	0	-75	-75	-75	-75	75
CAGE_TSS_32553	5	+	22924117	22924080	11.40178013	22924080	0	-37	-37	-37	-37	37
CAGE_TSS_32556	5	+	22936585	22936476	31.31081009	22936476	0	-109	-109	-109	-109	109
CAGE_TSS_32562	5	+	22957876	22957856	14.75253963	22957856	0	-20	-20	-20	-20	20
CAGE_TSS_32563	5	+	22967938	22967715	35.41085052	22967715	0	-223	-223	-223	-223	223
CAGE_TSS_32567	5	+	22980721	22980569	90.56884766	22980569	0	-152	-152	-152	-152	152
CAGE_TSS_32568	5	+	23004228	23004144	67.5929718	23004144	0	-84	-84	-84	-84	84
CAGE_TSS_32575	5	+	23056528	23056622	103.9826584	23056622	0	94	94	94	94	94
CAGE_TSS_32578	5	+	23071049	23071057	14.67313957	23071057	0	8	8	8	8	8
CAGE_TSS_32579	5	+	23074962	23075063	5.130899906	23075063	0	101	101	101	101	101
CAGE_TSS_32580	5	+	23077264	23077092	230.594986	23077092	0	-172	-172	-172	-172	172
CAGE_TSS_32582	5	+	23079053	23078947	6.077089787	23078947	0	-106	-106	-106	-106	106
CAGE_TSS_32583	5	+	23080660	23080655	16.41053963	23080655	0	-5	-5	-5	-5	5
CAGE_TSS_32584	5	+	23087223	23087402	170.2629547	23087402	0	179	179	179	179	179
CAGE_TSS_32586	5	+	23096167	23096195	48.26374054	23096195	0	28	28	28	28	28
CAGE_TSS_32587	5	+	23098901	23098901	9.019180298	23098901	0	0	0	0	0	0
CAGE_TSS_32590	5	+	23144978	23144886	8.678819656	23144886	0	-92	-92	-92	-92	92
CAGE_TSS_32591	5	+	23149879	23149833	16.60700035	23149833	0	-46	-46	-46	-46	46
CAGE_TSS_32592	5	+	23152182	23152318	32.4203186	23152318	0	136	136	136	136	136
CAGE_TSS_32593	5	+	23168000	23167744	153.8670197	23167744	0	-256	-256	-256	-256	256
CAGE_TSS_32606	5	+	23218361	23218254	1422.723633	23218254	0	-107	-107	-107	-107	107
CAGE_TSS_32612	5	+	23241427	23241526	22.44816971	23241526	0	99	99	99	99	99
CAGE_TSS_32616	5	+	23310282	23310228	6.430210114	23310228	0	-54	-54	-54	-54	54
CAGE_TSS_32617	5	+	23324834	23324551	33.53424835	23324551	0	-283	-283	-283	-283	283
CAGE_TSS_32621	5	+	23344718	23344542	10.91528988	23344542	0	-176	-176	-176	-176	176
CAGE_TSS_32623	5	+	23346925	23346667	289.4182129	23346667	0	-258	-258	-258	-258	258
CAGE_TSS_32629	5	+	23374873	23374948	25.27634048	23374948	0	75	75	75	75	75
CAGE_TSS_32630	5	+	23384452	23384269	401.6879883	23384269	0	-183	-183	-183	-183	183
CAGE_TSS_32632	5	+	23384971	23384881	29.49234962	23384881	0	-90	-90	-90	-90	90
CAGE_TSS_32633	5	+	23400715	23400514	18.4272995	23400514	0	-201	-201	-201	-201	201
CAGE_TSS_32636	5	+	23420213	23420220	32.19081116	23420220	0	7	7	7	7	7
CAGE_TSS_32638	5	+	23426697	23426402	9.32738018	23426402	0	-295	-295	-295	-295	295
CAGE_TSS_32642	5	+	23446821	23446627	10.61571026	23446627	0	-194	-194	-194	-194	194
CAGE_TSS_32643	5	+	23451203	23451073	406.263031	23451073	0	-130	-130	-130	-130	130
CAGE_TSS_32644	5	+	23454603	23454509	7.779409885	23454509	0	-94	-94	-94	-94	94
CAGE_TSS_32646	5	+	23456612	23456598	18.97868919	23456598	0	-14	-14	-14	-14	14
CAGE_TSS_32648	5	+	23460707	23460668	5.122879982	23460668	0	-39	-39	-39	-39	39
CAGE_TSS_32650	5	+	23476987	23476934	32.89979935	23476934	0	-53	-53	-53	-53	53
CAGE_TSS_32654	5	+	23485500	23485527	13.85367012	23485527	0	27	27	27	27	27
CAGE_TSS_32659	5	+	23515239	23515012	30.70347977	23515012	0	-227	-227	-227	-227	227
CAGE_TSS_32664	5	+	23524525	23524468	1485.170776	23524468	0	-57	-57	-57	-57	57
CAGE_TSS_32671	5	+	23533680	23533609	86.54332733	23533609	0	-71	-71	-71	-71	71
CAGE_TSS_32672	5	+	23546329	23546304	45.27376175	23546304	0	-25	-25	-25	-25	25
CAGE_TSS_32673	5	+	23549603	23549449	58.53461075	23549449	0	-154	-154	-154	-154	154
CAGE_TSS_32678	5	+	23559508	23559544	10.64772987	23559544	0	36	36	36	36	36
CAGE_TSS_32688	5	+	23577649	23577723	57.4455719	23577723	0	74	74	74	74	74
CAGE_TSS_32694	5	+	23596317	23596061	9.503849983	23596061	0	-256	-256	-256	-256	256
CAGE_TSS_32696	5	+	23609564	23609542	8.825460434	23609542	0	-22	-22	-22	-22	22
CAGE_TSS_32703	5	+	23627079	23626971	35.1867981	23626971	0	-108	-108	-108	-108	108
CAGE_TSS_32708	5	+	23660317	23660309	32.66770172	23660309	0	-8	-8	-8	-8	8
CAGE_TSS_32711	5	+	23670491	23670352	4405.206055	23670352	0	-139	-139	-139	-139	139
CAGE_TSS_32715	5	+	23693488	23693325	101.5763397	23693325	0	-163	-163	-163	-163	163
CAGE_TSS_32716	5	+	23697942	23697733	15.43659019	23697733	0	-209	-209	-209	-209	209
CAGE_TSS_32718	5	+	23701500	23701263	178.2141418	23701263	0	-237	-237	-237	-237	237
CAGE_TSS_32719	5	+	23717809	23717672	4.280220032	23717672	0	-137	-137	-137	-137	137
CAGE_TSS_32722	5	+	23734360	23734136	62.74354935	23734136	0	-224	-224	-224	-224	224
CAGE_TSS_32725	5	+	23742549	23742306	239.9480133	23742306	0	-243	-243	-243	-243	243
CAGE_TSS_32726	5	+	23744943	23744868	6.96848011	23744868	0	-75	-75	-75	-75	75
CAGE_TSS_32727	5	+	23793157	23793087	25.68008995	23793087	0	-70	-70	-70	-70	70
CAGE_TSS_32732	5	+	23806523	23806440	65.20651245	23806440	0	-83	-83	-83	-83	83
CAGE_TSS_32734	5	+	23814992	23814877	8.656990051	23814877	0	-115	-115	-115	-115	115
CAGE_TSS_32737	5	+	23818532	23818574	11.70810032	23818574	0	42	42	42	42	42
CAGE_TSS_32740	5	+	23833788	23833702	127.5419693	23833702	0	-86	-86	-86	-86	86
CAGE_TSS_32744	5	+	23876600	23876431	13.96485996	23876431	0	-169	-169	-169	-169	169
CAGE_TSS_32745	5	+	23879224	23879161	24.04413033	23879161	0	-63	-63	-63	-63	63
CAGE_TSS_32749	5	+	23903905	23903835	34.5553093	23903835	0	-70	-70	-70	-70	70
CAGE_TSS_32755	5	+	23940781	23940843	115.8928604	23940843	0	62	62	62	62	62
CAGE_TSS_32760	5	+	23957717	23957703	16.86125946	23957703	0	-14	-14	-14	-14	14
CAGE_TSS_32761	5	+	23961614	23961671	6.226759911	23961671	0	57	57	57	57	57
CAGE_TSS_32763	5	+	23967321	23967287	123.2180176	23967287	0	-34	-34	-34	-34	34
CAGE_TSS_32765	5	+	23974666	23974727	81.39676666	23974727	0	61	61	61	61	61
CAGE_TSS_32767	5	+	23985922	23985623	10.31194019	23985623	0	-299	-299	-299	-299	299
CAGE_TSS_32781	5	+	24051578	24051604	14.65485001	24051604	0	26	26	26	26	26
CAGE_TSS_32783	5	+	24057395	24057218	23.42831993	24057218	0	-177	-177	-177	-177	177
CAGE_TSS_32784	5	+	24062586	24062308	12.59737015	24062308	0	-278	-278	-278	-278	278
CAGE_TSS_32785	5	+	24064366	24064333	106.5292206	24064333	0	-33	-33	-33	-33	33
CAGE_TSS_32787	5	+	24090689	24090734	45.84447098	24090734	0	45	45	45	45	45
CAGE_TSS_32797	5	+	24127127	24126965	88.81832123	24126965	0	-162	-162	-162	-162	162
CAGE_TSS_32798	5	+	24127512	24127297	11.76148987	24127297	0	-215	-215	-215	-215	215
CAGE_TSS_32799	5	+	24128693	24128552	51.89744186	24128552	0	-141	-141	-141	-141	141
CAGE_TSS_32800	5	+	24140115	24140086	17.01062012	24140086	0	-29	-29	-29	-29	29
CAGE_TSS_32804	5	+	24207712	24207734	51.73994827	24207734	0	22	22	22	22	22
CAGE_TSS_32805	5	+	24217982	24217749	248.970993	24217749	0	-233	-233	-233	-233	233
CAGE_TSS_32806	5	+	24227415	24227154	11.90355015	24227154	0	-261	-261	-261	-261	261
CAGE_TSS_32808	5	+	24234541	24234336	13.85684967	24234336	0	-205	-205	-205	-205	205
CAGE_TSS_32812	5	+	24257749	24257626	16.57818985	24257626	0	-123	-123	-123	-123	123
CAGE_TSS_32815	5	+	24264553	24264525	5.723989964	24264525	0	-28	-28	-28	-28	28
CAGE_TSS_32816	5	+	24279971	24279793	17.64587975	24279793	0	-178	-178	-178	-178	178
CAGE_TSS_32823	5	+	24282978	24282958	11.09224987	24282958	0	-20	-20	-20	-20	20
CAGE_TSS_32824	5	+	24288664	24288607	5.304430008	24288607	0	-57	-57	-57	-57	57
CAGE_TSS_32830	5	+	24294890	24294804	21.29097939	24294804	0	-86	-86	-86	-86	86
CAGE_TSS_32831	5	+	24301623	24301412	13.96557045	24301412	0	-211	-211	-211	-211	211
CAGE_TSS_32835	5	+	24347802	24347861	13.54638958	24347861	0	59	59	59	59	59
CAGE_TSS_32841	5	+	24358966	24358932	159.947403	24358932	0	-34	-34	-34	-34	34
CAGE_TSS_32849	5	+	24367216	24367217	137.9858856	24367217	0	1	1	1	1	1
CAGE_TSS_32853	5	+	24386183	24386020	57.12303162	24386020	0	-163	-163	-163	-163	163
CAGE_TSS_32854	5	+	24386521	24386602	145.3652496	24386602	0	81	81	81	81	81
CAGE_TSS_32855	5	+	24397104	24397002	106.5728302	24397002	0	-102	-102	-102	-102	102
CAGE_TSS_32856	5	+	24413960	24413777	156.2834625	24413777	0	-183	-183	-183	-183	183
CAGE_TSS_32860	5	+	24438202	24438153	21.76573944	24438153	0	-49	-49	-49	-49	49
CAGE_TSS_32861	5	+	24469567	24469477	28.08933067	24469477	0	-90	-90	-90	-90	90
CAGE_TSS_32862	5	+	24480268	24480276	412.8778687	24480276	0	8	8	8	8	8
CAGE_TSS_32864	5	+	24481241	24480994	9.623220444	24480994	0	-247	-247	-247	-247	247
CAGE_TSS_32865	5	+	24484629	24484614	16.64458084	24484614	0	-15	-15	-15	-15	15
CAGE_TSS_32866	5	+	24494690	24494472	6.23800993	24494472	0	-218	-218	-218	-218	218
CAGE_TSS_32869	5	+	24495624	24495689	8.760769844	24495689	0	65	65	65	65	65
CAGE_TSS_32871	5	+	24543373	24543483	27.16303062	24543483	0	110	110	110	110	110
CAGE_TSS_32873	5	+	24553902	24553728	11.3549099	24553728	0	-174	-174	-174	-174	174
CAGE_TSS_32878	5	+	24611087	24611069	5.859529972	24611069	0	-18	-18	-18	-18	18
CAGE_TSS_32881	5	+	24615280	24615238	9.930660248	24615238	0	-42	-42	-42	-42	42
CAGE_TSS_32882	5	+	24620276	24620251	14.54061985	24620251	0	-25	-25	-25	-25	25
CAGE_TSS_32883	5	+	24623333	24623399	109.9418793	24623399	0	66	66	66	66	66
CAGE_TSS_32886	5	+	24627193	24627103	12.46525002	24627103	0	-90	-90	-90	-90	90
CAGE_TSS_32888	5	+	24629386	24629264	15.40287971	24629264	0	-122	-122	-122	-122	122
CAGE_TSS_32891	5	+	24648560	24648327	19.80101013	24648327	0	-233	-233	-233	-233	233
CAGE_TSS_32892	5	+	24649895	24649936	237.6315765	24649936	0	41	41	41	41	41
CAGE_TSS_32895	5	+	24660519	24660467	10.2252903	24660467	0	-52	-52	-52	-52	52
CAGE_TSS_32899	5	+	24675083	24674891	116.2484589	24674891	0	-192	-192	-192	-192	192
CAGE_TSS_32902	5	+	24707500	24707513	250.7359772	24707513	0	13	13	13	13	13
CAGE_TSS_32905	5	+	24742084	24741999	22.57554054	24741999	0	-85	-85	-85	-85	85
CAGE_TSS_32907	5	+	24744906	24744910	8.521960258	24744910	0	4	4	4	4	4
CAGE_TSS_32912	5	+	24766670	24766723	45.34600067	24766723	0	53	53	53	53	53
CAGE_TSS_32916	5	+	24783589	24783568	1109.763428	24783568	0	-21	-21	-21	-21	21
CAGE_TSS_32930	5	+	24894138	24894221	109.0992584	24894221	0	83	83	83	83	83
CAGE_TSS_32931	5	+	24910469	24910362	40.48405075	24910362	0	-107	-107	-107	-107	107
CAGE_TSS_32937	5	+	24916076	24916055	86.3666687	24916055	0	-21	-21	-21	-21	21
CAGE_TSS_32938	5	+	24918738	24918473	171.7366943	24918473	0	-265	-265	-265	-265	265
CAGE_TSS_32940	5	+	24940309	24940216	15.80405998	24940216	0	-93	-93	-93	-93	93
CAGE_TSS_32941	5	+	24952485	24952313	100.4609375	24952313	0	-172	-172	-172	-172	172
CAGE_TSS_32945	5	+	24964764	24964749	5.404819965	24964749	0	-15	-15	-15	-15	15
CAGE_TSS_32954	5	+	25017081	25017011	16.85302925	25017011	0	-70	-70	-70	-70	70
CAGE_TSS_32961	5	+	25037423	25037416	136.9308624	25037416	0	-7	-7	-7	-7	7
CAGE_TSS_32963	5	+	25040647	25040362	200.4674225	25040362	0	-285	-285	-285	-285	285
CAGE_TSS_32968	5	+	25066564	25066448	10.42080975	25066448	0	-116	-116	-116	-116	116
CAGE_TSS_32969	5	+	25071679	25071766	290.8005371	25071766	0	87	87	87	87	87
CAGE_TSS_32971	5	+	25074927	25074893	7.20138979	25074893	0	-34	-34	-34	-34	34
CAGE_TSS_32973	5	+	25079421	25079300	12.46020031	25079300	0	-121	-121	-121	-121	121
CAGE_TSS_32974	5	+	25092676	25092765	14.84552002	25092765	0	89	89	89	89	89
CAGE_TSS_32976	5	+	25097997	25097796	23.07101059	25097796	0	-201	-201	-201	-201	201
CAGE_TSS_32977	5	+	25104090	25104023	69.59468842	25104023	0	-67	-67	-67	-67	67
CAGE_TSS_32979	5	+	25114103	25114077	199.391037	25114077	0	-26	-26	-26	-26	26
CAGE_TSS_32981	5	+	25117487	25117491	20.86701965	25117491	0	4	4	4	4	4
CAGE_TSS_32982	5	+	25119847	25119875	5.185619831	25119875	0	28	28	28	28	28
CAGE_TSS_32983	5	+	25136747	25136717	38.1604805	25136717	0	-30	-30	-30	-30	30
CAGE_TSS_32994	5	+	25187302	25187063	34.37334824	25187063	0	-239	-239	-239	-239	239
CAGE_TSS_32996	5	+	25192227	25192062	15.90452003	25192062	0	-165	-165	-165	-165	165
CAGE_TSS_32999	5	+	25200946	25200924	5.492929935	25200924	0	-22	-22	-22	-22	22
CAGE_TSS_33003	5	+	25210495	25210381	9.027179718	25210381	0	-114	-114	-114	-114	114
CAGE_TSS_33013	5	+	25243464	25243418	37.3064003	25243418	0	-46	-46	-46	-46	46
CAGE_TSS_33017	5	+	25250634	25250387	20.10861015	25250387	0	-247	-247	-247	-247	247
CAGE_TSS_33020	5	+	25269172	25268991	29.40545082	25268991	0	-181	-181	-181	-181	181
CAGE_TSS_33030	5	+	25304808	25304822	17.32440948	25304822	0	14	14	14	14	14
CAGE_TSS_33031	5	+	25323104	25323021	54.05683136	25323021	0	-83	-83	-83	-83	83
CAGE_TSS_33032	5	+	25328224	25328221	29.08181	25328221	0	-3	-3	-3	-3	3
CAGE_TSS_33033	5	+	25330200	25330201	5.441130161	25330201	0	1	1	1	1	1
CAGE_TSS_33035	5	+	25345545	25345553	28.3108902	25345553	0	8	8	8	8	8
CAGE_TSS_33037	5	+	25349010	25349007	5.396800041	25349007	0	-3	-3	-3	-3	3
CAGE_TSS_33047	5	+	25433237	25433076	472.9113159	25433076	0	-161	-161	-161	-161	161
CAGE_TSS_33050	5	+	25434687	25434624	151.5523834	25434624	0	-63	-63	-63	-63	63
CAGE_TSS_33052	5	+	25444725	25444601	13.63624001	25444601	0	-124	-124	-124	-124	124
CAGE_TSS_33054	5	+	25451877	25451957	11.18354988	25451957	0	80	80	80	80	80
CAGE_TSS_33056	5	+	25454701	25454564	52.90345001	25454564	0	-137	-137	-137	-137	137
CAGE_TSS_33057	5	+	25477751	25477578	226.1142883	25477578	0	-173	-173	-173	-173	173
CAGE_TSS_33064	5	+	25515321	25515119	6.52794981	25515119	0	-202	-202	-202	-202	202
CAGE_TSS_33071	5	+	25532430	25532358	9.965600014	25532358	0	-72	-72	-72	-72	72
CAGE_TSS_33079	5	+	25574418	25574434	19.35655975	25574434	0	16	16	16	16	16
CAGE_TSS_33085	5	+	25613293	25613110	6.107629776	25613110	0	-183	-183	-183	-183	183
CAGE_TSS_33088	5	+	25624195	25624189	21.75834084	25624189	0	-6	-6	-6	-6	6
CAGE_TSS_33090	5	+	25629674	25629794	164.9283752	25629794	0	120	120	120	120	120
CAGE_TSS_33092	5	+	25648012	25648092	12.69705963	25648092	0	80	80	80	80	80
CAGE_TSS_33094	5	+	25677128	25677079	11.46370983	25677079	0	-49	-49	-49	-49	49
CAGE_TSS_33096	5	+	25686203	25686281	321.859375	25686281	0	78	78	78	78	78
CAGE_TSS_33100	5	+	25706661	25706472	7.144309998	25706472	0	-189	-189	-189	-189	189
CAGE_TSS_33101	5	+	25718173	25718230	39.68669128	25718230	0	57	57	57	57	57
CAGE_TSS_33104	5	+	25721933	25721706	85.85958099	25721706	0	-227	-227	-227	-227	227
CAGE_TSS_33109	5	+	25743353	25743390	7.146959782	25743390	0	37	37	37	37	37
CAGE_TSS_33110	5	+	25748848	25748881	31.08205986	25748881	0	33	33	33	33	33
CAGE_TSS_33116	5	+	25765748	25765864	5.130390167	25765864	0	116	116	116	116	116
CAGE_TSS_33117	5	+	25771898	25771932	18.0069809	25771932	0	34	34	34	34	34
CAGE_TSS_33126	5	+	25810284	25810444	20.35305977	25810444	0	160	160	160	160	160
CAGE_TSS_33127	5	+	25812823	25812750	80.580513	25812750	0	-73	-73	-73	-73	73
CAGE_TSS_33128	5	+	25825151	25824968	36.48931885	25824968	0	-183	-183	-183	-183	183
CAGE_TSS_33129	5	+	25831835	25831875	21.51332092	25831875	0	40	40	40	40	40
CAGE_TSS_33130	5	+	25833230	25832947	65.025383	25832947	0	-283	-283	-283	-283	283
CAGE_TSS_33131	5	+	25836640	25836914	5.912360191	25836914	0	274	274	274	274	274
CAGE_TSS_33138	5	+	25881141	25881087	296.389679	25881087	0	-54	-54	-54	-54	54
CAGE_TSS_33142	5	+	25908336	25908058	406.500885	25908058	0	-278	-278	-278	-278	278
CAGE_TSS_33143	5	+	25910302	25910116	7.677249908	25910116	0	-186	-186	-186	-186	186
CAGE_TSS_33146	5	+	25921515	25921408	45.32138062	25921408	0	-107	-107	-107	-107	107
CAGE_TSS_33149	5	+	25923731	25923534	7.03083992	25923534	0	-197	-197	-197	-197	197
CAGE_TSS_33150	5	+	25932292	25932223	13.95901012	25932223	0	-69	-69	-69	-69	69
CAGE_TSS_33153	5	+	25937169	25937228	37.89078903	25937228	0	59	59	59	59	59
CAGE_TSS_33155	5	+	25948995	25948744	16.89374924	25948744	0	-251	-251	-251	-251	251
CAGE_TSS_33177	5	+	25980222	25980189	10.45170021	25980189	0	-33	-33	-33	-33	33
CAGE_TSS_33178	5	+	25982402	25982617	46.85250854	25982617	0	215	215	215	215	215
CAGE_TSS_33179	5	+	25987459	25987514	17.5267601	25987514	0	55	55	55	55	55
CAGE_TSS_33186	5	+	26045395	26045138	12.92243958	26045138	0	-257	-257	-257	-257	257
CAGE_TSS_33187	5	+	26057812	26057696	5.337880135	26057696	0	-116	-116	-116	-116	116
CAGE_TSS_33196	5	+	26083375	26083226	39.11198044	26083226	0	-149	-149	-149	-149	149
CAGE_TSS_33198	5	+	26089576	26089586	7.175370216	26089586	0	10	10	10	10	10
CAGE_TSS_33203	5	+	26136093	26136040	5.23032999	26136040	0	-53	-53	-53	-53	53
CAGE_TSS_33204	5	+	26151513	26151314	29.02630997	26151314	0	-199	-199	-199	-199	199
CAGE_TSS_33206	5	+	26172131	26171990	104.5032196	26171990	0	-141	-141	-141	-141	141
CAGE_TSS_33213	5	+	26180471	26180498	315.4803467	26180498	0	27	27	27	27	27
CAGE_TSS_33214	5	+	26189991	26189983	38.64141846	26189983	0	-8	-8	-8	-8	8
CAGE_TSS_33218	5	+	26222134	26222060	9.907629967	26222060	0	-74	-74	-74	-74	74
CAGE_TSS_33220	5	+	26234458	26234705	25.1079998	26234705	0	247	247	247	247	247
CAGE_TSS_33221	5	+	26237062	26236871	46.85250854	26236871	0	-191	-191	-191	-191	191
CAGE_TSS_33222	5	+	26239508	26239286	23.24982071	26239286	0	-222	-222	-222	-222	222
CAGE_TSS_33229	5	+	26261354	26261366	129.9745941	26261366	0	12	12	12	12	12
CAGE_TSS_33231	5	+	26281747	26281875	6.667510033	26281875	0	128	128	128	128	128
CAGE_TSS_33237	5	+	26299036	26299047	53.14350891	26299047	0	11	11	11	11	11
CAGE_TSS_33243	5	+	26311439	26311438	16.78734016	26311438	0	-1	-1	-1	-1	1
CAGE_TSS_33245	5	+	26316340	26316321	10.78536987	26316321	0	-19	-19	-19	-19	19
CAGE_TSS_33248	5	+	26342454	26342710	4.680950165	26342710	0	256	256	256	256	256
CAGE_TSS_33250	5	+	26351510	26351270	6.163650036	26351270	0	-240	-240	-240	-240	240
CAGE_TSS_33251	5	+	26353035	26352907	27.65568924	26352907	0	-128	-128	-128	-128	128
CAGE_TSS_33252	5	+	26354908	26354959	38.24782944	26354959	0	51	51	51	51	51
CAGE_TSS_33253	5	+	26358202	26358147	6.005400181	26358147	0	-55	-55	-55	-55	55
CAGE_TSS_33254	5	+	26369045	26369327	8.038499832	26369327	0	282	282	282	282	282
CAGE_TSS_33257	5	+	26380266	26380383	5.312439919	26380383	0	117	117	117	117	117
CAGE_TSS_33259	5	+	26385402	26385363	21.17617035	26385363	0	-39	-39	-39	-39	39
CAGE_TSS_33270	5	+	26421862	26421807	9.69023037	26421807	0	-55	-55	-55	-55	55
CAGE_TSS_33275	5	+	26430229	26430245	13.47871017	26430245	0	16	16	16	16	16
CAGE_TSS_33282	5	+	26462595	26462450	71.04315186	26462450	0	-145	-145	-145	-145	145
CAGE_TSS_33285	5	+	26466203	26466128	9.213230133	26466128	0	-75	-75	-75	-75	75
CAGE_TSS_33288	5	+	26468534	26468604	15.97249985	26468604	0	70	70	70	70	70
CAGE_TSS_33289	5	+	26476366	26476268	8.1082201	26476268	0	-98	-98	-98	-98	98
CAGE_TSS_33290	5	+	26510266	26510250	16.18230057	26510250	0	-16	-16	-16	-16	16
CAGE_TSS_33292	5	+	26519805	26519577	6.399650097	26519577	0	-228	-228	-228	-228	228
CAGE_TSS_33295	5	+	26564265	26564207	125.5248718	26564207	0	-58	-58	-58	-58	58
CAGE_TSS_33297	5	+	26568698	26568682	17.12885094	26568682	0	-16	-16	-16	-16	16
CAGE_TSS_33298	5	+	26569742	26569800	5.802380085	26569800	0	58	58	58	58	58
CAGE_TSS_33300	5	+	26574240	26573979	335.3232727	26573979	0	-261	-261	-261	-261	261
CAGE_TSS_33301	5	+	26575111	26574957	58.85181046	26574957	0	-154	-154	-154	-154	154
CAGE_TSS_33302	5	+	26584754	26584776	1998.591919	26584776	0	22	22	22	22	22
CAGE_TSS_33303	5	+	26588404	26588407	43.68529129	26588407	0	3	3	3	3	3
CAGE_TSS_33305	5	+	26592647	26592557	7.677179813	26592557	0	-90	-90	-90	-90	90
CAGE_TSS_33312	5	+	26646952	26646805	12.59113026	26646805	0	-147	-147	-147	-147	147
CAGE_TSS_33314	5	+	26648951	26648726	10.75133038	26648726	0	-225	-225	-225	-225	225
CAGE_TSS_33315	5	+	26653660	26653483	48.03517914	26653483	0	-177	-177	-177	-177	177
CAGE_TSS_33319	5	+	26660555	26660606	11.05552959	26660606	0	51	51	51	51	51
CAGE_TSS_33323	5	+	26672928	26672754	608.762085	26672754	0	-174	-174	-174	-174	174
CAGE_TSS_33326	5	+	26688959	26688972	7.04445982	26688972	0	13	13	13	13	13
CAGE_TSS_33328	5	+	26705861	26705632	13.54638958	26705632	0	-229	-229	-229	-229	229
CAGE_TSS_33329	5	+	26710570	26710493	253.6733551	26710493	0	-77	-77	-77	-77	77
CAGE_TSS_33332	5	+	26732862	26732759	23.50758934	26732759	0	-103	-103	-103	-103	103
CAGE_TSS_33334	5	+	26749834	26750023	7.706180096	26750023	0	189	189	189	189	189
CAGE_TSS_33336	5	+	26768020	26768005	58.14965057	26768005	0	-15	-15	-15	-15	15
CAGE_TSS_33341	5	+	26791557	26791560	24.27977943	26791560	0	3	3	3	3	3
CAGE_TSS_33343	5	+	26797420	26797429	30.55698967	26797429	0	9	9	9	9	9
CAGE_TSS_33344	5	+	26799778	26799714	22.65789986	26799714	0	-64	-64	-64	-64	64
CAGE_TSS_33345	5	+	26818965	26818894	38.18185043	26818894	0	-71	-71	-71	-71	71
CAGE_TSS_33346	5	+	26822489	26822254	43.41712952	26822254	0	-235	-235	-235	-235	235
CAGE_TSS_33347	5	+	26836192	26836334	4.886250019	26836334	0	142	142	142	142	142
CAGE_TSS_33351	5	+	26854822	26854844	123.5912476	26854844	0	22	22	22	22	22
CAGE_TSS_33355	5	+	26861728	26861748	8.739159584	26861748	0	20	20	20	20	20
CAGE_TSS_33359	5	+	26883565	26883714	58.06491852	26883714	0	149	149	149	149	149
CAGE_TSS_33360	5	+	26884288	26884298	361.2635803	26884298	0	10	10	10	10	10
CAGE_TSS_33367	5	+	26904058	26903853	58.13880157	26903853	0	-205	-205	-205	-205	205
CAGE_TSS_33370	5	+	26926708	26926645	34.32712936	26926645	0	-63	-63	-63	-63	63
CAGE_TSS_33373	5	+	26935163	26934948	6.990210056	26934948	0	-215	-215	-215	-215	215
CAGE_TSS_33379	5	+	26939260	26939141	59.54919052	26939141	0	-119	-119	-119	-119	119
CAGE_TSS_33380	5	+	26941184	26941147	11.4483099	26941147	0	-37	-37	-37	-37	37
CAGE_TSS_33381	5	+	26949658	26949487	97.51233673	26949487	0	-171	-171	-171	-171	171
CAGE_TSS_33382	5	+	26950245	26950090	141.4597321	26950090	0	-155	-155	-155	-155	155
CAGE_TSS_33384	5	+	26952324	26952335	67.01806641	26952335	0	11	11	11	11	11
