tss_id	chromosome	strand	tss_position_0based	summit_position_0based	summit_score	window_center_position_0based	genomic_shift_center_minus_summit	genomic_offset_center_minus_tss	strand_oriented_offset	genomic_offset_summit_minus_tss	strand_oriented_offset_summit_minus_tss	absolute_summit_tss_distance
CAGE_TSS_4787	1	-	13631	13750	72.30435944	13750	0	119	-119	119	-119	119
CAGE_TSS_4792	1	-	37778	38042	67.27623749	38042	0	264	-264	264	-264	264
CAGE_TSS_4799	1	-	49278	49346	7.672570229	49346	0	68	-68	68	-68	68
CAGE_TSS_4803	1	-	51197	51459	56.59206009	51459	0	262	-262	262	-262	262
CAGE_TSS_4807	1	-	67624	67655	49.96912003	67655	0	31	-31	31	-31	31
CAGE_TSS_4809	1	-	74524	74745	5.955840111	74745	0	221	-221	221	-221	221
CAGE_TSS_4812	1	-	84946	84936	135.6935272	84936	0	-10	10	-10	10	10
CAGE_TSS_4814	1	-	105321	105446	17.06933975	105446	0	125	-125	125	-125	125
CAGE_TSS_4819	1	-	128318	128562	1632.80127	128562	0	244	-244	244	-244	244
CAGE_TSS_4822	1	-	130575	130726	463.0197449	130726	0	151	-151	151	-151	151
CAGE_TSS_4828	1	-	162716	162849	12.92753983	162849	0	133	-133	133	-133	133
CAGE_TSS_4829	1	-	167836	167831	103.6660995	167831	0	-5	5	-5	5	5
CAGE_TSS_4832	1	-	180743	180498	31.64875031	180498	0	-245	245	-245	245	245
CAGE_TSS_4833	1	-	181472	181262	25.1079998	181262	0	-210	210	-210	210	210
CAGE_TSS_4834	1	-	182356	182393	184.0706177	182393	0	37	-37	37	-37	37
CAGE_TSS_4836	1	-	224273	224280	8.674030304	224280	0	7	-7	7	-7	7
CAGE_TSS_4841	1	-	227235	227239	28.49353981	227239	0	4	-4	4	-4	4
CAGE_TSS_4844	1	-	237744	237920	257.4365234	237920	0	176	-176	176	-176	176
CAGE_TSS_4846	1	-	245990	246035	5.241149902	246035	0	45	-45	45	-45	45
CAGE_TSS_4849	1	-	270749	270782	52.28276825	270782	0	33	-33	33	-33	33
CAGE_TSS_4850	1	-	274701	274780	5.311540127	274780	0	79	-79	79	-79	79
CAGE_TSS_4854	1	-	298097	298153	23.56082916	298153	0	56	-56	56	-56	56
CAGE_TSS_4855	1	-	300860	301151	588.3870239	301151	0	291	-291	291	-291	291
CAGE_TSS_4856	1	-	302253	302401	8.966509819	302401	0	148	-148	148	-148	148
CAGE_TSS_4858	1	-	309041	309152	112.4452515	309152	0	111	-111	111	-111	111
CAGE_TSS_4862	1	-	344342	344384	13.72791958	344384	0	42	-42	42	-42	42
CAGE_TSS_4863	1	-	354842	354974	6.364230156	354974	0	132	-132	132	-132	132
CAGE_TSS_4866	1	-	370966	371127	394.2800598	371127	0	161	-161	161	-161	161
CAGE_TSS_4874	1	-	404432	404317	5.149839878	404317	0	-115	115	-115	115	115
CAGE_TSS_4875	1	-	414640	414908	907.2236938	414908	0	268	-268	268	-268	268
CAGE_TSS_4893	1	-	467754	467917	53.64533997	467917	0	163	-163	163	-163	163
CAGE_TSS_4895	1	-	471504	471644	218.0362854	471644	0	140	-140	140	-140	140
CAGE_TSS_4897	1	-	498516	498560	179.288208	498560	0	44	-44	44	-44	44
CAGE_TSS_4899	1	-	513606	513725	330.0286865	513725	0	119	-119	119	-119	119
CAGE_TSS_4900	1	-	515342	515389	15.72618961	515389	0	47	-47	47	-47	47
CAGE_TSS_4901	1	-	555984	555900	16.60964966	555900	0	-84	84	-84	84	84
CAGE_TSS_4904	1	-	598655	598924	7.483870029	598924	0	269	-269	269	-269	269
CAGE_TSS_4917	1	-	644531	644724	172.5362244	644724	0	193	-193	193	-193	193
CAGE_TSS_4930	1	-	687327	687500	5.821410179	687500	0	173	-173	173	-173	173
CAGE_TSS_4933	1	-	706630	706648	62.0016098	706648	0	18	-18	18	-18	18
CAGE_TSS_4935	1	-	727298	727392	27.87178993	727392	0	94	-94	94	-94	94
CAGE_TSS_4939	1	-	746766	746752	14.87794018	746752	0	-14	14	-14	14	14
CAGE_TSS_4941	1	-	754174	754251	71.23474884	754251	0	77	-77	77	-77	77
CAGE_TSS_4946	1	-	795367	795367	7.8269701	795367	0	0	0	0	0	0
CAGE_TSS_4947	1	-	798457	798534	10.34910965	798534	0	77	-77	77	-77	77
CAGE_TSS_4948	1	-	813190	813177	4092.843994	813177	0	-13	13	-13	13	13
CAGE_TSS_4950	1	-	819413	819527	6.524129868	819527	0	114	-114	114	-114	114
CAGE_TSS_4954	1	-	847589	847615	48.79470062	847615	0	26	-26	26	-26	26
CAGE_TSS_4956	1	-	853770	853811	30.06637001	853811	0	41	-41	41	-41	41
CAGE_TSS_4958	1	-	864069	864299	362.0507812	864299	0	230	-230	230	-230	230
CAGE_TSS_4963	1	-	871201	871462	9.846559525	871462	0	261	-261	261	-261	261
CAGE_TSS_4967	1	-	880181	880040	60.13504028	880040	0	-141	141	-141	141	141
CAGE_TSS_4971	1	-	892421	892307	13.65995979	892307	0	-114	114	-114	114	114
CAGE_TSS_4975	1	-	899201	899276	29.15435028	899276	0	75	-75	75	-75	75
CAGE_TSS_4976	1	-	899825	899949	154.2917633	899949	0	124	-124	124	-124	124
CAGE_TSS_4983	1	-	931652	931814	1280.104492	931814	0	162	-162	162	-162	162
CAGE_TSS_5000	1	-	1010966	1011154	9.138739586	1011154	0	188	-188	188	-188	188
CAGE_TSS_5003	1	-	1028270	1028507	84.54434967	1028507	0	237	-237	237	-237	237
CAGE_TSS_5005	1	-	1036204	1036176	21.61396027	1036176	0	-28	28	-28	28	28
CAGE_TSS_5011	1	-	1049775	1049941	8.814069748	1049941	0	166	-166	166	-166	166
CAGE_TSS_5014	1	-	1070927	1071046	47.88076019	1071046	0	119	-119	119	-119	119
CAGE_TSS_5015	1	-	1080522	1080449	6.403309822	1080449	0	-73	73	-73	73	73
CAGE_TSS_5016	1	-	1108658	1108637	36.27251053	1108637	0	-21	21	-21	21	21
CAGE_TSS_5018	1	-	1129414	1129597	602.3592529	1129597	0	183	-183	183	-183	183
CAGE_TSS_5019	1	-	1141364	1141460	13.2231102	1141460	0	96	-96	96	-96	96
CAGE_TSS_5022	1	-	1143038	1143127	11.37874031	1143127	0	89	-89	89	-89	89
CAGE_TSS_5040	1	-	1188340	1188305	722.0765381	1188305	0	-35	35	-35	35	35
CAGE_TSS_5047	1	-	1191352	1191386	31.92952919	1191386	0	34	-34	34	-34	34
CAGE_TSS_5049	1	-	1215831	1215753	160.4358368	1215753	0	-78	78	-78	78	78
CAGE_TSS_5053	1	-	1235949	1236026	341.2146301	1236026	0	77	-77	77	-77	77
CAGE_TSS_5054	1	-	1239039	1238938	9.443630219	1238938	0	-101	101	-101	101	101
CAGE_TSS_5059	1	-	1291073	1291143	6.070869923	1291143	0	70	-70	70	-70	70
CAGE_TSS_5066	1	-	1333532	1333750	140.6996002	1333750	0	218	-218	218	-218	218
CAGE_TSS_5068	1	-	1337848	1337962	42.2105217	1337962	0	114	-114	114	-114	114
CAGE_TSS_5071	1	-	1343371	1343329	188.5897369	1343329	0	-42	42	-42	42	42
CAGE_TSS_5082	1	-	1373097	1373049	10.64836025	1373049	0	-48	48	-48	48	48
CAGE_TSS_5083	1	-	1375715	1375800	11.04640007	1375800	0	85	-85	85	-85	85
CAGE_TSS_5088	1	-	1407495	1407632	9.87059021	1407632	0	137	-137	137	-137	137
CAGE_TSS_5090	1	-	1410737	1410726	10.8130703	1410726	0	-11	11	-11	11	11
CAGE_TSS_5093	1	-	1418439	1418542	109.2741776	1418542	0	103	-103	103	-103	103
CAGE_TSS_5096	1	-	1421803	1421778	21.87697029	1421778	0	-25	25	-25	25	25
CAGE_TSS_5097	1	-	1431953	1431839	5.906370163	1431839	0	-114	114	-114	114	114
CAGE_TSS_5100	1	-	1441439	1441497	25.1079998	1441497	0	58	-58	58	-58	58
CAGE_TSS_5103	1	-	1454500	1454651	32.84545898	1454651	0	151	-151	151	-151	151
CAGE_TSS_5106	1	-	1458696	1458822	44.63692856	1458822	0	126	-126	126	-126	126
CAGE_TSS_5108	1	-	1476098	1476097	11.78407001	1476097	0	-1	1	-1	1	1
CAGE_TSS_5112	1	-	1478878	1479138	60.80794907	1479138	0	260	-260	260	-260	260
CAGE_TSS_5115	1	-	1486940	1487097	603.5355225	1487097	0	157	-157	157	-157	157
CAGE_TSS_5126	1	-	1518801	1518735	64.05536652	1518735	0	-66	66	-66	66	66
CAGE_TSS_5128	1	-	1534389	1534448	31.64875031	1534448	0	59	-59	59	-59	59
CAGE_TSS_5135	1	-	1559755	1560000	6.587550163	1560000	0	245	-245	245	-245	245
CAGE_TSS_5138	1	-	1572470	1572502	265.1128845	1572502	0	32	-32	32	-32	32
CAGE_TSS_5147	1	-	1611564	1611790	47.90518188	1611790	0	226	-226	226	-226	226
CAGE_TSS_5152	1	-	1647146	1647321	42.23950958	1647321	0	175	-175	175	-175	175
CAGE_TSS_5156	1	-	1696091	1696299	32.44353867	1696299	0	208	-208	208	-208	208
CAGE_TSS_5166	1	-	1745414	1745432	110.273201	1745432	0	18	-18	18	-18	18
CAGE_TSS_5168	1	-	1766278	1766246	5.467700005	1766246	0	-32	32	-32	32	32
CAGE_TSS_5176	1	-	1773299	1773353	83.37602234	1773353	0	54	-54	54	-54	54
CAGE_TSS_5178	1	-	1807648	1807578	148.240387	1807578	0	-70	70	-70	70	70
CAGE_TSS_5180	1	-	1815498	1815577	25.06938934	1815577	0	79	-79	79	-79	79
CAGE_TSS_5185	1	-	1821837	1821986	145.5171356	1821986	0	149	-149	149	-149	149
CAGE_TSS_5186	1	-	1828875	1828625	52.62041855	1828625	0	-250	250	-250	250	250
CAGE_TSS_5188	1	-	1829805	1829882	69.31507111	1829882	0	77	-77	77	-77	77
CAGE_TSS_5192	1	-	1837638	1837683	29.16835976	1837683	0	45	-45	45	-45	45
CAGE_TSS_5193	1	-	1854966	1855001	63.05361176	1855001	0	35	-35	35	-35	35
CAGE_TSS_5197	1	-	1873716	1873706	20.82430077	1873706	0	-10	10	-10	10	10
CAGE_TSS_5199	1	-	1894137	1894138	9.477890015	1894138	0	1	-1	1	-1	1
CAGE_TSS_5201	1	-	1896914	1896978	89.42073822	1896978	0	64	-64	64	-64	64
CAGE_TSS_5207	1	-	1944944	1944878	12.82001019	1944878	0	-66	66	-66	66	66
CAGE_TSS_5209	1	-	1952767	1952834	30.53860092	1952834	0	67	-67	67	-67	67
CAGE_TSS_5216	1	-	1969474	1969578	10.06188965	1969578	0	104	-104	104	-104	104
CAGE_TSS_5217	1	-	1974302	1974579	141.1652069	1974579	0	277	-277	277	-277	277
CAGE_TSS_5218	1	-	1992145	1992159	6.036509991	1992159	0	14	-14	14	-14	14
CAGE_TSS_5221	1	-	2007189	2007121	13.41240025	2007121	0	-68	68	-68	68	68
CAGE_TSS_5224	1	-	2013514	2013670	128.4296722	2013670	0	156	-156	156	-156	156
CAGE_TSS_5226	1	-	2024661	2024686	6.568980217	2024686	0	25	-25	25	-25	25
CAGE_TSS_5227	1	-	2035509	2035687	17.51885033	2035687	0	178	-178	178	-178	178
CAGE_TSS_5229	1	-	2047655	2047756	29.54039955	2047756	0	101	-101	101	-101	101
CAGE_TSS_5235	1	-	2067339	2067366	62.65301132	2067366	0	27	-27	27	-27	27
CAGE_TSS_5245	1	-	2103290	2103390	275.5111389	2103390	0	100	-100	100	-100	100
CAGE_TSS_5251	1	-	2114538	2114554	5.288000107	2114554	0	16	-16	16	-16	16
CAGE_TSS_5257	1	-	2152330	2152508	30.17653084	2152508	0	178	-178	178	-178	178
CAGE_TSS_5259	1	-	2156002	2155986	8.000510216	2155986	0	-16	16	-16	16	16
CAGE_TSS_5261	1	-	2160695	2160758	9.883560181	2160758	0	63	-63	63	-63	63
CAGE_TSS_5263	1	-	2163307	2163247	8.062270164	2163247	0	-60	60	-60	60	60
CAGE_TSS_5265	1	-	2174913	2175006	321.8966675	2175006	0	93	-93	93	-93	93
CAGE_TSS_5267	1	-	2188530	2188356	31.29833031	2188356	0	-174	174	-174	174	174
CAGE_TSS_5269	1	-	2190653	2190383	100.0848999	2190383	0	-270	270	-270	270	270
CAGE_TSS_5275	1	-	2195795	2195867	74.83506012	2195867	0	72	-72	72	-72	72
CAGE_TSS_5276	1	-	2212421	2212579	88.41132355	2212579	0	158	-158	158	-158	158
CAGE_TSS_5277	1	-	2219472	2219538	49.19263077	2219538	0	66	-66	66	-66	66
CAGE_TSS_5278	1	-	2222912	2222811	12.16473007	2222811	0	-101	101	-101	101	101
CAGE_TSS_5279	1	-	2224500	2224617	8.35258007	2224617	0	117	-117	117	-117	117
CAGE_TSS_5280	1	-	2225043	2225100	7.873159885	2225100	0	57	-57	57	-57	57
CAGE_TSS_5281	1	-	2226915	2226891	7.465869904	2226891	0	-24	24	-24	24	24
CAGE_TSS_5282	1	-	2229225	2229518	65.95082855	2229518	0	293	-293	293	-293	293
CAGE_TSS_5294	1	-	2260087	2260070	8.530309677	2260070	0	-17	17	-17	17	17
CAGE_TSS_5299	1	-	2269059	2269226	6.091989994	2269226	0	167	-167	167	-167	167
CAGE_TSS_5300	1	-	2282827	2283085	234.032135	2283085	0	258	-258	258	-258	258
CAGE_TSS_5305	1	-	2302008	2302049	72.532547	2302049	0	41	-41	41	-41	41
CAGE_TSS_5306	1	-	2305056	2305053	77.92373657	2305053	0	-3	3	-3	3	3
CAGE_TSS_5308	1	-	2316449	2316559	87.9666214	2316559	0	110	-110	110	-110	110
CAGE_TSS_5313	1	-	2338503	2338515	68.90049744	2338515	0	12	-12	12	-12	12
CAGE_TSS_5316	1	-	2344304	2344260	5.005770206	2344260	0	-44	44	-44	44	44
CAGE_TSS_5322	1	-	2366531	2366601	159.6837616	2366601	0	70	-70	70	-70	70
CAGE_TSS_5325	1	-	2392452	2392538	59.53998184	2392538	0	86	-86	86	-86	86
CAGE_TSS_5343	1	-	2465466	2465641	11.76062965	2465641	0	175	-175	175	-175	175
CAGE_TSS_5347	1	-	2485027	2485046	273.5793152	2485046	0	19	-19	19	-19	19
CAGE_TSS_5349	1	-	2488026	2487942	24.22319031	2487942	0	-84	84	-84	84	84
CAGE_TSS_5351	1	-	2493258	2493363	11.74166012	2493363	0	105	-105	105	-105	105
CAGE_TSS_5353	1	-	2498660	2498730	9.45347023	2498730	0	70	-70	70	-70	70
CAGE_TSS_5355	1	-	2511074	2510981	12.88866997	2510981	0	-93	93	-93	93	93
CAGE_TSS_5357	1	-	2538236	2538106	19.2444706	2538106	0	-130	130	-130	130	130
CAGE_TSS_5360	1	-	2547856	2547947	1454.574463	2547947	0	91	-91	91	-91	91
CAGE_TSS_5365	1	-	2565141	2565150	115.0538635	2565150	0	9	-9	9	-9	9
CAGE_TSS_5367	1	-	2576692	2576743	43.98334122	2576743	0	51	-51	51	-51	51
CAGE_TSS_5370	1	-	2583331	2583354	6.378009796	2583354	0	23	-23	23	-23	23
CAGE_TSS_5372	1	-	2590272	2590321	48.10123062	2590321	0	49	-49	49	-49	49
CAGE_TSS_5375	1	-	2621496	2621714	290.8118591	2621714	0	218	-218	218	-218	218
CAGE_TSS_5377	1	-	2627843	2627802	412.7458496	2627802	0	-41	41	-41	41	41
CAGE_TSS_5385	1	-	2671824	2671838	35.84473038	2671838	0	14	-14	14	-14	14
CAGE_TSS_5388	1	-	2684008	2684043	77.12580109	2684043	0	35	-35	35	-35	35
CAGE_TSS_5395	1	-	2693492	2693562	5.365019798	2693562	0	70	-70	70	-70	70
CAGE_TSS_5397	1	-	2694365	2694656	48.46878052	2694656	0	291	-291	291	-291	291
CAGE_TSS_5399	1	-	2710910	2711162	9.135540009	2711162	0	252	-252	252	-252	252
CAGE_TSS_5412	1	-	2771430	2771448	32.01971054	2771448	0	18	-18	18	-18	18
CAGE_TSS_5422	1	-	2825260	2825530	37.09492874	2825530	0	270	-270	270	-270	270
CAGE_TSS_5436	1	-	2925898	2925998	612.0390015	2925998	0	100	-100	100	-100	100
CAGE_TSS_5442	1	-	2942257	2942312	9.529950142	2942312	0	55	-55	55	-55	55
CAGE_TSS_5447	1	-	2955689	2955767	466.2926331	2955767	0	78	-78	78	-78	78
CAGE_TSS_5451	1	-	2972198	2971953	10.74487019	2971953	0	-245	245	-245	245	245
CAGE_TSS_5454	1	-	2976698	2976970	59.6637001	2976970	0	272	-272	272	-272	272
CAGE_TSS_5457	1	-	2982581	2982598	8.208959579	2982598	0	17	-17	17	-17	17
CAGE_TSS_5467	1	-	3041796	3041891	6.304319859	3041891	0	95	-95	95	-95	95
CAGE_TSS_5468	1	-	3047472	3047614	127.8535919	3047614	0	142	-142	142	-142	142
CAGE_TSS_5479	1	-	3119592	3119727	48.35366821	3119727	0	135	-135	135	-135	135
CAGE_TSS_5480	1	-	3131061	3131077	11.47889996	3131077	0	16	-16	16	-16	16
CAGE_TSS_5491	1	-	3180375	3180579	28.90056038	3180579	0	204	-204	204	-204	204
CAGE_TSS_5492	1	-	3184187	3184382	18.80796051	3184382	0	195	-195	195	-195	195
CAGE_TSS_5498	1	-	3227065	3227059	18.81303024	3227059	0	-6	6	-6	6	6
CAGE_TSS_5500	1	-	3239343	3239552	115.8344498	3239552	0	209	-209	209	-209	209
CAGE_TSS_5502	1	-	3261536	3261512	41.88896942	3261512	0	-24	24	-24	24	24
CAGE_TSS_5503	1	-	3263587	3263881	33.63087082	3263881	0	294	-294	294	-294	294
CAGE_TSS_5504	1	-	3272006	3271996	479.6226196	3271996	0	-10	10	-10	10	10
CAGE_TSS_5506	1	-	3278708	3278882	28.30962944	3278882	0	174	-174	174	-174	174
CAGE_TSS_5508	1	-	3296101	3296250	108.9860306	3296250	0	149	-149	149	-149	149
CAGE_TSS_5509	1	-	3300515	3300675	6.870629787	3300675	0	160	-160	160	-160	160
CAGE_TSS_5512	1	-	3306062	3306277	62.65024185	3306277	0	215	-215	215	-215	215
CAGE_TSS_5513	1	-	3306912	3306708	308.1369324	3306708	0	-204	204	-204	204	204
CAGE_TSS_5517	1	-	3338059	3338082	25.59753036	3338082	0	23	-23	23	-23	23
CAGE_TSS_5518	1	-	3341573	3341579	28.69013977	3341579	0	6	-6	6	-6	6
CAGE_TSS_5521	1	-	3347857	3348104	56.61600113	3348104	0	247	-247	247	-247	247
CAGE_TSS_5527	1	-	3388397	3388389	5.912199974	3388389	0	-8	8	-8	8	8
CAGE_TSS_5529	1	-	3395048	3395290	9.987409592	3395290	0	242	-242	242	-242	242
CAGE_TSS_5531	1	-	3396850	3396889	23.33984947	3396889	0	39	-39	39	-39	39
CAGE_TSS_5536	1	-	3419625	3419476	138.5111542	3419476	0	-149	149	-149	149	149
CAGE_TSS_5540	1	-	3430601	3430590	7.053510189	3430590	0	-11	11	-11	11	11
CAGE_TSS_5548	1	-	3461419	3461469	5.717229843	3461469	0	50	-50	50	-50	50
CAGE_TSS_5549	1	-	3472672	3472773	7.421800137	3472773	0	101	-101	101	-101	101
CAGE_TSS_5551	1	-	3493739	3493619	5.412139893	3493619	0	-120	120	-120	120	120
CAGE_TSS_5561	1	-	3517887	3518131	130.3032532	3518131	0	244	-244	244	-244	244
CAGE_TSS_5564	1	-	3526349	3526290	32.62929153	3526290	0	-59	59	-59	59	59
CAGE_TSS_5566	1	-	3545472	3545660	18.2533493	3545660	0	188	-188	188	-188	188
CAGE_TSS_5568	1	-	3550779	3550775	65.16803741	3550775	0	-4	4	-4	4	4
CAGE_TSS_5574	1	-	3590570	3590810	9.027179718	3590810	0	240	-240	240	-240	240
CAGE_TSS_5582	1	-	3610450	3610553	53.29090118	3610553	0	103	-103	103	-103	103
CAGE_TSS_5584	1	-	3616183	3616215	7.241119862	3616215	0	32	-32	32	-32	32
CAGE_TSS_5585	1	-	3623759	3623704	12.49979973	3623704	0	-55	55	-55	55	55
CAGE_TSS_5591	1	-	3658539	3658679	45.96300125	3658679	0	140	-140	140	-140	140
CAGE_TSS_5594	1	-	3671144	3670929	10.11367035	3670929	0	-215	215	-215	215	215
CAGE_TSS_5595	1	-	3675961	3676165	249.6846313	3676165	0	204	-204	204	-204	204
CAGE_TSS_5602	1	-	3756997	3757271	96.23976898	3757271	0	274	-274	274	-274	274
CAGE_TSS_5605	1	-	3768247	3768459	477.657074	3768459	0	212	-212	212	-212	212
CAGE_TSS_5610	1	-	3790813	3790788	10.22531033	3790788	0	-25	25	-25	25	25
CAGE_TSS_5611	1	-	3793901	3794090	6.85668993	3794090	0	189	-189	189	-189	189
CAGE_TSS_5615	1	-	3804030	3804165	65.05445862	3804165	0	135	-135	135	-135	135
CAGE_TSS_5621	1	-	3837544	3837666	220.6901855	3837666	0	122	-122	122	-122	122
CAGE_TSS_5626	1	-	3896931	3896902	13.8740797	3896902	0	-29	29	-29	29	29
CAGE_TSS_5628	1	-	3931586	3931862	335.3453979	3931862	0	276	-276	276	-276	276
CAGE_TSS_5629	1	-	3947015	3946800	8.760769844	3946800	0	-215	215	-215	215	215
CAGE_TSS_5630	1	-	3961704	3961715	23.26869965	3961715	0	11	-11	11	-11	11
CAGE_TSS_5635	1	-	3979196	3979208	20.68730927	3979208	0	12	-12	12	-12	12
CAGE_TSS_5638	1	-	3993480	3993614	12.13677025	3993614	0	134	-134	134	-134	134
CAGE_TSS_5640	1	-	4010434	4010602	28.00884056	4010602	0	168	-168	168	-168	168
CAGE_TSS_5652	1	-	4034060	4034209	31.4382	4034209	0	149	-149	149	-149	149
CAGE_TSS_5653	1	-	4038821	4038972	46.00292969	4038972	0	151	-151	151	-151	151
CAGE_TSS_5655	1	-	4043958	4044007	100.1537933	4044007	0	49	-49	49	-49	49
CAGE_TSS_5659	1	-	4063336	4063204	15.12296009	4063204	0	-132	132	-132	132	132
CAGE_TSS_5662	1	-	4076935	4076888	9.401359558	4076888	0	-47	47	-47	47	47
CAGE_TSS_5670	1	-	4117573	4117730	79.04006958	4117730	0	157	-157	157	-157	157
CAGE_TSS_5678	1	-	4186150	4186302	33.9487381	4186302	0	152	-152	152	-152	152
CAGE_TSS_5682	1	-	4208950	4208927	6.439720154	4208927	0	-23	23	-23	23	23
CAGE_TSS_5685	1	-	4238768	4238926	425.9932861	4238926	0	158	-158	158	-158	158
CAGE_TSS_5695	1	-	4280810	4280824	8.401619911	4280824	0	14	-14	14	-14	14
CAGE_TSS_5697	1	-	4305722	4305742	14.66732979	4305742	0	20	-20	20	-20	20
CAGE_TSS_5700	1	-	4328546	4328515	18.85416031	4328515	0	-31	31	-31	31	31
CAGE_TSS_5704	1	-	4358223	4358407	82.8614502	4358407	0	184	-184	184	-184	184
CAGE_TSS_5708	1	-	4365320	4365323	6.338290215	4365323	0	3	-3	3	-3	3
CAGE_TSS_5711	1	-	4371268	4371493	34.28813934	4371493	0	225	-225	225	-225	225
CAGE_TSS_5714	1	-	4379408	4379514	112.9779816	4379514	0	106	-106	106	-106	106
CAGE_TSS_5721	1	-	4396217	4396221	5.747970104	4396221	0	4	-4	4	-4	4
CAGE_TSS_5723	1	-	4398149	4398071	16.43497086	4398071	0	-78	78	-78	78	78
CAGE_TSS_5729	1	-	4447404	4447665	6.92468977	4447665	0	261	-261	261	-261	261
CAGE_TSS_5731	1	-	4473197	4473323	5.002860069	4473323	0	126	-126	126	-126	126
CAGE_TSS_5732	1	-	4492557	4492641	28.08021927	4492641	0	84	-84	84	-84	84
CAGE_TSS_5736	1	-	4526064	4526195	642.8791504	4526195	0	131	-131	131	-131	131
CAGE_TSS_5737	1	-	4530062	4530079	35.36362839	4530079	0	17	-17	17	-17	17
CAGE_TSS_5738	1	-	4548545	4548795	2074.937256	4548795	0	250	-250	250	-250	250
CAGE_TSS_5744	1	-	4577904	4578065	317.1299744	4578065	0	161	-161	161	-161	161
CAGE_TSS_5746	1	-	4590409	4590590	76.7114563	4590590	0	181	-181	181	-181	181
CAGE_TSS_5749	1	-	4594249	4594468	229.6012726	4594468	0	219	-219	219	-219	219
CAGE_TSS_5766	1	-	4642039	4642070	34.80757141	4642070	0	31	-31	31	-31	31
CAGE_TSS_5767	1	-	4644347	4644332	18.83745956	4644332	0	-15	15	-15	15	15
CAGE_TSS_5768	1	-	4646924	4646889	10.93461037	4646889	0	-35	35	-35	35	35
CAGE_TSS_5780	1	-	4696498	4696563	123.6312408	4696563	0	65	-65	65	-65	65
CAGE_TSS_5785	1	-	4746910	4747191	12.79821014	4747191	0	281	-281	281	-281	281
CAGE_TSS_5792	1	-	4766732	4766617	92.69249725	4766617	0	-115	115	-115	115	115
CAGE_TSS_5801	1	-	4827434	4827584	13.96652031	4827584	0	150	-150	150	-150	150
CAGE_TSS_5808	1	-	4839632	4839611	5.084060192	4839611	0	-21	21	-21	21	21
CAGE_TSS_5814	1	-	4858025	4858017	320.4433899	4858017	0	-8	8	-8	8	8
CAGE_TSS_5817	1	-	4879210	4879510	1241.917969	4879510	0	300	-300	300	-300	300
CAGE_TSS_5818	1	-	4881949	4882246	67.31929779	4882246	0	297	-297	297	-297	297
CAGE_TSS_5822	1	-	4892249	4892400	45.28908157	4892400	0	151	-151	151	-151	151
CAGE_TSS_5825	1	-	4913122	4913140	11.43871021	4913140	0	18	-18	18	-18	18
CAGE_TSS_5828	1	-	4921594	4921621	60.07225037	4921621	0	27	-27	27	-27	27
CAGE_TSS_5833	1	-	4928609	4928633	8.417300224	4928633	0	24	-24	24	-24	24
CAGE_TSS_5835	1	-	4940775	4940825	25.82525063	4940825	0	50	-50	50	-50	50
CAGE_TSS_5838	1	-	4952944	4953085	50.90071106	4953085	0	141	-141	141	-141	141
CAGE_TSS_5841	1	-	4964355	4964426	20.27356911	4964426	0	71	-71	71	-71	71
CAGE_TSS_5842	1	-	4970136	4970139	31.76646996	4970139	0	3	-3	3	-3	3
CAGE_TSS_5843	1	-	4973715	4973773	10.34094048	4973773	0	58	-58	58	-58	58
CAGE_TSS_5847	1	-	5000649	5000557	7.37018013	5000557	0	-92	92	-92	92	92
CAGE_TSS_5848	1	-	5003506	5003553	157.0973969	5003553	0	47	-47	47	-47	47
CAGE_TSS_5851	1	-	5016573	5016598	5.38492012	5016598	0	25	-25	25	-25	25
CAGE_TSS_5852	1	-	5031621	5031893	43.8981514	5031893	0	272	-272	272	-272	272
CAGE_TSS_5855	1	-	5048482	5048767	19.16356087	5048767	0	285	-285	285	-285	285
CAGE_TSS_5856	1	-	5055255	5055410	20.49191093	5055410	0	155	-155	155	-155	155
CAGE_TSS_5858	1	-	5065175	5065156	43.25172043	5065156	0	-19	19	-19	19	19
CAGE_TSS_5862	1	-	5068509	5068549	103.5969315	5068549	0	40	-40	40	-40	40
CAGE_TSS_5866	1	-	5077789	5078038	139.5263824	5078038	0	249	-249	249	-249	249
CAGE_TSS_5867	1	-	5082492	5082543	21.26066017	5082543	0	51	-51	51	-51	51
CAGE_TSS_5874	1	-	5104688	5104855	38.62681961	5104855	0	167	-167	167	-167	167
CAGE_TSS_5875	1	-	5106808	5106946	109.7382278	5106946	0	138	-138	138	-138	138
CAGE_TSS_5876	1	-	5111642	5111660	6.156909943	5111660	0	18	-18	18	-18	18
CAGE_TSS_5878	1	-	5123488	5123532	22.38047028	5123532	0	44	-44	44	-44	44
CAGE_TSS_5882	1	-	5129521	5129514	5.779910088	5129514	0	-7	7	-7	7	7
CAGE_TSS_5888	1	-	5139379	5139518	64.8456192	5139518	0	139	-139	139	-139	139
CAGE_TSS_5897	1	-	5165109	5165292	23.48224068	5165292	0	183	-183	183	-183	183
CAGE_TSS_5905	1	-	5186889	5186908	46.23384857	5186908	0	19	-19	19	-19	19
CAGE_TSS_5907	1	-	5194201	5194125	13.83178997	5194125	0	-76	76	-76	76	76
CAGE_TSS_5910	1	-	5212228	5212152	23.79600906	5212152	0	-76	76	-76	76	76
CAGE_TSS_5911	1	-	5220134	5220280	90.77115631	5220280	0	146	-146	146	-146	146
CAGE_TSS_5914	1	-	5224114	5224236	38.99922943	5224236	0	122	-122	122	-122	122
CAGE_TSS_5917	1	-	5236791	5237067	17.76612091	5237067	0	276	-276	276	-276	276
CAGE_TSS_5918	1	-	5241539	5241478	7.187039852	5241478	0	-61	61	-61	61	61
CAGE_TSS_5920	1	-	5243226	5243208	11.34918022	5243208	0	-18	18	-18	18	18
CAGE_TSS_5931	1	-	5277630	5277625	127.6062164	5277625	0	-5	5	-5	5	5
CAGE_TSS_5934	1	-	5296863	5296881	89.79834747	5296881	0	18	-18	18	-18	18
CAGE_TSS_5940	1	-	5303380	5303638	28.04751968	5303638	0	258	-258	258	-258	258
CAGE_TSS_5944	1	-	5323865	5323856	34.52441025	5323856	0	-9	9	-9	9	9
CAGE_TSS_5946	1	-	5341989	5342173	25.83396912	5342173	0	184	-184	184	-184	184
CAGE_TSS_5949	1	-	5366496	5366671	400.9375305	5366671	0	175	-175	175	-175	175
CAGE_TSS_5954	1	-	5421004	5421069	783.3695679	5421069	0	65	-65	65	-65	65
CAGE_TSS_5957	1	-	5443682	5443941	138.1239471	5443941	0	259	-259	259	-259	259
CAGE_TSS_5958	1	-	5447159	5446863	19.00177002	5446863	0	-296	296	-296	296	296
CAGE_TSS_5963	1	-	5481013	5480955	15.95806026	5480955	0	-58	58	-58	58	58
CAGE_TSS_5964	1	-	5485112	5485300	136.7253723	5485300	0	188	-188	188	-188	188
CAGE_TSS_5967	1	-	5488865	5489022	57.44145966	5489022	0	157	-157	157	-157	157
CAGE_TSS_5972	1	-	5513893	5514134	43.16865158	5514134	0	241	-241	241	-241	241
CAGE_TSS_5974	1	-	5547503	5547687	5.367710114	5547687	0	184	-184	184	-184	184
CAGE_TSS_5976	1	-	5556809	5556788	7.555709839	5556788	0	-21	21	-21	21	21
CAGE_TSS_5977	1	-	5562108	5562197	13.55405998	5562197	0	89	-89	89	-89	89
CAGE_TSS_5986	1	-	5629022	5629061	8.073069572	5629061	0	39	-39	39	-39	39
CAGE_TSS_5988	1	-	5645273	5645287	39.22739029	5645287	0	14	-14	14	-14	14
CAGE_TSS_5989	1	-	5647973	5648110	62.89054871	5648110	0	137	-137	137	-137	137
CAGE_TSS_5990	1	-	5652888	5653001	31.41064072	5653001	0	113	-113	113	-113	113
CAGE_TSS_5995	1	-	5686337	5686431	9.091870308	5686431	0	94	-94	94	-94	94
CAGE_TSS_5999	1	-	5744221	5744333	25.40613937	5744333	0	112	-112	112	-112	112
CAGE_TSS_6005	1	-	5764072	5764172	16.91311073	5764172	0	100	-100	100	-100	100
CAGE_TSS_6006	1	-	5765647	5765719	65.02851868	5765719	0	72	-72	72	-72	72
CAGE_TSS_6016	1	-	5787056	5787069	10.95044994	5787069	0	13	-13	13	-13	13
CAGE_TSS_6018	1	-	5789219	5789322	16.01268959	5789322	0	103	-103	103	-103	103
CAGE_TSS_6020	1	-	5835362	5835552	9.55161953	5835552	0	190	-190	190	-190	190
CAGE_TSS_6022	1	-	5841565	5841671	6.284490108	5841671	0	106	-106	106	-106	106
CAGE_TSS_6023	1	-	5842890	5842979	40.68323135	5842979	0	89	-89	89	-89	89
CAGE_TSS_6024	1	-	5850816	5850892	181.3942261	5850892	0	76	-76	76	-76	76
CAGE_TSS_6026	1	-	5858444	5858395	171.8607483	5858395	0	-49	49	-49	49	49
CAGE_TSS_6030	1	-	5884751	5884873	7.522140026	5884873	0	122	-122	122	-122	122
CAGE_TSS_6031	1	-	5895716	5895866	15.80300999	5895866	0	150	-150	150	-150	150
CAGE_TSS_6038	1	-	5920074	5920203	9.537730217	5920203	0	129	-129	129	-129	129
CAGE_TSS_6041	1	-	5957184	5957192	47.65370941	5957192	0	8	-8	8	-8	8
CAGE_TSS_6042	1	-	5969942	5969908	19.54018021	5969908	0	-34	34	-34	34	34
CAGE_TSS_6045	1	-	5987796	5987887	11.77377033	5987887	0	91	-91	91	-91	91
CAGE_TSS_6046	1	-	5996906	5997103	29.35259056	5997103	0	197	-197	197	-197	197
CAGE_TSS_6061	1	-	6088296	6088423	33.12696838	6088423	0	127	-127	127	-127	127
CAGE_TSS_6067	1	-	6098337	6098521	71.80030823	6098521	0	184	-184	184	-184	184
CAGE_TSS_6068	1	-	6116614	6116585	13.14877033	6116585	0	-29	29	-29	29	29
CAGE_TSS_6069	1	-	6127477	6127585	43.79785156	6127585	0	108	-108	108	-108	108
CAGE_TSS_6072	1	-	6148829	6148925	36.86621857	6148925	0	96	-96	96	-96	96
CAGE_TSS_6079	1	-	6153951	6154045	11.71319008	6154045	0	94	-94	94	-94	94
CAGE_TSS_6084	1	-	6155748	6155931	35.52978897	6155931	0	183	-183	183	-183	183
CAGE_TSS_6100	1	-	6218318	6218321	33.95275879	6218321	0	3	-3	3	-3	3
CAGE_TSS_6104	1	-	6247659	6247902	111.1810608	6247902	0	243	-243	243	-243	243
CAGE_TSS_6105	1	-	6261456	6261555	5.38492012	6261555	0	99	-99	99	-99	99
CAGE_TSS_6109	1	-	6268487	6268376	127.5694275	6268376	0	-111	111	-111	111	111
CAGE_TSS_6110	1	-	6268827	6268810	104.234108	6268810	0	-17	17	-17	17	17
CAGE_TSS_6113	1	-	6278036	6278181	83.81170654	6278181	0	145	-145	145	-145	145
CAGE_TSS_6114	1	-	6282096	6282088	5.675829887	6282088	0	-8	8	-8	8	8
CAGE_TSS_6116	1	-	6293829	6294091	303.8880615	6294091	0	262	-262	262	-262	262
CAGE_TSS_6118	1	-	6308010	6308000	147.7182922	6308000	0	-10	10	-10	10	10
CAGE_TSS_6119	1	-	6311172	6311298	9.008230209	6311298	0	126	-126	126	-126	126
CAGE_TSS_6120	1	-	6313930	6314040	10.57468987	6314040	0	110	-110	110	-110	110
CAGE_TSS_6124	1	-	6360127	6360333	42.48809814	6360333	0	206	-206	206	-206	206
CAGE_TSS_6127	1	-	6378574	6378446	6.95472002	6378446	0	-128	128	-128	128	128
CAGE_TSS_6128	1	-	6384395	6384676	16.08717918	6384676	0	281	-281	281	-281	281
CAGE_TSS_6130	1	-	6418640	6418903	426.8895569	6418903	0	263	-263	263	-263	263
CAGE_TSS_6131	1	-	6419988	6419864	7.833270073	6419864	0	-124	124	-124	124	124
CAGE_TSS_6132	1	-	6420493	6420602	5.744999886	6420602	0	109	-109	109	-109	109
CAGE_TSS_6134	1	-	6430793	6431035	36.95431137	6431035	0	242	-242	242	-242	242
CAGE_TSS_6137	1	-	6452958	6453097	14.20499039	6453097	0	139	-139	139	-139	139
CAGE_TSS_6139	1	-	6459718	6459768	373.835907	6459768	0	50	-50	50	-50	50
CAGE_TSS_6140	1	-	6460378	6460365	1099.626831	6460365	0	-13	13	-13	13	13
CAGE_TSS_6142	1	-	6466453	6466565	45.14128876	6466565	0	112	-112	112	-112	112
CAGE_TSS_6147	1	-	6496486	6496662	221.2814331	6496662	0	176	-176	176	-176	176
CAGE_TSS_6149	1	-	6504148	6504325	95.61173248	6504325	0	177	-177	177	-177	177
CAGE_TSS_6152	1	-	6506420	6506545	15.44561958	6506545	0	125	-125	125	-125	125
CAGE_TSS_6153	1	-	6525960	6525856	23.13986015	6525856	0	-104	104	-104	104	104
CAGE_TSS_6154	1	-	6538059	6538307	8.226050377	6538307	0	248	-248	248	-248	248
CAGE_TSS_6160	1	-	6562779	6562909	118.7058868	6562909	0	130	-130	130	-130	130
CAGE_TSS_6169	1	-	6633073	6633108	17.35058975	6633108	0	35	-35	35	-35	35
CAGE_TSS_6172	1	-	6672571	6672634	10.2530098	6672634	0	63	-63	63	-63	63
CAGE_TSS_6173	1	-	6677643	6677810	14.56678963	6677810	0	167	-167	167	-167	167
CAGE_TSS_6176	1	-	6694877	6694708	7.614309788	6694708	0	-169	169	-169	169	169
CAGE_TSS_6181	1	-	6714532	6714395	8.948599815	6714395	0	-137	137	-137	137	137
CAGE_TSS_6185	1	-	6734880	6734833	61.01464844	6734833	0	-47	47	-47	47	47
CAGE_TSS_6186	1	-	6754000	6754257	42.7109108	6754257	0	257	-257	257	-257	257
CAGE_TSS_6187	1	-	6757376	6757420	9.025460243	6757420	0	44	-44	44	-44	44
CAGE_TSS_6192	1	-	6774454	6774617	219.9449768	6774617	0	163	-163	163	-163	163
CAGE_TSS_6195	1	-	6791761	6791731	17.46762085	6791731	0	-30	30	-30	30	30
CAGE_TSS_6196	1	-	6799757	6799729	22.56267929	6799729	0	-28	28	-28	28	28
CAGE_TSS_6208	1	-	6804969	6805200	24.70396042	6805200	0	231	-231	231	-231	231
CAGE_TSS_6213	1	-	6812616	6812653	16.71212959	6812653	0	37	-37	37	-37	37
CAGE_TSS_6217	1	-	6824055	6824074	18.32987022	6824074	0	19	-19	19	-19	19
CAGE_TSS_6219	1	-	6860331	6860606	178.4859161	6860606	0	275	-275	275	-275	275
CAGE_TSS_6220	1	-	6873021	6873165	15.21765041	6873165	0	144	-144	144	-144	144
CAGE_TSS_6222	1	-	6894697	6894704	10.24116039	6894704	0	7	-7	7	-7	7
CAGE_TSS_6226	1	-	6898665	6898733	239.3048859	6898733	0	68	-68	68	-68	68
CAGE_TSS_6227	1	-	6903955	6904106	20.5242691	6904106	0	151	-151	151	-151	151
CAGE_TSS_6230	1	-	6916772	6916777	2919.91748	6916777	0	5	-5	5	-5	5
CAGE_TSS_6232	1	-	6932814	6932863	13.88016987	6932863	0	49	-49	49	-49	49
CAGE_TSS_6241	1	-	6970953	6971031	249.2661133	6971031	0	78	-78	78	-78	78
CAGE_TSS_6244	1	-	6999750	6999825	24.34639931	6999825	0	75	-75	75	-75	75
CAGE_TSS_6246	1	-	7004401	7004391	144.6269379	7004391	0	-10	10	-10	10	10
CAGE_TSS_6251	1	-	7023066	7023226	20.77396965	7023226	0	160	-160	160	-160	160
CAGE_TSS_6253	1	-	7039783	7039716	22.25769043	7039716	0	-67	67	-67	67	67
CAGE_TSS_6254	1	-	7040121	7040245	116.0716629	7040245	0	124	-124	124	-124	124
CAGE_TSS_6255	1	-	7043325	7043497	29.76066971	7043497	0	172	-172	172	-172	172
CAGE_TSS_6259	1	-	7082543	7082538	50.72396851	7082538	0	-5	5	-5	5	5
CAGE_TSS_6260	1	-	7083845	7083802	158.2668304	7083802	0	-43	43	-43	43	43
CAGE_TSS_6262	1	-	7085148	7084850	26.60528946	7084850	0	-298	298	-298	298	298
CAGE_TSS_6263	1	-	7085771	7085491	16.16275978	7085491	0	-280	280	-280	280	280
CAGE_TSS_6266	1	-	7089210	7088940	90.27877808	7088940	0	-270	270	-270	270	270
CAGE_TSS_6267	1	-	7097119	7097117	15.04703045	7097117	0	-2	2	-2	2	2
CAGE_TSS_6269	1	-	7105868	7105971	20.27115059	7105971	0	103	-103	103	-103	103
CAGE_TSS_6272	1	-	7121770	7121883	25.19704056	7121883	0	113	-113	113	-113	113
CAGE_TSS_6275	1	-	7137738	7137991	13.8740797	7137991	0	253	-253	253	-253	253
CAGE_TSS_6279	1	-	7168006	7167913	7.695750237	7167913	0	-93	93	-93	93	93
CAGE_TSS_6280	1	-	7176376	7176591	11.04039955	7176591	0	215	-215	215	-215	215
CAGE_TSS_6286	1	-	7248149	7248149	332.5179749	7248149	0	0	0	0	0	0
CAGE_TSS_6289	1	-	7261512	7261582	67.27999115	7261582	0	70	-70	70	-70	70
CAGE_TSS_6293	1	-	7281150	7281110	54.94440842	7281110	0	-40	40	-40	40	40
CAGE_TSS_6294	1	-	7294743	7294959	10.14853001	7294959	0	216	-216	216	-216	216
CAGE_TSS_6301	1	-	7378129	7378235	59.35435867	7378235	0	106	-106	106	-106	106
CAGE_TSS_6304	1	-	7382333	7382606	14.09932995	7382606	0	273	-273	273	-273	273
CAGE_TSS_6306	1	-	7388427	7388514	111.9693909	7388514	0	87	-87	87	-87	87
CAGE_TSS_6309	1	-	7396770	7396861	28.52552032	7396861	0	91	-91	91	-91	91
CAGE_TSS_6313	1	-	7400603	7400619	6.935780048	7400619	0	16	-16	16	-16	16
CAGE_TSS_6323	1	-	7448451	7448509	5.489260197	7448509	0	58	-58	58	-58	58
CAGE_TSS_6333	1	-	7490582	7490779	106.8056793	7490779	0	197	-197	197	-197	197
CAGE_TSS_6335	1	-	7504150	7504106	14.8645401	7504106	0	-44	44	-44	44	44
CAGE_TSS_6336	1	-	7513360	7513121	6.129230022	7513121	0	-239	239	-239	239	239
CAGE_TSS_6339	1	-	7530236	7530326	6.711919785	7530326	0	90	-90	90	-90	90
CAGE_TSS_6340	1	-	7530977	7531153	31.41917992	7531153	0	176	-176	176	-176	176
CAGE_TSS_6347	1	-	7565801	7565815	81.19553375	7565815	0	14	-14	14	-14	14
CAGE_TSS_6356	1	-	7652282	7652279	8.183429718	7652279	0	-3	3	-3	3	3
CAGE_TSS_6360	1	-	7662605	7662723	6.711740017	7662723	0	118	-118	118	-118	118
CAGE_TSS_6364	1	-	7692372	7692490	31.41064072	7692490	0	118	-118	118	-118	118
CAGE_TSS_6367	1	-	7705957	7706058	12.71411037	7706058	0	101	-101	101	-101	101
CAGE_TSS_6368	1	-	7706134	7706332	37.27729034	7706332	0	198	-198	198	-198	198
CAGE_TSS_6369	1	-	7760554	7760759	71.80030823	7760759	0	205	-205	205	-205	205
CAGE_TSS_6372	1	-	7781516	7781695	552.4108276	7781695	0	179	-179	179	-179	179
CAGE_TSS_6374	1	-	7815630	7815763	9.72039032	7815763	0	133	-133	133	-133	133
CAGE_TSS_6376	1	-	7830318	7830563	1729.875854	7830563	0	245	-245	245	-245	245
CAGE_TSS_6377	1	-	7836997	7836929	64.17507172	7836929	0	-68	68	-68	68	68
CAGE_TSS_6379	1	-	7847603	7847787	73.01793671	7847787	0	184	-184	184	-184	184
CAGE_TSS_6385	1	-	7881147	7881176	26.55357933	7881176	0	29	-29	29	-29	29
CAGE_TSS_6386	1	-	7883696	7883666	13.90886974	7883666	0	-30	30	-30	30	30
CAGE_TSS_6387	1	-	7887678	7887796	403.088501	7887796	0	118	-118	118	-118	118
CAGE_TSS_6394	1	-	7900103	7900098	1072.281982	7900098	0	-5	5	-5	5	5
CAGE_TSS_6396	1	-	7904726	7904995	121.0923462	7904995	0	269	-269	269	-269	269
CAGE_TSS_6398	1	-	7909607	7909749	5.03249979	7909749	0	142	-142	142	-142	142
CAGE_TSS_6399	1	-	7933391	7933340	4.343920231	7933340	0	-51	51	-51	51	51
CAGE_TSS_6403	1	-	7954381	7954617	52.62343979	7954617	0	236	-236	236	-236	236
CAGE_TSS_6406	1	-	7958379	7958471	108.658699	7958471	0	92	-92	92	-92	92
CAGE_TSS_6409	1	-	7978724	7978701	39.89786911	7978701	0	-23	23	-23	23	23
CAGE_TSS_6410	1	-	7991619	7991687	29.6266098	7991687	0	68	-68	68	-68	68
CAGE_TSS_6411	1	-	8002828	8002917	25.08498001	8002917	0	89	-89	89	-89	89
CAGE_TSS_6413	1	-	8007224	8007123	15.80405998	8007123	0	-101	101	-101	101	101
CAGE_TSS_6428	1	-	8130402	8130536	9.898209572	8130536	0	134	-134	134	-134	134
CAGE_TSS_6430	1	-	8135918	8135878	18.59358025	8135878	0	-40	40	-40	40	40
CAGE_TSS_6433	1	-	8153635	8153543	17.56296921	8153543	0	-92	92	-92	92	92
CAGE_TSS_6434	1	-	8168950	8168855	17.17304039	8168855	0	-95	95	-95	95	95
CAGE_TSS_6435	1	-	8169270	8169330	45.28908157	8169330	0	60	-60	60	-60	60
CAGE_TSS_6437	1	-	8172928	8173039	30.70504951	8173039	0	111	-111	111	-111	111
CAGE_TSS_6442	1	-	8183575	8183688	98.1067276	8183688	0	113	-113	113	-113	113
CAGE_TSS_6446	1	-	8198093	8198370	34.81713104	8198370	0	277	-277	277	-277	277
CAGE_TSS_6449	1	-	8234892	8234855	6.568019867	8234855	0	-37	37	-37	37	37
CAGE_TSS_6466	1	-	8282226	8282340	54.13685989	8282340	0	114	-114	114	-114	114
CAGE_TSS_6468	1	-	8296922	8296914	19.17201042	8296914	0	-8	8	-8	8	8
CAGE_TSS_6470	1	-	8309723	8309676	16.08959961	8309676	0	-47	47	-47	47	47
CAGE_TSS_6481	1	-	8399681	8399557	9.881710052	8399557	0	-124	124	-124	124	124
CAGE_TSS_6483	1	-	8408524	8408470	12.64990044	8408470	0	-54	54	-54	54	54
CAGE_TSS_6484	1	-	8414876	8414934	27.99892044	8414934	0	58	-58	58	-58	58
CAGE_TSS_6487	1	-	8427089	8427362	75.1578064	8427362	0	273	-273	273	-273	273
CAGE_TSS_6500	1	-	8501514	8501669	20.38525009	8501669	0	155	-155	155	-155	155
CAGE_TSS_6509	1	-	8532193	8532286	86.59284973	8532286	0	93	-93	93	-93	93
CAGE_TSS_6514	1	-	8556345	8556644	30.41082954	8556644	0	299	-299	299	-299	299
CAGE_TSS_6519	1	-	8563413	8563646	33.57202148	8563646	0	233	-233	233	-233	233
CAGE_TSS_6522	1	-	8595906	8596054	323.8087769	8596054	0	148	-148	148	-148	148
CAGE_TSS_6527	1	-	8640481	8640538	10.07269001	8640538	0	57	-57	57	-57	57
CAGE_TSS_6531	1	-	8675249	8675293	202.9388123	8675293	0	44	-44	44	-44	44
CAGE_TSS_6541	1	-	8727104	8727071	883.6209106	8727071	0	-33	33	-33	33	33
CAGE_TSS_6542	1	-	8756591	8756538	6.331319809	8756538	0	-53	53	-53	53	53
CAGE_TSS_6547	1	-	8842312	8842455	96.94319153	8842455	0	143	-143	143	-143	143
CAGE_TSS_6552	1	-	8899102	8899174	23.61385918	8899174	0	72	-72	72	-72	72
CAGE_TSS_6554	1	-	8909167	8909256	28.98877907	8909256	0	89	-89	89	-89	89
CAGE_TSS_6555	1	-	8912400	8912338	605.8618774	8912338	0	-62	62	-62	62	62
CAGE_TSS_6561	1	-	8935443	8935486	244.1763	8935486	0	43	-43	43	-43	43
CAGE_TSS_6562	1	-	8940309	8940508	177.1824341	8940508	0	199	-199	199	-199	199
CAGE_TSS_6565	1	-	8957991	8958031	40.58863831	8958031	0	40	-40	40	-40	40
CAGE_TSS_6566	1	-	8960847	8960910	59.25606918	8960910	0	63	-63	63	-63	63
CAGE_TSS_6567	1	-	8967358	8967299	6.702819824	8967299	0	-59	59	-59	59	59
CAGE_TSS_6569	1	-	8974646	8974896	5.794919968	8974896	0	250	-250	250	-250	250
CAGE_TSS_6574	1	-	8983035	8982991	526.1464844	8982991	0	-44	44	-44	44	44
CAGE_TSS_6576	1	-	8995552	8995637	157.6042938	8995637	0	85	-85	85	-85	85
CAGE_TSS_6582	1	-	9024070	9024144	23.65764999	9024144	0	74	-74	74	-74	74
CAGE_TSS_6587	1	-	9027741	9027776	185.9127045	9027776	0	35	-35	35	-35	35
CAGE_TSS_6589	1	-	9031454	9031494	16.90611076	9031494	0	40	-40	40	-40	40
CAGE_TSS_6590	1	-	9043450	9043514	37.0132103	9043514	0	64	-64	64	-64	64
CAGE_TSS_6595	1	-	9046985	9047013	7.750599861	9047013	0	28	-28	28	-28	28
CAGE_TSS_6596	1	-	9054600	9054645	12.46525002	9054645	0	45	-45	45	-45	45
CAGE_TSS_6603	1	-	9076736	9076925	23.01840973	9076925	0	189	-189	189	-189	189
CAGE_TSS_6626	1	-	9251639	9251678	11.2596302	9251678	0	39	-39	39	-39	39
CAGE_TSS_6627	1	-	9275120	9275347	430.8424377	9275347	0	227	-227	227	-227	227
CAGE_TSS_6629	1	-	9286204	9286488	10.37936974	9286488	0	284	-284	284	-284	284
CAGE_TSS_6639	1	-	9321491	9321551	7.204090118	9321551	0	60	-60	60	-60	60
CAGE_TSS_6643	1	-	9399381	9399487	17.42301941	9399487	0	106	-106	106	-106	106
CAGE_TSS_6647	1	-	9408316	9408060	30.72162056	9408060	0	-256	256	-256	256	256
CAGE_TSS_6648	1	-	9408631	9408837	297.8509216	9408837	0	206	-206	206	-206	206
CAGE_TSS_6649	1	-	9411139	9411224	14.09932995	9411224	0	85	-85	85	-85	85
CAGE_TSS_6654	1	-	9451700	9451738	99.34760284	9451738	0	38	-38	38	-38	38
CAGE_TSS_6656	1	-	9458027	9457903	32.60678101	9457903	0	-124	124	-124	124	124
CAGE_TSS_6657	1	-	9478623	9478884	6.011479855	9478884	0	261	-261	261	-261	261
CAGE_TSS_6665	1	-	9499441	9499692	51.52085876	9499692	0	251	-251	251	-251	251
CAGE_TSS_6678	1	-	9531245	9531521	9.267370224	9531521	0	276	-276	276	-276	276
CAGE_TSS_6680	1	-	9544264	9544376	6.482580185	9544376	0	112	-112	112	-112	112
CAGE_TSS_6681	1	-	9554273	9554172	68.25331879	9554172	0	-101	101	-101	101	101
CAGE_TSS_6684	1	-	9563899	9563915	216.6648865	9563915	0	16	-16	16	-16	16
CAGE_TSS_6685	1	-	9567894	9567895	6.711919785	9567895	0	1	-1	1	-1	1
CAGE_TSS_6687	1	-	9606131	9606105	50.35681915	9606105	0	-26	26	-26	26	26
CAGE_TSS_6691	1	-	9641900	9641891	26.26713943	9641891	0	-9	9	-9	9	9
CAGE_TSS_6695	1	-	9676159	9676167	20.53853035	9676167	0	8	-8	8	-8	8
CAGE_TSS_6697	1	-	9696359	9696514	964.2084961	9696514	0	155	-155	155	-155	155
CAGE_TSS_6702	1	-	9730305	9730255	28.05167007	9730255	0	-50	50	-50	50	50
CAGE_TSS_6705	1	-	9745786	9745688	12.88033009	9745688	0	-98	98	-98	98	98
CAGE_TSS_6709	1	-	9806891	9806942	12.44820023	9806942	0	51	-51	51	-51	51
CAGE_TSS_6711	1	-	9815521	9815597	57.18497086	9815597	0	76	-76	76	-76	76
CAGE_TSS_6720	1	-	9852331	9852362	11.44793034	9852362	0	31	-31	31	-31	31
CAGE_TSS_6728	1	-	9887507	9887534	252.7307587	9887534	0	27	-27	27	-27	27
CAGE_TSS_6729	1	-	9889655	9889796	19.13415909	9889796	0	141	-141	141	-141	141
CAGE_TSS_6731	1	-	9890871	9890835	4.503089905	9890835	0	-36	36	-36	36	36
CAGE_TSS_6732	1	-	9897393	9897588	21.55187988	9897588	0	195	-195	195	-195	195
CAGE_TSS_6733	1	-	9913516	9913667	87.70632172	9913667	0	151	-151	151	-151	151
CAGE_TSS_6735	1	-	9924434	9924476	30.8024807	9924476	0	42	-42	42	-42	42
CAGE_TSS_6738	1	-	9934350	9934440	21.4277401	9934440	0	90	-90	90	-90	90
CAGE_TSS_6742	1	-	9935263	9935188	44.24132919	9935188	0	-75	75	-75	75	75
CAGE_TSS_6743	1	-	9956937	9957066	229.6012726	9957066	0	129	-129	129	-129	129
CAGE_TSS_6751	1	-	10014072	10013921	6.979899883	10013921	0	-151	151	-151	151	151
CAGE_TSS_6755	1	-	10044111	10044222	197.0195312	10044222	0	111	-111	111	-111	111
CAGE_TSS_6759	1	-	10046429	10046498	74.64108276	10046498	0	69	-69	69	-69	69
CAGE_TSS_6762	1	-	10053116	10053219	99.19416809	10053219	0	103	-103	103	-103	103
CAGE_TSS_6763	1	-	10055171	10055030	31.57835007	10055030	0	-141	141	-141	141	141
CAGE_TSS_6764	1	-	10055680	10055764	140.140274	10055764	0	84	-84	84	-84	84
CAGE_TSS_6765	1	-	10057811	10057815	22.34090042	10057815	0	4	-4	4	-4	4
CAGE_TSS_6771	1	-	10111649	10111731	2313.258057	10111731	0	82	-82	82	-82	82
CAGE_TSS_6779	1	-	10184396	10184650	11.27060032	10184650	0	254	-254	254	-254	254
CAGE_TSS_6780	1	-	10195182	10195434	253.5231781	10195434	0	252	-252	252	-252	252
CAGE_TSS_6785	1	-	10219779	10219795	85.36035156	10219795	0	16	-16	16	-16	16
CAGE_TSS_6789	1	-	10261110	10261232	46.16585159	10261232	0	122	-122	122	-122	122
CAGE_TSS_6798	1	-	10289577	10289675	57.05791855	10289675	0	98	-98	98	-98	98
CAGE_TSS_6805	1	-	10294516	10294641	92.60801697	10294641	0	125	-125	125	-125	125
CAGE_TSS_6807	1	-	10302002	10302194	44.18600082	10302194	0	192	-192	192	-192	192
CAGE_TSS_6810	1	-	10306494	10306537	109.9838181	10306537	0	43	-43	43	-43	43
CAGE_TSS_6811	1	-	10308142	10308277	145.0895386	10308277	0	135	-135	135	-135	135
CAGE_TSS_6815	1	-	10313870	10314166	9.921110153	10314166	0	296	-296	296	-296	296
CAGE_TSS_6816	1	-	10326769	10327043	34.05667114	10327043	0	274	-274	274	-274	274
CAGE_TSS_6818	1	-	10356481	10356615	38.6153183	10356615	0	134	-134	134	-134	134
CAGE_TSS_6820	1	-	10382036	10382186	207.6105652	10382186	0	150	-150	150	-150	150
CAGE_TSS_6830	1	-	10420570	10420777	16.40282059	10420777	0	207	-207	207	-207	207
CAGE_TSS_6831	1	-	10429104	10429108	12.48279953	10429108	0	4	-4	4	-4	4
CAGE_TSS_6834	1	-	10443581	10443660	8.57820034	10443660	0	79	-79	79	-79	79
CAGE_TSS_6842	1	-	10473298	10473345	7.097839832	10473345	0	47	-47	47	-47	47
CAGE_TSS_6845	1	-	10475943	10476063	15.83296967	10476063	0	120	-120	120	-120	120
CAGE_TSS_6847	1	-	10486799	10486807	14.85169029	10486807	0	8	-8	8	-8	8
CAGE_TSS_6849	1	-	10499296	10499467	5.37112999	10499467	0	171	-171	171	-171	171
CAGE_TSS_6851	1	-	10506113	10506037	32.89979935	10506037	0	-76	76	-76	76	76
CAGE_TSS_6860	1	-	10586501	10586769	28.73653984	10586769	0	268	-268	268	-268	268
CAGE_TSS_6863	1	-	10630537	10630597	90.23816681	10630597	0	60	-60	60	-60	60
CAGE_TSS_6865	1	-	10645933	10645973	5.472489834	10645973	0	40	-40	40	-40	40
CAGE_TSS_6870	1	-	10690810	10690867	55.16939163	10690867	0	57	-57	57	-57	57
CAGE_TSS_6878	1	-	10800977	10801106	110.0405197	10801106	0	129	-129	129	-129	129
CAGE_TSS_6881	1	-	10806316	10806546	37.87197876	10806546	0	230	-230	230	-230	230
CAGE_TSS_6888	1	-	10809914	10810062	32.08816147	10810062	0	148	-148	148	-148	148
CAGE_TSS_6889	1	-	10819286	10819386	518.2573853	10819386	0	100	-100	100	-100	100
CAGE_TSS_6899	1	-	10839955	10840003	6.024409771	10840003	0	48	-48	48	-48	48
CAGE_TSS_6911	1	-	10941901	10941865	41.1563797	10941865	0	-36	36	-36	36	36
CAGE_TSS_6914	1	-	10949431	10949440	119.2937317	10949440	0	9	-9	9	-9	9
CAGE_TSS_6921	1	-	11072292	11072475	36.39876175	11072475	0	183	-183	183	-183	183
CAGE_TSS_6924	1	-	11108067	11108092	11.34463024	11108092	0	25	-25	25	-25	25
CAGE_TSS_6927	1	-	11115757	11115632	10.91011047	11115632	0	-125	125	-125	125	125
CAGE_TSS_6928	1	-	11116020	11116318	5.337880135	11116318	0	298	-298	298	-298	298
CAGE_TSS_6937	1	-	11164923	11164859	8.913590431	11164859	0	-64	64	-64	64	64
CAGE_TSS_6938	1	-	11200115	11200250	44.31789017	11200250	0	135	-135	135	-135	135
CAGE_TSS_6940	1	-	11215982	11215993	13.55426979	11215993	0	11	-11	11	-11	11
CAGE_TSS_6945	1	-	11222786	11222848	204.7038727	11222848	0	62	-62	62	-62	62
CAGE_TSS_6949	1	-	11258674	11258664	96.80330658	11258664	0	-10	10	-10	10	10
CAGE_TSS_6951	1	-	11264913	11264905	15.50467014	11264905	0	-8	8	-8	8	8
CAGE_TSS_6953	1	-	11276576	11276532	13.83001041	11276532	0	-44	44	-44	44	44
CAGE_TSS_6955	1	-	11293751	11293855	9.810529709	11293855	0	104	-104	104	-104	104
CAGE_TSS_6957	1	-	11297233	11297392	591.9111328	11297392	0	159	-159	159	-159	159
CAGE_TSS_6961	1	-	11311712	11311770	73.1676178	11311770	0	58	-58	58	-58	58
CAGE_TSS_6965	1	-	11330695	11330757	10.13341999	11330757	0	62	-62	62	-62	62
CAGE_TSS_6966	1	-	11333475	11333701	6.511750221	11333701	0	226	-226	226	-226	226
CAGE_TSS_6968	1	-	11373481	11373444	40.8036499	11373444	0	-37	37	-37	37	37
CAGE_TSS_6969	1	-	11377793	11377790	157.8479462	11377790	0	-3	3	-3	3	3
CAGE_TSS_6977	1	-	11412197	11412300	48.96606827	11412300	0	103	-103	103	-103	103
CAGE_TSS_6978	1	-	11414497	11414675	49.0071907	11414675	0	178	-178	178	-178	178
CAGE_TSS_6982	1	-	11420814	11420871	13.04283047	11420871	0	57	-57	57	-57	57
CAGE_TSS_6988	1	-	11436606	11436591	12.91481972	11436591	0	-15	15	-15	15	15
CAGE_TSS_6989	1	-	11454923	11454914	97.83853912	11454914	0	-9	9	-9	9	9
CAGE_TSS_6991	1	-	11463725	11463979	14.28213024	11463979	0	254	-254	254	-254	254
CAGE_TSS_6992	1	-	11471266	11471431	5.915909767	11471431	0	165	-165	165	-165	165
CAGE_TSS_7004	1	-	11539798	11539843	6.700109959	11539843	0	45	-45	45	-45	45
CAGE_TSS_7012	1	-	11595829	11595828	27.01601982	11595828	0	-1	1	-1	1	1
CAGE_TSS_7014	1	-	11605052	11604942	15.20365047	11604942	0	-110	110	-110	110	110
CAGE_TSS_7019	1	-	11630573	11630842	272.3847351	11630842	0	269	-269	269	-269	269
CAGE_TSS_7022	1	-	11666112	11666121	157.7481384	11666121	0	9	-9	9	-9	9
CAGE_TSS_7027	1	-	11691455	11691587	67.47427368	11691587	0	132	-132	132	-132	132
CAGE_TSS_7036	1	-	11740288	11740182	10.63169956	11740182	0	-106	106	-106	106	106
CAGE_TSS_7039	1	-	11752087	11752049	24.03733063	11752049	0	-38	38	-38	38	38
CAGE_TSS_7043	1	-	11762605	11762651	12.58285046	11762651	0	46	-46	46	-46	46
CAGE_TSS_7050	1	-	11800601	11800472	85.51035309	11800472	0	-129	129	-129	129	129
CAGE_TSS_7052	1	-	11800986	11801246	104.8571014	11801246	0	260	-260	260	-260	260
CAGE_TSS_7054	1	-	11821730	11821774	17.74575996	11821774	0	44	-44	44	-44	44
CAGE_TSS_7059	1	-	11872851	11873090	11.50994968	11873090	0	239	-239	239	-239	239
CAGE_TSS_7061	1	-	11877306	11877441	9.033619881	11877441	0	135	-135	135	-135	135
CAGE_TSS_7072	1	-	11934749	11934753	12.88831043	11934753	0	4	-4	4	-4	4
CAGE_TSS_7076	1	-	11978503	11978798	2899.645264	11978798	0	295	-295	295	-295	295
CAGE_TSS_7084	1	-	12054028	12054159	11.80920029	12054159	0	131	-131	131	-131	131
CAGE_TSS_7085	1	-	12054530	12054583	69.74389648	12054583	0	53	-53	53	-53	53
CAGE_TSS_7087	1	-	12056270	12056161	317.6585693	12056161	0	-109	109	-109	109	109
CAGE_TSS_7089	1	-	12059498	12059685	248.5035858	12059685	0	187	-187	187	-187	187
CAGE_TSS_7090	1	-	12070362	12070491	1332.897949	12070491	0	129	-129	129	-129	129
CAGE_TSS_7091	1	-	12096433	12096472	5.817580223	12096472	0	39	-39	39	-39	39
CAGE_TSS_7097	1	-	12123567	12123694	175.3727112	12123694	0	127	-127	127	-127	127
CAGE_TSS_7100	1	-	12148210	12148498	10.32732964	12148498	0	288	-288	288	-288	288
CAGE_TSS_7101	1	-	12150319	12150562	72.07480621	12150562	0	243	-243	243	-243	243
CAGE_TSS_7111	1	-	12224005	12224142	91.17951965	12224142	0	137	-137	137	-137	137
CAGE_TSS_7116	1	-	12246121	12246252	28.98826027	12246252	0	131	-131	131	-131	131
CAGE_TSS_7125	1	-	12351172	12351283	26.67505074	12351283	0	111	-111	111	-111	111
CAGE_TSS_7128	1	-	12358923	12359008	17.91493988	12359008	0	85	-85	85	-85	85
CAGE_TSS_7130	1	-	12361204	12361136	25.52609062	12361136	0	-68	68	-68	68	68
CAGE_TSS_7138	1	-	12400935	12401037	6.425529957	12401037	0	102	-102	102	-102	102
CAGE_TSS_7148	1	-	12590199	12590110	5.957039833	12590110	0	-89	89	-89	89	89
CAGE_TSS_7150	1	-	12650973	12651010	14.80107975	12651010	0	37	-37	37	-37	37
CAGE_TSS_7152	1	-	12688520	12688644	93.39163971	12688644	0	124	-124	124	-124	124
CAGE_TSS_7155	1	-	12738087	12737991	14.24561977	12737991	0	-96	96	-96	96	96
CAGE_TSS_7158	1	-	12750261	12750376	11.34463024	12750376	0	115	-115	115	-115	115
CAGE_TSS_7159	1	-	12878722	12878779	138.5373535	12878779	0	57	-57	57	-57	57
CAGE_TSS_7162	1	-	12936330	12936589	11.34037971	12936589	0	259	-259	259	-259	259
CAGE_TSS_7171	1	-	12961296	12961372	16.96957016	12961372	0	76	-76	76	-76	76
CAGE_TSS_7174	1	-	12984644	12984666	20.44045067	12984666	0	22	-22	22	-22	22
CAGE_TSS_7178	1	-	13031127	13031066	35.83858109	13031066	0	-61	61	-61	61	61
CAGE_TSS_7194	1	-	13280254	13280375	13.8740797	13280375	0	121	-121	121	-121	121
CAGE_TSS_7240	1	-	13900732	13900783	24.36120033	13900783	0	51	-51	51	-51	51
CAGE_TSS_7242	1	-	14030499	14030655	23.8696804	14030655	0	156	-156	156	-156	156
CAGE_TSS_7255	1	-	14296234	14296224	25.60545921	14296224	0	-10	10	-10	10	10
CAGE_TSS_7264	1	-	15607882	15607857	7.706180096	15607857	0	-25	25	-25	25	25
CAGE_TSS_7294	1	-	16137505	16137606	6.000969887	16137606	0	101	-101	101	-101	101
CAGE_TSS_7309	1	-	16412674	16412665	109.1237564	16412665	0	-9	9	-9	9	9
CAGE_TSS_7310	1	-	16417812	16417832	80.78414154	16417832	0	20	-20	20	-20	20
CAGE_TSS_7311	1	-	16430158	16430172	51.67633057	16430172	0	14	-14	14	-14	14
CAGE_TSS_7313	1	-	16446851	16447119	785.7698975	16447119	0	268	-268	268	-268	268
CAGE_TSS_7314	1	-	16488383	16488390	221.1187744	16488390	0	7	-7	7	-7	7
CAGE_TSS_7321	1	-	16643477	16643472	6.043270111	16643472	0	-5	5	-5	5	5
CAGE_TSS_7323	1	-	16657656	16657862	31.47472954	16657862	0	206	-206	206	-206	206
CAGE_TSS_7332	1	-	16765748	16765977	193.5977936	16765977	0	229	-229	229	-229	229
CAGE_TSS_7333	1	-	16767531	16767478	5.337880135	16767478	0	-53	53	-53	53	53
CAGE_TSS_7334	1	-	16777247	16777452	21.85993958	16777452	0	205	-205	205	-205	205
CAGE_TSS_7337	1	-	16800099	16800085	14.20499039	16800085	0	-14	14	-14	14	14
CAGE_TSS_7339	1	-	16838272	16838249	119.7212296	16838249	0	-23	23	-23	23	23
CAGE_TSS_7340	1	-	16848098	16848061	36.72024155	16848061	0	-37	37	-37	37	37
CAGE_TSS_7346	1	-	16851195	16851350	17.90187073	16851350	0	155	-155	155	-155	155
CAGE_TSS_7349	1	-	16898579	16898560	88.14586639	16898560	0	-19	19	-19	19	19
CAGE_TSS_7351	1	-	16909433	16909513	19.29953957	16909513	0	80	-80	80	-80	80
CAGE_TSS_7352	1	-	16913613	16913557	5.761069775	16913557	0	-56	56	-56	56	56
CAGE_TSS_7359	1	-	17015449	17015498	533.3374634	17015498	0	49	-49	49	-49	49
CAGE_TSS_7366	1	-	17097918	17098150	43.74457169	17098150	0	232	-232	232	-232	232
CAGE_TSS_7367	1	-	17133621	17133626	9.033619881	17133626	0	5	-5	5	-5	5
CAGE_TSS_7372	1	-	17167870	17167896	13.86168957	17167896	0	26	-26	26	-26	26
CAGE_TSS_7382	1	-	17277737	17277694	14.21098995	17277694	0	-43	43	-43	43	43
CAGE_TSS_7387	1	-	17285668	17285664	29.40545082	17285664	0	-4	4	-4	4	4
CAGE_TSS_7388	1	-	17296461	17296468	882.171936	17296468	0	7	-7	7	-7	7
CAGE_TSS_7391	1	-	17311404	17311489	31.46430016	17311489	0	85	-85	85	-85	85
CAGE_TSS_7397	1	-	17367057	17367151	6.508590221	17367151	0	94	-94	94	-94	94
CAGE_TSS_7398	1	-	17376041	17376160	35.16624069	17376160	0	119	-119	119	-119	119
CAGE_TSS_7405	1	-	17438414	17438348	17.32440948	17438348	0	-66	66	-66	66	66
CAGE_TSS_7415	1	-	17570158	17570233	28.4144001	17570233	0	75	-75	75	-75	75
CAGE_TSS_7436	1	-	17769601	17769726	47.64281082	17769726	0	125	-125	125	-125	125
CAGE_TSS_7443	1	-	17811894	17812014	38.89775848	17812014	0	120	-120	120	-120	120
CAGE_TSS_7444	1	-	17817287	17817118	6.23800993	17817118	0	-169	169	-169	169	169
CAGE_TSS_7449	1	-	17853820	17853916	7.750170231	17853916	0	96	-96	96	-96	96
CAGE_TSS_7451	1	-	17855647	17855720	248.1194	17855720	0	73	-73	73	-73	73
CAGE_TSS_7458	1	-	17892567	17892651	17.99053001	17892651	0	84	-84	84	-84	84
CAGE_TSS_7463	1	-	17928747	17928785	7.070529938	17928785	0	38	-38	38	-38	38
CAGE_TSS_7466	1	-	17966080	17966164	12.62360001	17966164	0	84	-84	84	-84	84
CAGE_TSS_7469	1	-	17976332	17976406	12.52616978	17976406	0	74	-74	74	-74	74
CAGE_TSS_7473	1	-	17983322	17983475	600.7560425	17983475	0	153	-153	153	-153	153
CAGE_TSS_7474	1	-	17995321	17995456	39.35203171	17995456	0	135	-135	135	-135	135
CAGE_TSS_7477	1	-	18047578	18047652	13.57876015	18047652	0	74	-74	74	-74	74
CAGE_TSS_7485	1	-	18068024	18068013	14.51793003	18068013	0	-11	11	-11	11	11
CAGE_TSS_7487	1	-	18075127	18075129	13.13179016	18075129	0	2	-2	2	-2	2
CAGE_TSS_7500	1	-	18176205	18176343	1089.162109	18176343	0	138	-138	138	-138	138
CAGE_TSS_7505	1	-	18184436	18184409	12.16333008	18184409	0	-27	27	-27	27	27
CAGE_TSS_7518	1	-	18322281	18322344	29.40545082	18322344	0	63	-63	63	-63	63
CAGE_TSS_7525	1	-	18360341	18360563	1706.826904	18360563	0	222	-222	222	-222	222
CAGE_TSS_7526	1	-	18366597	18366857	334.8092957	18366857	0	260	-260	260	-260	260
CAGE_TSS_7527	1	-	18375379	18375278	11.95153046	18375278	0	-101	101	-101	101	101
CAGE_TSS_7528	1	-	18376668	18376881	1532.748291	18376881	0	213	-213	213	-213	213
CAGE_TSS_7529	1	-	18378552	18378407	14.35991001	18378407	0	-145	145	-145	145	145
CAGE_TSS_7530	1	-	18379239	18379303	5.226099968	18379303	0	64	-64	64	-64	64
CAGE_TSS_7532	1	-	18379793	18380068	1504.154297	18380068	0	275	-275	275	-275	275
CAGE_TSS_7535	1	-	18393781	18393837	20.86701965	18393837	0	56	-56	56	-56	56
CAGE_TSS_7536	1	-	18405560	18405657	97.78411865	18405657	0	97	-97	97	-97	97
CAGE_TSS_7539	1	-	18412427	18412420	5.226099968	18412420	0	-7	7	-7	7	7
CAGE_TSS_7540	1	-	18412800	18412776	4.91218996	18412776	0	-24	24	-24	24	24
CAGE_TSS_7544	1	-	18456521	18456642	12.59504032	18456642	0	121	-121	121	-121	121
CAGE_TSS_7548	1	-	18497229	18497272	7.342549801	18497272	0	43	-43	43	-43	43
CAGE_TSS_7553	1	-	18504476	18504545	9.889129639	18504545	0	69	-69	69	-69	69
CAGE_TSS_7555	1	-	18517257	18517432	44.35723877	18517432	0	175	-175	175	-175	175
CAGE_TSS_7561	1	-	18550012	18550129	394.6094971	18550129	0	117	-117	117	-117	117
CAGE_TSS_7564	1	-	18560273	18560440	35.19992828	18560440	0	167	-167	167	-167	167
CAGE_TSS_7568	1	-	18598293	18598272	8.206310272	18598272	0	-21	21	-21	21	21
CAGE_TSS_7575	1	-	18626394	18626370	19.59251976	18626370	0	-24	24	-24	24	24
CAGE_TSS_7581	1	-	18639507	18639667	6.411280155	18639667	0	160	-160	160	-160	160
CAGE_TSS_7584	1	-	18680076	18680168	494.7259216	18680168	0	92	-92	92	-92	92
CAGE_TSS_7589	1	-	18692928	18693133	3.767159939	18693133	0	205	-205	205	-205	205
CAGE_TSS_7594	1	-	18715972	18715960	11.25181007	18715960	0	-12	12	-12	12	12
CAGE_TSS_7597	1	-	18728270	18728394	306.2468872	18728394	0	124	-124	124	-124	124
CAGE_TSS_7599	1	-	18734090	18734390	11.15458965	18734390	0	300	-300	300	-300	300
CAGE_TSS_7601	1	-	18739516	18739530	75.8572998	18739530	0	14	-14	14	-14	14
CAGE_TSS_7603	1	-	18758395	18758234	21.85993958	18758234	0	-161	161	-161	161	161
CAGE_TSS_7611	1	-	18826547	18826670	343.8336792	18826670	0	123	-123	123	-123	123
CAGE_TSS_7621	1	-	18941639	18941730	95.31598663	18941730	0	91	-91	91	-91	91
CAGE_TSS_7624	1	-	18945757	18945749	47.37781906	18945749	0	-8	8	-8	8	8
CAGE_TSS_7626	1	-	18954888	18954754	15.02583027	18954754	0	-134	134	-134	134	134
CAGE_TSS_7627	1	-	19021769	19021893	8.12596035	19021893	0	124	-124	124	-124	124
CAGE_TSS_7628	1	-	19052550	19052848	788.8995361	19052848	0	298	-298	298	-298	298
CAGE_TSS_7629	1	-	19053734	19053683	9.538209915	19053683	0	-51	51	-51	51	51
CAGE_TSS_7633	1	-	19081432	19081571	118.1591034	19081571	0	139	-139	139	-139	139
CAGE_TSS_7640	1	-	19119305	19119404	83.00743103	19119404	0	99	-99	99	-99	99
CAGE_TSS_7641	1	-	19121869	19122039	6.575739861	19122039	0	170	-170	170	-170	170
CAGE_TSS_7642	1	-	19124927	19124903	15.94686985	19124903	0	-24	24	-24	24	24
CAGE_TSS_7651	1	-	19161551	19161560	17.96614075	19161560	0	9	-9	9	-9	9
CAGE_TSS_7654	1	-	19179965	19180008	16.49142075	19180008	0	43	-43	43	-43	43
CAGE_TSS_7660	1	-	19225639	19225861	16.57043076	19225861	0	222	-222	222	-222	222
CAGE_TSS_7669	1	-	19299141	19299126	14.21914959	19299126	0	-15	15	-15	15	15
CAGE_TSS_7682	1	-	19349023	19349116	72.40827179	19349116	0	93	-93	93	-93	93
CAGE_TSS_7700	1	-	19414701	19414614	17.53780937	19414614	0	-87	87	-87	87	87
CAGE_TSS_7701	1	-	19424407	19424427	18.08625031	19424427	0	20	-20	20	-20	20
CAGE_TSS_7703	1	-	19431397	19431675	21.85993958	19431675	0	278	-278	278	-278	278
CAGE_TSS_7710	1	-	19459685	19459519	36.7934494	19459519	0	-166	166	-166	166	166
CAGE_TSS_7713	1	-	19469557	19469527	9.033619881	19469527	0	-30	30	-30	30	30
CAGE_TSS_7714	1	-	19472421	19472457	22.52922058	19472457	0	36	-36	36	-36	36
CAGE_TSS_7720	1	-	19491647	19491635	35.38134003	19491635	0	-12	12	-12	12	12
CAGE_TSS_7727	1	-	19572090	19572105	18.38632011	19572105	0	15	-15	15	-15	15
CAGE_TSS_7730	1	-	19580605	19580712	91.41297913	19580712	0	107	-107	107	-107	107
CAGE_TSS_7733	1	-	19603570	19603533	18.09584999	19603533	0	-37	37	-37	37	37
CAGE_TSS_7744	1	-	19671921	19672047	423.3947449	19672047	0	126	-126	126	-126	126
CAGE_TSS_7745	1	-	19673640	19673771	16.86125946	19673771	0	131	-131	131	-131	131
CAGE_TSS_7746	1	-	19683490	19683463	9.590169907	19683463	0	-27	27	-27	27	27
CAGE_TSS_7748	1	-	19690517	19690386	32.62929153	19690386	0	-131	131	-131	131	131
CAGE_TSS_7749	1	-	19698468	19698497	224.4009857	19698497	0	29	-29	29	-29	29
CAGE_TSS_7752	1	-	19740780	19740832	7.861420155	19740832	0	52	-52	52	-52	52
CAGE_TSS_7759	1	-	19761452	19761628	109.2056122	19761628	0	176	-176	176	-176	176
CAGE_TSS_7761	1	-	19762543	19762458	72.10855103	19762458	0	-85	85	-85	85	85
CAGE_TSS_7764	1	-	19767347	19767306	30.32205963	19767306	0	-41	41	-41	41	41
CAGE_TSS_7768	1	-	19822149	19822269	163.7296448	19822269	0	120	-120	120	-120	120
CAGE_TSS_7772	1	-	19851937	19851876	490.4068909	19851876	0	-61	61	-61	61	61
CAGE_TSS_7776	1	-	19856911	19857085	24.93111038	19857085	0	174	-174	174	-174	174
CAGE_TSS_7778	1	-	19888149	19888339	96.84140778	19888339	0	190	-190	190	-190	190
CAGE_TSS_7780	1	-	19893426	19893409	111.9620972	19893409	0	-17	17	-17	17	17
CAGE_TSS_7782	1	-	19915011	19914781	7.814089775	19914781	0	-230	230	-230	230	230
CAGE_TSS_7784	1	-	19916503	19916745	59.96998978	19916745	0	242	-242	242	-242	242
CAGE_TSS_7787	1	-	19956631	19956773	9.275520325	19956773	0	142	-142	142	-142	142
CAGE_TSS_7788	1	-	19964130	19964065	22.9200592	19964065	0	-65	65	-65	65	65
CAGE_TSS_7790	1	-	19969619	19969758	253.1499939	19969758	0	139	-139	139	-139	139
CAGE_TSS_7792	1	-	19974318	19974390	323.719696	19974390	0	72	-72	72	-72	72
CAGE_TSS_7795	1	-	19985980	19985974	13.18212032	19985974	0	-6	6	-6	6	6
CAGE_TSS_7799	1	-	19993238	19993382	74.24237823	19993382	0	144	-144	144	-144	144
CAGE_TSS_7807	1	-	20017837	20017822	7.451889992	20017822	0	-15	15	-15	15	15
CAGE_TSS_7813	1	-	20056361	20056386	6.156909943	20056386	0	25	-25	25	-25	25
CAGE_TSS_7817	1	-	20068463	20068508	31.72606087	20068508	0	45	-45	45	-45	45
CAGE_TSS_7818	1	-	20071077	20071145	260.0903625	20071145	0	68	-68	68	-68	68
CAGE_TSS_7821	1	-	20079001	20078827	7.437240124	20078827	0	-174	174	-174	174	174
CAGE_TSS_7826	1	-	20122794	20122722	15.21681976	20122722	0	-72	72	-72	72	72
CAGE_TSS_7835	1	-	20171960	20171962	11.34463024	20171962	0	2	-2	2	-2	2
CAGE_TSS_7836	1	-	20173932	20173947	96.71956635	20173947	0	15	-15	15	-15	15
CAGE_TSS_7840	1	-	20187022	20187037	588.9117432	20187037	0	15	-15	15	-15	15
CAGE_TSS_7843	1	-	20215222	20215243	16.69737053	20215243	0	21	-21	21	-21	21
CAGE_TSS_7844	1	-	20219354	20219547	339.5811768	20219547	0	193	-193	193	-193	193
CAGE_TSS_7847	1	-	20225946	20225994	7.645959854	20225994	0	48	-48	48	-48	48
CAGE_TSS_7857	1	-	20309942	20309951	8.315910339	20309951	0	9	-9	9	-9	9
CAGE_TSS_7858	1	-	20310662	20310744	378.1420593	20310744	0	82	-82	82	-82	82
CAGE_TSS_7861	1	-	20343478	20343598	9.100819588	20343598	0	120	-120	120	-120	120
CAGE_TSS_7864	1	-	20362588	20362544	417.6217346	20362544	0	-44	44	-44	44	44
CAGE_TSS_7867	1	-	20385338	20385256	396.4132996	20385256	0	-82	82	-82	82	82
CAGE_TSS_7873	1	-	20402987	20403127	46.32928085	20403127	0	140	-140	140	-140	140
CAGE_TSS_7875	1	-	20411563	20411626	146.9734192	20411626	0	63	-63	63	-63	63
CAGE_TSS_7877	1	-	20415286	20415480	9.4167099	20415480	0	194	-194	194	-194	194
CAGE_TSS_7878	1	-	20421004	20421041	17.63607025	20421041	0	37	-37	37	-37	37
CAGE_TSS_7880	1	-	20448073	20448128	38.24782944	20448128	0	55	-55	55	-55	55
CAGE_TSS_7888	1	-	20574347	20574440	13.78295994	20574440	0	93	-93	93	-93	93
CAGE_TSS_7895	1	-	20598672	20598605	25.58444023	20598605	0	-67	67	-67	67	67
CAGE_TSS_7897	1	-	20620135	20620031	15.90705967	20620031	0	-104	104	-104	104	104
CAGE_TSS_7902	1	-	20648890	20648990	37.83575821	20648990	0	100	-100	100	-100	100
CAGE_TSS_7903	1	-	20665015	20665261	152.9908142	20665261	0	246	-246	246	-246	246
CAGE_TSS_7905	1	-	20668737	20668903	664.8962402	20668903	0	166	-166	166	-166	166
CAGE_TSS_7909	1	-	20706887	20707050	21.63488007	20707050	0	163	-163	163	-163	163
CAGE_TSS_7918	1	-	20719162	20719195	7.945769787	20719195	0	33	-33	33	-33	33
CAGE_TSS_7920	1	-	20728089	20728113	33.20190048	20728113	0	24	-24	24	-24	24
CAGE_TSS_7923	1	-	20731249	20731321	9.983779907	20731321	0	72	-72	72	-72	72
CAGE_TSS_7927	1	-	20783996	20783733	43.95709991	20783733	0	-263	263	-263	263	263
CAGE_TSS_7928	1	-	20791167	20791234	24.09110069	20791234	0	67	-67	67	-67	67
CAGE_TSS_7930	1	-	20803393	20803468	6.000969887	20803468	0	75	-75	75	-75	75
CAGE_TSS_7935	1	-	20807900	20807970	31.2747097	20807970	0	70	-70	70	-70	70
CAGE_TSS_7937	1	-	20812848	20813042	670.2584229	20813042	0	194	-194	194	-194	194
CAGE_TSS_7941	1	-	20848843	20848992	25.03470039	20848992	0	149	-149	149	-149	149
CAGE_TSS_7944	1	-	20859438	20859391	7.316209793	20859391	0	-47	47	-47	47	47
CAGE_TSS_7948	1	-	20898879	20898913	91.17488098	20898913	0	34	-34	34	-34	34
CAGE_TSS_7951	1	-	20913265	20913263	18.22316933	20913263	0	-2	2	-2	2	2
CAGE_TSS_7957	1	-	20930016	20930151	17.24408913	20930151	0	135	-135	135	-135	135
CAGE_TSS_7970	1	-	20976216	20976225	11.58584023	20976225	0	9	-9	9	-9	9
CAGE_TSS_7971	1	-	20979324	20979467	12.41421986	20979467	0	143	-143	143	-143	143
CAGE_TSS_7977	1	-	21007794	21008014	81.20182037	21008014	0	220	-220	220	-220	220
CAGE_TSS_7979	1	-	21013986	21014144	6.00507021	21014144	0	158	-158	158	-158	158
CAGE_TSS_7982	1	-	21049040	21049320	94.91396332	21049320	0	280	-280	280	-280	280
CAGE_TSS_7983	1	-	21053132	21053237	8.594779968	21053237	0	105	-105	105	-105	105
CAGE_TSS_7985	1	-	21062987	21063083	21.07538033	21063083	0	96	-96	96	-96	96
CAGE_TSS_8007	1	-	21092655	21092779	6.13203001	21092779	0	124	-124	124	-124	124
CAGE_TSS_8008	1	-	21094457	21094572	18.79430962	21094572	0	115	-115	115	-115	115
CAGE_TSS_8011	1	-	21178963	21179214	7.323329926	21179214	0	251	-251	251	-251	251
CAGE_TSS_8012	1	-	21188104	21188141	6.057479858	21188141	0	37	-37	37	-37	37
CAGE_TSS_8021	1	-	21235136	21235354	133.4251709	21235354	0	218	-218	218	-218	218
CAGE_TSS_8024	1	-	21265613	21265773	761.244812	21265773	0	160	-160	160	-160	160
CAGE_TSS_8028	1	-	21311492	21311475	9.954890251	21311475	0	-17	17	-17	17	17
CAGE_TSS_8032	1	-	21338705	21338783	54.98540115	21338783	0	78	-78	78	-78	78
CAGE_TSS_8037	1	-	21364640	21364828	467.0574646	21364828	0	188	-188	188	-188	188
CAGE_TSS_8038	1	-	21376701	21376772	9.585339546	21376772	0	71	-71	71	-71	71
CAGE_TSS_8041	1	-	21417919	21418076	14.88271046	21418076	0	157	-157	157	-157	157
CAGE_TSS_8043	1	-	21425521	21425628	57.73995972	21425628	0	107	-107	107	-107	107
CAGE_TSS_8045	1	-	21430864	21430868	11.25162983	21430868	0	4	-4	4	-4	4
CAGE_TSS_8050	1	-	21442921	21443152	965.3931274	21443152	0	231	-231	231	-231	231
CAGE_TSS_8060	1	-	21468419	21468384	28.98826027	21468384	0	-35	35	-35	35	35
CAGE_TSS_8066	1	-	21507450	21507550	439.3023682	21507550	0	100	-100	100	-100	100
CAGE_TSS_8068	1	-	21514029	21513997	88.04644775	21513997	0	-32	32	-32	32	32
CAGE_TSS_8069	1	-	21518189	21517905	14.6160202	21517905	0	-284	284	-284	284	284
CAGE_TSS_8072	1	-	21531519	21531752	15.90705967	21531752	0	233	-233	233	-233	233
CAGE_TSS_8075	1	-	21539796	21539845	116.735527	21539845	0	49	-49	49	-49	49
CAGE_TSS_8080	1	-	21553147	21553191	49.29164886	21553191	0	44	-44	44	-44	44
CAGE_TSS_8081	1	-	21562965	21562919	6.002910137	21562919	0	-46	46	-46	46	46
CAGE_TSS_8082	1	-	21580714	21580584	9.033619881	21580584	0	-130	130	-130	130	130
CAGE_TSS_8083	1	-	21601656	21601840	54.41059113	21601840	0	184	-184	184	-184	184
CAGE_TSS_8089	1	-	21617006	21617148	10.23534012	21617148	0	142	-142	142	-142	142
CAGE_TSS_8098	1	-	21626199	21626292	24.49971008	21626292	0	93	-93	93	-93	93
CAGE_TSS_8104	1	-	21717291	21717432	68.68553925	21717432	0	141	-141	141	-141	141
CAGE_TSS_8105	1	-	21743919	21744071	15.56039047	21744071	0	152	-152	152	-152	152
CAGE_TSS_8120	1	-	22057194	22057429	227.8348846	22057429	0	235	-235	235	-235	235
CAGE_TSS_8123	1	-	22066975	22067179	5.152390003	22067179	0	204	-204	204	-204	204
CAGE_TSS_8133	1	-	22094560	22094579	77.56471252	22094579	0	19	-19	19	-19	19
CAGE_TSS_8136	1	-	22096568	22096570	67.7274704	22096570	0	2	-2	2	-2	2
CAGE_TSS_8146	1	-	22214357	22214351	8.76636982	22214351	0	-6	6	-6	6	6
CAGE_TSS_8147	1	-	22221400	22221345	12.26144028	22221345	0	-55	55	-55	55	55
CAGE_TSS_8148	1	-	22224285	22224436	1704.362671	22224436	0	151	-151	151	-151	151
CAGE_TSS_8151	1	-	22265996	22266085	8.770959854	22266085	0	89	-89	89	-89	89
CAGE_TSS_8161	1	-	22308198	22308266	59.66363144	22308266	0	68	-68	68	-68	68
CAGE_TSS_8166	1	-	22330297	22330345	25.87051964	22330345	0	48	-48	48	-48	48
CAGE_TSS_8177	1	-	22356651	22356762	29.51444054	22356762	0	111	-111	111	-111	111
CAGE_TSS_8180	1	-	22360105	22360257	5.797570229	22360257	0	152	-152	152	-152	152
CAGE_TSS_8186	1	-	22382281	22382530	40.25143051	22382530	0	249	-249	249	-249	249
CAGE_TSS_8187	1	-	22386610	22386704	188.9608765	22386704	0	94	-94	94	-94	94
CAGE_TSS_8190	1	-	22387566	22387653	64.48577881	22387653	0	87	-87	87	-87	87
CAGE_TSS_8196	1	-	22410218	22410168	5.198299885	22410168	0	-50	50	-50	50	50
CAGE_TSS_8197	1	-	22417245	22417229	15.65165043	22417229	0	-16	16	-16	16	16
CAGE_TSS_8207	1	-	22449492	22449725	6.95472002	22449725	0	233	-233	233	-233	233
CAGE_TSS_8218	1	-	22540862	22540893	20.02856064	22540893	0	31	-31	31	-31	31
CAGE_TSS_8222	1	-	22595067	22595115	6.002860069	22595115	0	48	-48	48	-48	48
CAGE_TSS_8225	1	-	22616339	22616164	45.65060043	22616164	0	-175	175	-175	175	175
CAGE_TSS_8229	1	-	22649460	22649742	47.60301971	22649742	0	282	-282	282	-282	282
CAGE_TSS_8233	1	-	22668533	22668520	5.628970146	22668520	0	-13	13	-13	13	13
CAGE_TSS_8235	1	-	22677735	22677655	44.43038177	22677655	0	-80	80	-80	80	80
CAGE_TSS_8240	1	-	22719510	22719501	8.245149612	22719501	0	-9	9	-9	9	9
CAGE_TSS_8244	1	-	22749197	22749274	7.852369785	22749274	0	77	-77	77	-77	77
CAGE_TSS_8250	1	-	22794646	22794645	163.161026	22794645	0	-1	1	-1	1	1
CAGE_TSS_8252	1	-	22799234	22799390	534.4282837	22799390	0	156	-156	156	-156	156
CAGE_TSS_8254	1	-	22801091	22801150	23.5449791	22801150	0	59	-59	59	-59	59
CAGE_TSS_8257	1	-	22814095	22814158	130.2477112	22814158	0	63	-63	63	-63	63
CAGE_TSS_8262	1	-	22871276	22871245	87.4970932	22871245	0	-31	31	-31	31	31
CAGE_TSS_8263	1	-	22884974	22885067	55.53284073	22885067	0	93	-93	93	-93	93
CAGE_TSS_8265	1	-	22930419	22930435	28.52552032	22930435	0	16	-16	16	-16	16
CAGE_TSS_8268	1	-	22939021	22939179	276.0410767	22939179	0	158	-158	158	-158	158
CAGE_TSS_8278	1	-	22977565	22977599	129.2137909	22977599	0	34	-34	34	-34	34
CAGE_TSS_8280	1	-	22984358	22984561	190.752594	22984561	0	203	-203	203	-203	203
CAGE_TSS_8291	1	-	23019278	23019280	64.05536652	23019280	0	2	-2	2	-2	2
CAGE_TSS_8294	1	-	23039711	23039835	32.96781921	23039835	0	124	-124	124	-124	124
CAGE_TSS_8295	1	-	23045279	23045449	6.764319897	23045449	0	170	-170	170	-170	170
CAGE_TSS_8299	1	-	23087125	23087094	5.479730129	23087094	0	-31	31	-31	31	31
CAGE_TSS_8300	1	-	23101029	23100854	6.667510033	23100854	0	-175	175	-175	175	175
CAGE_TSS_8304	1	-	23109457	23109451	5.002860069	23109451	0	-6	6	-6	6	6
CAGE_TSS_8311	1	-	23226915	23226799	3.193239927	23226799	0	-116	116	-116	116	116
CAGE_TSS_8324	1	-	23251108	23251315	35.36362839	23251315	0	207	-207	207	-207	207
CAGE_TSS_8329	1	-	23267210	23267246	238.4878235	23267246	0	36	-36	36	-36	36
CAGE_TSS_8332	1	-	23286805	23286930	192.2799683	23286930	0	125	-125	125	-125	125
CAGE_TSS_8340	1	-	23352045	23352207	48.56147003	23352207	0	162	-162	162	-162	162
CAGE_TSS_8342	1	-	23362527	23362685	8.760769844	23362685	0	158	-158	158	-158	158
CAGE_TSS_8346	1	-	23392847	23392779	71.80030823	23392779	0	-68	68	-68	68	68
CAGE_TSS_8349	1	-	23410920	23410993	25.94680977	23410993	0	73	-73	73	-73	73
CAGE_TSS_8352	1	-	23429398	23429645	168.4016571	23429645	0	247	-247	247	-247	247
CAGE_TSS_8354	1	-	23458618	23458583	18.56443024	23458583	0	-35	35	-35	35	35
CAGE_TSS_8359	1	-	23469201	23469265	7.095880032	23469265	0	64	-64	64	-64	64
CAGE_TSS_8363	1	-	23475529	23475259	381.0618591	23475259	0	-270	270	-270	270	270
CAGE_TSS_8366	1	-	23497793	23497888	31.42725945	23497888	0	95	-95	95	-95	95
CAGE_TSS_8369	1	-	23539250	23539128	8.491570473	23539128	0	-122	122	-122	122	122
CAGE_TSS_8370	1	-	23542135	23542143	12.83183002	23542143	0	8	-8	8	-8	8
CAGE_TSS_8372	1	-	23553231	23553271	71.26998138	23553271	0	40	-40	40	-40	40
CAGE_TSS_8375	1	-	23585733	23585805	6.590539932	23585805	0	72	-72	72	-72	72
CAGE_TSS_8376	1	-	23595802	23595969	18.35759926	23595969	0	167	-167	167	-167	167
CAGE_TSS_8377	1	-	23607217	23607341	6.156909943	23607341	0	124	-124	124	-124	124
CAGE_TSS_8379	1	-	23610605	23610623	52.21940994	23610623	0	18	-18	18	-18	18
CAGE_TSS_8381	1	-	23630011	23629983	13.80694962	23629983	0	-28	28	-28	28	28
CAGE_TSS_8383	1	-	23650235	23650494	54.25891876	23650494	0	259	-259	259	-259	259
CAGE_TSS_8389	1	-	23667342	23667446	16.1550293	23667446	0	104	-104	104	-104	104
CAGE_TSS_8396	1	-	23675867	23676091	5.216469765	23676091	0	224	-224	224	-224	224
CAGE_TSS_8397	1	-	23684371	23684242	201.4299164	23684242	0	-129	129	-129	129	129
CAGE_TSS_8398	1	-	23690560	23690502	23.6023407	23690502	0	-58	58	-58	58	58
CAGE_TSS_8401	1	-	23706021	23706266	149.6561432	23706266	0	245	-245	245	-245	245
CAGE_TSS_8402	1	-	23716097	23716318	24.22652054	23716318	0	221	-221	221	-221	221
CAGE_TSS_8407	1	-	23760497	23760532	17.52499008	23760532	0	35	-35	35	-35	35
CAGE_TSS_8408	1	-	23786684	23786665	12.31521034	23786665	0	-19	19	-19	19	19
CAGE_TSS_8411	1	-	23807158	23807112	24.71600914	23807112	0	-46	46	-46	46	46
CAGE_TSS_8412	1	-	23812674	23812800	16.77207947	23812800	0	126	-126	126	-126	126
CAGE_TSS_8415	1	-	23827071	23827048	12.18828964	23827048	0	-23	23	-23	23	23
CAGE_TSS_8417	1	-	23830063	23830130	23.48358917	23830130	0	67	-67	67	-67	67
CAGE_TSS_8420	1	-	23855522	23855610	104.3951263	23855610	0	88	-88	88	-88	88
CAGE_TSS_8424	1	-	23942879	23942872	58.44557953	23942872	0	-7	7	-7	7	7
CAGE_TSS_8425	1	-	23945792	23945843	143.8051453	23945843	0	51	-51	51	-51	51
CAGE_TSS_8434	1	-	23988751	23988973	9.314120293	23988973	0	222	-222	222	-222	222
CAGE_TSS_8436	1	-	24001954	24001861	31.05258942	24001861	0	-93	93	-93	93	93
CAGE_TSS_8439	1	-	24023167	24023300	606.1137085	24023300	0	133	-133	133	-133	133
CAGE_TSS_8443	1	-	24040567	24040790	42.46062851	24040790	0	223	-223	223	-223	223
CAGE_TSS_8449	1	-	24048594	24048742	171.1300507	24048742	0	148	-148	148	-148	148
CAGE_TSS_8453	1	-	24056382	24056410	530.4691162	24056410	0	28	-28	28	-28	28
CAGE_TSS_8454	1	-	24061243	24060958	425.8121948	24060958	0	-285	285	-285	285	285
CAGE_TSS_8456	1	-	24062633	24062602	21.39451027	24062602	0	-31	31	-31	31	31
CAGE_TSS_8466	1	-	24139271	24139318	29.12631989	24139318	0	47	-47	47	-47	47
CAGE_TSS_8469	1	-	24146109	24146168	6.066130161	24146168	0	59	-59	59	-59	59
CAGE_TSS_8475	1	-	24170531	24170525	15.75247955	24170525	0	-6	6	-6	6	6
CAGE_TSS_8476	1	-	24171542	24171679	13.62598038	24171679	0	137	-137	137	-137	137
CAGE_TSS_8486	1	-	24259358	24259102	23.30562019	24259102	0	-256	256	-256	256	256
CAGE_TSS_8490	1	-	24286142	24286250	8.030630112	24286250	0	108	-108	108	-108	108
CAGE_TSS_8493	1	-	24306234	24306294	28.99715996	24306294	0	60	-60	60	-60	60
CAGE_TSS_8496	1	-	24324089	24324223	16.64767075	24324223	0	134	-134	134	-134	134
CAGE_TSS_8499	1	-	24362031	24362009	12.89229965	24362009	0	-22	22	-22	22	22
CAGE_TSS_8502	1	-	24373801	24373839	9.878250122	24373839	0	38	-38	38	-38	38
CAGE_TSS_8512	1	-	24432972	24433103	39.1376915	24433103	0	131	-131	131	-131	131
CAGE_TSS_8521	1	-	24529293	24529339	6.23800993	24529339	0	46	-46	46	-46	46
CAGE_TSS_8528	1	-	24560809	24560899	28.24987984	24560899	0	90	-90	90	-90	90
CAGE_TSS_8530	1	-	24568859	24569037	5.556869984	24569037	0	178	-178	178	-178	178
CAGE_TSS_8531	1	-	24598515	24598601	753.9193115	24598601	0	86	-86	86	-86	86
CAGE_TSS_8539	1	-	24622003	24622025	137.8907166	24622025	0	22	-22	22	-22	22
CAGE_TSS_8540	1	-	24653849	24654020	85.44930267	24654020	0	171	-171	171	-171	171
CAGE_TSS_8547	1	-	24657609	24657591	6.47300005	24657591	0	-18	18	-18	18	18
CAGE_TSS_8550	1	-	24687326	24687266	84.2767334	24687266	0	-60	60	-60	60	60
CAGE_TSS_8554	1	-	24698429	24698399	16.2616806	24698399	0	-30	30	-30	30	30
CAGE_TSS_8563	1	-	24732379	24732505	343.5480957	24732505	0	126	-126	126	-126	126
CAGE_TSS_8564	1	-	24771370	24771373	43.74457169	24771373	0	3	-3	3	-3	3
CAGE_TSS_8569	1	-	24812649	24812615	20.76799011	24812615	0	-34	34	-34	34	34
CAGE_TSS_8577	1	-	24865678	24865726	43.30463028	24865726	0	48	-48	48	-48	48
CAGE_TSS_8585	1	-	24936395	24936449	136.9107208	24936449	0	54	-54	54	-54	54
CAGE_TSS_8587	1	-	24955445	24955496	107.9490891	24955496	0	51	-51	51	-51	51
CAGE_TSS_8591	1	-	24974721	24974857	91.70982361	24974857	0	136	-136	136	-136	136
CAGE_TSS_8594	1	-	24995609	24995820	20.43297958	24995820	0	211	-211	211	-211	211
CAGE_TSS_8598	1	-	25002206	25002255	173.1451263	25002255	0	49	-49	49	-49	49
CAGE_TSS_8599	1	-	25022258	25022245	30.81887054	25022245	0	-13	13	-13	13	13
CAGE_TSS_8600	1	-	25029787	25029987	1611.675903	25029987	0	200	-200	200	-200	200
CAGE_TSS_8605	1	-	25046728	25046836	97.38964081	25046836	0	108	-108	108	-108	108
CAGE_TSS_8606	1	-	25048467	25048534	20.99238968	25048534	0	67	-67	67	-67	67
CAGE_TSS_8611	1	-	25095589	25095606	10.3585701	25095606	0	17	-17	17	-17	17
CAGE_TSS_8612	1	-	25117435	25117565	18.17975998	25117565	0	130	-130	130	-130	130
CAGE_TSS_8614	1	-	25137685	25137928	21.50814056	25137928	0	243	-243	243	-243	243
CAGE_TSS_8620	1	-	25156281	25156322	36.6308403	25156322	0	41	-41	41	-41	41
CAGE_TSS_8628	1	-	25197084	25197104	117.3481293	25197104	0	20	-20	20	-20	20
CAGE_TSS_8636	1	-	25238089	25238217	109.5352783	25238217	0	128	-128	128	-128	128
CAGE_TSS_8638	1	-	25250734	25250866	16.85302925	25250866	0	132	-132	132	-132	132
CAGE_TSS_8642	1	-	25276648	25276695	168.8225861	25276695	0	47	-47	47	-47	47
CAGE_TSS_8645	1	-	25296956	25297253	63.36798096	25297253	0	297	-297	297	-297	297
CAGE_TSS_8660	1	-	25395047	25394840	19.44898033	25394840	0	-207	207	-207	207	207
CAGE_TSS_8666	1	-	25432988	25433016	28.3108902	25433016	0	28	-28	28	-28	28
CAGE_TSS_8669	1	-	25446732	25446986	794.989502	25446986	0	254	-254	254	-254	254
CAGE_TSS_8673	1	-	25455747	25455822	97.35997009	25455822	0	75	-75	75	-75	75
CAGE_TSS_8676	1	-	25472440	25472512	107.8421936	25472512	0	72	-72	72	-72	72
CAGE_TSS_8680	1	-	25480503	25480462	54.34553909	25480462	0	-41	41	-41	41	41
CAGE_TSS_8681	1	-	25484260	25484361	6.970099926	25484361	0	101	-101	101	-101	101
CAGE_TSS_8685	1	-	25514361	25514564	5.696650028	25514564	0	203	-203	203	-203	203
CAGE_TSS_8686	1	-	25516855	25516936	7.886109829	25516936	0	81	-81	81	-81	81
CAGE_TSS_8689	1	-	25541659	25541671	16.91259003	25541671	0	12	-12	12	-12	12
CAGE_TSS_8690	1	-	25548781	25549071	7.398089886	25549071	0	290	-290	290	-290	290
CAGE_TSS_8695	1	-	25599317	25599393	12.80208015	25599393	0	76	-76	76	-76	76
CAGE_TSS_8697	1	-	25622480	25622690	47.37781906	25622690	0	210	-210	210	-210	210
CAGE_TSS_8701	1	-	25652863	25653025	159.3086853	25653025	0	162	-162	162	-162	162
CAGE_TSS_8702	1	-	25655443	25655570	107.4316025	25655570	0	127	-127	127	-127	127
CAGE_TSS_8709	1	-	25710878	25711111	350.949646	25711111	0	233	-233	233	-233	233
CAGE_TSS_8713	1	-	25714803	25714997	293.8734436	25714997	0	194	-194	194	-194	194
CAGE_TSS_8723	1	-	25737930	25737970	23.05758095	25737970	0	40	-40	40	-40	40
CAGE_TSS_8724	1	-	25758192	25758197	8.589699745	25758197	0	5	-5	5	-5	5
CAGE_TSS_8730	1	-	25779114	25779327	49.6940918	25779327	0	213	-213	213	-213	213
CAGE_TSS_8731	1	-	25798328	25798262	6.60491991	25798262	0	-66	66	-66	66	66
CAGE_TSS_8733	1	-	25798887	25798770	57.0439415	25798770	0	-117	117	-117	117	117
CAGE_TSS_8734	1	-	25811191	25811108	12.11717033	25811108	0	-83	83	-83	83	83
CAGE_TSS_8736	1	-	25816967	25817037	54.94440842	25817037	0	70	-70	70	-70	70
CAGE_TSS_8740	1	-	25833842	25834033	244.1715851	25834033	0	191	-191	191	-191	191
CAGE_TSS_8745	1	-	25841536	25841591	6.95472002	25841591	0	55	-55	55	-55	55
CAGE_TSS_8746	1	-	25870174	25870383	392.7872314	25870383	0	209	-209	209	-209	209
CAGE_TSS_8756	1	-	25911119	25911296	21.89279938	25911296	0	177	-177	177	-177	177
CAGE_TSS_8758	1	-	25927326	25927328	165.5181732	25927328	0	2	-2	2	-2	2
CAGE_TSS_8759	1	-	25940976	25941117	13.93050003	25941117	0	141	-141	141	-141	141
CAGE_TSS_8764	1	-	25971492	25971480	7.338290215	25971480	0	-12	12	-12	12	12
CAGE_TSS_8767	1	-	26001651	26001862	100.54599	26001862	0	211	-211	211	-211	211
CAGE_TSS_8775	1	-	26042653	26042674	62.04833984	26042674	0	21	-21	21	-21	21
CAGE_TSS_8779	1	-	26051980	26052018	19.60681915	26052018	0	38	-38	38	-38	38
CAGE_TSS_8782	1	-	26058080	26058319	207.5541229	26058319	0	239	-239	239	-239	239
CAGE_TSS_8784	1	-	26076253	26076307	22.25901031	26076307	0	54	-54	54	-54	54
CAGE_TSS_8792	1	-	26117864	26118087	16.20185089	26118087	0	223	-223	223	-223	223
CAGE_TSS_8796	1	-	26163327	26163503	244.2731628	26163503	0	176	-176	176	-176	176
CAGE_TSS_8799	1	-	26195656	26195871	15.38885021	26195871	0	215	-215	215	-215	215
CAGE_TSS_8803	1	-	26210620	26210707	202.2678375	26210707	0	87	-87	87	-87	87
CAGE_TSS_8804	1	-	26217414	26217338	24.31748009	26217338	0	-76	76	-76	76	76
CAGE_TSS_8806	1	-	26231352	26231399	29.78145027	26231399	0	47	-47	47	-47	47
CAGE_TSS_8809	1	-	26240705	26240864	442.5317688	26240864	0	159	-159	159	-159	159
CAGE_TSS_8812	1	-	26276262	26276367	83.63741302	26276367	0	105	-105	105	-105	105
CAGE_TSS_8818	1	-	26295780	26295746	131.1215668	26295746	0	-34	34	-34	34	34
CAGE_TSS_8819	1	-	26300308	26300326	336.5097961	26300326	0	18	-18	18	-18	18
CAGE_TSS_8821	1	-	26324539	26324655	33.81195068	26324655	0	116	-116	116	-116	116
CAGE_TSS_8823	1	-	26331971	26331900	34.15982056	26331900	0	-71	71	-71	71	71
CAGE_TSS_8826	1	-	26343079	26343163	10.15517044	26343163	0	84	-84	84	-84	84
CAGE_TSS_8828	1	-	26350665	26350807	5.53978014	26350807	0	142	-142	142	-142	142
CAGE_TSS_8834	1	-	26364697	26364712	37.2371788	26364712	0	15	-15	15	-15	15
CAGE_TSS_8837	1	-	26419101	26419206	627.190979	26419206	0	105	-105	105	-105	105
CAGE_TSS_8841	1	-	26450991	26451067	265.4589844	26451067	0	76	-76	76	-76	76
CAGE_TSS_8844	1	-	26468701	26468703	33.69245911	26468703	0	2	-2	2	-2	2
CAGE_TSS_8848	1	-	26480096	26480155	47.35876083	26480155	0	59	-59	59	-59	59
CAGE_TSS_8849	1	-	26481555	26481412	11.72297955	26481412	0	-143	143	-143	143	143
CAGE_TSS_8852	1	-	26487411	26487548	7.077020168	26487548	0	137	-137	137	-137	137
CAGE_TSS_8858	1	-	26508283	26508337	6.411280155	26508337	0	54	-54	54	-54	54
CAGE_TSS_8859	1	-	26514398	26514544	26.04814911	26514544	0	146	-146	146	-146	146
CAGE_TSS_8860	1	-	26515074	26515043	59.44007111	26515043	0	-31	31	-31	31	31
CAGE_TSS_8863	1	-	26535378	26535278	12.60828972	26535278	0	-100	100	-100	100	100
CAGE_TSS_8864	1	-	26536689	26536440	71.19406128	26536440	0	-249	249	-249	249	249
CAGE_TSS_8866	1	-	26538234	26538346	4.503089905	26538346	0	112	-112	112	-112	112
CAGE_TSS_8867	1	-	26540758	26540640	19.88961029	26540640	0	-118	118	-118	118	118
CAGE_TSS_8876	1	-	26591571	26591603	59.97185898	26591603	0	32	-32	32	-32	32
CAGE_TSS_8879	1	-	26621656	26621781	15.35906029	26621781	0	125	-125	125	-125	125
CAGE_TSS_8881	1	-	26660457	26660462	161.6581268	26660462	0	5	-5	5	-5	5
CAGE_TSS_8882	1	-	26662999	26663048	107.2249374	26663048	0	49	-49	49	-49	49
CAGE_TSS_8883	1	-	26672748	26672911	381.7539673	26672911	0	163	-163	163	-163	163
CAGE_TSS_8884	1	-	26675900	26675905	78.58074951	26675905	0	5	-5	5	-5	5
CAGE_TSS_8885	1	-	26683203	26683245	33.95275879	26683245	0	42	-42	42	-42	42
CAGE_TSS_8886	1	-	26691273	26691298	10.43163013	26691298	0	25	-25	25	-25	25
CAGE_TSS_8888	1	-	26696375	26696476	1727.006592	26696476	0	101	-101	101	-101	101
CAGE_TSS_8905	1	-	26790176	26790395	411.5947571	26790395	0	219	-219	219	-219	219
CAGE_TSS_8906	1	-	26793177	26793157	21.09730911	26793157	0	-20	20	-20	20	20
CAGE_TSS_8907	1	-	26795706	26795713	59.71979141	26795713	0	7	-7	7	-7	7
CAGE_TSS_8909	1	-	26796503	26796491	253.5707397	26796491	0	-12	12	-12	12	12
CAGE_TSS_8914	1	-	26809501	26809728	47.26462936	26809728	0	227	-227	227	-227	227
CAGE_TSS_8915	1	-	26811768	26811974	44.66535187	26811974	0	206	-206	206	-206	206
CAGE_TSS_8916	1	-	26823443	26823609	85.020401	26823609	0	166	-166	166	-166	166
CAGE_TSS_8932	1	-	26924389	26924619	97.15319061	26924619	0	230	-230	230	-230	230
CAGE_TSS_8934	1	-	26942950	26942969	5.572979927	26942969	0	19	-19	19	-19	19
CAGE_TSS_8938	1	-	26981030	26981011	891.760498	26981011	0	-19	19	-19	19	19
CAGE_TSS_8944	1	-	27008086	27008095	5.270810127	27008095	0	9	-9	9	-9	9
CAGE_TSS_8947	1	-	27081553	27081654	123.3187714	27081654	0	101	-101	101	-101	101
CAGE_TSS_8948	1	-	27088247	27088436	18.50836945	27088436	0	189	-189	189	-189	189
CAGE_TSS_8954	1	-	27114365	27114536	36.61066818	27114536	0	171	-171	171	-171	171
CAGE_TSS_8956	1	-	27119679	27119683	112.3543091	27119683	0	4	-4	4	-4	4
CAGE_TSS_8962	1	-	27155647	27155627	139.8352661	27155627	0	-20	20	-20	20	20
CAGE_TSS_8970	1	-	27211144	27211290	25.99185944	27211290	0	146	-146	146	-146	146
CAGE_TSS_8972	1	-	27221067	27221061	24.44516945	27221061	0	-6	6	-6	6	6
CAGE_TSS_8978	1	-	27244906	27244877	5.434619904	27244877	0	-29	29	-29	29	29
CAGE_TSS_8979	1	-	27257080	27257092	317.5305176	27257092	0	12	-12	12	-12	12
CAGE_TSS_8980	1	-	27260288	27260269	4.7084198	27260269	0	-19	19	-19	19	19
CAGE_TSS_8983	1	-	27265668	27265754	1047.126099	27265754	0	86	-86	86	-86	86
CAGE_TSS_8984	1	-	27273734	27273894	34.38240051	27273894	0	160	-160	160	-160	160
CAGE_TSS_8987	1	-	27288367	27288643	44.01549149	27288643	0	276	-276	276	-276	276
CAGE_TSS_8989	1	-	27298038	27298101	1326.873047	27298101	0	63	-63	63	-63	63
CAGE_TSS_8990	1	-	27298615	27298656	120.1433029	27298656	0	41	-41	41	-41	41
CAGE_TSS_8993	1	-	27329906	27329905	6.137050152	27329905	0	-1	1	-1	1	1
CAGE_TSS_8996	1	-	27339983	27340061	115.9090576	27340061	0	78	-78	78	-78	78
CAGE_TSS_8998	1	-	27358849	27359069	8.819450378	27359069	0	220	-220	220	-220	220
CAGE_TSS_9001	1	-	27380088	27380142	7.40760994	27380142	0	54	-54	54	-54	54
CAGE_TSS_9004	1	-	27396414	27396431	9.001649857	27396431	0	17	-17	17	-17	17
CAGE_TSS_9005	1	-	27400460	27400348	57.56858826	27400348	0	-112	112	-112	112	112
CAGE_TSS_9006	1	-	27407826	27407772	13.17537022	27407772	0	-54	54	-54	54	54
CAGE_TSS_9011	1	-	27462360	27462489	42.13959122	27462489	0	129	-129	129	-129	129
CAGE_TSS_9017	1	-	27473524	27473461	9.460100174	27473461	0	-63	63	-63	63	63
CAGE_TSS_9020	1	-	27497952	27498118	214.112915	27498118	0	166	-166	166	-166	166
CAGE_TSS_9021	1	-	27506128	27506136	5.9895401	27506136	0	8	-8	8	-8	8
CAGE_TSS_9025	1	-	27526717	27526825	6.807499886	27526825	0	108	-108	108	-108	108
CAGE_TSS_9030	1	-	27541903	27542048	23.26228905	27542048	0	145	-145	145	-145	145
CAGE_TSS_9033	1	-	27546423	27546587	422.4774475	27546587	0	164	-164	164	-164	164
CAGE_TSS_9045	1	-	27582539	27582493	117.1030731	27582493	0	-46	46	-46	46	46
CAGE_TSS_9046	1	-	27588402	27588662	1267.911743	27588662	0	260	-260	260	-260	260
CAGE_TSS_9049	1	-	27594194	27594422	28.1985302	27594422	0	228	-228	228	-228	228
CAGE_TSS_9050	1	-	27595128	27594954	27.02753067	27594954	0	-174	174	-174	174	174
CAGE_TSS_9051	1	-	27629893	27630034	22.60350037	27630034	0	141	-141	141	-141	141
CAGE_TSS_9054	1	-	27640389	27640500	503.9312439	27640500	0	111	-111	111	-111	111
CAGE_TSS_9057	1	-	27645401	27645334	34.1518898	27645334	0	-67	67	-67	67	67
CAGE_TSS_9059	1	-	27646697	27646753	144.6269379	27646753	0	56	-56	56	-56	56
CAGE_TSS_9060	1	-	27648586	27648789	14.24561977	27648789	0	203	-203	203	-203	203
CAGE_TSS_9067	1	-	27697080	27697294	62.88513184	27697294	0	214	-214	214	-214	214
CAGE_TSS_9069	1	-	27707511	27707484	12.24792004	27707484	0	-27	27	-27	27	27
CAGE_TSS_9070	1	-	27713693	27713595	1023.281677	27713595	0	-98	98	-98	98	98
CAGE_TSS_9082	1	-	27785805	27785897	18.35458946	27785897	0	92	-92	92	-92	92
CAGE_TSS_9085	1	-	27799565	27799834	38.5974884	27799834	0	269	-269	269	-269	269
CAGE_TSS_9087	1	-	27814445	27814427	7.314089775	27814427	0	-18	18	-18	18	18
CAGE_TSS_9093	1	-	27837316	27837508	33.4412117	27837508	0	192	-192	192	-192	192
CAGE_TSS_9107	1	-	27873235	27873470	46.24497986	27873470	0	235	-235	235	-235	235
CAGE_TSS_9110	1	-	27910096	27909926	7.392829895	27909926	0	-170	170	-170	170	170
CAGE_TSS_9117	1	-	27940276	27940287	31.03067017	27940287	0	11	-11	11	-11	11
CAGE_TSS_9118	1	-	27947286	27947455	1347.84021	27947455	0	169	-169	169	-169	169
CAGE_TSS_9123	1	-	27969887	27969905	9.791740417	27969905	0	18	-18	18	-18	18
CAGE_TSS_9127	1	-	27985173	27985116	15.12448025	27985116	0	-57	57	-57	57	57
CAGE_TSS_9129	1	-	27996734	27996697	11.87518024	27996697	0	-37	37	-37	37	37
CAGE_TSS_9132	1	-	28008906	28009036	49.64392853	28009036	0	130	-130	130	-130	130
CAGE_TSS_9137	1	-	28019993	28020237	30.32714081	28020237	0	244	-244	244	-244	244
CAGE_TSS_9145	1	-	28082643	28082644	8.985409737	28082644	0	1	-1	1	-1	1
CAGE_TSS_9150	1	-	28117399	28117343	65.84558105	28117343	0	-56	56	-56	56	56
CAGE_TSS_9151	1	-	28122562	28122629	6.548120022	28122629	0	67	-67	67	-67	67
CAGE_TSS_9157	1	-	28132843	28133037	53.82960892	28133037	0	194	-194	194	-194	194
CAGE_TSS_9162	1	-	28138641	28138858	143.4456024	28138858	0	217	-217	217	-217	217
CAGE_TSS_9165	1	-	28142641	28142621	6.242269993	28142621	0	-20	20	-20	20	20
CAGE_TSS_9167	1	-	28150387	28150489	62.76844025	28150489	0	102	-102	102	-102	102
CAGE_TSS_9174	1	-	28170059	28170104	7.056819916	28170104	0	45	-45	45	-45	45
CAGE_TSS_9177	1	-	28193799	28193936	116.900238	28193936	0	137	-137	137	-137	137
CAGE_TSS_9186	1	-	28216863	28216935	28.78336906	28216935	0	72	-72	72	-72	72
CAGE_TSS_9189	1	-	28218701	28218724	169.0981445	28218724	0	23	-23	23	-23	23
CAGE_TSS_9192	1	-	28232978	28232773	107.6274033	28232773	0	-205	205	-205	205	205
CAGE_TSS_9197	1	-	28251272	28251520	6.312489986	28251520	0	248	-248	248	-248	248
CAGE_TSS_9199	1	-	28257188	28257437	137.8907166	28257437	0	249	-249	249	-249	249
CAGE_TSS_9205	1	-	28279896	28279877	35.60668182	28279877	0	-19	19	-19	19	19
CAGE_TSS_9215	1	-	28302563	28302528	11.47647953	28302528	0	-35	35	-35	35	35
CAGE_TSS_9216	1	-	28318369	28318440	26.79607964	28318440	0	71	-71	71	-71	71
CAGE_TSS_9217	1	-	28336691	28336896	1610.076416	28336896	0	205	-205	205	-205	205
CAGE_TSS_9218	1	-	28338453	28338271	69.57408905	28338271	0	-182	182	-182	182	182
CAGE_TSS_9220	1	-	28339311	28339022	5.975319862	28339022	0	-289	289	-289	289	289
CAGE_TSS_9222	1	-	28340159	28340133	17.01222992	28340133	0	-26	26	-26	26	26
CAGE_TSS_9227	1	-	28369995	28370018	46.67037964	28370018	0	23	-23	23	-23	23
CAGE_TSS_9234	1	-	28407051	28407350	5.258150101	28407350	0	299	-299	299	-299	299
CAGE_TSS_9237	1	-	28419409	28419591	20.84281921	28419591	0	182	-182	182	-182	182
CAGE_TSS_9244	1	-	28439724	28439594	141.545517	28439594	0	-130	130	-130	130	130
CAGE_TSS_9246	1	-	28442359	28442402	186.8569183	28442402	0	43	-43	43	-43	43
CAGE_TSS_9248	1	-	28448595	28448542	31.71673012	28448542	0	-53	53	-53	53	53
CAGE_TSS_9254	1	-	28485954	28485894	39.07120895	28485894	0	-60	60	-60	60	60
CAGE_TSS_9255	1	-	28494196	28494262	57.31602859	28494262	0	66	-66	66	-66	66
CAGE_TSS_9271	1	-	28548446	28548342	11.8299799	28548342	0	-104	104	-104	104	104
CAGE_TSS_9273	1	-	28551724	28551810	95.28817749	28551810	0	86	-86	86	-86	86
CAGE_TSS_9275	1	-	28554768	28554650	25.59765053	28554650	0	-118	118	-118	118	118
CAGE_TSS_9278	1	-	28557532	28557582	19.65372086	28557582	0	50	-50	50	-50	50
CAGE_TSS_9283	1	-	28580099	28580315	58.3133812	28580315	0	216	-216	216	-216	216
CAGE_TSS_9285	1	-	28581085	28581154	117.3955688	28581154	0	69	-69	69	-69	69
CAGE_TSS_9286	1	-	28586275	28586497	755.3505249	28586497	0	222	-222	222	-222	222
CAGE_TSS_9287	1	-	28587752	28587575	71.95681763	28587575	0	-177	177	-177	177	177
CAGE_TSS_9290	1	-	28603928	28604086	13.87343979	28604086	0	158	-158	158	-158	158
CAGE_TSS_9297	1	-	28646692	28646581	161.9986115	28646581	0	-111	111	-111	111	111
CAGE_TSS_9298	1	-	28654568	28654473	6.382949829	28654473	0	-95	95	-95	95	95
CAGE_TSS_9302	1	-	28683749	28683787	7.460869789	28683787	0	38	-38	38	-38	38
CAGE_TSS_9304	1	-	28689144	28689192	20.11850929	28689192	0	48	-48	48	-48	48
CAGE_TSS_9312	1	-	28771291	28771369	47.98429871	28771369	0	78	-78	78	-78	78
CAGE_TSS_9314	1	-	28774858	28775048	123.3610916	28775048	0	190	-190	190	-190	190
CAGE_TSS_9315	1	-	28783216	28783269	40.01250076	28783269	0	53	-53	53	-53	53
CAGE_TSS_9317	1	-	28792484	28792630	8.760769844	28792630	0	146	-146	146	-146	146
CAGE_TSS_9319	1	-	28804754	28804990	5.389009953	28804990	0	236	-236	236	-236	236
CAGE_TSS_9320	1	-	28813069	28813156	15.0879097	28813156	0	87	-87	87	-87	87
CAGE_TSS_9330	1	-	28836443	28836563	12.49979973	28836563	0	120	-120	120	-120	120
CAGE_TSS_9334	1	-	28875292	28875449	59.44007111	28875449	0	157	-157	157	-157	157
CAGE_TSS_9335	1	-	28882356	28882403	41.65467834	28882403	0	47	-47	47	-47	47
CAGE_TSS_9346	1	-	28925359	28925411	109.254509	28925411	0	52	-52	52	-52	52
CAGE_TSS_9347	1	-	28927339	28927598	10.67249012	28927598	0	259	-259	259	-259	259
CAGE_TSS_9348	1	-	28937199	28937258	5.894879818	28937258	0	59	-59	59	-59	59
CAGE_TSS_9357	1	-	28961914	28961783	8.086339951	28961783	0	-131	131	-131	131	131
CAGE_TSS_9359	1	-	28981290	28981308	19.27956009	28981308	0	18	-18	18	-18	18
CAGE_TSS_9364	1	-	29002118	29002109	21.1823101	29002109	0	-9	9	-9	9	9
CAGE_TSS_9365	1	-	29005112	29004998	35.4262085	29004998	0	-114	114	-114	114	114
CAGE_TSS_9367	1	-	29023462	29023583	14.4320097	29023583	0	121	-121	121	-121	121
CAGE_TSS_9368	1	-	29026934	29026963	36.6315918	29026963	0	29	-29	29	-29	29
CAGE_TSS_9373	1	-	29077389	29077627	19.04821968	29077627	0	238	-238	238	-238	238
CAGE_TSS_9378	1	-	29117252	29117257	35.83026886	29117257	0	5	-5	5	-5	5
CAGE_TSS_9380	1	-	29138185	29138155	6.9176898	29138155	0	-30	30	-30	30	30
CAGE_TSS_9383	1	-	29147532	29147531	56.6073494	29147531	0	-1	1	-1	1	1
CAGE_TSS_9386	1	-	29162379	29162457	11.0519104	29162457	0	78	-78	78	-78	78
CAGE_TSS_9387	1	-	29172987	29173093	60.69176102	29173093	0	106	-106	106	-106	106
CAGE_TSS_9388	1	-	29187822	29187950	20.49773979	29187950	0	128	-128	128	-128	128
CAGE_TSS_9389	1	-	29190953	29190989	55.34218979	29190989	0	36	-36	36	-36	36
CAGE_TSS_9390	1	-	29196188	29196300	34.22494125	29196300	0	112	-112	112	-112	112
CAGE_TSS_9391	1	-	29203332	29203510	29.65365028	29203510	0	178	-178	178	-178	178
CAGE_TSS_9395	1	-	29239446	29239509	15.21681976	29239509	0	63	-63	63	-63	63
CAGE_TSS_9397	1	-	29248046	29247981	14.22467041	29247981	0	-65	65	-65	65	65
CAGE_TSS_9398	1	-	29263015	29263061	13.9509697	29263061	0	46	-46	46	-46	46
CAGE_TSS_9399	1	-	29278450	29278619	48.96606827	29278619	0	169	-169	169	-169	169
CAGE_TSS_9403	1	-	29305358	29305352	9.417010307	29305352	0	-6	6	-6	6	6
CAGE_TSS_9411	1	-	29342922	29342995	5.337880135	29342995	0	73	-73	73	-73	73
CAGE_TSS_9412	1	-	29352908	29352831	15.7613802	29352831	0	-77	77	-77	77	77
CAGE_TSS_9415	1	-	29419065	29418917	5.434619904	29418917	0	-148	148	-148	148	148
CAGE_TSS_9416	1	-	29419972	29420095	14.57205009	29420095	0	123	-123	123	-123	123
CAGE_TSS_9419	1	-	29436505	29436620	145.1927338	29436620	0	115	-115	115	-115	115
CAGE_TSS_9422	1	-	29459295	29459308	108.5434494	29459308	0	13	-13	13	-13	13
CAGE_TSS_9423	1	-	29464992	29465158	15.21681976	29465158	0	166	-166	166	-166	166
CAGE_TSS_9432	1	-	29487888	29488047	133.7241364	29488047	0	159	-159	159	-159	159
CAGE_TSS_9435	1	-	29519366	29519478	46.85250854	29519478	0	112	-112	112	-112	112
CAGE_TSS_9436	1	-	29526236	29526423	39.72052002	29526423	0	187	-187	187	-187	187
CAGE_TSS_9437	1	-	29537220	29537367	6.12996006	29537367	0	147	-147	147	-147	147
CAGE_TSS_9443	1	-	29548780	29549037	35.82941818	29549037	0	257	-257	257	-257	257
CAGE_TSS_9444	1	-	29557588	29557872	31.34758949	29557872	0	284	-284	284	-284	284
CAGE_TSS_9446	1	-	29558441	29558727	72.11659241	29558727	0	286	-286	286	-286	286
CAGE_TSS_9452	1	-	29609674	29609881	14.27297974	29609881	0	207	-207	207	-207	207
CAGE_TSS_9457	1	-	29627960	29627983	6.886789799	29627983	0	23	-23	23	-23	23
CAGE_TSS_9458	1	-	29630551	29630549	27.04853058	29630549	0	-2	2	-2	2	2
CAGE_TSS_9462	1	-	29638218	29638085	19.11615944	29638085	0	-133	133	-133	133	133
CAGE_TSS_9463	1	-	29638548	29638637	45.26847839	29638637	0	89	-89	89	-89	89
CAGE_TSS_9468	1	-	29643429	29643425	138.2282562	29643425	0	-4	4	-4	4	4
CAGE_TSS_9471	1	-	29649955	29649929	58.15776062	29649929	0	-26	26	-26	26	26
CAGE_TSS_9478	1	-	29715016	29714989	8.876070023	29714989	0	-27	27	-27	27	27
CAGE_TSS_9482	1	-	29724593	29724616	186.8156586	29724616	0	23	-23	23	-23	23
CAGE_TSS_9489	1	-	29730453	29730439	78.53146362	29730439	0	-14	14	-14	14	14
CAGE_TSS_9490	1	-	29734295	29734291	45.1590004	29734291	0	-4	4	-4	4	4
CAGE_TSS_9492	1	-	29741279	29741044	2454.580811	29741044	0	-235	235	-235	235	235
CAGE_TSS_9493	1	-	29745814	29745782	6.621459961	29745782	0	-32	32	-32	32	32
CAGE_TSS_9494	1	-	29748962	29748971	35.10741043	29748971	0	9	-9	9	-9	9
CAGE_TSS_9495	1	-	29753229	29753514	10.88893986	29753514	0	285	-285	285	-285	285
CAGE_TSS_9496	1	-	29760402	29760558	65.22741699	29760558	0	156	-156	156	-156	156
CAGE_TSS_9498	1	-	29780704	29780749	44.69865036	29780749	0	45	-45	45	-45	45
CAGE_TSS_9508	1	-	29809513	29809684	221.4196167	29809684	0	171	-171	171	-171	171
CAGE_TSS_9512	1	-	29832972	29832946	14.28940964	29832946	0	-26	26	-26	26	26
CAGE_TSS_9514	1	-	29853418	29853515	32.56676102	29853515	0	97	-97	97	-97	97
CAGE_TSS_9515	1	-	29855819	29855835	107.3482666	29855835	0	16	-16	16	-16	16
CAGE_TSS_9518	1	-	29869797	29869828	38.51525116	29869828	0	31	-31	31	-31	31
CAGE_TSS_9521	1	-	29887332	29887481	12.81602001	29887481	0	149	-149	149	-149	149
CAGE_TSS_9526	1	-	29911894	29912144	3.917059898	29912144	0	250	-250	250	-250	250
CAGE_TSS_9528	1	-	29914561	29914634	138.9625854	29914634	0	73	-73	73	-73	73
CAGE_TSS_9530	1	-	29919173	29919322	30.86136055	29919322	0	149	-149	149	-149	149
CAGE_TSS_9537	1	-	29926536	29926621	18.11599922	29926621	0	85	-85	85	-85	85
CAGE_TSS_9538	1	-	29938208	29938375	29.25819969	29938375	0	167	-167	167	-167	167
CAGE_TSS_9540	1	-	29957198	29957212	170.2562561	29957212	0	14	-14	14	-14	14
CAGE_TSS_9543	1	-	29965677	29965696	146.2975616	29965696	0	19	-19	19	-19	19
CAGE_TSS_9544	1	-	29971594	29971688	18.96995926	29971688	0	94	-94	94	-94	94
CAGE_TSS_9547	1	-	29979212	29979209	8.624279976	29979209	0	-3	3	-3	3	3
CAGE_TSS_9550	1	-	29993725	29993614	5.528570175	29993614	0	-111	111	-111	111	111
CAGE_TSS_9551	1	-	29999026	29999087	19.37233925	29999087	0	61	-61	61	-61	61
CAGE_TSS_9552	1	-	30003998	30003944	23.38199043	30003944	0	-54	54	-54	54	54
CAGE_TSS_9553	1	-	30006911	30007054	60.97946167	30007054	0	143	-143	143	-143	143
CAGE_TSS_9556	1	-	30011386	30011646	151.3876953	30011646	0	260	-260	260	-260	260
CAGE_TSS_9560	1	-	30027458	30027570	16.36957932	30027570	0	112	-112	112	-112	112
CAGE_TSS_9568	1	-	30062721	30062691	5.950150013	30062691	0	-30	30	-30	30	30
CAGE_TSS_9569	1	-	30067498	30067496	6.009890079	30067496	0	-2	2	-2	2	2
CAGE_TSS_9570	1	-	30104488	30104778	87.07617188	30104778	0	290	-290	290	-290	290
CAGE_TSS_9573	1	-	30111272	30111268	31.18543053	30111268	0	-4	4	-4	4	4
CAGE_TSS_9576	1	-	30129589	30129691	30.17823029	30129691	0	102	-102	102	-102	102
CAGE_TSS_9578	1	-	30142070	30141992	5.901850224	30141992	0	-78	78	-78	78	78
CAGE_TSS_9580	1	-	30142557	30142853	59.04727173	30142853	0	296	-296	296	-296	296
CAGE_TSS_9581	1	-	30152544	30152566	10.21207047	30152566	0	22	-22	22	-22	22
CAGE_TSS_9582	1	-	30155654	30155559	5.640319824	30155559	0	-95	95	-95	95	95
CAGE_TSS_9583	1	-	30157578	30157560	28.08021927	30157560	0	-18	18	-18	18	18
CAGE_TSS_9589	1	-	30197973	30198096	23.50720978	30198096	0	123	-123	123	-123	123
CAGE_TSS_9594	1	-	30211172	30211439	66.679039	30211439	0	267	-267	267	-267	267
CAGE_TSS_9596	1	-	30234974	30235006	62.17736816	30235006	0	32	-32	32	-32	32
CAGE_TSS_9598	1	-	30237726	30237879	7.68035984	30237879	0	153	-153	153	-153	153
CAGE_TSS_9602	1	-	30249156	30249444	65.16803741	30249444	0	288	-288	288	-288	288
CAGE_TSS_9603	1	-	30260700	30260813	9.030509949	30260813	0	113	-113	113	-113	113
CAGE_TSS_9608	1	-	30286757	30286772	7.18735981	30286772	0	15	-15	15	-15	15
CAGE_TSS_9611	1	-	30300542	30300508	32.81958008	30300508	0	-34	34	-34	34	34
CAGE_TSS_9612	1	-	30304032	30304177	27.73946953	30304177	0	145	-145	145	-145	145
CAGE_TSS_9615	1	-	30323721	30323840	74.0752182	30323840	0	119	-119	119	-119	119
CAGE_TSS_9616	1	-	30330705	30330814	85.49205017	30330814	0	109	-109	109	-109	109
CAGE_TSS_9619	1	-	30352089	30352188	10.76609993	30352188	0	99	-99	99	-99	99
CAGE_TSS_9630	1	-	30404689	30404813	39.49480057	30404813	0	124	-124	124	-124	124
CAGE_TSS_9635	1	-	30415137	30415140	24.86634064	30415140	0	3	-3	3	-3	3
CAGE_TSS_12517	2	-	78692	78717	12.25784969	78717	0	25	-25	25	-25	25
CAGE_TSS_12522	2	-	95102	94979	16.60852051	94979	0	-123	123	-123	123	123
CAGE_TSS_12526	2	-	96588	96590	348.7130737	96590	0	2	-2	2	-2	2
CAGE_TSS_12538	2	-	137802	137758	6.432620049	137758	0	-44	44	-44	44	44
CAGE_TSS_12541	2	-	150227	150419	19.27696991	150419	0	192	-192	192	-192	192
CAGE_TSS_12542	2	-	151728	151854	11.83946037	151854	0	126	-126	126	-126	126
CAGE_TSS_12547	2	-	176406	176447	9.382920265	176447	0	41	-41	41	-41	41
CAGE_TSS_12549	2	-	183327	183433	72.67756653	183433	0	106	-106	106	-106	106
CAGE_TSS_12554	2	-	202301	202331	74.57640076	202331	0	30	-30	30	-30	30
CAGE_TSS_12557	2	-	214464	214662	12.54298019	214662	0	198	-198	198	-198	198
CAGE_TSS_12559	2	-	229850	230008	37.14748001	230008	0	158	-158	158	-158	158
CAGE_TSS_12562	2	-	243369	243599	15.21681976	243599	0	230	-230	230	-230	230
CAGE_TSS_12565	2	-	257530	257586	34.42070007	257586	0	56	-56	56	-56	56
CAGE_TSS_12574	2	-	298089	298126	22.25638962	298126	0	37	-37	37	-37	37
CAGE_TSS_12579	2	-	332787	332753	32.79560852	332753	0	-34	34	-34	34	34
CAGE_TSS_12583	2	-	360862	360968	13.90692043	360968	0	106	-106	106	-106	106
CAGE_TSS_12584	2	-	367470	367519	8.300990105	367519	0	49	-49	49	-49	49
CAGE_TSS_12586	2	-	368035	368163	6.47300005	368163	0	128	-128	128	-128	128
CAGE_TSS_12599	2	-	428702	428708	364.5694885	428708	0	6	-6	6	-6	6
CAGE_TSS_12606	2	-	519600	519769	673.017395	519769	0	169	-169	169	-169	169
CAGE_TSS_12608	2	-	521562	521764	70.95493317	521764	0	202	-202	202	-202	202
CAGE_TSS_12616	2	-	556042	556057	15.22743034	556057	0	15	-15	15	-15	15
CAGE_TSS_12617	2	-	558715	558748	8.890500069	558748	0	33	-33	33	-33	33
CAGE_TSS_12621	2	-	587308	587324	58.87149048	587324	0	16	-16	16	-16	16
CAGE_TSS_12622	2	-	591649	591595	5.953549862	591595	0	-54	54	-54	54	54
CAGE_TSS_12636	2	-	760815	761093	74.61003113	761093	0	278	-278	278	-278	278
CAGE_TSS_12637	2	-	767421	767418	9.579350471	767418	0	-3	3	-3	3	3
CAGE_TSS_12640	2	-	784746	784760	8.993470192	784760	0	14	-14	14	-14	14
CAGE_TSS_12645	2	-	827780	827968	19.86943054	827968	0	188	-188	188	-188	188
CAGE_TSS_12649	2	-	849718	849798	5.928790092	849798	0	80	-80	80	-80	80
CAGE_TSS_12653	2	-	864398	864453	6.72950983	864453	0	55	-55	55	-55	55
CAGE_TSS_12659	2	-	918641	918880	347.9654846	918880	0	239	-239	239	-239	239
CAGE_TSS_12663	2	-	977456	977596	84.2767334	977596	0	140	-140	140	-140	140
CAGE_TSS_12665	2	-	998303	998295	14.19443035	998295	0	-8	8	-8	8	8
CAGE_TSS_12667	2	-	1016053	1016308	5.380440235	1016308	0	255	-255	255	-255	255
CAGE_TSS_12670	2	-	1021172	1021138	15.0929203	1021138	0	-34	34	-34	34	34
CAGE_TSS_12676	2	-	1037620	1037696	5.715879917	1037696	0	76	-76	76	-76	76
CAGE_TSS_12681	2	-	1047673	1047625	18.73098946	1047625	0	-48	48	-48	48	48
CAGE_TSS_12682	2	-	1065063	1065102	283.8843994	1065102	0	39	-39	39	-39	39
CAGE_TSS_12690	2	-	1140185	1140110	49.49956894	1140110	0	-75	75	-75	75	75
CAGE_TSS_12693	2	-	1149054	1149239	37.3055191	1149239	0	185	-185	185	-185	185
CAGE_TSS_12699	2	-	1167019	1167017	9.815150261	1167017	0	-2	2	-2	2	2
CAGE_TSS_12710	2	-	1383498	1383369	8.851389885	1383369	0	-129	129	-129	129	129
CAGE_TSS_12715	2	-	1449051	1449166	17.25687981	1449166	0	115	-115	115	-115	115
CAGE_TSS_12717	2	-	1462936	1463117	86.84986877	1463117	0	181	-181	181	-181	181
CAGE_TSS_12720	2	-	1482074	1482094	6.326200008	1482094	0	20	-20	20	-20	20
CAGE_TSS_12722	2	-	1503720	1503767	5.779910088	1503767	0	47	-47	47	-47	47
CAGE_TSS_12728	2	-	1526699	1526628	6.745900154	1526628	0	-71	71	-71	71	71
CAGE_TSS_12732	2	-	1535119	1535224	11.39828014	1535224	0	105	-105	105	-105	105
CAGE_TSS_12743	2	-	1584686	1584648	6.576189995	1584648	0	-38	38	-38	38	38
CAGE_TSS_12759	2	-	1701304	1701451	13.16724014	1701451	0	147	-147	147	-147	147
CAGE_TSS_12765	2	-	1740387	1740281	13.44414043	1740281	0	-106	106	-106	106	106
CAGE_TSS_12768	2	-	1781500	1781474	89.11328888	1781474	0	-26	26	-26	26	26
CAGE_TSS_12769	2	-	1788557	1788455	5.556869984	1788455	0	-102	102	-102	102	102
CAGE_TSS_12770	2	-	1799442	1799328	5.556869984	1799328	0	-114	114	-114	114	114
CAGE_TSS_12772	2	-	1800386	1800486	5.646930218	1800486	0	100	-100	100	-100	100
CAGE_TSS_12774	2	-	1823473	1823320	15.90705967	1823320	0	-153	153	-153	153	153
CAGE_TSS_12775	2	-	1824389	1824445	25.1079998	1824445	0	56	-56	56	-56	56
CAGE_TSS_12783	2	-	1926571	1926697	260.9281311	1926697	0	126	-126	126	-126	126
CAGE_TSS_12787	2	-	1934155	1934225	6.95472002	1934225	0	70	-70	70	-70	70
CAGE_TSS_12800	2	-	2088093	2088039	9.124580383	2088039	0	-54	54	-54	54	54
CAGE_TSS_12806	2	-	2217013	2217099	159.0858002	2217099	0	86	-86	86	-86	86
CAGE_TSS_12812	2	-	2272226	2272437	105.3302917	2272437	0	211	-211	211	-211	211
CAGE_TSS_12820	2	-	2362034	2362219	722.7427979	2362219	0	185	-185	185	-185	185
CAGE_TSS_12831	2	-	2588275	2588422	12.77898979	2588422	0	147	-147	147	-147	147
CAGE_TSS_12835	2	-	2590368	2590565	22.54750061	2590565	0	197	-197	197	-197	197
CAGE_TSS_12857	2	-	2901744	2901912	19.70751953	2901912	0	168	-168	168	-168	168
CAGE_TSS_12913	2	-	4006469	4006558	3.3629601	4006558	0	89	-89	89	-89	89
CAGE_TSS_12914	2	-	4007017	4007015	43.57595825	4007015	0	-2	2	-2	2	2
CAGE_TSS_12917	2	-	4142562	4142596	26.74982071	4142596	0	34	-34	34	-34	34
CAGE_TSS_12927	2	-	4312050	4312140	136.3775787	4312140	0	90	-90	90	-90	90
CAGE_TSS_12931	2	-	4347858	4347871	1125.713501	4347871	0	13	-13	13	-13	13
CAGE_TSS_12971	2	-	5008220	5008243	9.033619881	5008243	0	23	-23	23	-23	23
CAGE_TSS_12975	2	-	5050541	5050715	53.79645157	5050715	0	174	-174	174	-174	174
CAGE_TSS_12976	2	-	5051612	5051822	54.41193008	5051822	0	210	-210	210	-210	210
CAGE_TSS_12997	2	-	5541354	5541423	10.12817001	5541423	0	69	-69	69	-69	69
CAGE_TSS_13006	2	-	5656460	5656598	227.8640747	5656598	0	138	-138	138	-138	138
CAGE_TSS_13007	2	-	5675830	5676037	1211.555786	5676037	0	207	-207	207	-207	207
CAGE_TSS_13009	2	-	5692884	5692894	20.93848038	5692894	0	10	-10	10	-10	10
CAGE_TSS_13024	2	-	5960059	5960024	7.478439808	5960024	0	-35	35	-35	35	35
CAGE_TSS_13033	2	-	6043875	6043901	23.65234947	6043901	0	26	-26	26	-26	26
CAGE_TSS_13043	2	-	6155019	6155085	19.84133911	6155085	0	66	-66	66	-66	66
CAGE_TSS_13047	2	-	6184877	6184979	5.965159893	6184979	0	102	-102	102	-102	102
CAGE_TSS_13058	2	-	6389627	6389694	123.4600067	6389694	0	67	-67	67	-67	67
CAGE_TSS_13063	2	-	6409096	6409049	22.55121994	6409049	0	-47	47	-47	47	47
CAGE_TSS_13073	2	-	6493357	6493601	17.0639801	6493601	0	244	-244	244	-244	244
CAGE_TSS_13083	2	-	6644034	6644001	12.21401978	6644001	0	-33	33	-33	33	33
CAGE_TSS_13086	2	-	6651280	6651525	6.164750099	6651525	0	245	-245	245	-245	245
CAGE_TSS_13089	2	-	6667703	6667721	35.82674026	6667721	0	18	-18	18	-18	18
CAGE_TSS_13096	2	-	6744817	6744833	140.4329071	6744833	0	16	-16	16	-16	16
CAGE_TSS_13101	2	-	6790065	6790078	9.538209915	6790078	0	13	-13	13	-13	13
CAGE_TSS_13107	2	-	6836409	6836356	5.756599903	6836356	0	-53	53	-53	53	53
CAGE_TSS_13110	2	-	6866876	6866825	34.42070007	6866825	0	-51	51	-51	51	51
CAGE_TSS_13113	2	-	6880937	6881061	52.54436111	6881061	0	124	-124	124	-124	124
CAGE_TSS_13122	2	-	6894617	6894773	81.72902679	6894773	0	156	-156	156	-156	156
CAGE_TSS_13128	2	-	6921996	6922176	5.556869984	6922176	0	180	-180	180	-180	180
CAGE_TSS_13131	2	-	6935399	6935380	8.996089935	6935380	0	-19	19	-19	19	19
CAGE_TSS_13134	2	-	6952860	6952774	17.44881058	6952774	0	-86	86	-86	86	86
CAGE_TSS_13140	2	-	6985357	6985413	27.16634941	6985413	0	56	-56	56	-56	56
CAGE_TSS_13142	2	-	7043336	7043534	51.27455902	7043534	0	198	-198	198	-198	198
CAGE_TSS_13148	2	-	7084456	7084679	186.100174	7084679	0	223	-223	223	-223	223
CAGE_TSS_13152	2	-	7122818	7122994	67.7480011	7122994	0	176	-176	176	-176	176
CAGE_TSS_13158	2	-	7153054	7153136	25.6825695	7153136	0	82	-82	82	-82	82
CAGE_TSS_13167	2	-	7186990	7187153	197.9085236	7187153	0	163	-163	163	-163	163
CAGE_TSS_13168	2	-	7201501	7201688	86.05000305	7201688	0	187	-187	187	-187	187
CAGE_TSS_13170	2	-	7215569	7215622	15.87796021	7215622	0	53	-53	53	-53	53
CAGE_TSS_13173	2	-	7221620	7221716	273.642334	7221716	0	96	-96	96	-96	96
CAGE_TSS_13176	2	-	7256572	7256534	16.42818069	7256534	0	-38	38	-38	38	38
CAGE_TSS_13184	2	-	7311752	7311938	294.5341492	7311938	0	186	-186	186	-186	186
CAGE_TSS_13189	2	-	7326162	7326162	18.7898407	7326162	0	0	0	0	0	0
CAGE_TSS_13195	2	-	7398832	7398948	18.17098045	7398948	0	116	-116	116	-116	116
CAGE_TSS_13204	2	-	7471296	7471341	12.91481972	7471341	0	45	-45	45	-45	45
CAGE_TSS_13207	2	-	7481483	7481636	10.42343998	7481636	0	153	-153	153	-153	153
CAGE_TSS_13215	2	-	7490181	7490168	21.32951927	7490168	0	-13	13	-13	13	13
CAGE_TSS_13216	2	-	7496015	7496093	8.491570473	7496093	0	78	-78	78	-78	78
CAGE_TSS_13218	2	-	7522998	7523055	129.7385864	7523055	0	57	-57	57	-57	57
CAGE_TSS_13223	2	-	7546365	7546405	13.40583992	7546405	0	40	-40	40	-40	40
CAGE_TSS_13225	2	-	7577239	7577100	58.81423187	7577100	0	-139	139	-139	139	139
CAGE_TSS_13226	2	-	7581226	7581280	5.337880135	7581280	0	54	-54	54	-54	54
CAGE_TSS_13227	2	-	7588027	7588192	316.3855286	7588192	0	165	-165	165	-165	165
CAGE_TSS_13229	2	-	7594064	7593893	112.4452515	7593893	0	-171	171	-171	171	171
CAGE_TSS_13233	2	-	7637527	7637608	131.2093964	7637608	0	81	-81	81	-81	81
CAGE_TSS_13235	2	-	7643519	7643763	22.70829964	7643763	0	244	-244	244	-244	244
CAGE_TSS_13241	2	-	7693346	7693442	18.59676933	7693442	0	96	-96	96	-96	96
CAGE_TSS_13243	2	-	7727403	7727514	529.4284058	7727514	0	111	-111	111	-111	111
CAGE_TSS_13245	2	-	7748420	7748377	43.07662964	7748377	0	-43	43	-43	43	43
CAGE_TSS_13248	2	-	7757847	7757953	64.89790344	7757953	0	106	-106	106	-106	106
CAGE_TSS_13252	2	-	7765228	7765241	56.01177979	7765241	0	13	-13	13	-13	13
CAGE_TSS_13253	2	-	7767724	7768014	646.0783081	7768014	0	290	-290	290	-290	290
CAGE_TSS_13262	2	-	7899244	7899280	39.22739029	7899280	0	36	-36	36	-36	36
CAGE_TSS_13266	2	-	7919281	7919386	123.5316772	7919386	0	105	-105	105	-105	105
CAGE_TSS_13277	2	-	7954667	7954542	2106.983643	7954542	0	-125	125	-125	125	125
CAGE_TSS_13279	2	-	7972378	7972358	144.3478699	7972358	0	-20	20	-20	20	20
CAGE_TSS_13305	2	-	8122909	8122991	99.75543976	8122991	0	82	-82	82	-82	82
CAGE_TSS_13308	2	-	8194191	8194333	14.87182999	8194333	0	142	-142	142	-142	142
CAGE_TSS_13312	2	-	8206394	8206485	60.93581009	8206485	0	91	-91	91	-91	91
CAGE_TSS_13313	2	-	8229591	8229705	15.25341034	8229705	0	114	-114	114	-114	114
CAGE_TSS_13329	2	-	8397861	8397814	7.03632021	8397814	0	-47	47	-47	47	47
CAGE_TSS_13330	2	-	8402668	8402722	9.965510368	8402722	0	54	-54	54	-54	54
CAGE_TSS_13333	2	-	8469113	8469269	11.0415802	8469269	0	156	-156	156	-156	156
CAGE_TSS_13335	2	-	8471581	8471541	184.0860748	8471541	0	-40	40	-40	40	40
CAGE_TSS_13337	2	-	8475087	8475072	1523.309204	8475072	0	-15	15	-15	15	15
CAGE_TSS_13341	2	-	8488842	8488793	131.5745239	8488793	0	-49	49	-49	49	49
CAGE_TSS_13342	2	-	8495814	8496031	54.45470047	8496031	0	217	-217	217	-217	217
CAGE_TSS_13349	2	-	8524119	8524141	92.5354538	8524141	0	22	-22	22	-22	22
CAGE_TSS_13366	2	-	8654662	8654744	28.32172012	8654744	0	82	-82	82	-82	82
CAGE_TSS_13369	2	-	8689469	8689420	33.13404846	8689420	0	-49	49	-49	49	49
CAGE_TSS_13370	2	-	8692412	8692438	210.3156281	8692438	0	26	-26	26	-26	26
CAGE_TSS_13371	2	-	8706853	8706852	78.58074951	8706852	0	-1	1	-1	1	1
CAGE_TSS_13372	2	-	8719090	8719091	19.90722084	8719091	0	1	-1	1	-1	1
CAGE_TSS_13374	2	-	8730510	8730511	6.172609806	8730511	0	1	-1	1	-1	1
CAGE_TSS_13381	2	-	8742615	8742632	48.38298035	8742632	0	17	-17	17	-17	17
CAGE_TSS_13383	2	-	8760217	8760415	35.01876068	8760415	0	198	-198	198	-198	198
CAGE_TSS_13386	2	-	8775613	8775546	9.223870277	8775546	0	-67	67	-67	67	67
CAGE_TSS_13389	2	-	8813672	8813671	35.94139099	8813671	0	-1	1	-1	1	1
CAGE_TSS_13393	2	-	8839671	8839716	51.50294113	8839716	0	45	-45	45	-45	45
CAGE_TSS_13397	2	-	8850885	8851145	16.46582985	8851145	0	260	-260	260	-260	260
CAGE_TSS_13398	2	-	8869262	8869385	5.556869984	8869385	0	123	-123	123	-123	123
CAGE_TSS_13401	2	-	8880384	8880330	70.61473083	8880330	0	-54	54	-54	54	54
CAGE_TSS_13409	2	-	8913058	8913022	9.124580383	8913022	0	-36	36	-36	36	36
CAGE_TSS_13410	2	-	8913531	8913644	88.14586639	8913644	0	113	-113	113	-113	113
CAGE_TSS_13411	2	-	8925771	8925849	229.7116241	8925849	0	78	-78	78	-78	78
CAGE_TSS_13432	2	-	8970599	8970834	55.53636169	8970834	0	235	-235	235	-235	235
CAGE_TSS_13433	2	-	8971305	8971535	9.969200134	8971535	0	230	-230	230	-230	230
CAGE_TSS_13439	2	-	8992913	8992927	59.46617126	8992927	0	14	-14	14	-14	14
CAGE_TSS_13441	2	-	9001720	9001766	9.881380081	9001766	0	46	-46	46	-46	46
CAGE_TSS_13442	2	-	9002700	9002859	55.44995117	9002859	0	159	-159	159	-159	159
CAGE_TSS_13443	2	-	9005283	9005195	7.820919991	9005195	0	-88	88	-88	88	88
CAGE_TSS_13446	2	-	9037254	9037362	5.130390167	9037362	0	108	-108	108	-108	108
CAGE_TSS_13448	2	-	9047627	9047607	21.62988091	9047607	0	-20	20	-20	20	20
CAGE_TSS_13450	2	-	9054589	9054826	15.84101963	9054826	0	237	-237	237	-237	237
CAGE_TSS_13462	2	-	9073168	9073318	60.97946167	9073318	0	150	-150	150	-150	150
CAGE_TSS_13463	2	-	9075376	9075569	133.0015564	9075569	0	193	-193	193	-193	193
CAGE_TSS_13464	2	-	9076920	9077016	222.2228241	9077016	0	96	-96	96	-96	96
CAGE_TSS_13468	2	-	9085885	9086043	1502.709351	9086043	0	158	-158	158	-158	158
CAGE_TSS_13470	2	-	9096267	9096251	14.50658035	9096251	0	-16	16	-16	16	16
CAGE_TSS_13472	2	-	9103045	9103103	7.268909931	9103103	0	58	-58	58	-58	58
CAGE_TSS_13476	2	-	9105165	9105205	83.97750092	9105205	0	40	-40	40	-40	40
CAGE_TSS_13477	2	-	9107379	9107360	51.97452164	9107360	0	-19	19	-19	19	19
CAGE_TSS_13481	2	-	9118691	9118789	5.66091013	9118789	0	98	-98	98	-98	98
CAGE_TSS_13483	2	-	9119908	9119913	101.6949234	9119913	0	5	-5	5	-5	5
CAGE_TSS_13488	2	-	9130207	9130345	82.74285889	9130345	0	138	-138	138	-138	138
CAGE_TSS_13490	2	-	9140064	9140259	58.46812057	9140259	0	195	-195	195	-195	195
CAGE_TSS_13495	2	-	9210209	9210390	65.32215118	9210390	0	181	-181	181	-181	181
CAGE_TSS_13497	2	-	9224276	9224415	8.122280121	9224415	0	139	-139	139	-139	139
CAGE_TSS_13503	2	-	9266374	9266542	26.19042969	9266542	0	168	-168	168	-168	168
CAGE_TSS_13518	2	-	9357885	9358185	1657.80835	9358185	0	300	-300	300	-300	300
CAGE_TSS_13519	2	-	9369306	9369409	24.66929054	9369409	0	103	-103	103	-103	103
CAGE_TSS_13521	2	-	9387340	9387363	10.49518967	9387363	0	23	-23	23	-23	23
CAGE_TSS_13529	2	-	9436543	9436818	57.44705963	9436818	0	275	-275	275	-275	275
CAGE_TSS_13530	2	-	9444420	9444512	24.02305031	9444512	0	92	-92	92	-92	92
CAGE_TSS_13533	2	-	9453982	9454224	25.49121094	9454224	0	242	-242	242	-242	242
CAGE_TSS_13541	2	-	9526608	9526336	30.64620018	9526336	0	-272	272	-272	272	272
CAGE_TSS_13544	2	-	9527825	9527720	31.85477066	9527720	0	-105	105	-105	105	105
CAGE_TSS_13548	2	-	9550065	9550267	8.914899826	9550267	0	202	-202	202	-202	202
CAGE_TSS_13550	2	-	9556139	9556055	11.64912987	9556055	0	-84	84	-84	84	84
CAGE_TSS_13552	2	-	9564750	9564749	81.09613037	9564749	0	-1	1	-1	1	1
CAGE_TSS_13554	2	-	9577450	9577631	1964.070923	9577631	0	181	-181	181	-181	181
CAGE_TSS_13555	2	-	9590878	9591064	14.75749016	9591064	0	186	-186	186	-186	186
CAGE_TSS_13561	2	-	9666997	9667055	112.1413422	9667055	0	58	-58	58	-58	58
CAGE_TSS_13563	2	-	9691981	9692023	13.8740797	9692023	0	42	-42	42	-42	42
CAGE_TSS_13569	2	-	9699880	9699998	13.7309103	9699998	0	118	-118	118	-118	118
CAGE_TSS_13570	2	-	9706133	9705872	6.47300005	9705872	0	-261	261	-261	261	261
CAGE_TSS_13574	2	-	9733342	9733417	18.84353065	9733417	0	75	-75	75	-75	75
CAGE_TSS_13575	2	-	9741517	9741690	6.95472002	9741690	0	173	-173	173	-173	173
CAGE_TSS_13587	2	-	9826891	9826808	13.21195984	9826808	0	-83	83	-83	83	83
CAGE_TSS_13591	2	-	9839665	9839767	11.24365044	9839767	0	102	-102	102	-102	102
CAGE_TSS_13593	2	-	9849263	9849244	13.59004974	9849244	0	-19	19	-19	19	19
CAGE_TSS_13594	2	-	9858622	9858580	40.76015091	9858580	0	-42	42	-42	42	42
CAGE_TSS_13595	2	-	9866558	9866721	4832.131348	9866721	0	163	-163	163	-163	163
CAGE_TSS_13597	2	-	9905919	9905905	8.386989594	9905905	0	-14	14	-14	14	14
CAGE_TSS_13603	2	-	9942813	9942802	5.211150169	9942802	0	-11	11	-11	11	11
CAGE_TSS_13605	2	-	9963622	9963475	5.956960201	9963475	0	-147	147	-147	147	147
CAGE_TSS_13610	2	-	9978014	9978023	44.43333817	9978023	0	9	-9	9	-9	9
CAGE_TSS_13612	2	-	9991687	9991929	104.2750626	9991929	0	242	-242	242	-242	242
CAGE_TSS_13615	2	-	10017252	10017354	37.07167053	10017354	0	102	-102	102	-102	102
CAGE_TSS_13621	2	-	10043653	10043875	68.78636169	10043875	0	222	-222	222	-222	222
CAGE_TSS_13629	2	-	10063845	10063668	19.59579086	10063668	0	-177	177	-177	177	177
CAGE_TSS_13631	2	-	10104037	10104025	7.214449883	10104025	0	-12	12	-12	12	12
CAGE_TSS_13632	2	-	10108372	10108146	17.0569191	10108146	0	-226	226	-226	226	226
CAGE_TSS_13634	2	-	10113004	10113039	73.62931061	10113039	0	35	-35	35	-35	35
CAGE_TSS_13640	2	-	10124604	10124559	470.2137756	10124559	0	-45	45	-45	45	45
CAGE_TSS_13641	2	-	10127525	10127793	443.9223022	10127793	0	268	-268	268	-268	268
CAGE_TSS_13643	2	-	10137031	10136910	26.79607964	10136910	0	-121	121	-121	121	121
CAGE_TSS_13647	2	-	10190167	10190122	13.24083996	10190122	0	-45	45	-45	45	45
CAGE_TSS_13650	2	-	10204466	10204431	9.275580406	10204431	0	-35	35	-35	35	35
CAGE_TSS_13658	2	-	10264031	10264146	157.2568359	10264146	0	115	-115	115	-115	115
CAGE_TSS_13660	2	-	10266349	10266424	8.616900444	10266424	0	75	-75	75	-75	75
CAGE_TSS_13662	2	-	10270679	10270602	190.4515533	10270602	0	-77	77	-77	77	77
CAGE_TSS_13665	2	-	10276908	10277100	6.930669785	10277100	0	192	-192	192	-192	192
CAGE_TSS_13677	2	-	10314911	10314945	8.370109558	10314945	0	34	-34	34	-34	34
CAGE_TSS_13685	2	-	10329723	10329744	118.7364426	10329744	0	21	-21	21	-21	21
CAGE_TSS_13687	2	-	10349771	10349627	6.711740017	10349627	0	-144	144	-144	144	144
CAGE_TSS_13690	2	-	10366861	10367084	400.0418396	10367084	0	223	-223	223	-223	223
CAGE_TSS_13700	2	-	10429220	10429456	574.9663086	10429456	0	236	-236	236	-236	236
CAGE_TSS_13704	2	-	10439297	10439496	20.74123955	10439496	0	199	-199	199	-199	199
CAGE_TSS_13706	2	-	10445610	10445648	5.915299892	10445648	0	38	-38	38	-38	38
CAGE_TSS_13708	2	-	10446241	10446256	53.21902084	10446256	0	15	-15	15	-15	15
CAGE_TSS_13709	2	-	10454525	10454790	7.965579987	10454790	0	265	-265	265	-265	265
CAGE_TSS_13710	2	-	10474222	10474347	52.63039017	10474347	0	125	-125	125	-125	125
CAGE_TSS_13714	2	-	10487747	10487821	11.25271988	10487821	0	74	-74	74	-74	74
CAGE_TSS_13725	2	-	10579176	10579218	15.90398979	10579218	0	42	-42	42	-42	42
CAGE_TSS_13727	2	-	10588263	10588359	38.24782944	10588359	0	96	-96	96	-96	96
CAGE_TSS_13732	2	-	10660770	10660503	10.08292007	10660503	0	-267	267	-267	267	267
CAGE_TSS_13737	2	-	10667152	10667310	46.89083862	10667310	0	158	-158	158	-158	158
CAGE_TSS_13738	2	-	10672652	10672881	45.13909149	10672881	0	229	-229	229	-229	229
CAGE_TSS_13740	2	-	10677059	10676977	31.41453934	10676977	0	-82	82	-82	82	82
CAGE_TSS_13748	2	-	10727041	10727202	1047.918823	10727202	0	161	-161	161	-161	161
CAGE_TSS_13752	2	-	10757799	10758039	17.8499794	10758039	0	240	-240	240	-240	240
CAGE_TSS_13753	2	-	10764739	10764774	5.744999886	10764774	0	35	-35	35	-35	35
CAGE_TSS_13763	2	-	10788148	10788324	354.3233948	10788324	0	176	-176	176	-176	176
CAGE_TSS_13767	2	-	10831211	10831359	6.529409885	10831359	0	148	-148	148	-148	148
CAGE_TSS_13769	2	-	10835486	10835661	3266.23999	10835661	0	175	-175	175	-175	175
CAGE_TSS_13771	2	-	10850531	10850732	62.11563873	10850732	0	201	-201	201	-201	201
CAGE_TSS_13773	2	-	10902530	10902592	7.063310146	10902592	0	62	-62	62	-62	62
CAGE_TSS_13774	2	-	10905244	10905321	11.31453991	10905321	0	77	-77	77	-77	77
CAGE_TSS_13775	2	-	10907160	10907385	50.7309494	10907385	0	225	-225	225	-225	225
CAGE_TSS_13780	2	-	10931038	10931071	11.91932011	10931071	0	33	-33	33	-33	33
CAGE_TSS_13781	2	-	10934557	10934779	6.95472002	10934779	0	222	-222	222	-222	222
CAGE_TSS_13783	2	-	10942274	10942409	175.9674835	10942409	0	135	-135	135	-135	135
CAGE_TSS_13787	2	-	10988835	10989100	12.09037971	10989100	0	265	-265	265	-265	265
CAGE_TSS_13789	2	-	11009772	11009726	37.30929947	11009726	0	-46	46	-46	46	46
CAGE_TSS_13792	2	-	11030707	11030850	21.24136925	11030850	0	143	-143	143	-143	143
CAGE_TSS_13795	2	-	11052065	11052330	23.8696804	11052330	0	265	-265	265	-265	265
CAGE_TSS_13800	2	-	11071471	11071386	33.84807968	11071386	0	-85	85	-85	85	85
CAGE_TSS_13801	2	-	11075666	11075539	5.14730978	11075539	0	-127	127	-127	127	127
CAGE_TSS_13806	2	-	11093173	11093162	25.1079998	11093162	0	-11	11	-11	11	11
CAGE_TSS_13807	2	-	11095464	11095502	7.706180096	11095502	0	38	-38	38	-38	38
CAGE_TSS_13813	2	-	11113834	11114092	70.37174225	11114092	0	258	-258	258	-258	258
CAGE_TSS_13815	2	-	11118190	11118400	540.2354126	11118400	0	210	-210	210	-210	210
CAGE_TSS_13816	2	-	11121806	11121944	10.28818035	11121944	0	138	-138	138	-138	138
CAGE_TSS_13821	2	-	11135239	11135418	15.51436043	11135418	0	179	-179	179	-179	179
CAGE_TSS_13825	2	-	11163885	11163945	17.47611046	11163945	0	60	-60	60	-60	60
CAGE_TSS_13832	2	-	11173092	11173302	129.0050964	11173302	0	210	-210	210	-210	210
CAGE_TSS_13835	2	-	11191319	11191187	11.89548969	11191187	0	-132	132	-132	132	132
CAGE_TSS_13838	2	-	11214342	11214281	169.084137	11214281	0	-61	61	-61	61	61
CAGE_TSS_13839	2	-	11220431	11220294	6.03606987	11220294	0	-137	137	-137	137	137
CAGE_TSS_13840	2	-	11223156	11223233	64.98616791	11223233	0	77	-77	77	-77	77
CAGE_TSS_13841	2	-	11233205	11233359	25.52609062	11233359	0	154	-154	154	-154	154
CAGE_TSS_13846	2	-	11246017	11245919	6.039470196	11245919	0	-98	98	-98	98	98
CAGE_TSS_13847	2	-	11258978	11259240	27.32315063	11259240	0	262	-262	262	-262	262
CAGE_TSS_13849	2	-	11284059	11284159	72.40827179	11284159	0	100	-100	100	-100	100
CAGE_TSS_13850	2	-	11290359	11290285	19.16356087	11290285	0	-74	74	-74	74	74
CAGE_TSS_13851	2	-	11293451	11293711	45.80812836	11293711	0	260	-260	260	-260	260
CAGE_TSS_13853	2	-	11306823	11306941	68.78636169	11306941	0	118	-118	118	-118	118
CAGE_TSS_13859	2	-	11336509	11336652	70.00956726	11336652	0	143	-143	143	-143	143
CAGE_TSS_13860	2	-	11345422	11345432	13.51074028	11345432	0	10	-10	10	-10	10
CAGE_TSS_13862	2	-	11349479	11349630	5.779910088	11349630	0	151	-151	151	-151	151
CAGE_TSS_13863	2	-	11350991	11351037	66.99891663	11351037	0	46	-46	46	-46	46
CAGE_TSS_13864	2	-	11391294	11391324	24.50159073	11391324	0	30	-30	30	-30	30
CAGE_TSS_13867	2	-	11394272	11394143	8.226050377	11394143	0	-129	129	-129	129	129
CAGE_TSS_13868	2	-	11397091	11397337	11.64912987	11397337	0	246	-246	246	-246	246
CAGE_TSS_13870	2	-	11408320	11408511	61.26768875	11408511	0	191	-191	191	-191	191
CAGE_TSS_13873	2	-	11432730	11432693	49.62342072	11432693	0	-37	37	-37	37	37
CAGE_TSS_13879	2	-	11474249	11474258	6.077340126	11474258	0	9	-9	9	-9	9
CAGE_TSS_13883	2	-	11477925	11478043	46.57146072	11478043	0	118	-118	118	-118	118
CAGE_TSS_13894	2	-	11530910	11531013	28.48399925	11531013	0	103	-103	103	-103	103
CAGE_TSS_13898	2	-	11571874	11571912	70.80632019	11571912	0	38	-38	38	-38	38
CAGE_TSS_13905	2	-	11617433	11617387	11.25699043	11617387	0	-46	46	-46	46	46
CAGE_TSS_13907	2	-	11623511	11623509	178.3871155	11623509	0	-2	2	-2	2	2
CAGE_TSS_13909	2	-	11678100	11677975	5.156219959	11677975	0	-125	125	-125	125	125
CAGE_TSS_13913	2	-	11684987	11685093	15.90705967	11685093	0	106	-106	106	-106	106
CAGE_TSS_13914	2	-	11696594	11696655	7.67964983	11696655	0	61	-61	61	-61	61
CAGE_TSS_13919	2	-	11717306	11717510	8.760769844	11717510	0	204	-204	204	-204	204
CAGE_TSS_13920	2	-	11722467	11722512	2477.129395	11722512	0	45	-45	45	-45	45
CAGE_TSS_13924	2	-	11727613	11727708	12.87347031	11727708	0	95	-95	95	-95	95
CAGE_TSS_13926	2	-	11739595	11739717	18.06599045	11739717	0	122	-122	122	-122	122
CAGE_TSS_13928	2	-	11750201	11750332	5.379940033	11750332	0	131	-131	131	-131	131
CAGE_TSS_13930	2	-	11753908	11754100	430.9444275	11754100	0	192	-192	192	-192	192
CAGE_TSS_13933	2	-	11759475	11759435	13.33290958	11759435	0	-40	40	-40	40	40
CAGE_TSS_13940	2	-	11776848	11776937	5.613530159	11776937	0	89	-89	89	-89	89
CAGE_TSS_13942	2	-	11777452	11777464	9.160479546	11777464	0	12	-12	12	-12	12
CAGE_TSS_13943	2	-	11779834	11779875	9.063509941	11779875	0	41	-41	41	-41	41
CAGE_TSS_13956	2	-	11834365	11834343	54.39107132	11834343	0	-22	22	-22	22	22
CAGE_TSS_13957	2	-	11843288	11843383	13.43350983	11843383	0	95	-95	95	-95	95
CAGE_TSS_13961	2	-	11861262	11860980	37.70124054	11860980	0	-282	282	-282	282	282
CAGE_TSS_13963	2	-	11864768	11864478	19.94935989	11864478	0	-290	290	-290	290	290
CAGE_TSS_13968	2	-	11866900	11866912	22.25555038	11866912	0	12	-12	12	-12	12
CAGE_TSS_13970	2	-	11889170	11889188	170.4332428	11889188	0	18	-18	18	-18	18
CAGE_TSS_13972	2	-	11904004	11904024	89.10375977	11904024	0	20	-20	20	-20	20
CAGE_TSS_13975	2	-	11913333	11913392	7.563489914	11913392	0	59	-59	59	-59	59
CAGE_TSS_13977	2	-	11924732	11924705	36.62643051	11924705	0	-27	27	-27	27	27
CAGE_TSS_13979	2	-	11939684	11939939	59.44216156	11939939	0	255	-255	255	-255	255
CAGE_TSS_13980	2	-	11943603	11943637	18.7898407	11943637	0	34	-34	34	-34	34
CAGE_TSS_13983	2	-	11952201	11952234	238.1944733	11952234	0	33	-33	33	-33	33
CAGE_TSS_13987	2	-	11963303	11963380	11.95701027	11963380	0	77	-77	77	-77	77
CAGE_TSS_13990	2	-	12100756	12100729	23.65245056	12100729	0	-27	27	-27	27	27
CAGE_TSS_13992	2	-	12136161	12136109	7.796219826	12136109	0	-52	52	-52	52	52
CAGE_TSS_13993	2	-	12143482	12143521	9.310090065	12143521	0	39	-39	39	-39	39
CAGE_TSS_13994	2	-	12149056	12149075	49.2560997	12149075	0	19	-19	19	-19	19
CAGE_TSS_13999	2	-	12173565	12173855	67.7754364	12173855	0	290	-290	290	-290	290
CAGE_TSS_14001	2	-	12188214	12188420	71.66358948	12188420	0	206	-206	206	-206	206
CAGE_TSS_14004	2	-	12200760	12200706	24.27977943	12200706	0	-54	54	-54	54	54
CAGE_TSS_14008	2	-	12228543	12228657	3467.010498	12228657	0	114	-114	114	-114	114
CAGE_TSS_14010	2	-	12270728	12270853	16.10198021	12270853	0	125	-125	125	-125	125
CAGE_TSS_14011	2	-	12277244	12277326	35.36362839	12277326	0	82	-82	82	-82	82
CAGE_TSS_14012	2	-	12291009	12291134	38.24782944	12291134	0	125	-125	125	-125	125
CAGE_TSS_14016	2	-	12308646	12308792	31.64875031	12308792	0	146	-146	146	-146	146
CAGE_TSS_14024	2	-	12355429	12355437	7.67648983	12355437	0	8	-8	8	-8	8
CAGE_TSS_14030	2	-	12359186	12359411	11.34521961	12359411	0	225	-225	225	-225	225
CAGE_TSS_14032	2	-	12370654	12370942	27.81771088	12370942	0	288	-288	288	-288	288
CAGE_TSS_14036	2	-	12408215	12408349	16.25682068	12408349	0	134	-134	134	-134	134
CAGE_TSS_14041	2	-	12417384	12417392	6.974030018	12417392	0	8	-8	8	-8	8
CAGE_TSS_14042	2	-	12428726	12428840	6.883250237	12428840	0	114	-114	114	-114	114
CAGE_TSS_14044	2	-	12432130	12432313	594.6655273	12432313	0	183	-183	183	-183	183
CAGE_TSS_14045	2	-	12432922	12432910	4.556519985	12432910	0	-12	12	-12	12	12
CAGE_TSS_14050	2	-	12493212	12493301	5.958129883	12493301	0	89	-89	89	-89	89
CAGE_TSS_14051	2	-	12497171	12497346	46.32928085	12497346	0	175	-175	175	-175	175
CAGE_TSS_14053	2	-	12515927	12516077	9.033619881	12516077	0	150	-150	150	-150	150
CAGE_TSS_14057	2	-	12548489	12548514	8.60972023	12548514	0	25	-25	25	-25	25
CAGE_TSS_14058	2	-	12553427	12553682	18.7898407	12553682	0	255	-255	255	-255	255
CAGE_TSS_14070	2	-	12621146	12621124	38.57553864	12621124	0	-22	22	-22	22	22
CAGE_TSS_14071	2	-	12625114	12624998	11.17749023	12624998	0	-116	116	-116	116	116
CAGE_TSS_14086	2	-	12646036	12646219	12.8197403	12646219	0	183	-183	183	-183	183
CAGE_TSS_14100	2	-	12702340	12702537	5.468540192	12702537	0	197	-197	197	-197	197
CAGE_TSS_14101	2	-	12753115	12753197	10.19847965	12753197	0	82	-82	82	-82	82
CAGE_TSS_14108	2	-	12785051	12785208	9.033619881	12785208	0	157	-157	157	-157	157
CAGE_TSS_14110	2	-	12797323	12797254	46.32928085	12797254	0	-69	69	-69	69	69
CAGE_TSS_14114	2	-	12804976	12805181	246.5618439	12805181	0	205	-205	205	-205	205
CAGE_TSS_14115	2	-	12840151	12840208	76.69212341	12840208	0	57	-57	57	-57	57
CAGE_TSS_14129	2	-	12905197	12905149	737.6657104	12905149	0	-48	48	-48	48	48
CAGE_TSS_14131	2	-	12907508	12907756	6.348370075	12907756	0	248	-248	248	-248	248
CAGE_TSS_14138	2	-	12929730	12929706	17.07135963	12929706	0	-24	24	-24	24	24
CAGE_TSS_14141	2	-	12938730	12938770	276.9573059	12938770	0	40	-40	40	-40	40
CAGE_TSS_14157	2	-	12993404	12993533	315.4186096	12993533	0	129	-129	129	-129	129
CAGE_TSS_14162	2	-	12995766	12995914	71.20760345	12995914	0	148	-148	148	-148	148
CAGE_TSS_14167	2	-	13000648	13000706	116.8404083	13000706	0	58	-58	58	-58	58
CAGE_TSS_14168	2	-	13002580	13002628	16.46711922	13002628	0	48	-48	48	-48	48
CAGE_TSS_14170	2	-	13003430	13003137	7.404089928	13003137	0	-293	293	-293	293	293
CAGE_TSS_14172	2	-	13004776	13004666	107.3887711	13004666	0	-110	110	-110	110	110
CAGE_TSS_14174	2	-	13005223	13005246	7.66753006	13005246	0	23	-23	23	-23	23
CAGE_TSS_14175	2	-	13005590	13005832	2045.576904	13005832	0	242	-242	242	-242	242
CAGE_TSS_14179	2	-	13020151	13020018	9.75646019	13020018	0	-133	133	-133	133	133
CAGE_TSS_14180	2	-	13024154	13024327	8.069199562	13024327	0	173	-173	173	-173	173
CAGE_TSS_14181	2	-	13052434	13052492	31.81546021	13052492	0	58	-58	58	-58	58
CAGE_TSS_14188	2	-	13085271	13085532	8.401619911	13085532	0	261	-261	261	-261	261
CAGE_TSS_14207	2	-	13185902	13185881	45.20195007	13185881	0	-21	21	-21	21	21
CAGE_TSS_14209	2	-	13190425	13190566	227.8640747	13190566	0	141	-141	141	-141	141
CAGE_TSS_14216	2	-	13222608	13222603	365.2342834	13222603	0	-5	5	-5	5	5
CAGE_TSS_14220	2	-	13266545	13266660	71.80030823	13266660	0	115	-115	115	-115	115
CAGE_TSS_14222	2	-	13285660	13285548	7.116539955	13285548	0	-112	112	-112	112	112
CAGE_TSS_14226	2	-	13307482	13307656	691.2353516	13307656	0	174	-174	174	-174	174
CAGE_TSS_14231	2	-	13359718	13359711	9.412500381	13359711	0	-7	7	-7	7	7
CAGE_TSS_14232	2	-	13372602	13372477	818.3964844	13372477	0	-125	125	-125	125	125
CAGE_TSS_14234	2	-	13373602	13373837	9.590169907	13373837	0	235	-235	235	-235	235
CAGE_TSS_14245	2	-	13421431	13421401	59.44007111	13421401	0	-30	30	-30	30	30
CAGE_TSS_14247	2	-	13437740	13437945	144.6269379	13437945	0	205	-205	205	-205	205
CAGE_TSS_14253	2	-	13439840	13439937	46.85549164	13439937	0	97	-97	97	-97	97
CAGE_TSS_14256	2	-	13450135	13450091	6.747369766	13450091	0	-44	44	-44	44	44
CAGE_TSS_14261	2	-	13473513	13473445	12.28462029	13473445	0	-68	68	-68	68	68
CAGE_TSS_14265	2	-	13487442	13487397	8.32254982	13487397	0	-45	45	-45	45	45
CAGE_TSS_14270	2	-	13507403	13507508	11.34463024	13507508	0	105	-105	105	-105	105
CAGE_TSS_14279	2	-	13553850	13554056	49.57830811	13554056	0	206	-206	206	-206	206
CAGE_TSS_14282	2	-	13586584	13586695	6.730840206	13586695	0	111	-111	111	-111	111
CAGE_TSS_14286	2	-	13631767	13632062	36.95431137	13632062	0	295	-295	295	-295	295
CAGE_TSS_14287	2	-	13633349	13633454	5.621910095	13633454	0	105	-105	105	-105	105
CAGE_TSS_14294	2	-	13641950	13641920	10.06717968	13641920	0	-30	30	-30	30	30
CAGE_TSS_14297	2	-	13645636	13645792	173.7770233	13645792	0	156	-156	156	-156	156
CAGE_TSS_14302	2	-	13682234	13682360	5.908750057	13682360	0	126	-126	126	-126	126
CAGE_TSS_14308	2	-	13691149	13691196	19.15678978	13691196	0	47	-47	47	-47	47
CAGE_TSS_14313	2	-	13756866	13756838	11.75380993	13756838	0	-28	28	-28	28	28
CAGE_TSS_14318	2	-	13790067	13790138	259.7617798	13790138	0	71	-71	71	-71	71
CAGE_TSS_14323	2	-	13800012	13800265	8.561079979	13800265	0	253	-253	253	-253	253
CAGE_TSS_14329	2	-	13835654	13835664	8.480079651	13835664	0	10	-10	10	-10	10
CAGE_TSS_14337	2	-	13911627	13911662	5.043710232	13911662	0	35	-35	35	-35	35
CAGE_TSS_14340	2	-	13934954	13934996	11.35667038	13934996	0	42	-42	42	-42	42
CAGE_TSS_14341	2	-	13938821	13938792	35.18124008	13938792	0	-29	29	-29	29	29
CAGE_TSS_14345	2	-	13965436	13965624	76.91970825	13965624	0	188	-188	188	-188	188
CAGE_TSS_14347	2	-	13995748	13995778	62.20186996	13995778	0	30	-30	30	-30	30
CAGE_TSS_14349	2	-	13999790	13999951	13.98283005	13999951	0	161	-161	161	-161	161
CAGE_TSS_14359	2	-	14025056	14025067	150.440033	14025067	0	11	-11	11	-11	11
CAGE_TSS_14361	2	-	14043307	14043248	9.883350372	14043248	0	-59	59	-59	59	59
CAGE_TSS_14364	2	-	14045473	14045579	8.034130096	14045579	0	106	-106	106	-106	106
CAGE_TSS_14373	2	-	14060511	14060744	214.1035461	14060744	0	233	-233	233	-233	233
CAGE_TSS_14380	2	-	14115941	14116117	79.77237701	14116117	0	176	-176	176	-176	176
CAGE_TSS_14381	2	-	14125143	14125213	7.606870174	14125213	0	70	-70	70	-70	70
CAGE_TSS_14388	2	-	14146464	14146621	99.74889374	14146621	0	157	-157	157	-157	157
CAGE_TSS_14390	2	-	14154468	14154584	117.6774292	14154584	0	116	-116	116	-116	116
CAGE_TSS_14396	2	-	14178485	14178677	20.73405075	14178677	0	192	-192	192	-192	192
CAGE_TSS_14397	2	-	14190244	14190265	10.25895977	14190265	0	21	-21	21	-21	21
CAGE_TSS_14399	2	-	14209122	14209329	112.7815323	14209329	0	207	-207	207	-207	207
CAGE_TSS_14400	2	-	14211293	14211388	25.19911003	14211388	0	95	-95	95	-95	95
CAGE_TSS_14404	2	-	14221861	14221927	27.13121986	14221927	0	66	-66	66	-66	66
CAGE_TSS_14405	2	-	14224033	14224230	301.2236328	14224230	0	197	-197	197	-197	197
CAGE_TSS_14406	2	-	14238786	14238887	48.45923996	14238887	0	101	-101	101	-101	101
CAGE_TSS_14413	2	-	14282954	14283002	29.52831078	14283002	0	48	-48	48	-48	48
CAGE_TSS_14414	2	-	14287277	14287181	21.84737015	14287181	0	-96	96	-96	96	96
CAGE_TSS_14423	2	-	14310338	14310304	233.4656525	14310304	0	-34	34	-34	34	34
CAGE_TSS_14433	2	-	14328720	14328945	31.19518089	14328945	0	225	-225	225	-225	225
CAGE_TSS_14437	2	-	14362238	14362254	6.581110001	14362254	0	16	-16	16	-16	16
CAGE_TSS_14443	2	-	14384235	14384221	12.24287987	14384221	0	-14	14	-14	14	14
CAGE_TSS_14444	2	-	14390197	14390206	7.206639767	14390206	0	9	-9	9	-9	9
CAGE_TSS_14446	2	-	14399193	14399192	71.80201721	14399192	0	-1	1	-1	1	1
CAGE_TSS_14447	2	-	14414742	14414837	6.711919785	14414837	0	95	-95	95	-95	95
CAGE_TSS_14448	2	-	14423476	14423577	85.09216309	14423577	0	101	-101	101	-101	101
CAGE_TSS_14449	2	-	14432437	14432370	15.77153969	14432370	0	-67	67	-67	67	67
CAGE_TSS_14454	2	-	14477399	14477355	22.11018944	14477355	0	-44	44	-44	44	44
CAGE_TSS_14457	2	-	14479874	14479621	136.7115326	14479621	0	-253	253	-253	253	253
CAGE_TSS_14458	2	-	14489522	14489794	1006.113708	14489794	0	272	-272	272	-272	272
CAGE_TSS_14465	2	-	14532469	14532495	46.49225998	14532495	0	26	-26	26	-26	26
CAGE_TSS_14476	2	-	14545317	14545510	737.8008423	14545510	0	193	-193	193	-193	193
CAGE_TSS_14477	2	-	14546788	14547024	255.960434	14547024	0	236	-236	236	-236	236
CAGE_TSS_14482	2	-	14568517	14568531	8.975270271	14568531	0	14	-14	14	-14	14
CAGE_TSS_14488	2	-	14591797	14592015	32.56315994	14592015	0	218	-218	218	-218	218
CAGE_TSS_14490	2	-	14628991	14629199	32.25662994	14629199	0	208	-208	208	-208	208
CAGE_TSS_14492	2	-	14644252	14644309	44.53166962	14644309	0	57	-57	57	-57	57
CAGE_TSS_14494	2	-	14651653	14651667	331.2572937	14651667	0	14	-14	14	-14	14
CAGE_TSS_14495	2	-	14664269	14664538	13.10781956	14664538	0	269	-269	269	-269	269
CAGE_TSS_14496	2	-	14677270	14677262	45.70726013	14677262	0	-8	8	-8	8	8
CAGE_TSS_14505	2	-	14739906	14740075	17.05411911	14740075	0	169	-169	169	-169	169
CAGE_TSS_14506	2	-	14746001	14746068	20.95779037	14746068	0	67	-67	67	-67	67
CAGE_TSS_14511	2	-	14768287	14768313	11.94614029	14768313	0	26	-26	26	-26	26
CAGE_TSS_14514	2	-	14778616	14778503	176.7871246	14778503	0	-113	113	-113	113	113
CAGE_TSS_14516	2	-	14795618	14795853	7.747869968	14795853	0	235	-235	235	-235	235
CAGE_TSS_14518	2	-	14803898	14803936	15.8712101	14803936	0	38	-38	38	-38	38
CAGE_TSS_14529	2	-	14862092	14862264	247.8740234	14862264	0	172	-172	172	-172	172
CAGE_TSS_14533	2	-	14880633	14880586	19.73217964	14880586	0	-47	47	-47	47	47
CAGE_TSS_14537	2	-	14895064	14895042	15.59387016	14895042	0	-22	22	-22	22	22
CAGE_TSS_14545	2	-	14909765	14909908	8.484729767	14909908	0	143	-143	143	-143	143
CAGE_TSS_14551	2	-	14926596	14926549	5.202720165	14926549	0	-47	47	-47	47	47
CAGE_TSS_14553	2	-	14945360	14945552	89.53018188	14945552	0	192	-192	192	-192	192
CAGE_TSS_14554	2	-	14951152	14951296	5.958129883	14951296	0	144	-144	144	-144	144
CAGE_TSS_14558	2	-	14965335	14965571	52.23830032	14965571	0	236	-236	236	-236	236
CAGE_TSS_14560	2	-	14990929	14990925	198.1295929	14990925	0	-4	4	-4	4	4
CAGE_TSS_14562	2	-	14999041	14999086	29.22421074	14999086	0	45	-45	45	-45	45
CAGE_TSS_14564	2	-	15014146	15014269	26.12144089	15014269	0	123	-123	123	-123	123
CAGE_TSS_14571	2	-	15036537	15036616	6.270480156	15036616	0	79	-79	79	-79	79
CAGE_TSS_14573	2	-	15051841	15051878	22.73967934	15051878	0	37	-37	37	-37	37
CAGE_TSS_14574	2	-	15052995	15053267	5.404990196	15053267	0	272	-272	272	-272	272
CAGE_TSS_14576	2	-	15065850	15065854	12.14363003	15065854	0	4	-4	4	-4	4
CAGE_TSS_14579	2	-	15071591	15071626	34.36716843	15071626	0	35	-35	35	-35	35
CAGE_TSS_14581	2	-	15084099	15083884	8.194069862	15083884	0	-215	215	-215	215	215
CAGE_TSS_14582	2	-	15084470	15084667	326.5896912	15084667	0	197	-197	197	-197	197
CAGE_TSS_14587	2	-	15092182	15092191	399.6621704	15092191	0	9	-9	9	-9	9
CAGE_TSS_14590	2	-	15127791	15128078	43.23397827	15128078	0	287	-287	287	-287	287
CAGE_TSS_14592	2	-	15130907	15130745	2.874609947	15130745	0	-162	162	-162	162	162
CAGE_TSS_14593	2	-	15136725	15136795	204.1973267	15136795	0	70	-70	70	-70	70
CAGE_TSS_14618	2	-	15219414	15219431	22.39512062	15219431	0	17	-17	17	-17	17
CAGE_TSS_14619	2	-	15226754	15226824	11.38094044	15226824	0	70	-70	70	-70	70
CAGE_TSS_14623	2	-	15272819	15272864	59.52391815	15272864	0	45	-45	45	-45	45
CAGE_TSS_14626	2	-	15298449	15298572	12.41808033	15298572	0	123	-123	123	-123	123
CAGE_TSS_14636	2	-	15321179	15320919	19.01947975	15320919	0	-260	260	-260	260	260
CAGE_TSS_14646	2	-	15323862	15324119	7.346960068	15324119	0	257	-257	257	-257	257
CAGE_TSS_14653	2	-	15355176	15355141	6.172629833	15355141	0	-35	35	-35	35	35
CAGE_TSS_14655	2	-	15368170	15368086	13.81840038	15368086	0	-84	84	-84	84	84
CAGE_TSS_14662	2	-	15412050	15412339	84.87626648	15412339	0	289	-289	289	-289	289
CAGE_TSS_14663	2	-	15416765	15416887	637.4522705	15416887	0	122	-122	122	-122	122
CAGE_TSS_14664	2	-	15419153	15419279	341.9898071	15419279	0	126	-126	126	-126	126
CAGE_TSS_14667	2	-	15421865	15422099	8.755270004	15422099	0	234	-234	234	-234	234
CAGE_TSS_14668	2	-	15423858	15423899	4.973189831	15423899	0	41	-41	41	-41	41
CAGE_TSS_14670	2	-	15425016	15425176	25.09723091	15425176	0	160	-160	160	-160	160
CAGE_TSS_14671	2	-	15439626	15439672	13.76109028	15439672	0	46	-46	46	-46	46
CAGE_TSS_14673	2	-	15451421	15451363	32.07458878	15451363	0	-58	58	-58	58	58
CAGE_TSS_14676	2	-	15469856	15469943	12.61752987	15469943	0	87	-87	87	-87	87
CAGE_TSS_14677	2	-	15474653	15474829	39.72151947	15474829	0	176	-176	176	-176	176
CAGE_TSS_14685	2	-	15481402	15481563	51.11217117	15481563	0	161	-161	161	-161	161
CAGE_TSS_14688	2	-	15490370	15490343	5.242780209	15490343	0	-27	27	-27	27	27
CAGE_TSS_14690	2	-	15492695	15492971	10.88498974	15492971	0	276	-276	276	-276	276
CAGE_TSS_14693	2	-	15511415	15511548	58.19990158	15511548	0	133	-133	133	-133	133
CAGE_TSS_14700	2	-	15556830	15556825	12.3645401	15556825	0	-5	5	-5	5	5
CAGE_TSS_14703	2	-	15559413	15559644	41.61296082	15559644	0	231	-231	231	-231	231
CAGE_TSS_14705	2	-	15560362	15560639	14.06488037	15560639	0	277	-277	277	-277	277
CAGE_TSS_14707	2	-	15585182	15585291	22.26242065	15585291	0	109	-109	109	-109	109
CAGE_TSS_14716	2	-	15600058	15599945	10.16098976	15599945	0	-113	113	-113	113	113
CAGE_TSS_14718	2	-	15613798	15613847	5.305049896	15613847	0	49	-49	49	-49	49
CAGE_TSS_14724	2	-	15623096	15623094	9.001649857	15623094	0	-2	2	-2	2	2
CAGE_TSS_14728	2	-	15636390	15636279	7.314579964	15636279	0	-111	111	-111	111	111
CAGE_TSS_14740	2	-	15664012	15664141	72.4828186	15664141	0	129	-129	129	-129	129
CAGE_TSS_14744	2	-	15672699	15672733	188.4470825	15672733	0	34	-34	34	-34	34
CAGE_TSS_14757	2	-	15753966	15753989	16.0184803	15753989	0	23	-23	23	-23	23
CAGE_TSS_14761	2	-	15757517	15757634	12.61752987	15757634	0	117	-117	117	-117	117
CAGE_TSS_14763	2	-	15763369	15763512	8.948800087	15763512	0	143	-143	143	-143	143
CAGE_TSS_14771	2	-	15783397	15783524	62.89054871	15783524	0	127	-127	127	-127	127
CAGE_TSS_14774	2	-	15789852	15789783	53.29024124	15789783	0	-69	69	-69	69	69
CAGE_TSS_14781	2	-	15802730	15802777	52.54428101	15802777	0	47	-47	47	-47	47
CAGE_TSS_14784	2	-	15814209	15814445	15.68383026	15814445	0	236	-236	236	-236	236
CAGE_TSS_14786	2	-	15817014	15817135	24.23592949	15817135	0	121	-121	121	-121	121
CAGE_TSS_14801	2	-	15897712	15897779	77.53864288	15897779	0	67	-67	67	-67	67
CAGE_TSS_14802	2	-	15905371	15905622	303.5109558	15905622	0	251	-251	251	-251	251
CAGE_TSS_14809	2	-	15922185	15922372	41.9966507	15922372	0	187	-187	187	-187	187
CAGE_TSS_14822	2	-	16012329	16012199	28.36105919	16012199	0	-130	130	-130	130	130
CAGE_TSS_14825	2	-	16029414	16029302	22.95365906	16029302	0	-112	112	-112	112	112
CAGE_TSS_14827	2	-	16033064	16033097	7.897850037	16033097	0	33	-33	33	-33	33
CAGE_TSS_14829	2	-	16042359	16042472	145.7583313	16042472	0	113	-113	113	-113	113
CAGE_TSS_14832	2	-	16070588	16070721	45.83259964	16070721	0	133	-133	133	-133	133
CAGE_TSS_14833	2	-	16074257	16074334	31.12231064	16074334	0	77	-77	77	-77	77
CAGE_TSS_14835	2	-	16090224	16090219	62.87960052	16090219	0	-5	5	-5	5	5
CAGE_TSS_14836	2	-	16095189	16095265	11.96127987	16095265	0	76	-76	76	-76	76
CAGE_TSS_14838	2	-	16111705	16111854	20.56829071	16111854	0	149	-149	149	-149	149
CAGE_TSS_14842	2	-	16149720	16149801	15.84556007	16149801	0	81	-81	81	-81	81
CAGE_TSS_14849	2	-	16176074	16176027	17.15781021	16176027	0	-47	47	-47	47	47
CAGE_TSS_14851	2	-	16183871	16183926	12.77898979	16183926	0	55	-55	55	-55	55
CAGE_TSS_14853	2	-	16187134	16187214	8.531240463	16187214	0	80	-80	80	-80	80
CAGE_TSS_14854	2	-	16194106	16194168	6.960840225	16194168	0	62	-62	62	-62	62
CAGE_TSS_14862	2	-	16215263	16215441	5.165750027	16215441	0	178	-178	178	-178	178
CAGE_TSS_14866	2	-	16235234	16235201	59.7571106	16235201	0	-33	33	-33	33	33
CAGE_TSS_14868	2	-	16237277	16237437	29.53853989	16237437	0	160	-160	160	-160	160
CAGE_TSS_14870	2	-	16278386	16278473	75.70220184	16278473	0	87	-87	87	-87	87
CAGE_TSS_14871	2	-	16279333	16279421	46.98632812	16279421	0	88	-88	88	-88	88
CAGE_TSS_14883	2	-	16336243	16336238	174.4811249	16336238	0	-5	5	-5	5	5
CAGE_TSS_14884	2	-	16346663	16346824	34.81848907	16346824	0	161	-161	161	-161	161
CAGE_TSS_14885	2	-	16359917	16360016	68.78636169	16360016	0	99	-99	99	-99	99
CAGE_TSS_14887	2	-	16368270	16368497	46.62453079	16368497	0	227	-227	227	-227	227
CAGE_TSS_14889	2	-	16376973	16377044	168.4016571	16377044	0	71	-71	71	-71	71
CAGE_TSS_14909	2	-	16432556	16432801	452.897583	16432801	0	245	-245	245	-245	245
CAGE_TSS_14910	2	-	16440195	16440293	98.62962341	16440293	0	98	-98	98	-98	98
CAGE_TSS_14917	2	-	16466755	16466867	6.324429989	16466867	0	112	-112	112	-112	112
CAGE_TSS_14921	2	-	16471237	16471363	5.473969936	16471363	0	126	-126	126	-126	126
CAGE_TSS_14922	2	-	16473891	16473940	31.24065971	16473940	0	49	-49	49	-49	49
CAGE_TSS_14929	2	-	16506026	16506041	51.50664902	16506041	0	15	-15	15	-15	15
CAGE_TSS_14930	2	-	16524683	16524634	5.862999916	16524634	0	-49	49	-49	49	49
CAGE_TSS_14932	2	-	16538278	16538245	6.885550022	16538245	0	-33	33	-33	33	33
CAGE_TSS_14933	2	-	16540441	16540616	19.57232094	16540616	0	175	-175	175	-175	175
CAGE_TSS_14934	2	-	16544249	16544335	16.25682068	16544335	0	86	-86	86	-86	86
CAGE_TSS_14937	2	-	16557686	16557673	10.43115997	16557673	0	-13	13	-13	13	13
CAGE_TSS_14940	2	-	16568844	16568821	11.82911015	16568821	0	-23	23	-23	23	23
CAGE_TSS_14941	2	-	16570920	16570733	8.245840073	16570733	0	-187	187	-187	187	187
CAGE_TSS_14945	2	-	16573421	16573530	10.9942503	16573530	0	109	-109	109	-109	109
CAGE_TSS_14946	2	-	16582316	16582285	5.613530159	16582285	0	-31	31	-31	31	31
CAGE_TSS_14956	2	-	16603046	16603315	40.94129944	16603315	0	269	-269	269	-269	269
CAGE_TSS_14958	2	-	16612526	16612574	16.19809914	16612574	0	48	-48	48	-48	48
CAGE_TSS_14961	2	-	16649498	16649538	15.17185974	16649538	0	40	-40	40	-40	40
CAGE_TSS_14962	2	-	16664529	16664640	13.97513962	16664640	0	111	-111	111	-111	111
CAGE_TSS_14965	2	-	16675732	16675727	12.11631966	16675727	0	-5	5	-5	5	5
CAGE_TSS_14967	2	-	16680488	16680586	41.90242004	16680586	0	98	-98	98	-98	98
CAGE_TSS_14970	2	-	16686664	16686868	17.81028938	16686868	0	204	-204	204	-204	204
CAGE_TSS_14972	2	-	16689954	16690129	525.5549316	16690129	0	175	-175	175	-175	175
CAGE_TSS_14976	2	-	16699992	16700032	35.61140823	16700032	0	40	-40	40	-40	40
CAGE_TSS_14980	2	-	16702024	16702120	144.649353	16702120	0	96	-96	96	-96	96
CAGE_TSS_14983	2	-	16731544	16731830	5.492690086	16731830	0	286	-286	286	-286	286
CAGE_TSS_14984	2	-	16734911	16735089	51.5365181	16735089	0	178	-178	178	-178	178
CAGE_TSS_14986	2	-	16740364	16740420	9.964799881	16740420	0	56	-56	56	-56	56
CAGE_TSS_14988	2	-	16757585	16757615	20.59643936	16757615	0	30	-30	30	-30	30
CAGE_TSS_14989	2	-	16779172	16779235	8.67648983	16779235	0	63	-63	63	-63	63
CAGE_TSS_14992	2	-	16804643	16804519	138.8808441	16804519	0	-124	124	-124	124	124
CAGE_TSS_14996	2	-	16824458	16824538	253.2489624	16824538	0	80	-80	80	-80	80
CAGE_TSS_14998	2	-	16828391	16828562	38.28231049	16828562	0	171	-171	171	-171	171
CAGE_TSS_15006	2	-	16845935	16846044	49.73989868	16846044	0	109	-109	109	-109	109
CAGE_TSS_15011	2	-	16865446	16865356	15.62697029	16865356	0	-90	90	-90	90	90
CAGE_TSS_15015	2	-	16897855	16898147	580.742981	16898147	0	292	-292	292	-292	292
CAGE_TSS_15017	2	-	16908151	16907980	464.3565674	16907980	0	-171	171	-171	171	171
CAGE_TSS_15020	2	-	16948504	16948616	24.31748009	16948616	0	112	-112	112	-112	112
CAGE_TSS_15023	2	-	16950554	16950625	99.36239624	16950625	0	71	-71	71	-71	71
CAGE_TSS_15025	2	-	16956987	16956905	12.21337032	16956905	0	-82	82	-82	82	82
CAGE_TSS_15026	2	-	16963222	16963229	11.43161011	16963229	0	7	-7	7	-7	7
CAGE_TSS_15030	2	-	16996236	16996367	13.15028954	16996367	0	131	-131	131	-131	131
CAGE_TSS_15031	2	-	17002500	17002569	35.83858109	17002569	0	69	-69	69	-69	69
CAGE_TSS_15033	2	-	17026972	17027100	65.57628632	17027100	0	128	-128	128	-128	128
CAGE_TSS_15034	2	-	17036208	17036162	7.754580021	17036162	0	-46	46	-46	46	46
CAGE_TSS_15035	2	-	17039519	17039478	32.9144783	17039478	0	-41	41	-41	41	41
CAGE_TSS_15036	2	-	17040207	17040228	13.71580029	17040228	0	21	-21	21	-21	21
CAGE_TSS_15037	2	-	17057130	17057268	34.38875961	17057268	0	138	-138	138	-138	138
CAGE_TSS_15039	2	-	17060626	17060684	35.59090042	17060684	0	58	-58	58	-58	58
CAGE_TSS_15044	2	-	17082426	17082383	116.9288712	17082383	0	-43	43	-43	43	43
CAGE_TSS_15046	2	-	17090423	17090479	12.58285046	17090479	0	56	-56	56	-56	56
CAGE_TSS_15047	2	-	17098610	17098784	141.6461487	17098784	0	174	-174	174	-174	174
CAGE_TSS_15048	2	-	17114802	17114787	66.52146912	17114787	0	-15	15	-15	15	15
CAGE_TSS_15049	2	-	17125706	17125903	10.24962044	17125903	0	197	-197	197	-197	197
CAGE_TSS_15050	2	-	17126280	17126456	6.49695015	17126456	0	176	-176	176	-176	176
CAGE_TSS_15057	2	-	17161007	17160928	434.5246277	17160928	0	-79	79	-79	79	79
CAGE_TSS_15060	2	-	17195673	17195434	9.310090065	17195434	0	-239	239	-239	239	239
CAGE_TSS_15064	2	-	17202586	17202606	60.78775024	17202606	0	20	-20	20	-20	20
CAGE_TSS_15069	2	-	17231034	17230927	7.475759983	17230927	0	-107	107	-107	107	107
CAGE_TSS_15071	2	-	17262342	17262308	132.8872833	17262308	0	-34	34	-34	34	34
CAGE_TSS_15075	2	-	17267955	17267969	55.54116821	17267969	0	14	-14	14	-14	14
CAGE_TSS_15077	2	-	17296353	17296423	44.25727844	17296423	0	70	-70	70	-70	70
CAGE_TSS_15084	2	-	17331141	17331161	435.3883972	17331161	0	20	-20	20	-20	20
CAGE_TSS_15085	2	-	17337264	17337280	151.3982849	17337280	0	16	-16	16	-16	16
CAGE_TSS_15091	2	-	17379063	17379332	35.22127151	17379332	0	269	-269	269	-269	269
CAGE_TSS_15092	2	-	17396150	17396417	220.153244	17396417	0	267	-267	267	-267	267
CAGE_TSS_15093	2	-	17403049	17403195	60.24626923	17403195	0	146	-146	146	-146	146
CAGE_TSS_15094	2	-	17407134	17407164	5.271420002	17407164	0	30	-30	30	-30	30
CAGE_TSS_15096	2	-	17417577	17417735	33.58129883	17417735	0	158	-158	158	-158	158
CAGE_TSS_15097	2	-	17422513	17422415	9.881380081	17422415	0	-98	98	-98	98	98
CAGE_TSS_15098	2	-	17427249	17427305	41.93677139	17427305	0	56	-56	56	-56	56
CAGE_TSS_15101	2	-	17438026	17438172	24.91229057	17438172	0	146	-146	146	-146	146
CAGE_TSS_15102	2	-	17457070	17457255	20.77409935	17457255	0	185	-185	185	-185	185
CAGE_TSS_15105	2	-	17461459	17461486	5.072450161	17461486	0	27	-27	27	-27	27
CAGE_TSS_15106	2	-	17472061	17472117	7.499499798	17472117	0	56	-56	56	-56	56
CAGE_TSS_15109	2	-	17472934	17473104	97.34642029	17473104	0	170	-170	170	-170	170
CAGE_TSS_15114	2	-	17495931	17495960	46.34128189	17495960	0	29	-29	29	-29	29
CAGE_TSS_15119	2	-	17519300	17519367	6.554739952	17519367	0	67	-67	67	-67	67
CAGE_TSS_15121	2	-	17526087	17526148	12.58510971	17526148	0	61	-61	61	-61	61
CAGE_TSS_15123	2	-	17538548	17538461	78.58190918	17538461	0	-87	87	-87	87	87
CAGE_TSS_15128	2	-	17555480	17555531	38.43429947	17555531	0	51	-51	51	-51	51
CAGE_TSS_15129	2	-	17562798	17562993	31.76114082	17562993	0	195	-195	195	-195	195
CAGE_TSS_15137	2	-	17613486	17613643	9.082920074	17613643	0	157	-157	157	-157	157
CAGE_TSS_15138	2	-	17619003	17618955	9.793479919	17618955	0	-48	48	-48	48	48
CAGE_TSS_15140	2	-	17634178	17634340	142.6974792	17634340	0	162	-162	162	-162	162
CAGE_TSS_15142	2	-	17643055	17643205	6.385829926	17643205	0	150	-150	150	-150	150
CAGE_TSS_15143	2	-	17648952	17648955	144.1793671	17648955	0	3	-3	3	-3	3
CAGE_TSS_15147	2	-	17653991	17654013	10.81896973	17654013	0	22	-22	22	-22	22
CAGE_TSS_15149	2	-	17675040	17675014	14.99685955	17675014	0	-26	26	-26	26	26
CAGE_TSS_15150	2	-	17695800	17695998	17.39825058	17695998	0	198	-198	198	-198	198
CAGE_TSS_15154	2	-	17701412	17701293	56.4095993	17701293	0	-119	119	-119	119	119
CAGE_TSS_15155	2	-	17709944	17710165	75.45767975	17710165	0	221	-221	221	-221	221
CAGE_TSS_15157	2	-	17712049	17712317	1057.131592	17712317	0	268	-268	268	-268	268
CAGE_TSS_15158	2	-	17719983	17720051	5.620250225	17720051	0	68	-68	68	-68	68
CAGE_TSS_15166	2	-	17733849	17734051	19.37233925	17734051	0	202	-202	202	-202	202
CAGE_TSS_15173	2	-	17764122	17764146	5.852829933	17764146	0	24	-24	24	-24	24
CAGE_TSS_15176	2	-	17774442	17774498	18.81303024	17774498	0	56	-56	56	-56	56
CAGE_TSS_15182	2	-	17777716	17777918	300.4429932	17777918	0	202	-202	202	-202	202
CAGE_TSS_15184	2	-	17791581	17791591	239.2319336	17791591	0	10	-10	10	-10	10
CAGE_TSS_15188	2	-	17799943	17799934	127.896019	17799934	0	-9	9	-9	9	9
CAGE_TSS_15192	2	-	17816638	17816580	5.835720062	17816580	0	-58	58	-58	58	58
CAGE_TSS_15201	2	-	17844384	17844357	98.06118774	17844357	0	-27	27	-27	27	27
CAGE_TSS_15202	2	-	17855218	17855191	30.12041092	17855191	0	-27	27	-27	27	27
CAGE_TSS_15204	2	-	17871552	17871587	29.53519058	17871587	0	35	-35	35	-35	35
CAGE_TSS_15209	2	-	17899397	17899421	10.64204979	17899421	0	24	-24	24	-24	24
CAGE_TSS_15220	2	-	17975864	17976120	76.88948059	17976120	0	256	-256	256	-256	256
CAGE_TSS_15222	2	-	17991483	17991519	40.09540176	17991519	0	36	-36	36	-36	36
CAGE_TSS_15225	2	-	17999920	17999948	223.4440155	17999948	0	28	-28	28	-28	28
CAGE_TSS_15233	2	-	18035051	18035160	22.43362045	18035160	0	109	-109	109	-109	109
CAGE_TSS_15237	2	-	18047363	18047411	13.22865963	18047411	0	48	-48	48	-48	48
CAGE_TSS_15240	2	-	18073017	18073118	1195.630249	18073118	0	101	-101	101	-101	101
CAGE_TSS_15244	2	-	18077460	18077441	14.20499039	18077441	0	-19	19	-19	19	19
CAGE_TSS_15249	2	-	18082767	18082782	5.169919968	18082782	0	15	-15	15	-15	15
CAGE_TSS_15256	2	-	18099109	18099088	5.257719994	18099088	0	-21	21	-21	21	21
CAGE_TSS_15257	2	-	18104610	18104674	10.85459995	18104674	0	64	-64	64	-64	64
CAGE_TSS_15267	2	-	18132615	18132564	16.34083939	18132564	0	-51	51	-51	51	51
CAGE_TSS_15270	2	-	18137493	18137518	10.29187012	18137518	0	25	-25	25	-25	25
CAGE_TSS_15279	2	-	18187023	18186980	46.78723145	18186980	0	-43	43	-43	43	43
CAGE_TSS_15286	2	-	18200193	18200234	21.05880928	18200234	0	41	-41	41	-41	41
CAGE_TSS_15288	2	-	18202666	18202650	8.557419777	18202650	0	-16	16	-16	16	16
CAGE_TSS_15296	2	-	18208217	18208412	47.33575821	18208412	0	195	-195	195	-195	195
CAGE_TSS_15297	2	-	18211639	18211676	10.6591301	18211676	0	37	-37	37	-37	37
CAGE_TSS_15300	2	-	18224095	18224111	11.01321983	18224111	0	16	-16	16	-16	16
CAGE_TSS_15310	2	-	18255464	18255573	73.00675201	18255573	0	109	-109	109	-109	109
CAGE_TSS_15312	2	-	18271882	18271802	5.88888979	18271802	0	-80	80	-80	80	80
CAGE_TSS_15313	2	-	18297543	18297492	17.45433044	18297492	0	-51	51	-51	51	51
CAGE_TSS_15318	2	-	18309864	18309998	18.05846024	18309998	0	134	-134	134	-134	134
CAGE_TSS_15320	2	-	18321695	18321760	27.44494057	18321760	0	65	-65	65	-65	65
CAGE_TSS_15321	2	-	18322919	18323072	57.7612114	18323072	0	153	-153	153	-153	153
CAGE_TSS_15324	2	-	18334710	18334620	23.96680069	18334620	0	-90	90	-90	90	90
CAGE_TSS_15328	2	-	18403446	18403678	6.879079819	18403678	0	232	-232	232	-232	232
CAGE_TSS_15339	2	-	18422843	18423102	594.854126	18423102	0	259	-259	259	-259	259
CAGE_TSS_15340	2	-	18428344	18428461	25.61079979	18428461	0	117	-117	117	-117	117
CAGE_TSS_15342	2	-	18439043	18438990	315.0540771	18438990	0	-53	53	-53	53	53
CAGE_TSS_15343	2	-	18443398	18443434	9.50331974	18443434	0	36	-36	36	-36	36
CAGE_TSS_15357	2	-	18519594	18519663	7.973659992	18519663	0	69	-69	69	-69	69
CAGE_TSS_15359	2	-	18548588	18548641	6.720439911	18548641	0	53	-53	53	-53	53
CAGE_TSS_15365	2	-	18572167	18572217	9.044409752	18572217	0	50	-50	50	-50	50
CAGE_TSS_15366	2	-	18586706	18586826	8.182869911	18586826	0	120	-120	120	-120	120
CAGE_TSS_15375	2	-	18630585	18630645	18.27779007	18630645	0	60	-60	60	-60	60
CAGE_TSS_15382	2	-	18666415	18666440	46.33150101	18666440	0	25	-25	25	-25	25
CAGE_TSS_15391	2	-	18733981	18734275	20.00435066	18734275	0	294	-294	294	-294	294
CAGE_TSS_15395	2	-	18743662	18743625	6.747369766	18743625	0	-37	37	-37	37	37
CAGE_TSS_15397	2	-	18744108	18744284	294.0714722	18744284	0	176	-176	176	-176	176
CAGE_TSS_15404	2	-	18778371	18778570	6.450089931	18778570	0	199	-199	199	-199	199
CAGE_TSS_15406	2	-	18790263	18790563	52.50323105	18790563	0	300	-300	300	-300	300
CAGE_TSS_15414	2	-	18810980	18811164	3412.650879	18811164	0	184	-184	184	-184	184
CAGE_TSS_15416	2	-	18818451	18818631	9.275520325	18818631	0	180	-180	180	-180	180
CAGE_TSS_15417	2	-	18821884	18821905	319.5100708	18821905	0	21	-21	21	-21	21
CAGE_TSS_15421	2	-	18839169	18839296	448.513855	18839296	0	127	-127	127	-127	127
CAGE_TSS_15429	2	-	18864620	18864735	30.51923943	18864735	0	115	-115	115	-115	115
CAGE_TSS_15430	2	-	18866607	18866742	48.56327057	18866742	0	135	-135	135	-135	135
CAGE_TSS_15433	2	-	18875585	18875825	7.876080036	18875825	0	240	-240	240	-240	240
CAGE_TSS_15435	2	-	18882598	18882687	72.94846344	18882687	0	89	-89	89	-89	89
CAGE_TSS_15438	2	-	18913031	18913284	26.65257072	18913284	0	253	-253	253	-253	253
CAGE_TSS_15440	2	-	18914737	18914791	537.6101074	18914791	0	54	-54	54	-54	54
CAGE_TSS_15443	2	-	18919071	18919220	5.535590172	18919220	0	149	-149	149	-149	149
CAGE_TSS_15456	2	-	18949958	18950097	17.76528931	18950097	0	139	-139	139	-139	139
CAGE_TSS_15467	2	-	19007873	19007920	6.722169876	19007920	0	47	-47	47	-47	47
CAGE_TSS_15469	2	-	19019253	19019202	34.52441025	19019202	0	-51	51	-51	51	51
CAGE_TSS_15472	2	-	19043058	19042961	5.64151001	19042961	0	-97	97	-97	97	97
CAGE_TSS_15473	2	-	19044824	19044870	49.56996918	19044870	0	46	-46	46	-46	46
CAGE_TSS_15477	2	-	19088978	19088948	104.3207169	19088948	0	-30	30	-30	30	30
CAGE_TSS_15478	2	-	19090536	19090399	12.33780003	19090399	0	-137	137	-137	137	137
CAGE_TSS_15479	2	-	19093318	19093362	41.25114822	19093362	0	44	-44	44	-44	44
CAGE_TSS_15485	2	-	19113521	19113499	5.848390102	19113499	0	-22	22	-22	22	22
CAGE_TSS_15486	2	-	19114131	19114345	54.89453125	19114345	0	214	-214	214	-214	214
CAGE_TSS_15491	2	-	19138733	19138887	31.54933929	19138887	0	154	-154	154	-154	154
CAGE_TSS_15492	2	-	19140580	19140770	14.79631042	19140770	0	190	-190	190	-190	190
CAGE_TSS_15493	2	-	19153839	19153939	119.5880585	19153939	0	100	-100	100	-100	100
CAGE_TSS_15498	2	-	19166833	19167010	62.89054871	19167010	0	177	-177	177	-177	177
CAGE_TSS_15502	2	-	19192541	19192683	127.5681534	19192683	0	142	-142	142	-142	142
CAGE_TSS_15506	2	-	19215202	19215176	36.3158493	19215176	0	-26	26	-26	26	26
CAGE_TSS_15513	2	-	19277772	19277992	10.36935997	19277992	0	220	-220	220	-220	220
CAGE_TSS_15516	2	-	19287597	19287573	14.12506008	19287573	0	-24	24	-24	24	24
CAGE_TSS_15525	2	-	19319236	19319443	57.96659088	19319443	0	207	-207	207	-207	207
CAGE_TSS_15530	2	-	19349650	19349801	12.22840977	19349801	0	151	-151	151	-151	151
CAGE_TSS_15534	2	-	19369849	19369749	5.906990051	19369749	0	-100	100	-100	100	100
CAGE_TSS_15537	2	-	19378209	19378356	128.9639435	19378356	0	147	-147	147	-147	147
CAGE_TSS_15544	2	-	19440334	19440429	139.8871918	19440429	0	95	-95	95	-95	95
CAGE_TSS_15545	2	-	19446330	19446446	13.87238979	19446446	0	116	-116	116	-116	116
CAGE_TSS_15547	2	-	19447586	19447697	6.574709892	19447697	0	111	-111	111	-111	111
CAGE_TSS_15549	2	-	19484618	19484842	5.997759819	19484842	0	224	-224	224	-224	224
CAGE_TSS_15550	2	-	19503561	19503568	98.77275085	19503568	0	7	-7	7	-7	7
CAGE_TSS_15551	2	-	19512731	19512745	218.3556824	19512745	0	14	-14	14	-14	14
CAGE_TSS_15552	2	-	19527412	19527571	19.97949982	19527571	0	159	-159	159	-159	159
CAGE_TSS_15553	2	-	19540173	19540324	111.3716583	19540324	0	151	-151	151	-151	151
CAGE_TSS_15555	2	-	19541471	19541481	44.11386871	19541481	0	10	-10	10	-10	10
CAGE_TSS_15560	2	-	19554496	19554568	20.15019035	19554568	0	72	-72	72	-72	72
CAGE_TSS_15562	2	-	19556019	19556042	32.73263168	19556042	0	23	-23	23	-23	23
CAGE_TSS_15563	2	-	19563032	19563116	7.784279823	19563116	0	84	-84	84	-84	84
CAGE_TSS_15564	2	-	19568254	19568398	50.66944885	19568398	0	144	-144	144	-144	144
CAGE_TSS_15565	2	-	19573026	19573111	15.37617016	19573111	0	85	-85	85	-85	85
CAGE_TSS_15567	2	-	19594023	19594144	12.13484001	19594144	0	121	-121	121	-121	121
CAGE_TSS_15568	2	-	19594974	19594797	32.86405945	19594797	0	-177	177	-177	177	177
CAGE_TSS_15570	2	-	19613219	19613205	6.49695015	19613205	0	-14	14	-14	14	14
CAGE_TSS_15571	2	-	19615549	19615615	8.833800316	19615615	0	66	-66	66	-66	66
CAGE_TSS_15572	2	-	19617680	19617793	45.87379837	19617793	0	113	-113	113	-113	113
CAGE_TSS_15575	2	-	19622203	19622358	45.85282898	19622358	0	155	-155	155	-155	155
CAGE_TSS_15578	2	-	19649422	19649446	25.35712051	19649446	0	24	-24	24	-24	24
CAGE_TSS_15579	2	-	19650058	19650054	533.6538086	19650054	0	-4	4	-4	4	4
CAGE_TSS_15580	2	-	19662668	19662727	8.086409569	19662727	0	59	-59	59	-59	59
CAGE_TSS_19288	3	-	18802	18989	44.32394028	18989	0	187	-187	187	-187	187
CAGE_TSS_19289	3	-	34595	34613	62.67955017	34613	0	18	-18	18	-18	18
CAGE_TSS_19291	3	-	38500	38690	33.51197815	38690	0	190	-190	190	-190	190
CAGE_TSS_19298	3	-	41933	41990	38.30176163	41990	0	57	-57	57	-57	57
CAGE_TSS_19300	3	-	45602	45750	23.05758095	45750	0	148	-148	148	-148	148
CAGE_TSS_19301	3	-	48028	48128	273.9737854	48128	0	100	-100	100	-100	100
CAGE_TSS_19304	3	-	65945	65693	13.07271957	65693	0	-252	252	-252	252	252
CAGE_TSS_19314	3	-	89424	89495	6.606699944	89495	0	71	-71	71	-71	71
CAGE_TSS_19315	3	-	93481	93575	45.63267136	93575	0	94	-94	94	-94	94
CAGE_TSS_19318	3	-	101992	102240	223.4821472	102240	0	248	-248	248	-248	248
CAGE_TSS_19319	3	-	105183	105228	34.85100937	105228	0	45	-45	45	-45	45
CAGE_TSS_19321	3	-	126834	127099	11.53761005	127099	0	265	-265	265	-265	265
CAGE_TSS_19325	3	-	138774	138874	254.2384186	138874	0	100	-100	100	-100	100
CAGE_TSS_19326	3	-	143461	143625	28.63905907	143625	0	164	-164	164	-164	164
CAGE_TSS_19341	3	-	166286	166311	14.52233982	166311	0	25	-25	25	-25	25
CAGE_TSS_19349	3	-	193531	193576	181.9754028	193576	0	45	-45	45	-45	45
CAGE_TSS_19352	3	-	195707	195671	22.25555038	195671	0	-36	36	-36	36	36
CAGE_TSS_19356	3	-	196472	196408	13.97132015	196408	0	-64	64	-64	64	64
CAGE_TSS_19357	3	-	196781	197026	46.7599411	197026	0	245	-245	245	-245	245
CAGE_TSS_19358	3	-	197889	197958	54.17673111	197958	0	69	-69	69	-69	69
CAGE_TSS_19361	3	-	201721	201747	5.810039997	201747	0	26	-26	26	-26	26
CAGE_TSS_19366	3	-	216663	216690	18.27253914	216690	0	27	-27	27	-27	27
CAGE_TSS_19369	3	-	225672	225813	10.02344036	225813	0	141	-141	141	-141	141
CAGE_TSS_19372	3	-	261777	261976	16.01015091	261976	0	199	-199	199	-199	199
CAGE_TSS_19373	3	-	265699	265916	16.79977036	265916	0	217	-217	217	-217	217
CAGE_TSS_19381	3	-	302017	302239	88.18527985	302239	0	222	-222	222	-222	222
CAGE_TSS_19386	3	-	321540	321726	100.4055023	321726	0	186	-186	186	-186	186
CAGE_TSS_19390	3	-	328915	328956	241.6963196	328956	0	41	-41	41	-41	41
CAGE_TSS_19396	3	-	349977	350054	60.9447403	350054	0	77	-77	77	-77	77
CAGE_TSS_19402	3	-	373691	373664	8.888070107	373664	0	-27	27	-27	27	27
CAGE_TSS_19403	3	-	386537	386530	176.7903595	386530	0	-7	7	-7	7	7
CAGE_TSS_19405	3	-	399778	399646	741.6502686	399646	0	-132	132	-132	132	132
CAGE_TSS_19407	3	-	411550	411809	11.15174007	411809	0	259	-259	259	-259	259
CAGE_TSS_19410	3	-	413626	413636	6.846519947	413636	0	10	-10	10	-10	10
CAGE_TSS_19411	3	-	426935	427012	42.21926117	427012	0	77	-77	77	-77	77
CAGE_TSS_19420	3	-	488688	488731	121.4733582	488731	0	43	-43	43	-43	43
CAGE_TSS_19422	3	-	498833	498795	51.21897125	498795	0	-38	38	-38	38	38
CAGE_TSS_19432	3	-	536279	536302	103.0225067	536302	0	23	-23	23	-23	23
CAGE_TSS_19434	3	-	537837	537989	530.234436	537989	0	152	-152	152	-152	152
CAGE_TSS_19436	3	-	541510	541568	7.824999809	541568	0	58	-58	58	-58	58
CAGE_TSS_19439	3	-	545592	545792	66.31912231	545792	0	200	-200	200	-200	200
CAGE_TSS_19440	3	-	547306	547542	5.062550068	547542	0	236	-236	236	-236	236
CAGE_TSS_19447	3	-	589676	589963	704.6896362	589963	0	287	-287	287	-287	287
CAGE_TSS_19450	3	-	596501	596478	82.32570648	596478	0	-23	23	-23	23	23
CAGE_TSS_19451	3	-	600700	600721	8.744259834	600721	0	21	-21	21	-21	21
CAGE_TSS_19454	3	-	602255	602317	5.059060097	602317	0	62	-62	62	-62	62
CAGE_TSS_19460	3	-	607886	607919	142.8883209	607919	0	33	-33	33	-33	33
CAGE_TSS_19461	3	-	627283	627404	9.010419846	627404	0	121	-121	121	-121	121
CAGE_TSS_19463	3	-	629643	629712	8.482560158	629712	0	69	-69	69	-69	69
CAGE_TSS_19467	3	-	650521	650595	20.52428055	650595	0	74	-74	74	-74	74
CAGE_TSS_19470	3	-	666896	666908	9.033619881	666908	0	12	-12	12	-12	12
CAGE_TSS_19471	3	-	672484	672532	160.6994934	672532	0	48	-48	48	-48	48
CAGE_TSS_19481	3	-	707605	707624	8.073069572	707624	0	19	-19	19	-19	19
CAGE_TSS_19485	3	-	729453	729467	97.40592194	729467	0	14	-14	14	-14	14
CAGE_TSS_19488	3	-	744035	744104	28.52552032	744104	0	69	-69	69	-69	69
CAGE_TSS_19491	3	-	754098	754150	32.20978928	754150	0	52	-52	52	-52	52
CAGE_TSS_19496	3	-	763103	763053	10.74588013	763053	0	-50	50	-50	50	50
CAGE_TSS_19498	3	-	775136	775212	21.37393951	775212	0	76	-76	76	-76	76
CAGE_TSS_19500	3	-	781536	781637	10.91011047	781637	0	101	-101	101	-101	101
CAGE_TSS_19502	3	-	790647	790842	5.909490108	790842	0	195	-195	195	-195	195
CAGE_TSS_19505	3	-	821458	821531	348.4509583	821531	0	73	-73	73	-73	73
CAGE_TSS_19506	3	-	824544	824399	6.460149765	824399	0	-145	145	-145	145	145
CAGE_TSS_19510	3	-	826357	826577	169.3718567	826577	0	220	-220	220	-220	220
CAGE_TSS_19513	3	-	831888	831884	6.413249969	831884	0	-4	4	-4	4	4
CAGE_TSS_19517	3	-	851507	851537	24.85471916	851537	0	30	-30	30	-30	30
CAGE_TSS_19522	3	-	868566	868638	7.204090118	868638	0	72	-72	72	-72	72
CAGE_TSS_19530	3	-	939739	939644	11.62425995	939644	0	-95	95	-95	95	95
CAGE_TSS_19533	3	-	976340	976492	9.542429924	976492	0	152	-152	152	-152	152
CAGE_TSS_19537	3	-	991626	991710	6.867819786	991710	0	84	-84	84	-84	84
CAGE_TSS_19540	3	-	1002489	1002465	50.2838707	1002465	0	-24	24	-24	24	24
CAGE_TSS_19547	3	-	1019198	1019461	7.476389885	1019461	0	263	-263	263	-263	263
CAGE_TSS_19548	3	-	1030591	1030678	9.267539978	1030678	0	87	-87	87	-87	87
CAGE_TSS_19549	3	-	1034569	1034666	785.0056152	1034666	0	97	-97	97	-97	97
CAGE_TSS_19559	3	-	1074128	1074069	55.59725189	1074069	0	-59	59	-59	59	59
CAGE_TSS_19562	3	-	1101614	1101620	13.47231007	1101620	0	6	-6	6	-6	6
CAGE_TSS_19565	3	-	1108064	1108250	50.53722	1108250	0	186	-186	186	-186	186
CAGE_TSS_19568	3	-	1120871	1121024	98.13053131	1121024	0	153	-153	153	-153	153
CAGE_TSS_19570	3	-	1136287	1136508	707.0192871	1136508	0	221	-221	221	-221	221
CAGE_TSS_19580	3	-	1197380	1197672	13.92675972	1197672	0	292	-292	292	-292	292
CAGE_TSS_19581	3	-	1213843	1213645	8.428819656	1213645	0	-198	198	-198	198	198
CAGE_TSS_19585	3	-	1229376	1229350	5.250299931	1229350	0	-26	26	-26	26	26
CAGE_TSS_19587	3	-	1241682	1241535	10.6630497	1241535	0	-147	147	-147	147	147
CAGE_TSS_19588	3	-	1254852	1254907	7.378509998	1254907	0	55	-55	55	-55	55
CAGE_TSS_19590	3	-	1261554	1261306	75.23249817	1261306	0	-248	248	-248	248	248
CAGE_TSS_19594	3	-	1272929	1272963	6.700900078	1272963	0	34	-34	34	-34	34
CAGE_TSS_19596	3	-	1285916	1286203	6.711919785	1286203	0	287	-287	287	-287	287
CAGE_TSS_19599	3	-	1289787	1290067	12.2757597	1290067	0	280	-280	280	-280	280
CAGE_TSS_19600	3	-	1290597	1290776	348.9414368	1290776	0	179	-179	179	-179	179
CAGE_TSS_19601	3	-	1303354	1303574	6.747369766	1303574	0	220	-220	220	-220	220
CAGE_TSS_19602	3	-	1305881	1305906	35.18228912	1305906	0	25	-25	25	-25	25
CAGE_TSS_19606	3	-	1313089	1313102	8.654800415	1313102	0	13	-13	13	-13	13
CAGE_TSS_19611	3	-	1340602	1340606	63.31887817	1340606	0	4	-4	4	-4	4
CAGE_TSS_19612	3	-	1347376	1347411	31.74873924	1347411	0	35	-35	35	-35	35
CAGE_TSS_19615	3	-	1388742	1388870	6.686009884	1388870	0	128	-128	128	-128	128
CAGE_TSS_19617	3	-	1397474	1397473	12.37362957	1397473	0	-1	1	-1	1	1
CAGE_TSS_19621	3	-	1411971	1411926	65.83003998	1411926	0	-45	45	-45	45	45
CAGE_TSS_19624	3	-	1415951	1416004	10.42469978	1416004	0	53	-53	53	-53	53
CAGE_TSS_19626	3	-	1435456	1435576	11.16172981	1435576	0	120	-120	120	-120	120
CAGE_TSS_19627	3	-	1457072	1457096	24.6925602	1457096	0	24	-24	24	-24	24
CAGE_TSS_19633	3	-	1462915	1462759	8.226050377	1462759	0	-156	156	-156	156	156
CAGE_TSS_19634	3	-	1469246	1469011	89.19090271	1469011	0	-235	235	-235	235	235
CAGE_TSS_19635	3	-	1470543	1470702	136.8127899	1470702	0	159	-159	159	-159	159
CAGE_TSS_19637	3	-	1503064	1503235	6.773839951	1503235	0	171	-171	171	-171	171
CAGE_TSS_19638	3	-	1503341	1503614	6.993659973	1503614	0	273	-273	273	-273	273
CAGE_TSS_19642	3	-	1507700	1507723	27.60552979	1507723	0	23	-23	23	-23	23
CAGE_TSS_19644	3	-	1521454	1521492	7.129059792	1521492	0	38	-38	38	-38	38
CAGE_TSS_19654	3	-	1617364	1617411	19.44231033	1617411	0	47	-47	47	-47	47
CAGE_TSS_19655	3	-	1620041	1620292	278.9767761	1620292	0	251	-251	251	-251	251
CAGE_TSS_19656	3	-	1624759	1624927	30.78401947	1624927	0	168	-168	168	-168	168
CAGE_TSS_19657	3	-	1631800	1631855	28.13689995	1631855	0	55	-55	55	-55	55
CAGE_TSS_19662	3	-	1660305	1660426	11.70149994	1660426	0	121	-121	121	-121	121
CAGE_TSS_19664	3	-	1672501	1672487	49.49956894	1672487	0	-14	14	-14	14	14
CAGE_TSS_19665	3	-	1674287	1674183	80.41072083	1674183	0	-104	104	-104	104	104
CAGE_TSS_19667	3	-	1678347	1678052	170.6534729	1678052	0	-295	295	-295	295	295
CAGE_TSS_19669	3	-	1684557	1684640	62.22256851	1684640	0	83	-83	83	-83	83
CAGE_TSS_19675	3	-	1756300	1756250	2.874609947	1756250	0	-50	50	-50	50	50
CAGE_TSS_19677	3	-	1756802	1756734	65.22741699	1756734	0	-68	68	-68	68	68
CAGE_TSS_19679	3	-	1758510	1758466	18.09995079	1758466	0	-44	44	-44	44	44
CAGE_TSS_19683	3	-	1763984	1764081	7.514269829	1764081	0	97	-97	97	-97	97
CAGE_TSS_19684	3	-	1767439	1767662	62.32569122	1767662	0	223	-223	223	-223	223
CAGE_TSS_19689	3	-	1776663	1776638	11.73581982	1776638	0	-25	25	-25	25	25
CAGE_TSS_19690	3	-	1780193	1780304	6.32776022	1780304	0	111	-111	111	-111	111
CAGE_TSS_19691	3	-	1791800	1791754	738.9403687	1791754	0	-46	46	-46	46	46
CAGE_TSS_19693	3	-	1807447	1807527	6.039189816	1807527	0	80	-80	80	-80	80
CAGE_TSS_19694	3	-	1822839	1823068	111.7828293	1823068	0	229	-229	229	-229	229
CAGE_TSS_19695	3	-	1824131	1824271	191.4373474	1824271	0	140	-140	140	-140	140
CAGE_TSS_19700	3	-	1827860	1827831	24.91445923	1827831	0	-29	29	-29	29	29
CAGE_TSS_19701	3	-	1830199	1830111	16.27481079	1830111	0	-88	88	-88	88	88
CAGE_TSS_19703	3	-	1831920	1831974	121.5712967	1831974	0	54	-54	54	-54	54
CAGE_TSS_19705	3	-	1836525	1836480	100.7653122	1836480	0	-45	45	-45	45	45
CAGE_TSS_19708	3	-	1837853	1837846	43.04481888	1837846	0	-7	7	-7	7	7
CAGE_TSS_19710	3	-	1855054	1855011	156.9897156	1855011	0	-43	43	-43	43	43
CAGE_TSS_19711	3	-	1858845	1858811	13.09055996	1858811	0	-34	34	-34	34	34
CAGE_TSS_19712	3	-	1860654	1860565	13.72865009	1860565	0	-89	89	-89	89	89
CAGE_TSS_19713	3	-	1864176	1864097	84.43042755	1864097	0	-79	79	-79	79	79
CAGE_TSS_19714	3	-	1876890	1876885	14.67821026	1876885	0	-5	5	-5	5	5
CAGE_TSS_19721	3	-	1923737	1923455	13.80673027	1923455	0	-282	282	-282	282	282
CAGE_TSS_19723	3	-	1927720	1927637	18.94189072	1927637	0	-83	83	-83	83	83
CAGE_TSS_19726	3	-	1949722	1949896	175.7949829	1949896	0	174	-174	174	-174	174
CAGE_TSS_19728	3	-	1956396	1956371	10.99398041	1956371	0	-25	25	-25	25	25
CAGE_TSS_19730	3	-	1960057	1960090	70.02189636	1960090	0	33	-33	33	-33	33
CAGE_TSS_19732	3	-	1970688	1970845	183.2490845	1970845	0	157	-157	157	-157	157
CAGE_TSS_19737	3	-	1980047	1980068	76.65370178	1980068	0	21	-21	21	-21	21
CAGE_TSS_19740	3	-	1992701	1992828	168.6628418	1992828	0	127	-127	127	-127	127
CAGE_TSS_19745	3	-	2042958	2043055	634.2675781	2043055	0	97	-97	97	-97	97
CAGE_TSS_19746	3	-	2048550	2048639	391.1924744	2048639	0	89	-89	89	-89	89
CAGE_TSS_19747	3	-	2051942	2051873	25.65228081	2051873	0	-69	69	-69	69	69
CAGE_TSS_19748	3	-	2055413	2055473	68.34352875	2055473	0	60	-60	60	-60	60
CAGE_TSS_19750	3	-	2067308	2067356	30.62989044	2067356	0	48	-48	48	-48	48
CAGE_TSS_19753	3	-	2083290	2083259	39.14403152	2083259	0	-31	31	-31	31	31
CAGE_TSS_19757	3	-	2114768	2114896	5.193210125	2114896	0	128	-128	128	-128	128
CAGE_TSS_19759	3	-	2117973	2117917	7.982029915	2117917	0	-56	56	-56	56	56
CAGE_TSS_19760	3	-	2130313	2130143	45.12876892	2130143	0	-170	170	-170	170	170
CAGE_TSS_19762	3	-	2137121	2137085	236.592804	2137085	0	-36	36	-36	36	36
CAGE_TSS_19766	3	-	2153439	2153430	17.47397041	2153430	0	-9	9	-9	9	9
CAGE_TSS_19767	3	-	2155858	2156005	14.87370968	2156005	0	147	-147	147	-147	147
CAGE_TSS_19768	3	-	2160539	2160540	147.5447388	2160540	0	1	-1	1	-1	1
CAGE_TSS_19771	3	-	2178335	2178237	6.637410164	2178237	0	-98	98	-98	98	98
CAGE_TSS_19780	3	-	2225411	2225523	6.270480156	2225523	0	112	-112	112	-112	112
CAGE_TSS_19781	3	-	2229132	2229193	21.49888992	2229193	0	61	-61	61	-61	61
CAGE_TSS_19785	3	-	2232345	2232440	9.476940155	2232440	0	95	-95	95	-95	95
CAGE_TSS_19790	3	-	2244819	2244863	9.573740005	2244863	0	44	-44	44	-44	44
CAGE_TSS_19794	3	-	2264668	2264719	11.3094101	2264719	0	51	-51	51	-51	51
CAGE_TSS_19798	3	-	2285508	2285588	7.721300125	2285588	0	80	-80	80	-80	80
CAGE_TSS_19799	3	-	2287464	2287592	6.974030018	2287592	0	128	-128	128	-128	128
CAGE_TSS_19800	3	-	2295408	2295358	33.05698013	2295358	0	-50	50	-50	50	50
CAGE_TSS_19801	3	-	2296859	2296685	95.01602173	2296685	0	-174	174	-174	174	174
CAGE_TSS_19805	3	-	2321490	2321431	12.32291031	2321431	0	-59	59	-59	59	59
CAGE_TSS_19808	3	-	2327623	2327689	5.744999886	2327689	0	66	-66	66	-66	66
CAGE_TSS_19810	3	-	2329826	2329887	43.23601913	2329887	0	61	-61	61	-61	61
CAGE_TSS_19811	3	-	2334025	2334145	4.285289764	2334145	0	120	-120	120	-120	120
CAGE_TSS_19814	3	-	2343468	2343539	13.61287975	2343539	0	71	-71	71	-71	71
CAGE_TSS_19815	3	-	2348539	2348547	61.07455826	2348547	0	8	-8	8	-8	8
CAGE_TSS_19818	3	-	2366339	2366383	70.43005371	2366383	0	44	-44	44	-44	44
CAGE_TSS_19826	3	-	2388484	2388645	220.2740936	2388645	0	161	-161	161	-161	161
CAGE_TSS_19828	3	-	2394659	2394659	95.99909973	2394659	0	0	0	0	0	0
CAGE_TSS_19831	3	-	2407518	2407692	88.62657166	2407692	0	174	-174	174	-174	174
CAGE_TSS_19835	3	-	2413417	2413473	368.0221863	2413473	0	56	-56	56	-56	56
CAGE_TSS_19838	3	-	2420283	2420088	3.736259937	2420088	0	-195	195	-195	195	195
CAGE_TSS_19839	3	-	2422740	2422909	8.405200005	2422909	0	169	-169	169	-169	169
CAGE_TSS_19844	3	-	2463881	2463939	173.353714	2463939	0	58	-58	58	-58	58
CAGE_TSS_19849	3	-	2518910	2519055	16.49209023	2519055	0	145	-145	145	-145	145
CAGE_TSS_19854	3	-	2524089	2524161	10.19606018	2524161	0	72	-72	72	-72	72
CAGE_TSS_19859	3	-	2561780	2561836	25.90320969	2561836	0	56	-56	56	-56	56
CAGE_TSS_19862	3	-	2572122	2572111	6.95472002	2572111	0	-11	11	-11	11	11
CAGE_TSS_19864	3	-	2582143	2582156	7.13173008	2582156	0	13	-13	13	-13	13
CAGE_TSS_19869	3	-	2585744	2585687	9.535630226	2585687	0	-57	57	-57	57	57
CAGE_TSS_19874	3	-	2595574	2595700	7.046279907	2595700	0	126	-126	126	-126	126
CAGE_TSS_19875	3	-	2604485	2604734	95.282341	2604734	0	249	-249	249	-249	249
CAGE_TSS_19882	3	-	2607745	2607791	13.61382961	2607791	0	46	-46	46	-46	46
CAGE_TSS_19884	3	-	2611415	2611423	79.64878082	2611423	0	8	-8	8	-8	8
CAGE_TSS_19891	3	-	2650984	2651168	1632.821045	2651168	0	184	-184	184	-184	184
CAGE_TSS_19894	3	-	2654132	2654223	16.46746063	2654223	0	91	-91	91	-91	91
CAGE_TSS_19899	3	-	2656237	2656238	6.900599957	2656238	0	1	-1	1	-1	1
CAGE_TSS_19902	3	-	2660849	2660886	99.40872192	2660886	0	37	-37	37	-37	37
CAGE_TSS_19904	3	-	2664823	2664892	24.65835953	2664892	0	69	-69	69	-69	69
CAGE_TSS_19905	3	-	2667484	2667644	5.601130009	2667644	0	160	-160	160	-160	160
CAGE_TSS_19907	3	-	2695304	2695362	18.61720085	2695362	0	58	-58	58	-58	58
CAGE_TSS_19913	3	-	2722623	2722729	5.18983984	2722729	0	106	-106	106	-106	106
CAGE_TSS_19914	3	-	2736962	2737153	14.85684013	2737153	0	191	-191	191	-191	191
CAGE_TSS_19915	3	-	2758138	2758175	150.2569885	2758175	0	37	-37	37	-37	37
CAGE_TSS_19922	3	-	2822804	2822962	7.750170231	2822962	0	158	-158	158	-158	158
CAGE_TSS_19944	3	-	2864244	2864282	22.92403984	2864282	0	38	-38	38	-38	38
CAGE_TSS_19946	3	-	2890227	2890471	47.05815887	2890471	0	244	-244	244	-244	244
CAGE_TSS_19955	3	-	2905722	2905922	151.4726868	2905922	0	200	-200	200	-200	200
CAGE_TSS_19962	3	-	2931214	2930925	26.17313957	2930925	0	-289	289	-289	289	289
CAGE_TSS_19963	3	-	2939418	2939467	5.56498003	2939467	0	49	-49	49	-49	49
CAGE_TSS_19964	3	-	2944057	2943975	9.998999596	2943975	0	-82	82	-82	82	82
CAGE_TSS_19965	3	-	2946042	2946167	17.22475052	2946167	0	125	-125	125	-125	125
CAGE_TSS_19971	3	-	2979269	2979341	46.88970947	2979341	0	72	-72	72	-72	72
CAGE_TSS_19974	3	-	2987926	2987939	5.104169846	2987939	0	13	-13	13	-13	13
CAGE_TSS_19975	3	-	2995633	2995807	48.16292191	2995807	0	174	-174	174	-174	174
CAGE_TSS_19977	3	-	2998093	2998133	55.3176384	2998133	0	40	-40	40	-40	40
CAGE_TSS_19981	3	-	3025792	3025846	123.4747086	3025846	0	54	-54	54	-54	54
CAGE_TSS_19985	3	-	3044766	3044755	31.64875031	3044755	0	-11	11	-11	11	11
CAGE_TSS_19993	3	-	3094801	3094862	52.92583084	3094862	0	61	-61	61	-61	61
CAGE_TSS_19994	3	-	3098085	3098213	7497.866699	3098213	0	128	-128	128	-128	128
CAGE_TSS_19995	3	-	3101810	3101923	32.84062958	3101923	0	113	-113	113	-113	113
CAGE_TSS_19996	3	-	3106812	3106879	7.611839771	3106879	0	67	-67	67	-67	67
CAGE_TSS_19999	3	-	3110017	3110085	5.33164978	3110085	0	68	-68	68	-68	68
CAGE_TSS_20002	3	-	3139044	3139175	243.6447754	3139175	0	131	-131	131	-131	131
CAGE_TSS_20005	3	-	3161593	3161631	16.55636978	3161631	0	38	-38	38	-38	38
CAGE_TSS_20006	3	-	3166026	3166072	81.89414215	3166072	0	46	-46	46	-46	46
CAGE_TSS_20011	3	-	3172963	3172999	13.53544044	3172999	0	36	-36	36	-36	36
CAGE_TSS_20012	3	-	3179685	3179760	20.50591087	3179760	0	75	-75	75	-75	75
CAGE_TSS_20015	3	-	3215433	3215502	84.22306061	3215502	0	69	-69	69	-69	69
CAGE_TSS_20029	3	-	3298520	3298548	162.7080078	3298548	0	28	-28	28	-28	28
CAGE_TSS_20033	3	-	3324987	3325202	8.038189888	3325202	0	215	-215	215	-215	215
CAGE_TSS_20038	3	-	3337386	3337324	9.348970413	3337324	0	-62	62	-62	62	62
CAGE_TSS_20042	3	-	3357616	3357741	578.0623779	3357741	0	125	-125	125	-125	125
CAGE_TSS_20046	3	-	3364649	3364755	50.60071945	3364755	0	106	-106	106	-106	106
CAGE_TSS_20048	3	-	3365415	3365481	47.43556976	3365481	0	66	-66	66	-66	66
CAGE_TSS_20050	3	-	3366463	3366545	302.4460449	3366545	0	82	-82	82	-82	82
CAGE_TSS_20054	3	-	3374201	3374233	35.50009918	3374233	0	32	-32	32	-32	32
CAGE_TSS_20059	3	-	3393331	3393258	14.16096973	3393258	0	-73	73	-73	73	73
CAGE_TSS_20063	3	-	3399572	3399669	5.226099968	3399669	0	97	-97	97	-97	97
CAGE_TSS_20065	3	-	3413866	3413859	25.1079998	3413859	0	-7	7	-7	7	7
CAGE_TSS_20068	3	-	3420831	3420605	15.00704002	3420605	0	-226	226	-226	226	226
CAGE_TSS_20071	3	-	3426790	3426851	34.42070007	3426851	0	61	-61	61	-61	61
CAGE_TSS_20073	3	-	3436227	3436367	6.361120224	3436367	0	140	-140	140	-140	140
CAGE_TSS_20081	3	-	3477375	3477323	21.12035942	3477323	0	-52	52	-52	52	52
CAGE_TSS_20087	3	-	3491870	3491905	16.54294968	3491905	0	35	-35	35	-35	35
CAGE_TSS_20090	3	-	3510556	3510632	9.622209549	3510632	0	76	-76	76	-76	76
CAGE_TSS_20091	3	-	3513058	3513333	335.3550415	3513333	0	275	-275	275	-275	275
CAGE_TSS_20098	3	-	3534808	3534906	254.1750946	3534906	0	98	-98	98	-98	98
CAGE_TSS_20101	3	-	3548836	3549021	154.7322998	3549021	0	185	-185	185	-185	185
CAGE_TSS_20102	3	-	3554832	3554811	8.816820145	3554811	0	-21	21	-21	21	21
CAGE_TSS_20106	3	-	3585789	3585959	148.5523834	3585959	0	170	-170	170	-170	170
CAGE_TSS_20108	3	-	3608073	3608034	5.33164978	3608034	0	-39	39	-39	39	39
CAGE_TSS_20109	3	-	3612364	3612362	40.74588013	3612362	0	-2	2	-2	2	2
CAGE_TSS_20112	3	-	3619942	3619929	13.94204998	3619929	0	-13	13	-13	13	13
CAGE_TSS_20123	3	-	3651330	3651355	160.090683	3651355	0	25	-25	25	-25	25
CAGE_TSS_20124	3	-	3663973	3663945	16.55213928	3663945	0	-28	28	-28	28	28
CAGE_TSS_20132	3	-	3684557	3684818	37.11333084	3684818	0	261	-261	261	-261	261
CAGE_TSS_20134	3	-	3705700	3705779	16.40339088	3705779	0	79	-79	79	-79	79
CAGE_TSS_20135	3	-	3708610	3708558	43.18761063	3708558	0	-52	52	-52	52	52
CAGE_TSS_20138	3	-	3711529	3711595	7.840099812	3711595	0	66	-66	66	-66	66
CAGE_TSS_20142	3	-	3725580	3725593	80.99360657	3725593	0	13	-13	13	-13	13
CAGE_TSS_20145	3	-	3730941	3731022	76.69026947	3731022	0	81	-81	81	-81	81
CAGE_TSS_20148	3	-	3738211	3738223	9.398610115	3738223	0	12	-12	12	-12	12
CAGE_TSS_20149	3	-	3741665	3741683	1043.999023	3741683	0	18	-18	18	-18	18
CAGE_TSS_20152	3	-	3770402	3770610	15.85116959	3770610	0	208	-208	208	-208	208
CAGE_TSS_20158	3	-	3835077	3835032	15.80405998	3835032	0	-45	45	-45	45	45
CAGE_TSS_20161	3	-	3847565	3847611	50.69723892	3847611	0	46	-46	46	-46	46
CAGE_TSS_20164	3	-	3860767	3860576	11.5527401	3860576	0	-191	191	-191	191	191
CAGE_TSS_20168	3	-	3861794	3861951	10.50092983	3861951	0	157	-157	157	-157	157
CAGE_TSS_20169	3	-	3863029	3863063	271.9764099	3863063	0	34	-34	34	-34	34
CAGE_TSS_20171	3	-	3866547	3866748	42.45132065	3866748	0	201	-201	201	-201	201
CAGE_TSS_20174	3	-	3876214	3876494	1043.449463	3876494	0	280	-280	280	-280	280
CAGE_TSS_20175	3	-	3878900	3879022	57.63908005	3879022	0	122	-122	122	-122	122
CAGE_TSS_20177	3	-	3890827	3890917	32.08549881	3890917	0	90	-90	90	-90	90
CAGE_TSS_20182	3	-	3919096	3919173	204.4511566	3919173	0	77	-77	77	-77	77
CAGE_TSS_20187	3	-	3930947	3930941	447.2097473	3930941	0	-6	6	-6	6	6
CAGE_TSS_20189	3	-	3941896	3942026	26.9789505	3942026	0	130	-130	130	-130	130
CAGE_TSS_20191	3	-	3945837	3945845	20.00052071	3945845	0	8	-8	8	-8	8
CAGE_TSS_20204	3	-	3985555	3985809	297.2900696	3985809	0	254	-254	254	-254	254
CAGE_TSS_20212	3	-	4003764	4003676	11.17012024	4003676	0	-88	88	-88	88	88
CAGE_TSS_20213	3	-	4007805	4007854	396.2927856	4007854	0	49	-49	49	-49	49
CAGE_TSS_20214	3	-	4011339	4011369	145.6927338	4011369	0	30	-30	30	-30	30
CAGE_TSS_20216	3	-	4018615	4018619	5.852829933	4018619	0	4	-4	4	-4	4
CAGE_TSS_20220	3	-	4029131	4028990	16.6392498	4028990	0	-141	141	-141	141	141
CAGE_TSS_20222	3	-	4033354	4033459	12.22912979	4033459	0	105	-105	105	-105	105
CAGE_TSS_20224	3	-	4041943	4041789	197.9571686	4041789	0	-154	154	-154	154	154
CAGE_TSS_20228	3	-	4053200	4053304	8.344880104	4053304	0	104	-104	104	-104	104
CAGE_TSS_20240	3	-	4064786	4064975	11.61211014	4064975	0	189	-189	189	-189	189
CAGE_TSS_20242	3	-	4079618	4079595	13.22192955	4079595	0	-23	23	-23	23	23
CAGE_TSS_20244	3	-	4095078	4095259	16.86272049	4095259	0	181	-181	181	-181	181
CAGE_TSS_20246	3	-	4123501	4123532	908.8170166	4123532	0	31	-31	31	-31	31
CAGE_TSS_20247	3	-	4132355	4132352	309.8248901	4132352	0	-3	3	-3	3	3
CAGE_TSS_20248	3	-	4135133	4135130	17.6322403	4135130	0	-3	3	-3	3	3
CAGE_TSS_20253	3	-	4160985	4161270	375.098175	4161270	0	285	-285	285	-285	285
CAGE_TSS_20254	3	-	4161970	4162092	234.4683075	4162092	0	122	-122	122	-122	122
CAGE_TSS_20257	3	-	4172028	4172052	16.69259071	4172052	0	24	-24	24	-24	24
CAGE_TSS_20261	3	-	4195442	4195418	6.542059898	4195418	0	-24	24	-24	24	24
CAGE_TSS_20263	3	-	4201330	4201600	778.2271118	4201600	0	270	-270	270	-270	270
CAGE_TSS_20267	3	-	4216041	4216197	42.13901138	4216197	0	156	-156	156	-156	156
CAGE_TSS_20272	3	-	4229684	4229870	12.59591007	4229870	0	186	-186	186	-186	186
CAGE_TSS_20277	3	-	4235627	4235702	34.74319839	4235702	0	75	-75	75	-75	75
CAGE_TSS_20282	3	-	4266325	4266372	10.8924799	4266372	0	47	-47	47	-47	47
CAGE_TSS_20284	3	-	4274427	4274602	12.38272953	4274602	0	175	-175	175	-175	175
CAGE_TSS_20287	3	-	4310870	4310851	34.08081818	4310851	0	-19	19	-19	19	19
CAGE_TSS_20288	3	-	4311406	4311183	19.91057014	4311183	0	-223	223	-223	223	223
CAGE_TSS_20289	3	-	4330208	4330356	13.71535969	4330356	0	148	-148	148	-148	148
CAGE_TSS_20290	3	-	4337851	4338035	98.47757721	4338035	0	184	-184	184	-184	184
CAGE_TSS_20293	3	-	4340411	4340548	64.14704895	4340548	0	137	-137	137	-137	137
CAGE_TSS_20304	3	-	4384433	4384441	93.49234009	4384441	0	8	-8	8	-8	8
CAGE_TSS_20310	3	-	4388458	4388573	246.3948059	4388573	0	115	-115	115	-115	115
CAGE_TSS_20311	3	-	4393964	4394170	248.4984131	4394170	0	206	-206	206	-206	206
CAGE_TSS_20314	3	-	4419500	4419637	16.95850945	4419637	0	137	-137	137	-137	137
CAGE_TSS_20316	3	-	4428119	4427982	5.371240139	4427982	0	-137	137	-137	137	137
CAGE_TSS_20318	3	-	4432080	4432091	8.249540329	4432091	0	11	-11	11	-11	11
CAGE_TSS_20320	3	-	4452581	4452566	428.8900146	4452566	0	-15	15	-15	15	15
CAGE_TSS_20322	3	-	4475900	4475873	5.486629963	4475873	0	-27	27	-27	27	27
CAGE_TSS_20324	3	-	4481733	4482012	98.31259918	4482012	0	279	-279	279	-279	279
CAGE_TSS_20325	3	-	4492689	4492603	9.354260445	4492603	0	-86	86	-86	86	86
CAGE_TSS_20327	3	-	4495817	4495795	28.29021072	4495795	0	-22	22	-22	22	22
CAGE_TSS_20328	3	-	4496064	4496153	45.79858017	4496153	0	89	-89	89	-89	89
CAGE_TSS_20329	3	-	4497174	4497161	13.54638958	4497161	0	-13	13	-13	13	13
CAGE_TSS_20342	3	-	4558587	4558708	5.210040092	4558708	0	121	-121	121	-121	121
CAGE_TSS_20347	3	-	4591458	4591709	22.08762932	4591709	0	251	-251	251	-251	251
CAGE_TSS_20356	3	-	4594918	4594862	25.12169075	4594862	0	-56	56	-56	56	56
CAGE_TSS_20357	3	-	4602496	4602502	21.19775963	4602502	0	6	-6	6	-6	6
CAGE_TSS_20358	3	-	4613281	4613303	11.91932011	4613303	0	22	-22	22	-22	22
CAGE_TSS_20361	3	-	4620308	4620328	41.40343857	4620328	0	20	-20	20	-20	20
CAGE_TSS_20365	3	-	4653939	4653948	25.06060028	4653948	0	9	-9	9	-9	9
CAGE_TSS_20366	3	-	4657600	4657852	92.39717865	4657852	0	252	-252	252	-252	252
CAGE_TSS_20367	3	-	4658833	4658541	23.89686966	4658541	0	-292	292	-292	292	292
CAGE_TSS_20368	3	-	4660783	4660961	72.8119278	4660961	0	178	-178	178	-178	178
CAGE_TSS_20369	3	-	4663339	4663597	11.67152977	4663597	0	258	-258	258	-258	258
CAGE_TSS_20370	3	-	4666965	4667064	27.16303062	4667064	0	99	-99	99	-99	99
CAGE_TSS_20371	3	-	4671575	4671749	97.39224243	4671749	0	174	-174	174	-174	174
CAGE_TSS_20378	3	-	4693019	4693189	185.3605652	4693189	0	170	-170	170	-170	170
CAGE_TSS_20380	3	-	4705636	4705722	60.97309875	4705722	0	86	-86	86	-86	86
CAGE_TSS_20382	3	-	4708853	4708832	142.3694	4708832	0	-21	21	-21	21	21
CAGE_TSS_20385	3	-	4714604	4714726	242.8477936	4714726	0	122	-122	122	-122	122
CAGE_TSS_20390	3	-	4731563	4731700	10.81497955	4731700	0	137	-137	137	-137	137
CAGE_TSS_20391	3	-	4739134	4739127	37.49819946	4739127	0	-7	7	-7	7	7
CAGE_TSS_20395	3	-	4774056	4774171	88.14586639	4774171	0	115	-115	115	-115	115
CAGE_TSS_20397	3	-	4775118	4774843	13.24236965	4774843	0	-275	275	-275	275	275
CAGE_TSS_20400	3	-	4787056	4787339	30.05983925	4787339	0	283	-283	283	-283	283
CAGE_TSS_20402	3	-	4799501	4799661	18.19704056	4799661	0	160	-160	160	-160	160
CAGE_TSS_20403	3	-	4815491	4815590	266.2528992	4815590	0	99	-99	99	-99	99
CAGE_TSS_20407	3	-	4833598	4833705	81.21221924	4833705	0	107	-107	107	-107	107
CAGE_TSS_20413	3	-	4907991	4908031	24.77076912	4908031	0	40	-40	40	-40	40
CAGE_TSS_20416	3	-	4927427	4927368	5.042379856	4927368	0	-59	59	-59	59	59
CAGE_TSS_20419	3	-	4955642	4955825	52.45877838	4955825	0	183	-183	183	-183	183
CAGE_TSS_20421	3	-	4959424	4959427	925.7039185	4959427	0	3	-3	3	-3	3
CAGE_TSS_20424	3	-	4970273	4970318	13.67483044	4970318	0	45	-45	45	-45	45
CAGE_TSS_20425	3	-	4974356	4974277	199.6491241	4974277	0	-79	79	-79	79	79
CAGE_TSS_20430	3	-	5001001	5001270	88.00501251	5001270	0	269	-269	269	-269	269
CAGE_TSS_20435	3	-	5066695	5066612	9.889129639	5066612	0	-83	83	-83	83	83
CAGE_TSS_20441	3	-	5087403	5087490	29.6760807	5087490	0	87	-87	87	-87	87
CAGE_TSS_20449	3	-	5141345	5141448	375.7875061	5141448	0	103	-103	103	-103	103
CAGE_TSS_20450	3	-	5148317	5148519	5.965159893	5148519	0	202	-202	202	-202	202
CAGE_TSS_20460	3	-	5181405	5181481	19.54146004	5181481	0	76	-76	76	-76	76
CAGE_TSS_20464	3	-	5216212	5216306	257.7819214	5216306	0	94	-94	94	-94	94
CAGE_TSS_20468	3	-	5227778	5227982	14.20499039	5227982	0	204	-204	204	-204	204
CAGE_TSS_20470	3	-	5252505	5252711	133.6196136	5252711	0	206	-206	206	-206	206
CAGE_TSS_20471	3	-	5254484	5254592	360.6059875	5254592	0	108	-108	108	-108	108
CAGE_TSS_20474	3	-	5275053	5275201	20.68730927	5275201	0	148	-148	148	-148	148
CAGE_TSS_20481	3	-	5293153	5293217	318.4705811	5293217	0	64	-64	64	-64	64
CAGE_TSS_20483	3	-	5297585	5297843	61.44123077	5297843	0	258	-258	258	-258	258
CAGE_TSS_20489	3	-	5324903	5325096	297.057373	5325096	0	193	-193	193	-193	193
CAGE_TSS_20490	3	-	5326171	5326313	6.741499901	5326313	0	142	-142	142	-142	142
CAGE_TSS_20494	3	-	5348476	5348263	25.10852051	5348263	0	-213	213	-213	213	213
CAGE_TSS_20495	3	-	5349271	5349306	307.6091003	5349306	0	35	-35	35	-35	35
CAGE_TSS_20504	3	-	5372247	5372276	169.3897858	5372276	0	29	-29	29	-29	29
CAGE_TSS_20505	3	-	5377013	5376755	10.81540966	5376755	0	-258	258	-258	258	258
CAGE_TSS_20506	3	-	5380821	5380947	7.20138979	5380947	0	126	-126	126	-126	126
CAGE_TSS_20508	3	-	5396929	5396927	5.256289959	5396927	0	-2	2	-2	2	2
CAGE_TSS_20518	3	-	5411114	5411028	5.355020046	5411028	0	-86	86	-86	86	86
CAGE_TSS_20527	3	-	5445147	5445385	44.45837021	5445385	0	238	-238	238	-238	238
CAGE_TSS_20528	3	-	5452347	5452575	17.75799942	5452575	0	228	-228	228	-228	228
CAGE_TSS_20530	3	-	5463759	5463746	6.004950047	5463746	0	-13	13	-13	13	13
CAGE_TSS_20533	3	-	5469465	5469540	12.14566994	5469540	0	75	-75	75	-75	75
CAGE_TSS_20534	3	-	5481055	5481042	191.416153	5481042	0	-13	13	-13	13	13
CAGE_TSS_20535	3	-	5485093	5485265	13.40264034	5485265	0	172	-172	172	-172	172
CAGE_TSS_20537	3	-	5491230	5491292	5.889929771	5491292	0	62	-62	62	-62	62
CAGE_TSS_20539	3	-	5495646	5495742	14.29794979	5495742	0	96	-96	96	-96	96
CAGE_TSS_20544	3	-	5508362	5508251	7.090260029	5508251	0	-111	111	-111	111	111
CAGE_TSS_20545	3	-	5518886	5518842	11.1135397	5518842	0	-44	44	-44	44	44
CAGE_TSS_20546	3	-	5525128	5525256	15.38187981	5525256	0	128	-128	128	-128	128
CAGE_TSS_20558	3	-	5605731	5605757	4.110839844	5605757	0	26	-26	26	-26	26
CAGE_TSS_20561	3	-	5614344	5614473	165.5966339	5614473	0	129	-129	129	-129	129
CAGE_TSS_20562	3	-	5618228	5618007	28.52552032	5618007	0	-221	221	-221	221	221
CAGE_TSS_20567	3	-	5620849	5620944	43.55558014	5620944	0	95	-95	95	-95	95
CAGE_TSS_20573	3	-	5638481	5638539	33.83015823	5638539	0	58	-58	58	-58	58
CAGE_TSS_20574	3	-	5642734	5642806	7.192989826	5642806	0	72	-72	72	-72	72
CAGE_TSS_20577	3	-	5662032	5662196	157.3118286	5662196	0	164	-164	164	-164	164
CAGE_TSS_20583	3	-	5686467	5686501	36.5182991	5686501	0	34	-34	34	-34	34
CAGE_TSS_20586	3	-	5718856	5719053	127.1986694	5719053	0	197	-197	197	-197	197
CAGE_TSS_20587	3	-	5727618	5727665	57.86579132	5727665	0	47	-47	47	-47	47
CAGE_TSS_20589	3	-	5743147	5743311	6.226200104	5743311	0	164	-164	164	-164	164
CAGE_TSS_20590	3	-	5762226	5762294	60.51536179	5762294	0	68	-68	68	-68	68
CAGE_TSS_20591	3	-	5764589	5764779	19.22624969	5764779	0	190	-190	190	-190	190
CAGE_TSS_20594	3	-	5775497	5775761	305.4468994	5775761	0	264	-264	264	-264	264
CAGE_TSS_20596	3	-	5790430	5790503	15.66292	5790503	0	73	-73	73	-73	73
CAGE_TSS_20598	3	-	5796839	5796941	6.575739861	5796941	0	102	-102	102	-102	102
CAGE_TSS_20601	3	-	5804118	5804317	7.879149914	5804317	0	199	-199	199	-199	199
CAGE_TSS_20607	3	-	5832232	5832229	151.7952423	5832229	0	-3	3	-3	3	3
CAGE_TSS_20609	3	-	5845119	5845096	68.16783905	5845096	0	-23	23	-23	23	23
CAGE_TSS_20612	3	-	5854873	5854843	6.30355978	5854843	0	-30	30	-30	30	30
CAGE_TSS_20614	3	-	5892250	5892181	5.622449875	5892181	0	-69	69	-69	69	69
CAGE_TSS_20616	3	-	5895728	5895522	7.98044014	5895522	0	-206	206	-206	206	206
CAGE_TSS_20618	3	-	5913241	5913013	97.8857193	5913013	0	-228	228	-228	228	228
CAGE_TSS_20619	3	-	5920175	5920315	9494.118164	5920315	0	140	-140	140	-140	140
CAGE_TSS_20623	3	-	5952761	5952782	8.273030281	5952782	0	21	-21	21	-21	21
CAGE_TSS_20628	3	-	5962127	5962098	40.18206024	5962098	0	-29	29	-29	29	29
CAGE_TSS_20629	3	-	5972435	5972415	118.8012466	5972415	0	-20	20	-20	20	20
CAGE_TSS_20630	3	-	5976082	5976074	14.05387974	5976074	0	-8	8	-8	8	8
CAGE_TSS_20636	3	-	5992889	5992828	6.95472002	5992828	0	-61	61	-61	61	61
CAGE_TSS_20639	3	-	6019633	6019770	11.13171005	6019770	0	137	-137	137	-137	137
CAGE_TSS_20642	3	-	6044309	6044504	31.59869003	6044504	0	195	-195	195	-195	195
CAGE_TSS_20644	3	-	6086125	6086246	69.22206879	6086246	0	121	-121	121	-121	121
CAGE_TSS_20646	3	-	6093025	6093265	392.9635315	6093265	0	240	-240	240	-240	240
CAGE_TSS_20648	3	-	6116457	6116498	289.1848145	6116498	0	41	-41	41	-41	41
CAGE_TSS_20650	3	-	6128130	6128224	126.1670685	6128224	0	94	-94	94	-94	94
CAGE_TSS_20653	3	-	6143278	6143385	28.72665024	6143385	0	107	-107	107	-107	107
CAGE_TSS_20658	3	-	6163170	6163361	4.291049957	6163361	0	191	-191	191	-191	191
CAGE_TSS_20664	3	-	6181842	6181983	259.0796814	6181983	0	141	-141	141	-141	141
CAGE_TSS_20669	3	-	6212432	6212482	8.67648983	6212482	0	50	-50	50	-50	50
CAGE_TSS_20675	3	-	6244824	6244884	6.711919785	6244884	0	60	-60	60	-60	60
CAGE_TSS_20676	3	-	6258431	6258723	6.628719807	6258723	0	292	-292	292	-292	292
CAGE_TSS_20679	3	-	6287143	6287135	29.57703972	6287135	0	-8	8	-8	8	8
CAGE_TSS_20687	3	-	6349399	6349172	137.9858856	6349172	0	-227	227	-227	227	227
CAGE_TSS_20691	3	-	6350618	6350673	44.82337189	6350673	0	55	-55	55	-55	55
CAGE_TSS_20692	3	-	6377230	6377364	25.94680977	6377364	0	134	-134	134	-134	134
CAGE_TSS_20699	3	-	6416550	6416793	135.9546204	6416793	0	243	-243	243	-243	243
CAGE_TSS_20702	3	-	6430513	6430429	58.48175049	6430429	0	-84	84	-84	84	84
CAGE_TSS_20709	3	-	6490237	6490157	25.03619003	6490157	0	-80	80	-80	80	80
CAGE_TSS_20711	3	-	6491272	6491368	108.3482666	6491368	0	96	-96	96	-96	96
CAGE_TSS_20713	3	-	6501306	6501458	288.1357117	6501458	0	152	-152	152	-152	152
CAGE_TSS_20722	3	-	6551804	6551991	105.177269	6551991	0	187	-187	187	-187	187
CAGE_TSS_20723	3	-	6555041	6555272	15.12296009	6555272	0	231	-231	231	-231	231
CAGE_TSS_20725	3	-	6557882	6558068	12.10606003	6558068	0	186	-186	186	-186	186
CAGE_TSS_20727	3	-	6564423	6564693	51.76535034	6564693	0	270	-270	270	-270	270
CAGE_TSS_20728	3	-	6611058	6610765	9.05463028	6610765	0	-293	293	-293	293	293
CAGE_TSS_20729	3	-	6614043	6614069	67.56040955	6614069	0	26	-26	26	-26	26
CAGE_TSS_20731	3	-	6617694	6617732	457.1316223	6617732	0	38	-38	38	-38	38
CAGE_TSS_20735	3	-	6631938	6632091	13.05543995	6632091	0	153	-153	153	-153	153
CAGE_TSS_20745	3	-	6715955	6715959	11.0919199	6715959	0	4	-4	4	-4	4
CAGE_TSS_20761	3	-	6820724	6820724	7.083469868	6820724	0	0	0	0	0	0
CAGE_TSS_20765	3	-	6837492	6837579	5.845310211	6837579	0	87	-87	87	-87	87
CAGE_TSS_20770	3	-	6855487	6855620	10.49672985	6855620	0	133	-133	133	-133	133
CAGE_TSS_20774	3	-	6875876	6875990	27.86565971	6875990	0	114	-114	114	-114	114
CAGE_TSS_20777	3	-	6879345	6879330	7.128759861	6879330	0	-15	15	-15	15	15
CAGE_TSS_20784	3	-	6882181	6882199	22.03157997	6882199	0	18	-18	18	-18	18
CAGE_TSS_20785	3	-	6890275	6890347	724.7351685	6890347	0	72	-72	72	-72	72
CAGE_TSS_20786	3	-	6901250	6901332	12.71411037	6901332	0	82	-82	82	-82	82
CAGE_TSS_20787	3	-	6921515	6921493	7.809619904	6921493	0	-22	22	-22	22	22
CAGE_TSS_20792	3	-	6980271	6980345	22.00709915	6980345	0	74	-74	74	-74	74
CAGE_TSS_20796	3	-	7002398	7002559	6.077089787	7002559	0	161	-161	161	-161	161
CAGE_TSS_20805	3	-	7056698	7056855	13.23373985	7056855	0	157	-157	157	-157	157
CAGE_TSS_20810	3	-	7081917	7081901	21.04161072	7081901	0	-16	16	-16	16	16
CAGE_TSS_20816	3	-	7089745	7090010	39.34828186	7090010	0	265	-265	265	-265	265
CAGE_TSS_20817	3	-	7092613	7092553	10.05093956	7092553	0	-60	60	-60	60	60
CAGE_TSS_20818	3	-	7093442	7093653	23.02033997	7093653	0	211	-211	211	-211	211
CAGE_TSS_20822	3	-	7111742	7111726	70.38407135	7111726	0	-16	16	-16	16	16
CAGE_TSS_20823	3	-	7113886	7113892	23.93211937	7113892	0	6	-6	6	-6	6
CAGE_TSS_20824	3	-	7120919	7121001	133.7203979	7121001	0	82	-82	82	-82	82
CAGE_TSS_20827	3	-	7141179	7141455	54.52301025	7141455	0	276	-276	276	-276	276
CAGE_TSS_20834	3	-	7177933	7177986	7.570159912	7177986	0	53	-53	53	-53	53
CAGE_TSS_20838	3	-	7202481	7202330	110.8200073	7202330	0	-151	151	-151	151	151
CAGE_TSS_20839	3	-	7208401	7208481	21.82792091	7208481	0	80	-80	80	-80	80
CAGE_TSS_20842	3	-	7224000	7224150	27.28624916	7224150	0	150	-150	150	-150	150
CAGE_TSS_20846	3	-	7239132	7239388	6.801650047	7239388	0	256	-256	256	-256	256
CAGE_TSS_20855	3	-	7263230	7263329	42.72571945	7263329	0	99	-99	99	-99	99
CAGE_TSS_20858	3	-	7286280	7286205	37.76142883	7286205	0	-75	75	-75	75	75
CAGE_TSS_20859	3	-	7308961	7309191	7.324550152	7309191	0	230	-230	230	-230	230
CAGE_TSS_20862	3	-	7312726	7312760	7.823490143	7312760	0	34	-34	34	-34	34
CAGE_TSS_20864	3	-	7377111	7377163	13.41448021	7377163	0	52	-52	52	-52	52
CAGE_TSS_20866	3	-	7383979	7383912	10.8823204	7383912	0	-67	67	-67	67	67
CAGE_TSS_20871	3	-	7412190	7412208	65.25016785	7412208	0	18	-18	18	-18	18
CAGE_TSS_20872	3	-	7413486	7413727	12.17352962	7413727	0	241	-241	241	-241	241
CAGE_TSS_20874	3	-	7434561	7434695	403.037323	7434695	0	134	-134	134	-134	134
CAGE_TSS_20880	3	-	7457383	7457357	20.64722061	7457357	0	-26	26	-26	26	26
CAGE_TSS_20885	3	-	7465190	7465364	322.6903687	7465364	0	174	-174	174	-174	174
CAGE_TSS_20886	3	-	7465848	7466028	6.191219807	7466028	0	180	-180	180	-180	180
CAGE_TSS_20888	3	-	7496288	7496477	12.83518982	7496477	0	189	-189	189	-189	189
CAGE_TSS_20899	3	-	7603805	7603743	10.93272018	7603743	0	-62	62	-62	62	62
CAGE_TSS_20901	3	-	7610761	7610694	10.14171028	7610694	0	-67	67	-67	67	67
CAGE_TSS_20914	3	-	7663999	7663918	7.706180096	7663918	0	-81	81	-81	81	81
CAGE_TSS_20919	3	-	7675686	7675827	8.315910339	7675827	0	141	-141	141	-141	141
CAGE_TSS_20922	3	-	7691492	7691510	7.672570229	7691510	0	18	-18	18	-18	18
CAGE_TSS_20928	3	-	7704836	7704839	29.73241043	7704839	0	3	-3	3	-3	3
CAGE_TSS_20929	3	-	7709732	7709803	69.38568115	7709803	0	71	-71	71	-71	71
CAGE_TSS_20936	3	-	7796325	7796512	430.5641479	7796512	0	187	-187	187	-187	187
CAGE_TSS_20938	3	-	7808073	7808303	1027.560913	7808303	0	230	-230	230	-230	230
CAGE_TSS_20940	3	-	7821100	7821197	45.96104813	7821197	0	97	-97	97	-97	97
CAGE_TSS_20943	3	-	7826074	7826227	21.71686935	7826227	0	153	-153	153	-153	153
CAGE_TSS_20945	3	-	7833942	7833979	116.5337524	7833979	0	37	-37	37	-37	37
CAGE_TSS_20948	3	-	7842822	7842719	8.297920227	7842719	0	-103	103	-103	103	103
CAGE_TSS_20967	3	-	7935859	7935973	10.8614502	7935973	0	114	-114	114	-114	114
CAGE_TSS_20970	3	-	7978522	7978505	35.36362839	7978505	0	-17	17	-17	17	17
CAGE_TSS_20971	3	-	7984651	7984861	38.24782944	7984861	0	210	-210	210	-210	210
CAGE_TSS_20975	3	-	7993449	7993634	111.7958527	7993634	0	185	-185	185	-185	185
CAGE_TSS_20976	3	-	7999454	7999655	31.43141937	7999655	0	201	-201	201	-201	201
CAGE_TSS_20988	3	-	8035808	8036015	36.67166901	8036015	0	207	-207	207	-207	207
CAGE_TSS_20992	3	-	8039906	8039991	18.56373978	8039991	0	85	-85	85	-85	85
CAGE_TSS_20997	3	-	8074061	8074074	44.25727844	8074074	0	13	-13	13	-13	13
CAGE_TSS_20999	3	-	8085559	8085595	8.993470192	8085595	0	36	-36	36	-36	36
CAGE_TSS_21001	3	-	8119505	8119476	10.69132042	8119476	0	-29	29	-29	29	29
CAGE_TSS_21007	3	-	8153852	8153824	31.19518089	8153824	0	-28	28	-28	28	28
CAGE_TSS_21011	3	-	8181799	8181905	393.6010132	8181905	0	106	-106	106	-106	106
CAGE_TSS_21014	3	-	8209245	8209300	134.9436188	8209300	0	55	-55	55	-55	55
CAGE_TSS_21018	3	-	8224928	8225118	107.1876602	8225118	0	190	-190	190	-190	190
CAGE_TSS_21019	3	-	8229624	8229821	86.33422089	8229821	0	197	-197	197	-197	197
CAGE_TSS_21021	3	-	8262027	8261993	15.65215015	8261993	0	-34	34	-34	34	34
CAGE_TSS_21022	3	-	8268592	8268660	67.33509827	8268660	0	68	-68	68	-68	68
CAGE_TSS_21026	3	-	8284980	8285261	50.83018875	8285261	0	281	-281	281	-281	281
CAGE_TSS_21027	3	-	8290141	8290288	15.51408958	8290288	0	147	-147	147	-147	147
CAGE_TSS_21035	3	-	8424428	8424488	204.7876434	8424488	0	60	-60	60	-60	60
CAGE_TSS_21037	3	-	8443810	8443923	17.36124992	8443923	0	113	-113	113	-113	113
CAGE_TSS_21041	3	-	8459637	8459823	89.0164032	8459823	0	186	-186	186	-186	186
CAGE_TSS_21042	3	-	8477358	8477502	65.02487183	8477502	0	144	-144	144	-144	144
CAGE_TSS_21044	3	-	8498119	8498409	1934.682983	8498409	0	290	-290	290	-290	290
CAGE_TSS_21046	3	-	8517752	8517837	36.8116188	8517837	0	85	-85	85	-85	85
CAGE_TSS_21050	3	-	8531274	8531145	225.1532745	8531145	0	-129	129	-129	129	129
CAGE_TSS_21051	3	-	8533756	8533812	58.26902008	8533812	0	56	-56	56	-56	56
CAGE_TSS_21061	3	-	8589713	8589442	6.039919853	8589442	0	-271	271	-271	271	271
CAGE_TSS_21067	3	-	8623163	8623283	171.483963	8623283	0	120	-120	120	-120	120
CAGE_TSS_21073	3	-	8678246	8678204	507.173584	8678204	0	-42	42	-42	42	42
CAGE_TSS_21074	3	-	8680822	8680783	10.97255039	8680783	0	-39	39	-39	39	39
CAGE_TSS_21076	3	-	8683288	8683239	18.54092026	8683239	0	-49	49	-49	49	49
CAGE_TSS_21081	3	-	8697122	8697053	9.477890015	8697053	0	-69	69	-69	69	69
CAGE_TSS_21082	3	-	8701026	8701199	12.90950012	8701199	0	173	-173	173	-173	173
CAGE_TSS_21084	3	-	8708187	8708157	31.64875031	8708157	0	-30	30	-30	30	30
CAGE_TSS_21086	3	-	8725917	8725892	252.0519409	8725892	0	-25	25	-25	25	25
CAGE_TSS_21095	3	-	8741729	8741724	11.96883011	8741724	0	-5	5	-5	5	5
CAGE_TSS_21101	3	-	8812481	8812576	88.32637787	8812576	0	95	-95	95	-95	95
CAGE_TSS_21106	3	-	8864908	8865056	485.6322632	8865056	0	148	-148	148	-148	148
CAGE_TSS_21110	3	-	8878422	8878429	7.451889992	8878429	0	7	-7	7	-7	7
CAGE_TSS_21114	3	-	8902797	8902716	33.9487381	8902716	0	-81	81	-81	81	81
CAGE_TSS_21116	3	-	8919101	8919138	13.97527981	8919138	0	37	-37	37	-37	37
CAGE_TSS_21121	3	-	8923072	8923097	95.3839035	8923097	0	25	-25	25	-25	25
CAGE_TSS_21126	3	-	8942515	8942520	21.96532059	8942520	0	5	-5	5	-5	5
CAGE_TSS_21127	3	-	8947936	8947931	65.64154053	8947931	0	-5	5	-5	5	5
CAGE_TSS_21132	3	-	8979712	8979863	9.275580406	8979863	0	151	-151	151	-151	151
CAGE_TSS_21140	3	-	9119573	9119740	16.60964966	9119740	0	167	-167	167	-167	167
CAGE_TSS_21142	3	-	9148515	9148577	27.45458984	9148577	0	62	-62	62	-62	62
CAGE_TSS_21149	3	-	9216489	9216572	29.00032043	9216572	0	83	-83	83	-83	83
CAGE_TSS_21164	3	-	9282604	9282732	15.43031979	9282732	0	128	-128	128	-128	128
CAGE_TSS_21167	3	-	9313503	9313642	7.71198988	9313642	0	139	-139	139	-139	139
CAGE_TSS_21171	3	-	9353092	9353240	49.49188995	9353240	0	148	-148	148	-148	148
CAGE_TSS_21172	3	-	9375674	9375761	21.85993958	9375761	0	87	-87	87	-87	87
CAGE_TSS_21178	3	-	9426048	9426108	5.337880135	9426108	0	60	-60	60	-60	60
CAGE_TSS_21179	3	-	9428191	9428363	68.76381683	9428363	0	172	-172	172	-172	172
CAGE_TSS_21185	3	-	9470084	9470175	23.52013016	9470175	0	91	-91	91	-91	91
CAGE_TSS_21186	3	-	9470927	9470732	11.05552959	9470732	0	-195	195	-195	195	195
CAGE_TSS_21199	3	-	9575152	9575192	133.4251709	9575192	0	40	-40	40	-40	40
CAGE_TSS_21200	3	-	9578923	9578822	3.798140049	9578822	0	-101	101	-101	101	101
CAGE_TSS_21201	3	-	9580029	9580049	1154.50293	9580049	0	20	-20	20	-20	20
CAGE_TSS_21211	3	-	9633189	9633035	6.96434021	9633035	0	-154	154	-154	154	154
CAGE_TSS_21216	3	-	9640879	9640893	9.800470352	9640893	0	14	-14	14	-14	14
CAGE_TSS_21217	3	-	9642782	9642771	9.757410049	9642771	0	-11	11	-11	11	11
CAGE_TSS_21223	3	-	9666184	9666155	53.20114136	9666155	0	-29	29	-29	29	29
CAGE_TSS_21235	3	-	9712658	9712625	33.02397156	9712625	0	-33	33	-33	33	33
CAGE_TSS_21236	3	-	9722875	9722787	15.32250977	9722787	0	-88	88	-88	88	88
CAGE_TSS_21237	3	-	9723764	9723660	31.64875031	9723660	0	-104	104	-104	104	104
CAGE_TSS_21242	3	-	9753772	9753943	13.34595966	9753943	0	171	-171	171	-171	171
CAGE_TSS_21244	3	-	9765314	9765433	35.83858109	9765433	0	119	-119	119	-119	119
CAGE_TSS_21249	3	-	9805725	9805706	19.16356087	9805706	0	-19	19	-19	19	19
CAGE_TSS_21250	3	-	9827353	9827578	23.29710007	9827578	0	225	-225	225	-225	225
CAGE_TSS_21253	3	-	9835248	9835225	285.2408752	9835225	0	-23	23	-23	23	23
CAGE_TSS_21255	3	-	9860877	9860974	5.337880135	9860974	0	97	-97	97	-97	97
CAGE_TSS_21259	3	-	9898000	9898194	7.897850037	9898194	0	194	-194	194	-194	194
CAGE_TSS_21266	3	-	9918805	9918839	7.03632021	9918839	0	34	-34	34	-34	34
CAGE_TSS_21269	3	-	9932118	9932092	43.75497055	9932092	0	-26	26	-26	26	26
CAGE_TSS_21272	3	-	9935431	9935252	5.695449829	9935252	0	-179	179	-179	179	179
CAGE_TSS_21274	3	-	9943445	9943597	74.64108276	9943597	0	152	-152	152	-152	152
CAGE_TSS_21275	3	-	9945567	9945799	146.9713745	9945799	0	232	-232	232	-232	232
CAGE_TSS_21277	3	-	9947998	9948039	66.21714783	9948039	0	41	-41	41	-41	41
CAGE_TSS_21279	3	-	9955912	9955950	5.271420002	9955950	0	38	-38	38	-38	38
CAGE_TSS_21282	3	-	9964573	9964754	73.58664703	9964754	0	181	-181	181	-181	181
CAGE_TSS_21298	3	-	9986597	9986752	38.24782944	9986752	0	155	-155	155	-155	155
CAGE_TSS_21303	3	-	10030081	10030068	5.23774004	10030068	0	-13	13	-13	13	13
CAGE_TSS_21306	3	-	10047340	10047359	35.83858109	10047359	0	19	-19	19	-19	19
CAGE_TSS_21309	3	-	10053604	10053690	32.08705902	10053690	0	86	-86	86	-86	86
CAGE_TSS_21323	3	-	10119675	10119627	5.138559818	10119627	0	-48	48	-48	48	48
CAGE_TSS_21324	3	-	10128586	10128623	155.1730652	10128623	0	37	-37	37	-37	37
CAGE_TSS_21325	3	-	10129936	10129859	5.443669796	10129859	0	-77	77	-77	77	77
CAGE_TSS_21329	3	-	10136536	10136506	36.5434494	10136506	0	-30	30	-30	30	30
CAGE_TSS_21338	3	-	10216651	10216725	7.478439808	10216725	0	74	-74	74	-74	74
CAGE_TSS_21339	3	-	10219873	10220073	30.63316917	10220073	0	200	-200	200	-200	200
CAGE_TSS_21343	3	-	10261947	10261904	10.29555035	10261904	0	-43	43	-43	43	43
CAGE_TSS_21349	3	-	10287741	10287922	233.0572357	10287922	0	181	-181	181	-181	181
CAGE_TSS_21360	3	-	10383037	10383002	53.83967972	10383002	0	-35	35	-35	35	35
CAGE_TSS_21361	3	-	10398188	10398118	7.540359974	10398118	0	-70	70	-70	70	70
CAGE_TSS_21363	3	-	10409715	10409890	722.8119507	10409890	0	175	-175	175	-175	175
CAGE_TSS_21365	3	-	10470185	10470128	14.42070961	10470128	0	-57	57	-57	57	57
CAGE_TSS_21368	3	-	10507348	10507423	19.20935059	10507423	0	75	-75	75	-75	75
CAGE_TSS_21370	3	-	10590551	10590612	459.9801331	10590612	0	61	-61	61	-61	61
CAGE_TSS_21371	3	-	10598966	10598978	69.16760254	10598978	0	12	-12	12	-12	12
CAGE_TSS_21372	3	-	10655353	10655622	12.78050995	10655622	0	269	-269	269	-269	269
CAGE_TSS_21376	3	-	10678288	10678470	11.74250984	10678470	0	182	-182	182	-182	182
CAGE_TSS_21393	3	-	10795303	10795335	10.63158035	10795335	0	32	-32	32	-32	32
CAGE_TSS_21401	3	-	10875251	10875300	11.34463024	10875300	0	49	-49	49	-49	49
CAGE_TSS_21402	3	-	10877503	10877505	32.10474014	10877505	0	2	-2	2	-2	2
CAGE_TSS_21409	3	-	10941751	10941913	47.37781906	10941913	0	162	-162	162	-162	162
CAGE_TSS_21415	3	-	10968784	10968927	29.31241035	10968927	0	143	-143	143	-143	143
CAGE_TSS_21426	3	-	10982706	10982741	10.79216003	10982741	0	35	-35	35	-35	35
CAGE_TSS_21434	3	-	11052678	11052686	11.67014027	11052686	0	8	-8	8	-8	8
CAGE_TSS_21439	3	-	11103885	11103933	19.54018021	11103933	0	48	-48	48	-48	48
CAGE_TSS_21443	3	-	11132064	11132107	19.16356087	11132107	0	43	-43	43	-43	43
CAGE_TSS_21446	3	-	11139119	11139048	7.877160072	11139048	0	-71	71	-71	71	71
CAGE_TSS_21451	3	-	11166318	11166399	19.07028961	11166399	0	81	-81	81	-81	81
CAGE_TSS_21455	3	-	11194899	11194827	8.563799858	11194827	0	-72	72	-72	72	72
CAGE_TSS_21461	3	-	11265523	11265534	132.7871399	11265534	0	11	-11	11	-11	11
CAGE_TSS_21467	3	-	11269227	11269350	20.50577927	11269350	0	123	-123	123	-123	123
CAGE_TSS_21472	3	-	11383957	11384043	235.7109528	11384043	0	86	-86	86	-86	86
CAGE_TSS_21491	3	-	11592331	11592348	33.58448029	11592348	0	17	-17	17	-17	17
CAGE_TSS_21500	3	-	11924312	11924395	21.76538086	11924395	0	83	-83	83	-83	83
CAGE_TSS_21520	3	-	12358005	12358089	6.23800993	12358089	0	84	-84	84	-84	84
CAGE_TSS_21589	3	-	14095548	14095513	24.6925602	14095513	0	-35	35	-35	35	35
CAGE_TSS_21607	3	-	14321630	14321745	6.965809822	14321745	0	115	-115	115	-115	115
CAGE_TSS_21649	3	-	14879712	14879729	14.99685955	14879729	0	17	-17	17	-17	17
CAGE_TSS_21657	3	-	15092309	15092581	93.9451828	15092581	0	272	-272	272	-272	272
CAGE_TSS_21690	3	-	15617143	15617103	30.74404907	15617103	0	-40	40	-40	40	40
CAGE_TSS_21697	3	-	15666430	15666628	233.0869293	15666628	0	198	-198	198	-198	198
CAGE_TSS_21704	3	-	15779298	15779360	9.398610115	15779360	0	62	-62	62	-62	62
CAGE_TSS_21713	3	-	15867297	15867527	35.91413879	15867527	0	230	-230	230	-230	230
CAGE_TSS_21716	3	-	15871161	15871355	191.4543304	15871355	0	194	-194	194	-194	194
CAGE_TSS_21718	3	-	15891951	15892045	139.3510742	15892045	0	94	-94	94	-94	94
CAGE_TSS_21721	3	-	15903448	15903584	19.18588066	15903584	0	136	-136	136	-136	136
CAGE_TSS_21726	3	-	15953083	15953105	61.15700912	15953105	0	22	-22	22	-22	22
CAGE_TSS_21730	3	-	15971115	15971233	5.760789871	15971233	0	118	-118	118	-118	118
CAGE_TSS_21736	3	-	16035149	16035023	5.567470074	16035023	0	-126	126	-126	126	126
CAGE_TSS_21737	3	-	16036872	16037069	150.7074432	16037069	0	197	-197	197	-197	197
CAGE_TSS_21739	3	-	16049687	16049776	13.40657043	16049776	0	89	-89	89	-89	89
CAGE_TSS_21741	3	-	16068797	16068839	10.16098976	16068839	0	42	-42	42	-42	42
CAGE_TSS_21752	3	-	16192186	16192208	119.7300873	16192208	0	22	-22	22	-22	22
CAGE_TSS_21753	3	-	16229920	16230093	5.398900032	16230093	0	173	-173	173	-173	173
CAGE_TSS_21759	3	-	16342872	16342809	15.45995045	16342809	0	-63	63	-63	63	63
CAGE_TSS_21760	3	-	16364585	16364833	29.80361938	16364833	0	248	-248	248	-248	248
CAGE_TSS_21767	3	-	16448763	16448778	229.7541046	16448778	0	15	-15	15	-15	15
CAGE_TSS_21771	3	-	16475749	16475773	24.55036926	16475773	0	24	-24	24	-24	24
CAGE_TSS_21776	3	-	16524170	16524346	75.04612732	16524346	0	176	-176	176	-176	176
CAGE_TSS_21777	3	-	16533995	16534259	31.64875031	16534259	0	264	-264	264	-264	264
CAGE_TSS_21782	3	-	16598629	16598639	18.7898407	16598639	0	10	-10	10	-10	10
CAGE_TSS_21786	3	-	16624875	16624953	8.245149612	16624953	0	78	-78	78	-78	78
CAGE_TSS_21790	3	-	16660233	16660218	11.29316044	16660218	0	-15	15	-15	15	15
CAGE_TSS_21793	3	-	16669574	16669514	6.485849857	16669514	0	-60	60	-60	60	60
CAGE_TSS_21801	3	-	16734822	16734696	18.59197998	16734696	0	-126	126	-126	126	126
CAGE_TSS_21803	3	-	16735928	16735988	11.22801971	16735988	0	60	-60	60	-60	60
CAGE_TSS_21804	3	-	16740440	16740455	7.30284977	16740455	0	15	-15	15	-15	15
CAGE_TSS_21821	3	-	16876021	16876072	23.05673027	16876072	0	51	-51	51	-51	51
CAGE_TSS_21823	3	-	16898008	16897889	22.0994091	16897889	0	-119	119	-119	119	119
CAGE_TSS_21825	3	-	16908894	16908950	7.167759895	16908950	0	56	-56	56	-56	56
CAGE_TSS_21857	3	-	17095567	17095676	22.63002968	17095676	0	109	-109	109	-109	109
CAGE_TSS_21861	3	-	17126667	17126668	12.59375954	17126668	0	1	-1	1	-1	1
CAGE_TSS_21862	3	-	17133363	17133449	83.12419128	17133449	0	86	-86	86	-86	86
CAGE_TSS_21869	3	-	17137950	17138019	129.0050964	17138019	0	69	-69	69	-69	69
CAGE_TSS_21878	3	-	17194309	17194501	16.49332047	17194501	0	192	-192	192	-192	192
CAGE_TSS_21887	3	-	17234034	17234127	46.52433014	17234127	0	93	-93	93	-93	93
CAGE_TSS_21892	3	-	17248675	17248781	19.50139999	17248781	0	106	-106	106	-106	106
CAGE_TSS_21894	3	-	17255184	17255397	308.594635	17255397	0	213	-213	213	-213	213
CAGE_TSS_21895	3	-	17267090	17267250	13.33036041	17267250	0	160	-160	160	-160	160
CAGE_TSS_21899	3	-	17284945	17285103	7.498929977	17285103	0	158	-158	158	-158	158
CAGE_TSS_21905	3	-	17309936	17310046	104.9444733	17310046	0	110	-110	110	-110	110
CAGE_TSS_21906	3	-	17316558	17316572	21.79066086	17316572	0	14	-14	14	-14	14
CAGE_TSS_21907	3	-	17319540	17319670	43.07474899	17319670	0	130	-130	130	-130	130
CAGE_TSS_21911	3	-	17337562	17337556	8.549329758	17337556	0	-6	6	-6	6	6
CAGE_TSS_21912	3	-	17340381	17340425	39.73497009	17340425	0	44	-44	44	-44	44
CAGE_TSS_21913	3	-	17344714	17344883	14.70296955	17344883	0	169	-169	169	-169	169
CAGE_TSS_21915	3	-	17352773	17352887	12.3961401	17352887	0	114	-114	114	-114	114
CAGE_TSS_21918	3	-	17361961	17362246	9.310090065	17362246	0	285	-285	285	-285	285
CAGE_TSS_21923	3	-	17401820	17401895	53.29024124	17401895	0	75	-75	75	-75	75
CAGE_TSS_21928	3	-	17441238	17441295	205.1113129	17441295	0	57	-57	57	-57	57
CAGE_TSS_21931	3	-	17454690	17454891	8.74227047	17454891	0	201	-201	201	-201	201
CAGE_TSS_21948	3	-	17506053	17506151	27.65568924	17506151	0	98	-98	98	-98	98
CAGE_TSS_21952	3	-	17526994	17526988	7.848529816	17526988	0	-6	6	-6	6	6
CAGE_TSS_21955	3	-	17551173	17551359	19.54018021	17551359	0	186	-186	186	-186	186
CAGE_TSS_21957	3	-	17565478	17565539	19.91970062	17565539	0	61	-61	61	-61	61
CAGE_TSS_21961	3	-	17586606	17586662	15.41394997	17586662	0	56	-56	56	-56	56
CAGE_TSS_21962	3	-	17598897	17599004	24.20006943	17599004	0	107	-107	107	-107	107
CAGE_TSS_21969	3	-	17655946	17655911	7.291009903	17655911	0	-35	35	-35	35	35
CAGE_TSS_21971	3	-	17658287	17658354	6.178369999	17658354	0	67	-67	67	-67	67
CAGE_TSS_21972	3	-	17673770	17673736	5.662809849	17673736	0	-34	34	-34	34	34
CAGE_TSS_21973	3	-	17681711	17681724	15.74909019	17681724	0	13	-13	13	-13	13
CAGE_TSS_21974	3	-	17689519	17689601	63.61708069	17689601	0	82	-82	82	-82	82
CAGE_TSS_21977	3	-	17700767	17700877	366.6329956	17700877	0	110	-110	110	-110	110
CAGE_TSS_21984	3	-	17719914	17720098	269.5084229	17720098	0	184	-184	184	-184	184
CAGE_TSS_21986	3	-	17727988	17728238	9.889129639	17728238	0	250	-250	250	-250	250
CAGE_TSS_21987	3	-	17739720	17739889	201.4128723	17739889	0	169	-169	169	-169	169
CAGE_TSS_21988	3	-	17748704	17748812	1115.53186	17748812	0	108	-108	108	-108	108
CAGE_TSS_21990	3	-	17757755	17757855	1205.212769	17757855	0	100	-100	100	-100	100
CAGE_TSS_21993	3	-	17772035	17771906	7.083469868	17771906	0	-129	129	-129	129	129
CAGE_TSS_21999	3	-	17790007	17789941	16.35601997	17789941	0	-66	66	-66	66	66
CAGE_TSS_22000	3	-	17790819	17790645	95.24993896	17790645	0	-174	174	-174	174	174
CAGE_TSS_22001	3	-	17793626	17793739	11.04354	17793739	0	113	-113	113	-113	113
CAGE_TSS_22003	3	-	17837513	17837640	49.71831131	17837640	0	127	-127	127	-127	127
CAGE_TSS_22010	3	-	17894134	17894152	23.21027946	17894152	0	18	-18	18	-18	18
CAGE_TSS_22011	3	-	17910523	17910678	203.2233429	17910678	0	155	-155	155	-155	155
CAGE_TSS_22016	3	-	17968537	17968547	139.8378448	17968547	0	10	-10	10	-10	10
CAGE_TSS_22017	3	-	17976669	17976890	1470.777832	17976890	0	221	-221	221	-221	221
CAGE_TSS_22025	3	-	18003576	18003649	10.76187992	18003649	0	73	-73	73	-73	73
CAGE_TSS_22027	3	-	18009938	18009925	22.90410042	18009925	0	-13	13	-13	13	13
CAGE_TSS_22029	3	-	18014093	18014201	46.88603973	18014201	0	108	-108	108	-108	108
CAGE_TSS_22031	3	-	18022620	18022734	98.06118774	18022734	0	114	-114	114	-114	114
CAGE_TSS_22034	3	-	18038199	18038383	7557.044434	18038383	0	184	-184	184	-184	184
CAGE_TSS_22041	3	-	18092311	18092327	56.46075821	18092327	0	16	-16	16	-16	16
CAGE_TSS_22050	3	-	18126614	18126679	24.73119926	18126679	0	65	-65	65	-65	65
CAGE_TSS_22065	3	-	18161348	18161283	7.036859989	18161283	0	-65	65	-65	65	65
CAGE_TSS_22072	3	-	18191930	18191973	32.24803925	18191973	0	43	-43	43	-43	43
CAGE_TSS_22077	3	-	18215618	18215630	7.57833004	18215630	0	12	-12	12	-12	12
CAGE_TSS_22079	3	-	18224884	18224951	10.49419975	18224951	0	67	-67	67	-67	67
CAGE_TSS_22082	3	-	18241242	18241249	11.34463024	18241249	0	7	-7	7	-7	7
CAGE_TSS_22083	3	-	18260945	18261031	74.19687653	18261031	0	86	-86	86	-86	86
CAGE_TSS_22085	3	-	18290652	18290854	34.92272186	18290854	0	202	-202	202	-202	202
CAGE_TSS_22087	3	-	18300204	18300273	29.5241394	18300273	0	69	-69	69	-69	69
CAGE_TSS_22089	3	-	18307988	18308101	6.95472002	18308101	0	113	-113	113	-113	113
CAGE_TSS_22091	3	-	18317987	18317964	8.527910233	18317964	0	-23	23	-23	23	23
CAGE_TSS_22095	3	-	18364924	18364935	152.5345459	18364935	0	11	-11	11	-11	11
CAGE_TSS_22097	3	-	18373023	18373119	8.380579948	18373119	0	96	-96	96	-96	96
CAGE_TSS_22107	3	-	18389565	18389558	5.80189991	18389558	0	-7	7	-7	7	7
CAGE_TSS_22110	3	-	18409703	18409789	5.779910088	18409789	0	86	-86	86	-86	86
CAGE_TSS_22115	3	-	18442193	18442185	12.48200989	18442185	0	-8	8	-8	8	8
CAGE_TSS_22116	3	-	18445456	18445739	41.14442062	18445739	0	283	-283	283	-283	283
CAGE_TSS_22119	3	-	18456124	18456283	9.033619881	18456283	0	159	-159	159	-159	159
CAGE_TSS_22124	3	-	18476824	18477096	12.50870991	18477096	0	272	-272	272	-272	272
CAGE_TSS_22128	3	-	18502678	18502802	89.6470108	18502802	0	124	-124	124	-124	124
CAGE_TSS_22132	3	-	18516149	18516171	233.6661682	18516171	0	22	-22	22	-22	22
CAGE_TSS_22146	3	-	18566779	18566980	750.1889648	18566980	0	201	-201	201	-201	201
CAGE_TSS_22150	3	-	18616435	18616354	36.92763138	18616354	0	-81	81	-81	81	81
CAGE_TSS_22154	3	-	18666687	18666699	116.9402084	18666699	0	12	-12	12	-12	12
CAGE_TSS_22155	3	-	18684346	18684307	12.40629959	18684307	0	-39	39	-39	39	39
CAGE_TSS_22160	3	-	18718398	18718492	25.53757095	18718492	0	94	-94	94	-94	94
CAGE_TSS_22166	3	-	18744068	18744034	12.58285046	18744034	0	-34	34	-34	34	34
CAGE_TSS_22170	3	-	18786887	18786978	9.275520325	18786978	0	91	-91	91	-91	91
CAGE_TSS_22174	3	-	18817244	18817227	5.261000156	18817227	0	-17	17	-17	17	17
CAGE_TSS_22181	3	-	18837375	18837518	25.62310028	18837518	0	143	-143	143	-143	143
CAGE_TSS_22186	3	-	18863197	18863326	442.0975342	18863326	0	129	-129	129	-129	129
CAGE_TSS_22187	3	-	18877634	18877810	177.9810944	18877810	0	176	-176	176	-176	176
CAGE_TSS_22194	3	-	18892339	18892454	30.05997086	18892454	0	115	-115	115	-115	115
CAGE_TSS_22196	3	-	18893642	18893735	34.78432846	18893735	0	93	-93	93	-93	93
CAGE_TSS_22197	3	-	18895494	18895560	67.64311981	18895560	0	66	-66	66	-66	66
CAGE_TSS_22200	3	-	18902150	18902150	22.83112907	18902150	0	0	0	0	0	0
CAGE_TSS_22210	3	-	18979973	18980010	328.553894	18980010	0	37	-37	37	-37	37
CAGE_TSS_22213	3	-	18991997	18992104	5.640120029	18992104	0	107	-107	107	-107	107
CAGE_TSS_22214	3	-	18999467	18999722	12.94431019	18999722	0	255	-255	255	-255	255
CAGE_TSS_22215	3	-	19008421	19008398	7.996109962	19008398	0	-23	23	-23	23	23
CAGE_TSS_22218	3	-	19049379	19049641	23.80780029	19049641	0	262	-262	262	-262	262
CAGE_TSS_22224	3	-	19082139	19082126	10.50642014	19082126	0	-13	13	-13	13	13
CAGE_TSS_22225	3	-	19099265	19099290	10.50329971	19099290	0	25	-25	25	-25	25
CAGE_TSS_22234	3	-	19139178	19139286	22.97945023	19139286	0	108	-108	108	-108	108
CAGE_TSS_22238	3	-	19165167	19165388	86.84986877	19165388	0	221	-221	221	-221	221
CAGE_TSS_22240	3	-	19197344	19197581	103.4863434	19197581	0	237	-237	237	-237	237
CAGE_TSS_22242	3	-	19204431	19204579	129.0720062	19204579	0	148	-148	148	-148	148
CAGE_TSS_22251	3	-	19213646	19213735	27.35306931	19213735	0	89	-89	89	-89	89
CAGE_TSS_22254	3	-	19219014	19218968	19.20335007	19218968	0	-46	46	-46	46	46
CAGE_TSS_22259	3	-	19229060	19229252	34.39768982	19229252	0	192	-192	192	-192	192
CAGE_TSS_22266	3	-	19249050	19249010	5.475049973	19249010	0	-40	40	-40	40	40
CAGE_TSS_22267	3	-	19250930	19251034	25.29479027	19251034	0	104	-104	104	-104	104
CAGE_TSS_22268	3	-	19255759	19255692	16.04356003	19255692	0	-67	67	-67	67	67
CAGE_TSS_22274	3	-	19281301	19281458	103.5326309	19281458	0	157	-157	157	-157	157
CAGE_TSS_22277	3	-	19287562	19287571	539.6255493	19287571	0	9	-9	9	-9	9
CAGE_TSS_22281	3	-	19312101	19312235	93.4464798	19312235	0	134	-134	134	-134	134
CAGE_TSS_22289	3	-	19325653	19325791	8.1876297	19325791	0	138	-138	138	-138	138
CAGE_TSS_22292	3	-	19353528	19353666	377.0147095	19353666	0	138	-138	138	-138	138
CAGE_TSS_22294	3	-	19357088	19357074	19.65372086	19357074	0	-14	14	-14	14	14
CAGE_TSS_22298	3	-	19371046	19371162	24.12339973	19371162	0	116	-116	116	-116	116
CAGE_TSS_22309	3	-	19447872	19447731	9.673689842	19447731	0	-141	141	-141	141	141
CAGE_TSS_22310	3	-	19453108	19453303	298.8341064	19453303	0	195	-195	195	-195	195
CAGE_TSS_22311	3	-	19458953	19459065	7.976910114	19459065	0	112	-112	112	-112	112
CAGE_TSS_22313	3	-	19467142	19467337	47.90518188	19467337	0	195	-195	195	-195	195
CAGE_TSS_22315	3	-	19489612	19489704	34.18587875	19489704	0	92	-92	92	-92	92
CAGE_TSS_22318	3	-	19496044	19496098	21.07538033	19496098	0	54	-54	54	-54	54
CAGE_TSS_22322	3	-	19540626	19540720	247.177124	19540720	0	94	-94	94	-94	94
CAGE_TSS_22323	3	-	19541177	19541193	6.711919785	19541193	0	16	-16	16	-16	16
CAGE_TSS_22327	3	-	19546958	19546774	17.56296921	19546774	0	-184	184	-184	184	184
CAGE_TSS_22331	3	-	19553054	19552938	8.007289886	19552938	0	-116	116	-116	116	116
CAGE_TSS_22334	3	-	19559164	19559334	219.8878326	19559334	0	170	-170	170	-170	170
CAGE_TSS_22339	3	-	19592764	19592668	12.72486019	19592668	0	-96	96	-96	96	96
CAGE_TSS_22340	3	-	19595818	19595597	20.45581055	19595597	0	-221	221	-221	221	221
CAGE_TSS_22350	3	-	19604419	19604583	344.0690002	19604583	0	164	-164	164	-164	164
CAGE_TSS_22352	3	-	19615733	19615777	17.6802597	19615777	0	44	-44	44	-44	44
CAGE_TSS_22353	3	-	19618355	19618357	75.68453217	19618357	0	2	-2	2	-2	2
CAGE_TSS_22357	3	-	19628938	19629036	80.01925659	19629036	0	98	-98	98	-98	98
CAGE_TSS_22358	3	-	19633214	19633360	29.93420982	19633360	0	146	-146	146	-146	146
CAGE_TSS_22359	3	-	19657977	19658124	14.38290024	19658124	0	147	-147	147	-147	147
CAGE_TSS_22363	3	-	19661980	19662078	16.51758003	19662078	0	98	-98	98	-98	98
CAGE_TSS_22366	3	-	19692630	19692628	5.744999886	19692628	0	-2	2	-2	2	2
CAGE_TSS_22370	3	-	19731426	19731344	4.245230198	19731344	0	-82	82	-82	82	82
CAGE_TSS_22373	3	-	19745997	19746008	28.19564056	19746008	0	11	-11	11	-11	11
CAGE_TSS_22377	3	-	19768424	19768495	10.4028101	19768495	0	71	-71	71	-71	71
CAGE_TSS_22378	3	-	19772371	19772411	6.88338995	19772411	0	40	-40	40	-40	40
CAGE_TSS_22385	3	-	19791489	19791519	117.9569473	19791519	0	30	-30	30	-30	30
CAGE_TSS_22387	3	-	19804246	19804283	5.059060097	19804283	0	37	-37	37	-37	37
CAGE_TSS_22388	3	-	19804719	19804694	6.066130161	19804694	0	-25	25	-25	25	25
CAGE_TSS_22389	3	-	19805512	19805516	14.25730038	19805516	0	4	-4	4	-4	4
CAGE_TSS_22390	3	-	19810467	19810437	9.199379921	19810437	0	-30	30	-30	30	30
CAGE_TSS_22391	3	-	19815650	19815842	194.7887268	19815842	0	192	-192	192	-192	192
CAGE_TSS_22395	3	-	19821502	19821532	23.1875	19821532	0	30	-30	30	-30	30
CAGE_TSS_22401	3	-	19837010	19837114	19.18144989	19837114	0	104	-104	104	-104	104
CAGE_TSS_22403	3	-	19850934	19851077	58.87149048	19851077	0	143	-143	143	-143	143
CAGE_TSS_22404	3	-	19861019	19861130	5.037099838	19861130	0	111	-111	111	-111	111
CAGE_TSS_22413	3	-	19905503	19905450	12.03472996	19905450	0	-53	53	-53	53	53
CAGE_TSS_22414	3	-	19910111	19909957	28.88212967	19909957	0	-154	154	-154	154	154
CAGE_TSS_22416	3	-	19913036	19912915	10.07024002	19912915	0	-121	121	-121	121	121
CAGE_TSS_22420	3	-	19922328	19922343	16.30454063	19922343	0	15	-15	15	-15	15
CAGE_TSS_22422	3	-	19926848	19926882	59.15895081	19926882	0	34	-34	34	-34	34
CAGE_TSS_22423	3	-	19935232	19935328	23.64127922	19935328	0	96	-96	96	-96	96
CAGE_TSS_22424	3	-	19949265	19949212	12.1573801	19949212	0	-53	53	-53	53	53
CAGE_TSS_22435	3	-	19973768	19973875	9.304989815	19973875	0	107	-107	107	-107	107
CAGE_TSS_22440	3	-	19991082	19991256	19.16356087	19991256	0	174	-174	174	-174	174
CAGE_TSS_22447	3	-	20042313	20042444	8.742219925	20042444	0	131	-131	131	-131	131
CAGE_TSS_22449	3	-	20048571	20048743	41.25328827	20048743	0	172	-172	172	-172	172
CAGE_TSS_22454	3	-	20084696	20084881	8.681019783	20084881	0	185	-185	185	-185	185
CAGE_TSS_22458	3	-	20106036	20106262	53.4560585	20106262	0	226	-226	226	-226	226
CAGE_TSS_22460	3	-	20110640	20110711	14.69873047	20110711	0	71	-71	71	-71	71
CAGE_TSS_22466	3	-	20132821	20132673	30.41319084	20132673	0	-148	148	-148	148	148
CAGE_TSS_22467	3	-	20133709	20133640	30.05079079	20133640	0	-69	69	-69	69	69
CAGE_TSS_22469	3	-	20136802	20136908	5.951010227	20136908	0	106	-106	106	-106	106
CAGE_TSS_22474	3	-	20148126	20148149	97.47236633	20148149	0	23	-23	23	-23	23
CAGE_TSS_22475	3	-	20157137	20157178	11.24326038	20157178	0	41	-41	41	-41	41
CAGE_TSS_22476	3	-	20167312	20167346	9.4167099	20167346	0	34	-34	34	-34	34
CAGE_TSS_22480	3	-	20173409	20173361	14.12506008	20173361	0	-48	48	-48	48	48
CAGE_TSS_22487	3	-	20179219	20179246	128.5353851	20179246	0	27	-27	27	-27	27
CAGE_TSS_22499	3	-	20211312	20211352	6.965809822	20211352	0	40	-40	40	-40	40
CAGE_TSS_22502	3	-	20220388	20220421	47.61725998	20220421	0	33	-33	33	-33	33
CAGE_TSS_22508	3	-	20228948	20229209	14.48178959	20229209	0	261	-261	261	-261	261
CAGE_TSS_22512	3	-	20233184	20233200	109.0311508	20233200	0	16	-16	16	-16	16
CAGE_TSS_22514	3	-	20257846	20257770	8.491920471	20257770	0	-76	76	-76	76	76
CAGE_TSS_22522	3	-	20285133	20285218	582.1141357	20285218	0	85	-85	85	-85	85
CAGE_TSS_22528	3	-	20338522	20338408	66.4450531	20338408	0	-114	114	-114	114	114
CAGE_TSS_22533	3	-	20342390	20342495	14.21675014	20342495	0	105	-105	105	-105	105
CAGE_TSS_22537	3	-	20361121	20361250	23.7497406	20361250	0	129	-129	129	-129	129
CAGE_TSS_22538	3	-	20366841	20366991	5.742450237	20366991	0	150	-150	150	-150	150
CAGE_TSS_22539	3	-	20370097	20370154	11.32470989	20370154	0	57	-57	57	-57	57
CAGE_TSS_22540	3	-	20376673	20376668	655.4106445	20376668	0	-5	5	-5	5	5
CAGE_TSS_22541	3	-	20394867	20394980	11.37314034	20394980	0	113	-113	113	-113	113
CAGE_TSS_22544	3	-	20400345	20400333	12.82437992	20400333	0	-12	12	-12	12	12
CAGE_TSS_22545	3	-	20402470	20402500	60.3621788	20402500	0	30	-30	30	-30	30
CAGE_TSS_22552	3	-	20431465	20431478	26.79607964	20431478	0	13	-13	13	-13	13
CAGE_TSS_22564	3	-	20474758	20474795	106.341011	20474795	0	37	-37	37	-37	37
CAGE_TSS_22568	3	-	20522899	20522968	91.1138916	20522968	0	69	-69	69	-69	69
CAGE_TSS_22571	3	-	20552091	20552223	112.7957077	20552223	0	132	-132	132	-132	132
CAGE_TSS_22572	3	-	20571234	20571316	8.224450111	20571316	0	82	-82	82	-82	82
CAGE_TSS_22576	3	-	20597607	20597556	13.54899025	20597556	0	-51	51	-51	51	51
CAGE_TSS_22577	3	-	20605910	20606002	289.1358337	20606002	0	92	-92	92	-92	92
CAGE_TSS_22584	3	-	20684051	20684151	36.88330078	20684151	0	100	-100	100	-100	100
CAGE_TSS_22585	3	-	20725522	20725806	287.9460449	20725806	0	284	-284	284	-284	284
CAGE_TSS_22588	3	-	20762995	20763172	19.16356087	20763172	0	177	-177	177	-177	177
CAGE_TSS_22594	3	-	20797497	20797727	34.15203094	20797727	0	230	-230	230	-230	230
CAGE_TSS_22596	3	-	20800895	20800927	30.45202065	20800927	0	32	-32	32	-32	32
CAGE_TSS_22597	3	-	20806016	20806085	279.0382996	20806085	0	69	-69	69	-69	69
CAGE_TSS_22600	3	-	20813022	20813118	23.9758091	20813118	0	96	-96	96	-96	96
CAGE_TSS_22603	3	-	20816031	20816150	9.06319046	20816150	0	119	-119	119	-119	119
CAGE_TSS_22611	3	-	20841676	20841842	21.76728058	20841842	0	166	-166	166	-166	166
CAGE_TSS_22625	3	-	20864486	20864646	70.05738831	20864646	0	160	-160	160	-160	160
CAGE_TSS_22627	3	-	20878968	20878827	30.14681053	20878827	0	-141	141	-141	141	141
CAGE_TSS_22628	3	-	20879567	20879592	96.54644775	20879592	0	25	-25	25	-25	25
CAGE_TSS_22630	3	-	20890053	20890026	6.53057003	20890026	0	-27	27	-27	27	27
CAGE_TSS_22633	3	-	20893414	20893463	6.650569916	20893463	0	49	-49	49	-49	49
CAGE_TSS_22638	3	-	20910476	20910431	63.08916092	20910431	0	-45	45	-45	45	45
CAGE_TSS_22640	3	-	20925849	20925934	16.85972023	20925934	0	85	-85	85	-85	85
CAGE_TSS_22645	3	-	20939629	20939639	974.4534302	20939639	0	10	-10	10	-10	10
CAGE_TSS_22647	3	-	20946659	20946651	6.360660076	20946651	0	-8	8	-8	8	8
CAGE_TSS_22652	3	-	21007564	21007752	25.61965942	21007752	0	188	-188	188	-188	188
CAGE_TSS_22654	3	-	21024078	21024228	5.837679863	21024228	0	150	-150	150	-150	150
CAGE_TSS_22657	3	-	21036025	21036186	78.63938141	21036186	0	161	-161	161	-161	161
CAGE_TSS_22659	3	-	21038954	21039203	63.33245087	21039203	0	249	-249	249	-249	249
CAGE_TSS_22660	3	-	21041714	21041781	11.5649004	21041781	0	67	-67	67	-67	67
CAGE_TSS_22662	3	-	21048439	21048509	54.31309128	21048509	0	70	-70	70	-70	70
CAGE_TSS_22663	3	-	21052222	21052317	9.266489983	21052317	0	95	-95	95	-95	95
CAGE_TSS_22667	3	-	21070308	21070433	18.35399055	21070433	0	125	-125	125	-125	125
CAGE_TSS_22668	3	-	21079674	21079892	20.38986969	21079892	0	218	-218	218	-218	218
CAGE_TSS_22672	3	-	21092055	21092127	6.56524992	21092127	0	72	-72	72	-72	72
CAGE_TSS_22673	3	-	21097408	21097622	33.03277969	21097622	0	214	-214	214	-214	214
CAGE_TSS_22677	3	-	21100356	21100531	17.7836895	21100531	0	175	-175	175	-175	175
CAGE_TSS_22678	3	-	21103305	21103461	11.27546978	21103461	0	156	-156	156	-156	156
CAGE_TSS_22679	3	-	21104927	21104938	31.76037025	21104938	0	11	-11	11	-11	11
CAGE_TSS_22680	3	-	21108140	21108196	94.87014771	21108196	0	56	-56	56	-56	56
CAGE_TSS_22683	3	-	21114642	21114709	14.32573032	21114709	0	67	-67	67	-67	67
CAGE_TSS_22685	3	-	21140493	21140444	17.68647957	21140444	0	-49	49	-49	49	49
CAGE_TSS_22692	3	-	21166039	21166243	6.898280144	21166243	0	204	-204	204	-204	204
CAGE_TSS_22700	3	-	21199144	21199311	16.27128029	21199311	0	167	-167	167	-167	167
CAGE_TSS_22702	3	-	21216521	21216595	23.59469986	21216595	0	74	-74	74	-74	74
CAGE_TSS_22710	3	-	21255424	21255359	50.79986954	21255359	0	-65	65	-65	65	65
CAGE_TSS_22713	3	-	21276012	21276062	9.044409752	21276062	0	50	-50	50	-50	50
CAGE_TSS_22715	3	-	21280949	21280933	28.3976593	21280933	0	-16	16	-16	16	16
CAGE_TSS_22718	3	-	21293157	21293204	16.47610092	21293204	0	47	-47	47	-47	47
CAGE_TSS_22720	3	-	21299454	21299634	59.17882919	21299634	0	180	-180	180	-180	180
CAGE_TSS_22723	3	-	21312263	21312264	11.14116001	21312264	0	1	-1	1	-1	1
CAGE_TSS_22729	3	-	21336657	21336734	8.001409531	21336734	0	77	-77	77	-77	77
CAGE_TSS_22732	3	-	21343796	21344016	33.37218857	21344016	0	220	-220	220	-220	220
CAGE_TSS_22736	3	-	21402385	21402600	190.7301941	21402600	0	215	-215	215	-215	215
CAGE_TSS_22743	3	-	21408384	21408492	35.04465103	21408492	0	108	-108	108	-108	108
CAGE_TSS_22755	3	-	21448686	21448700	52.69665146	21448700	0	14	-14	14	-14	14
CAGE_TSS_22756	3	-	21469287	21469442	51.63618851	21469442	0	155	-155	155	-155	155
CAGE_TSS_22758	3	-	21470747	21470786	7.963920116	21470786	0	39	-39	39	-39	39
CAGE_TSS_22759	3	-	21471487	21471614	24.4615097	21471614	0	127	-127	127	-127	127
CAGE_TSS_22765	3	-	21522681	21522530	18.14583015	21522530	0	-151	151	-151	151	151
CAGE_TSS_22766	3	-	21523282	21523494	166.3877106	21523494	0	212	-212	212	-212	212
CAGE_TSS_22794	3	-	21654166	21654063	8.876810074	21654063	0	-103	103	-103	103	103
CAGE_TSS_22799	3	-	21685936	21685918	5.174409866	21685918	0	-18	18	-18	18	18
CAGE_TSS_22800	3	-	21693830	21693881	7.12842989	21693881	0	51	-51	51	-51	51
CAGE_TSS_22803	3	-	21706042	21706212	15.71372986	21706212	0	170	-170	170	-170	170
CAGE_TSS_22808	3	-	21719900	21720043	11.18523979	21720043	0	143	-143	143	-143	143
CAGE_TSS_22811	3	-	21727536	21727697	125.6480637	21727697	0	161	-161	161	-161	161
CAGE_TSS_22812	3	-	21746236	21746418	112.9454193	21746418	0	182	-182	182	-182	182
CAGE_TSS_22813	3	-	21756640	21756706	68.63034821	21756706	0	66	-66	66	-66	66
CAGE_TSS_22817	3	-	21759941	21760238	135.8784027	21760238	0	297	-297	297	-297	297
CAGE_TSS_22818	3	-	21766712	21766601	5.219739914	21766601	0	-111	111	-111	111	111
CAGE_TSS_22824	3	-	21797342	21797388	12.17206001	21797388	0	46	-46	46	-46	46
CAGE_TSS_22830	3	-	21817511	21817620	9.098549843	21817620	0	109	-109	109	-109	109
CAGE_TSS_22831	3	-	21824348	21824427	10.08864975	21824427	0	79	-79	79	-79	79
CAGE_TSS_22832	3	-	21827497	21827650	295.5931091	21827650	0	153	-153	153	-153	153
CAGE_TSS_22835	3	-	21830451	21830438	547.9849854	21830438	0	-13	13	-13	13	13
CAGE_TSS_22837	3	-	21831408	21831485	638.0693359	21831485	0	77	-77	77	-77	77
CAGE_TSS_22838	3	-	21868985	21869170	12.69565964	21869170	0	185	-185	185	-185	185
CAGE_TSS_22840	3	-	21903277	21903517	101.7394638	21903517	0	240	-240	240	-240	240
CAGE_TSS_22843	3	-	21910645	21910703	10.92158031	21910703	0	58	-58	58	-58	58
CAGE_TSS_22849	3	-	21940166	21940370	9.538209915	21940370	0	204	-204	204	-204	204
CAGE_TSS_22853	3	-	21949709	21949730	77.10736847	21949730	0	21	-21	21	-21	21
CAGE_TSS_22854	3	-	21963087	21963264	158.0885468	21963264	0	177	-177	177	-177	177
CAGE_TSS_22855	3	-	21967049	21967069	451.3763123	21967069	0	20	-20	20	-20	20
CAGE_TSS_22857	3	-	21980524	21980606	9.267539978	21980606	0	82	-82	82	-82	82
CAGE_TSS_22863	3	-	22006034	22006197	8.246430397	22006197	0	163	-163	163	-163	163
CAGE_TSS_22865	3	-	22038652	22038675	18.31599998	22038675	0	23	-23	23	-23	23
CAGE_TSS_22869	3	-	22075397	22075412	6.284309864	22075412	0	15	-15	15	-15	15
CAGE_TSS_22871	3	-	22078360	22078351	3167.679199	22078351	0	-9	9	-9	9	9
CAGE_TSS_22878	3	-	22106170	22106157	8.375780106	22106157	0	-13	13	-13	13	13
CAGE_TSS_22885	3	-	22133525	22133769	7.58163023	22133769	0	244	-244	244	-244	244
CAGE_TSS_22886	3	-	22140195	22140336	193.2729034	22140336	0	141	-141	141	-141	141
CAGE_TSS_22888	3	-	22144882	22144966	113.5553818	22144966	0	84	-84	84	-84	84
CAGE_TSS_22889	3	-	22147669	22147875	9.268589973	22147875	0	206	-206	206	-206	206
CAGE_TSS_22891	3	-	22155623	22155538	6.411280155	22155538	0	-85	85	-85	85	85
CAGE_TSS_22898	3	-	22169867	22169986	591.9423218	22169986	0	119	-119	119	-119	119
CAGE_TSS_22903	3	-	22186512	22186532	804.996582	22186532	0	20	-20	20	-20	20
CAGE_TSS_22917	3	-	22272061	22272279	6.930669785	22272279	0	218	-218	218	-218	218
CAGE_TSS_22919	3	-	22285052	22285075	6.016870022	22285075	0	23	-23	23	-23	23
CAGE_TSS_22920	3	-	22295370	22295321	30.64512062	22295321	0	-49	49	-49	49	49
CAGE_TSS_22924	3	-	22319296	22319344	13.26068974	22319344	0	48	-48	48	-48	48
CAGE_TSS_22928	3	-	22322508	22322604	158.3250275	22322604	0	96	-96	96	-96	96
CAGE_TSS_22929	3	-	22348238	22348206	23.6023407	22348206	0	-32	32	-32	32	32
CAGE_TSS_22930	3	-	22360077	22360092	41.89775085	22360092	0	15	-15	15	-15	15
CAGE_TSS_22932	3	-	22362575	22362832	157.7481384	22362832	0	257	-257	257	-257	257
CAGE_TSS_22939	3	-	22453397	22453532	299.7934875	22453532	0	135	-135	135	-135	135
CAGE_TSS_22943	3	-	22469580	22469550	146.5833435	22469550	0	-30	30	-30	30	30
CAGE_TSS_22946	3	-	22473906	22473856	15.56260014	22473856	0	-50	50	-50	50	50
CAGE_TSS_22950	3	-	22500882	22501039	11.98406029	22501039	0	157	-157	157	-157	157
CAGE_TSS_22957	3	-	22606734	22606726	406.8189087	22606726	0	-8	8	-8	8	8
CAGE_TSS_22963	3	-	22651441	22651527	13.54638958	22651527	0	86	-86	86	-86	86
CAGE_TSS_22966	3	-	22658321	22658308	23.05758095	22658308	0	-13	13	-13	13	13
CAGE_TSS_22977	3	-	22693062	22693069	34.4977684	22693069	0	7	-7	7	-7	7
CAGE_TSS_22978	3	-	22706137	22706178	37.99539185	22706178	0	41	-41	41	-41	41
CAGE_TSS_22982	3	-	22726429	22726306	5.588500023	22726306	0	-123	123	-123	123	123
CAGE_TSS_22984	3	-	22742283	22742468	58.41635895	22742468	0	185	-185	185	-185	185
CAGE_TSS_22986	3	-	22771311	22771293	11.04354	22771293	0	-18	18	-18	18	18
CAGE_TSS_22989	3	-	22773810	22773782	8.749329567	22773782	0	-28	28	-28	28	28
CAGE_TSS_22990	3	-	22783787	22783996	5.068689823	22783996	0	209	-209	209	-209	209
CAGE_TSS_22993	3	-	22806189	22806229	38.67461014	22806229	0	40	-40	40	-40	40
CAGE_TSS_22995	3	-	22815120	22815157	12.59932041	22815157	0	37	-37	37	-37	37
CAGE_TSS_22998	3	-	22856972	22857151	32.80263138	22857151	0	179	-179	179	-179	179
CAGE_TSS_22999	3	-	22859290	22859585	2727.759521	22859585	0	295	-295	295	-295	295
CAGE_TSS_23000	3	-	22864233	22864383	178.0549011	22864383	0	150	-150	150	-150	150
CAGE_TSS_23002	3	-	22873776	22873804	24.80894089	22873804	0	28	-28	28	-28	28
CAGE_TSS_23003	3	-	22876875	22876920	9.013230324	22876920	0	45	-45	45	-45	45
CAGE_TSS_23005	3	-	22881539	22881792	14.88271046	22881792	0	253	-253	253	-253	253
CAGE_TSS_23007	3	-	22902241	22902430	20.97197914	22902430	0	189	-189	189	-189	189
CAGE_TSS_23009	3	-	22915324	22915438	41.73305893	22915438	0	114	-114	114	-114	114
CAGE_TSS_23012	3	-	22956819	22956930	16.41543007	22956930	0	111	-111	111	-111	111
CAGE_TSS_23015	3	-	22961201	22961175	17.5880909	22961175	0	-26	26	-26	26	26
CAGE_TSS_23021	3	-	22984573	22984694	79.88469696	22984694	0	121	-121	121	-121	121
CAGE_TSS_23024	3	-	22999644	22999752	54.13394165	22999752	0	108	-108	108	-108	108
CAGE_TSS_23030	3	-	23013846	23013954	17.07036972	23013954	0	108	-108	108	-108	108
CAGE_TSS_23032	3	-	23025743	23025697	8.749349594	23025697	0	-46	46	-46	46	46
CAGE_TSS_23042	3	-	23065758	23065758	5.106739998	23065758	0	0	0	0	0	0
CAGE_TSS_23045	3	-	23089146	23089363	28.98782921	23089363	0	217	-217	217	-217	217
CAGE_TSS_23048	3	-	23092805	23092800	60.05052185	23092800	0	-5	5	-5	5	5
CAGE_TSS_23050	3	-	23108422	23108591	60.01052094	23108591	0	169	-169	169	-169	169
CAGE_TSS_23052	3	-	23150208	23150394	31.02379036	23150394	0	186	-186	186	-186	186
CAGE_TSS_23059	3	-	23165194	23165144	12.64887047	23165144	0	-50	50	-50	50	50
CAGE_TSS_23060	3	-	23174946	23174902	16.25682068	23174902	0	-44	44	-44	44	44
CAGE_TSS_23062	3	-	23186715	23186716	6.270289898	23186716	0	1	-1	1	-1	1
CAGE_TSS_23063	3	-	23195761	23196039	150.1121063	23196039	0	278	-278	278	-278	278
CAGE_TSS_23066	3	-	23218307	23218444	67.2893219	23218444	0	137	-137	137	-137	137
CAGE_TSS_23070	3	-	23224273	23224274	8.646309853	23224274	0	1	-1	1	-1	1
CAGE_TSS_23076	3	-	23242197	23242367	56.79209137	23242367	0	170	-170	170	-170	170
CAGE_TSS_23085	3	-	23255198	23255254	12.35657978	23255254	0	56	-56	56	-56	56
CAGE_TSS_23090	3	-	23276356	23276643	82.88249969	23276643	0	287	-287	287	-287	287
CAGE_TSS_23098	3	-	23324245	23324356	87.25647736	23324356	0	111	-111	111	-111	111
CAGE_TSS_23104	3	-	23328664	23328750	14.12170029	23328750	0	86	-86	86	-86	86
CAGE_TSS_23105	3	-	23332733	23332836	10.69542027	23332836	0	103	-103	103	-103	103
CAGE_TSS_23107	3	-	23334033	23334194	78.99137115	23334194	0	161	-161	161	-161	161
CAGE_TSS_23109	3	-	23340314	23340407	15.84263992	23340407	0	93	-93	93	-93	93
CAGE_TSS_23115	3	-	23355028	23355292	150.4096222	23355292	0	264	-264	264	-264	264
CAGE_TSS_23116	3	-	23359194	23359315	6.648009777	23359315	0	121	-121	121	-121	121
CAGE_TSS_23117	3	-	23367395	23367578	88.93881989	23367578	0	183	-183	183	-183	183
CAGE_TSS_23120	3	-	23374954	23375074	27.52592087	23375074	0	120	-120	120	-120	120
CAGE_TSS_23122	3	-	23377436	23377667	55.03979111	23377667	0	231	-231	231	-231	231
CAGE_TSS_23124	3	-	23389008	23389136	86.50794983	23389136	0	128	-128	128	-128	128
CAGE_TSS_23129	3	-	23411966	23411978	7.942540169	23411978	0	12	-12	12	-12	12
CAGE_TSS_23136	3	-	23429141	23429252	20.53985977	23429252	0	111	-111	111	-111	111
CAGE_TSS_25983	4	-	10454	10676	5.275579929	10676	0	222	-222	222	-222	222
CAGE_TSS_25989	4	-	40122	40133	30.47554016	40133	0	11	-11	11	-11	11
CAGE_TSS_25992	4	-	59184	59267	152.8368835	59267	0	83	-83	83	-83	83
CAGE_TSS_25993	4	-	69876	69936	7.054590225	69936	0	60	-60	60	-60	60
CAGE_TSS_25997	4	-	75332	75351	89.40296936	75351	0	19	-19	19	-19	19
CAGE_TSS_25998	4	-	84593	84600	7.66753006	84600	0	7	-7	7	-7	7
CAGE_TSS_26000	4	-	105213	105280	52.58258057	105280	0	67	-67	67	-67	67
CAGE_TSS_26007	4	-	144522	144526	6.371560097	144526	0	4	-4	4	-4	4
CAGE_TSS_26009	4	-	163428	163666	161.8996887	163666	0	238	-238	238	-238	238
CAGE_TSS_26010	4	-	166231	166343	13.44425964	166343	0	112	-112	112	-112	112
CAGE_TSS_26013	4	-	176777	176876	17.61483955	176876	0	99	-99	99	-99	99
CAGE_TSS_26016	4	-	186156	186374	8.972310066	186374	0	218	-218	218	-218	218
CAGE_TSS_26020	4	-	187604	187512	35.36362839	187512	0	-92	92	-92	92	92
CAGE_TSS_26024	4	-	227210	227399	22.41242027	227399	0	189	-189	189	-189	189
CAGE_TSS_26025	4	-	233644	233854	152.1794128	233854	0	210	-210	210	-210	210
CAGE_TSS_26029	4	-	242299	242485	25.4847908	242485	0	186	-186	186	-186	186
CAGE_TSS_26031	4	-	246771	247041	11.23217964	247041	0	270	-270	270	-270	270
CAGE_TSS_26042	4	-	297290	297532	141.7805939	297532	0	242	-242	242	-242	242
CAGE_TSS_26043	4	-	304464	304443	38.72566986	304443	0	-21	21	-21	21	21
CAGE_TSS_26044	4	-	310452	310634	8.226050377	310634	0	182	-182	182	-182	182
CAGE_TSS_26045	4	-	314938	315013	12.92243958	315013	0	75	-75	75	-75	75
CAGE_TSS_26055	4	-	360475	360582	54.87688065	360582	0	107	-107	107	-107	107
CAGE_TSS_26056	4	-	363705	363804	750.5256348	363804	0	99	-99	99	-99	99
CAGE_TSS_26059	4	-	375371	375478	29.42156029	375478	0	107	-107	107	-107	107
CAGE_TSS_26061	4	-	386659	386697	634.5934448	386697	0	38	-38	38	-38	38
CAGE_TSS_26064	4	-	404288	404535	32.34365082	404535	0	247	-247	247	-247	247
CAGE_TSS_26068	4	-	424630	424655	6.215539932	424655	0	25	-25	25	-25	25
CAGE_TSS_26080	4	-	462220	461968	34.38875961	461968	0	-252	252	-252	252	252
CAGE_TSS_26083	4	-	463395	463262	135.1930237	463262	0	-133	133	-133	133	133
CAGE_TSS_26085	4	-	468288	468262	30.90480042	468262	0	-26	26	-26	26	26
CAGE_TSS_26096	4	-	524213	524197	35.96583939	524197	0	-16	16	-16	16	16
CAGE_TSS_26104	4	-	551221	551459	68.12426758	551459	0	238	-238	238	-238	238
CAGE_TSS_26116	4	-	676348	676423	38.52399826	676423	0	75	-75	75	-75	75
CAGE_TSS_26122	4	-	705887	705831	25.87727928	705831	0	-56	56	-56	56	56
CAGE_TSS_26130	4	-	776175	776205	13.52124977	776205	0	30	-30	30	-30	30
CAGE_TSS_26136	4	-	798279	798297	8.744259834	798297	0	18	-18	18	-18	18
CAGE_TSS_26138	4	-	810445	810492	43.8443985	810492	0	47	-47	47	-47	47
CAGE_TSS_26149	4	-	843408	843702	2075.709473	843702	0	294	-294	294	-294	294
CAGE_TSS_26152	4	-	853159	853135	70.81101227	853135	0	-24	24	-24	24	24
CAGE_TSS_26158	4	-	879624	879844	10.22192955	879844	0	220	-220	220	-220	220
CAGE_TSS_26159	4	-	900242	900345	79.88391876	900345	0	103	-103	103	-103	103
CAGE_TSS_26160	4	-	901042	901151	21.34436035	901151	0	109	-109	109	-109	109
CAGE_TSS_26162	4	-	947073	947227	9.013759613	947227	0	154	-154	154	-154	154
CAGE_TSS_26163	4	-	953688	953853	53.07654953	953853	0	165	-165	165	-165	165
CAGE_TSS_26166	4	-	975996	976128	13.1903801	976128	0	132	-132	132	-132	132
CAGE_TSS_26175	4	-	1046993	1047070	6.071479797	1047070	0	77	-77	77	-77	77
CAGE_TSS_26177	4	-	1062152	1062286	96.92651367	1062286	0	134	-134	134	-134	134
CAGE_TSS_26187	4	-	1088847	1088673	5.556869984	1088673	0	-174	174	-174	174	174
CAGE_TSS_26200	4	-	1122093	1122254	14.11612034	1122254	0	161	-161	161	-161	161
CAGE_TSS_26204	4	-	1140489	1140429	19.41519928	1140429	0	-60	60	-60	60	60
CAGE_TSS_26211	4	-	1184907	1184898	10.5011797	1184898	0	-9	9	-9	9	9
CAGE_TSS_26222	4	-	1229919	1230087	6.348370075	1230087	0	168	-168	168	-168	168
CAGE_TSS_26225	4	-	1268638	1268449	6.898890018	1268449	0	-189	189	-189	189	189
CAGE_TSS_26229	4	-	1279309	1279361	5.779910088	1279361	0	52	-52	52	-52	52
CAGE_TSS_26231	4	-	1280027	1280117	68.78636169	1280117	0	90	-90	90	-90	90
CAGE_TSS_26243	4	-	1337367	1337614	11.30809021	1337614	0	247	-247	247	-247	247
CAGE_TSS_26244	4	-	1353929	1354150	90.25018311	1354150	0	221	-221	221	-221	221
CAGE_TSS_26246	4	-	1365466	1365486	15.14052963	1365486	0	20	-20	20	-20	20
CAGE_TSS_26254	4	-	1407136	1407229	32.10314941	1407229	0	93	-93	93	-93	93
CAGE_TSS_26255	4	-	1424771	1424813	8.654310226	1424813	0	42	-42	42	-42	42
CAGE_TSS_26256	4	-	1433747	1433824	6.95472002	1433824	0	77	-77	77	-77	77
CAGE_TSS_26262	4	-	1494930	1494992	278.7443848	1494992	0	62	-62	62	-62	62
CAGE_TSS_26265	4	-	1499875	1500151	1478.49646	1500151	0	276	-276	276	-276	276
CAGE_TSS_26270	4	-	1529106	1529099	6.38572979	1529099	0	-7	7	-7	7	7
CAGE_TSS_26274	4	-	1559388	1559443	27.26082039	1559443	0	55	-55	55	-55	55
CAGE_TSS_26280	4	-	1604342	1604297	7.835790157	1604297	0	-45	45	-45	45	45
CAGE_TSS_26326	4	-	2234648	2234831	3074.024902	2234831	0	183	-183	183	-183	183
CAGE_TSS_26344	4	-	2351922	2351997	38.24782944	2351997	0	75	-75	75	-75	75
CAGE_TSS_26348	4	-	2376516	2376748	46.63288879	2376748	0	232	-232	232	-232	232
CAGE_TSS_26352	4	-	2397709	2397752	159.3086853	2397752	0	43	-43	43	-43	43
CAGE_TSS_26364	4	-	2481463	2481645	7.706180096	2481645	0	182	-182	182	-182	182
CAGE_TSS_26365	4	-	2482278	2482326	35.0705986	2482326	0	48	-48	48	-48	48
CAGE_TSS_26371	4	-	2495720	2495881	5.02809	2495881	0	161	-161	161	-161	161
CAGE_TSS_26374	4	-	2507913	2508067	12.48676968	2508067	0	154	-154	154	-154	154
CAGE_TSS_26381	4	-	2525269	2525512	525.1517944	2525512	0	243	-243	243	-243	243
CAGE_TSS_26385	4	-	2589359	2589408	72.96206665	2589408	0	49	-49	49	-49	49
CAGE_TSS_26389	4	-	2594129	2594362	63.70550156	2594362	0	233	-233	233	-233	233
CAGE_TSS_26393	4	-	2628993	2629005	9.590169907	2629005	0	12	-12	12	-12	12
CAGE_TSS_26394	4	-	2635109	2635149	45.80812836	2635149	0	40	-40	40	-40	40
CAGE_TSS_26399	4	-	2673187	2672994	14.84224987	2672994	0	-193	193	-193	193	193
CAGE_TSS_26455	4	-	3667505	3667548	6.356709957	3667548	0	43	-43	43	-43	43
CAGE_TSS_26477	4	-	4199418	4199427	124.6312714	4199427	0	9	-9	9	-9	9
CAGE_TSS_26478	4	-	4205201	4205292	5.731140137	4205292	0	91	-91	91	-91	91
CAGE_TSS_26491	4	-	4805281	4805468	9.033619881	4805468	0	187	-187	187	-187	187
CAGE_TSS_26517	4	-	5167178	5167151	55.67552185	5167151	0	-27	27	-27	27	27
CAGE_TSS_26519	4	-	5189633	5189671	9.033619881	5189671	0	38	-38	38	-38	38
CAGE_TSS_26529	4	-	5407297	5407286	15.71310997	5407286	0	-11	11	-11	11	11
CAGE_TSS_26547	4	-	5617943	5618077	7.895699978	5618077	0	134	-134	134	-134	134
CAGE_TSS_26551	4	-	5640496	5640603	7.901060104	5640603	0	107	-107	107	-107	107
CAGE_TSS_26559	4	-	5722975	5723094	101.4409866	5723094	0	119	-119	119	-119	119
CAGE_TSS_26566	4	-	5779389	5779356	10.85186005	5779356	0	-33	33	-33	33	33
CAGE_TSS_26567	4	-	5782256	5782198	97.87358856	5782198	0	-58	58	-58	58	58
CAGE_TSS_26571	4	-	5821024	5821155	7.50909996	5821155	0	131	-131	131	-131	131
CAGE_TSS_26575	4	-	5932173	5932382	45.28908157	5932382	0	209	-209	209	-209	209
CAGE_TSS_26584	4	-	5964062	5964086	12.44939041	5964086	0	24	-24	24	-24	24
CAGE_TSS_26585	4	-	5975043	5975251	30.09062004	5975251	0	208	-208	208	-208	208
CAGE_TSS_26586	4	-	6016114	6016162	30.4276104	6016162	0	48	-48	48	-48	48
CAGE_TSS_26587	4	-	6023807	6023863	6.998770237	6023863	0	56	-56	56	-56	56
CAGE_TSS_26589	4	-	6027047	6027081	9.033619881	6027081	0	34	-34	34	-34	34
CAGE_TSS_26594	4	-	6079024	6079105	12.90075016	6079105	0	81	-81	81	-81	81
CAGE_TSS_26600	4	-	6151385	6151367	10.23499966	6151367	0	-18	18	-18	18	18
CAGE_TSS_26602	4	-	6177292	6177362	5.337880135	6177362	0	70	-70	70	-70	70
CAGE_TSS_26604	4	-	6224023	6224141	116.3926086	6224141	0	118	-118	118	-118	118
CAGE_TSS_26610	4	-	6273406	6273384	54.40023041	6273384	0	-22	22	-22	22	22
CAGE_TSS_26613	4	-	6289386	6289485	74.35665131	6289485	0	99	-99	99	-99	99
CAGE_TSS_26615	4	-	6299868	6299858	24.79755974	6299858	0	-10	10	-10	10	10
CAGE_TSS_26619	4	-	6302653	6302680	79.87960815	6302680	0	27	-27	27	-27	27
CAGE_TSS_26623	4	-	6376028	6376098	5.122980118	6376098	0	70	-70	70	-70	70
CAGE_TSS_26651	4	-	6614856	6615001	45.97016144	6615001	0	145	-145	145	-145	145
CAGE_TSS_26663	4	-	6704599	6704614	10.22192955	6704614	0	15	-15	15	-15	15
CAGE_TSS_26665	4	-	6711223	6711277	96.69700623	6711277	0	54	-54	54	-54	54
CAGE_TSS_26667	4	-	6715706	6715852	228.4784546	6715852	0	146	-146	146	-146	146
CAGE_TSS_26670	4	-	6722159	6722168	7.468619823	6722168	0	9	-9	9	-9	9
CAGE_TSS_26676	4	-	6734358	6734435	37.93494034	6734435	0	77	-77	77	-77	77
CAGE_TSS_26680	4	-	6763488	6763410	24.39410019	6763410	0	-78	78	-78	78	78
CAGE_TSS_26689	4	-	6839794	6839847	27.60914993	6839847	0	53	-53	53	-53	53
CAGE_TSS_26692	4	-	6873540	6873466	18.05120087	6873466	0	-74	74	-74	74	74
CAGE_TSS_26708	4	-	6961922	6962073	182.6251068	6962073	0	151	-151	151	-151	151
CAGE_TSS_26716	4	-	7011332	7011516	89.44259644	7011516	0	184	-184	184	-184	184
CAGE_TSS_26722	4	-	7053110	7053239	78.39083099	7053239	0	129	-129	129	-129	129
CAGE_TSS_26723	4	-	7055720	7055791	1790.928955	7055791	0	71	-71	71	-71	71
CAGE_TSS_26724	4	-	7099696	7099640	11.34463024	7099640	0	-56	56	-56	56	56
CAGE_TSS_26729	4	-	7128102	7128137	6.621459961	7128137	0	35	-35	35	-35	35
CAGE_TSS_26731	4	-	7133199	7133313	8.642860413	7133313	0	114	-114	114	-114	114
CAGE_TSS_26732	4	-	7138501	7138544	5.378339767	7138544	0	43	-43	43	-43	43
CAGE_TSS_26737	4	-	7189866	7190056	45.12894058	7190056	0	190	-190	190	-190	190
CAGE_TSS_26738	4	-	7195151	7195137	10.63731956	7195137	0	-14	14	-14	14	14
CAGE_TSS_26744	4	-	7239993	7240218	33.21017075	7240218	0	225	-225	225	-225	225
CAGE_TSS_26749	4	-	7290975	7290906	9.590169907	7290906	0	-69	69	-69	69	69
CAGE_TSS_26751	4	-	7309733	7309935	716.9385986	7309935	0	202	-202	202	-202	202
CAGE_TSS_26753	4	-	7312551	7312541	5185.225586	7312541	0	-10	10	-10	10	10
CAGE_TSS_26754	4	-	7316742	7316714	112.5453262	7316714	0	-28	28	-28	28	28
CAGE_TSS_26762	4	-	7343620	7343621	35.36362839	7343621	0	1	-1	1	-1	1
CAGE_TSS_26767	4	-	7353022	7353006	55.49967957	7353006	0	-16	16	-16	16	16
CAGE_TSS_26768	4	-	7368733	7368896	6.23800993	7368896	0	163	-163	163	-163	163
CAGE_TSS_26769	4	-	7386243	7386032	22.25638962	7386032	0	-211	211	-211	211	211
CAGE_TSS_26770	4	-	7386808	7386846	13.82127953	7386846	0	38	-38	38	-38	38
CAGE_TSS_26787	4	-	7484403	7484598	11.45436954	7484598	0	195	-195	195	-195	195
CAGE_TSS_26792	4	-	7492860	7492921	152.6277466	7492921	0	61	-61	61	-61	61
CAGE_TSS_26793	4	-	7494227	7494394	14.68511009	7494394	0	167	-167	167	-167	167
CAGE_TSS_26798	4	-	7519422	7519438	43.7091217	7519438	0	16	-16	16	-16	16
CAGE_TSS_26803	4	-	7545255	7545291	6.796639919	7545291	0	36	-36	36	-36	36
CAGE_TSS_26806	4	-	7553349	7553330	210.563858	7553330	0	-19	19	-19	19	19
CAGE_TSS_26810	4	-	7586853	7587034	15.44215965	7587034	0	181	-181	181	-181	181
CAGE_TSS_26811	4	-	7589799	7589888	70.73245239	7589888	0	89	-89	89	-89	89
CAGE_TSS_26812	4	-	7591101	7591325	18.45865059	7591325	0	224	-224	224	-224	224
CAGE_TSS_26814	4	-	7599253	7599368	41.14006042	7599368	0	115	-115	115	-115	115
CAGE_TSS_26815	4	-	7623358	7623347	7.814089775	7623347	0	-11	11	-11	11	11
CAGE_TSS_26818	4	-	7637972	7638108	157.4482574	7638108	0	136	-136	136	-136	136
CAGE_TSS_26819	4	-	7646559	7646780	33.17322922	7646780	0	221	-221	221	-221	221
CAGE_TSS_26825	4	-	7656564	7656565	5.599319935	7656565	0	1	-1	1	-1	1
CAGE_TSS_26827	4	-	7658206	7658368	121.2456589	7658368	0	162	-162	162	-162	162
CAGE_TSS_26828	4	-	7663173	7663227	137.2633972	7663227	0	54	-54	54	-54	54
CAGE_TSS_26830	4	-	7675274	7675326	19.77424049	7675326	0	52	-52	52	-52	52
CAGE_TSS_26836	4	-	7686875	7686885	34.48297119	7686885	0	10	-10	10	-10	10
CAGE_TSS_26837	4	-	7724013	7724267	183.2554779	7724267	0	254	-254	254	-254	254
CAGE_TSS_26840	4	-	7760906	7760880	216.0760193	7760880	0	-26	26	-26	26	26
CAGE_TSS_26842	4	-	7773686	7773752	31.93675041	7773752	0	66	-66	66	-66	66
CAGE_TSS_26845	4	-	7786112	7786072	363.816803	7786072	0	-40	40	-40	40	40
CAGE_TSS_26846	4	-	7791288	7791199	5.969940186	7791199	0	-89	89	-89	89	89
CAGE_TSS_26855	4	-	7807850	7807900	6.13158989	7807900	0	50	-50	50	-50	50
CAGE_TSS_26857	4	-	7826929	7826897	113.9046402	7826897	0	-32	32	-32	32	32
CAGE_TSS_26867	4	-	7893712	7893848	37.82427979	7893848	0	136	-136	136	-136	136
CAGE_TSS_26870	4	-	7903943	7903912	18.7898407	7903912	0	-31	31	-31	31	31
CAGE_TSS_26873	4	-	7938638	7938603	11.8610096	7938603	0	-35	35	-35	35	35
CAGE_TSS_26890	4	-	8014395	8014333	4.947919846	8014333	0	-62	62	-62	62	62
CAGE_TSS_26891	4	-	8014615	8014751	17.96714973	8014751	0	136	-136	136	-136	136
CAGE_TSS_26905	4	-	8050090	8050123	22.8207798	8050123	0	33	-33	33	-33	33
CAGE_TSS_26908	4	-	8079288	8079286	11.49219036	8079286	0	-2	2	-2	2	2
CAGE_TSS_26909	4	-	8093392	8093511	33.16355896	8093511	0	119	-119	119	-119	119
CAGE_TSS_26933	4	-	8156791	8156837	9.149869919	8156837	0	46	-46	46	-46	46
CAGE_TSS_26937	4	-	8188805	8188797	21.61286926	8188797	0	-8	8	-8	8	8
CAGE_TSS_26941	4	-	8195131	8195217	518.5947266	8195217	0	86	-86	86	-86	86
CAGE_TSS_26942	4	-	8203182	8203317	47.34220123	8203317	0	135	-135	135	-135	135
CAGE_TSS_26943	4	-	8207350	8207409	97.78955841	8207409	0	59	-59	59	-59	59
CAGE_TSS_26944	4	-	8230287	8230388	5.01583004	8230388	0	101	-101	101	-101	101
CAGE_TSS_26958	4	-	8260815	8260858	11.34463024	8260858	0	43	-43	43	-43	43
CAGE_TSS_26959	4	-	8271050	8271125	149.4871826	8271125	0	75	-75	75	-75	75
CAGE_TSS_26960	4	-	8273719	8273758	24.64472008	8273758	0	39	-39	39	-39	39
CAGE_TSS_26964	4	-	8288740	8288665	15.59140015	8288665	0	-75	75	-75	75	75
CAGE_TSS_26967	4	-	8303840	8303870	57.62868118	8303870	0	30	-30	30	-30	30
CAGE_TSS_26969	4	-	8305688	8305778	1378.037231	8305778	0	90	-90	90	-90	90
CAGE_TSS_26970	4	-	8307328	8307118	8.091930389	8307118	0	-210	210	-210	210	210
CAGE_TSS_26971	4	-	8307705	8307795	126.3016434	8307795	0	90	-90	90	-90	90
CAGE_TSS_26974	4	-	8333577	8333800	75.06210327	8333800	0	223	-223	223	-223	223
CAGE_TSS_26982	4	-	8350017	8350185	5.556869984	8350185	0	168	-168	168	-168	168
CAGE_TSS_26984	4	-	8369239	8369216	12.62506008	8369216	0	-23	23	-23	23	23
CAGE_TSS_26986	4	-	8390792	8391042	102.8031082	8391042	0	250	-250	250	-250	250
CAGE_TSS_26995	4	-	8426445	8426475	15.76914024	8426475	0	30	-30	30	-30	30
CAGE_TSS_26996	4	-	8429640	8429587	10.47082996	8429587	0	-53	53	-53	53	53
CAGE_TSS_27001	4	-	8454027	8454038	72.40827179	8454038	0	11	-11	11	-11	11
CAGE_TSS_27004	4	-	8463687	8463829	21.85313988	8463829	0	142	-142	142	-142	142
CAGE_TSS_27005	4	-	8464389	8464402	14.99685955	8464402	0	13	-13	13	-13	13
CAGE_TSS_27020	4	-	8520435	8520539	470.7674255	8520539	0	104	-104	104	-104	104
CAGE_TSS_27022	4	-	8523690	8523877	569.2435913	8523877	0	187	-187	187	-187	187
CAGE_TSS_27025	4	-	8536137	8536421	16.91234016	8536421	0	284	-284	284	-284	284
CAGE_TSS_27029	4	-	8550424	8550474	5.995900154	8550474	0	50	-50	50	-50	50
CAGE_TSS_27031	4	-	8569833	8569740	28.73653984	8569740	0	-93	93	-93	93	93
CAGE_TSS_27033	4	-	8606189	8606411	22.01894951	8606411	0	222	-222	222	-222	222
CAGE_TSS_27034	4	-	8612675	8612689	79.66230774	8612689	0	14	-14	14	-14	14
CAGE_TSS_27036	4	-	8640288	8640380	6.215539932	8640380	0	92	-92	92	-92	92
CAGE_TSS_27041	4	-	8669464	8669667	226.0473175	8669667	0	203	-203	203	-203	203
CAGE_TSS_27043	4	-	8695629	8695836	32.17184067	8695836	0	207	-207	207	-207	207
CAGE_TSS_27044	4	-	8705417	8705460	30.72262955	8705460	0	43	-43	43	-43	43
CAGE_TSS_27046	4	-	8713497	8713552	123.9068604	8713552	0	55	-55	55	-55	55
CAGE_TSS_27059	4	-	8854349	8854503	222.6751556	8854503	0	154	-154	154	-154	154
CAGE_TSS_27067	4	-	8870809	8871094	13.17335033	8871094	0	285	-285	285	-285	285
CAGE_TSS_27070	4	-	8878964	8879121	39.52745056	8879121	0	157	-157	157	-157	157
CAGE_TSS_27071	4	-	8879335	8879538	86.62188721	8879538	0	203	-203	203	-203	203
CAGE_TSS_27082	4	-	8976362	8976377	27.79714012	8976377	0	15	-15	15	-15	15
CAGE_TSS_27084	4	-	8977242	8977313	7.088230133	8977313	0	71	-71	71	-71	71
CAGE_TSS_27087	4	-	8981732	8981818	13.54638958	8981818	0	86	-86	86	-86	86
CAGE_TSS_27088	4	-	8985598	8985843	74.07691956	8985843	0	245	-245	245	-245	245
CAGE_TSS_27091	4	-	8988408	8988379	10.40192986	8988379	0	-29	29	-29	29	29
CAGE_TSS_27097	4	-	9033394	9033409	45.63993073	9033409	0	15	-15	15	-15	15
CAGE_TSS_27100	4	-	9047482	9047584	9.033619881	9047584	0	102	-102	102	-102	102
CAGE_TSS_27103	4	-	9100816	9100969	9.266489983	9100969	0	153	-153	153	-153	153
CAGE_TSS_27107	4	-	9133155	9133300	9.257180214	9133300	0	145	-145	145	-145	145
CAGE_TSS_27111	4	-	9144577	9144629	22.25638962	9144629	0	52	-52	52	-52	52
CAGE_TSS_27113	4	-	9157202	9157271	13.20186996	9157271	0	69	-69	69	-69	69
CAGE_TSS_27123	4	-	9204063	9204240	303.4140625	9204240	0	177	-177	177	-177	177
CAGE_TSS_27124	4	-	9214794	9215007	98.2407074	9215007	0	213	-213	213	-213	213
CAGE_TSS_27126	4	-	9241312	9241335	7.575980186	9241335	0	23	-23	23	-23	23
CAGE_TSS_27131	4	-	9262578	9262550	81.50668335	9262550	0	-28	28	-28	28	28
CAGE_TSS_27132	4	-	9265996	9265832	7.236810207	9265832	0	-164	164	-164	164	164
CAGE_TSS_27133	4	-	9271662	9271643	8.700889587	9271643	0	-19	19	-19	19	19
CAGE_TSS_27135	4	-	9273088	9273060	232.7010498	9273060	0	-28	28	-28	28	28
CAGE_TSS_27142	4	-	9295624	9295915	133.2679443	9295915	0	291	-291	291	-291	291
CAGE_TSS_27143	4	-	9301914	9302165	63.94073105	9302165	0	251	-251	251	-251	251
CAGE_TSS_27144	4	-	9305762	9305792	12.61752987	9305792	0	30	-30	30	-30	30
CAGE_TSS_27155	4	-	9335967	9335953	16.98963928	9335953	0	-14	14	-14	14	14
CAGE_TSS_27156	4	-	9342959	9343127	23.8696804	9343127	0	168	-168	168	-168	168
CAGE_TSS_27157	4	-	9355315	9355393	22.65439034	9355393	0	78	-78	78	-78	78
CAGE_TSS_27159	4	-	9366487	9366536	6.47300005	9366536	0	49	-49	49	-49	49
CAGE_TSS_27162	4	-	9390886	9390921	165.5450745	9390921	0	35	-35	35	-35	35
CAGE_TSS_27163	4	-	9393435	9393479	90.27333832	9393479	0	44	-44	44	-44	44
CAGE_TSS_27168	4	-	9421215	9421004	91.41297913	9421004	0	-211	211	-211	211	211
CAGE_TSS_27170	4	-	9428823	9428846	6.720789909	9428846	0	23	-23	23	-23	23
CAGE_TSS_27172	4	-	9432750	9432628	22.65560913	9432628	0	-122	122	-122	122	122
CAGE_TSS_27183	4	-	9496229	9496242	211.9771576	9496242	0	13	-13	13	-13	13
CAGE_TSS_27193	4	-	9516593	9516657	6.23800993	9516657	0	64	-64	64	-64	64
CAGE_TSS_27212	4	-	9595047	9594970	13.31921959	9594970	0	-77	77	-77	77	77
CAGE_TSS_27214	4	-	9598137	9598183	46.78376007	9598183	0	46	-46	46	-46	46
CAGE_TSS_27221	4	-	9612558	9612569	327.4377441	9612569	0	11	-11	11	-11	11
CAGE_TSS_27226	4	-	9646292	9646379	30.22138023	9646379	0	87	-87	87	-87	87
CAGE_TSS_27227	4	-	9650910	9650900	8.406270027	9650900	0	-10	10	-10	10	10
CAGE_TSS_27229	4	-	9663766	9663809	8.616900444	9663809	0	43	-43	43	-43	43
CAGE_TSS_27236	4	-	9686871	9686914	8.972310066	9686914	0	43	-43	43	-43	43
CAGE_TSS_27237	4	-	9697687	9697544	9.093689919	9697544	0	-143	143	-143	143	143
CAGE_TSS_27243	4	-	9724639	9724637	15.88222027	9724637	0	-2	2	-2	2	2
CAGE_TSS_27244	4	-	9726812	9726853	25.64542961	9726853	0	41	-41	41	-41	41
CAGE_TSS_27252	4	-	9753869	9753812	315.1083069	9753812	0	-57	57	-57	57	57
CAGE_TSS_27255	4	-	9768727	9768752	5.722040176	9768752	0	25	-25	25	-25	25
CAGE_TSS_27260	4	-	9775591	9775612	33.17238998	9775612	0	21	-21	21	-21	21
CAGE_TSS_27261	4	-	9779876	9780066	59.50370026	9780066	0	190	-190	190	-190	190
CAGE_TSS_27271	4	-	9844199	9844232	42.72554016	9844232	0	33	-33	33	-33	33
CAGE_TSS_27272	4	-	9850810	9850962	1124.621216	9850962	0	152	-152	152	-152	152
CAGE_TSS_27274	4	-	9864588	9864706	119.5034485	9864706	0	118	-118	118	-118	118
CAGE_TSS_27276	4	-	9871602	9871489	7.84416008	9871489	0	-113	113	-113	113	113
CAGE_TSS_27279	4	-	9896683	9896776	795.3817749	9896776	0	93	-93	93	-93	93
CAGE_TSS_27285	4	-	9920273	9920125	6.902070045	9920125	0	-148	148	-148	148	148
CAGE_TSS_27292	4	-	9953988	9953883	6.992660046	9953883	0	-105	105	-105	105	105
CAGE_TSS_27295	4	-	9969093	9969080	25.52787971	9969080	0	-13	13	-13	13	13
CAGE_TSS_27303	4	-	10015678	10015743	17.42313004	10015743	0	65	-65	65	-65	65
CAGE_TSS_27315	4	-	10046021	10046124	23.74154091	10046124	0	103	-103	103	-103	103
CAGE_TSS_27317	4	-	10049414	10049617	7.290830135	10049617	0	203	-203	203	-203	203
CAGE_TSS_27324	4	-	10101974	10102203	169.9034271	10102203	0	229	-229	229	-229	229
CAGE_TSS_27331	4	-	10164383	10164507	50.57263184	10164507	0	124	-124	124	-124	124
CAGE_TSS_27333	4	-	10165544	10165608	14.53909969	10165608	0	64	-64	64	-64	64
CAGE_TSS_27345	4	-	10203411	10203429	6.907209873	10203429	0	18	-18	18	-18	18
CAGE_TSS_27354	4	-	10276937	10276966	6.593540192	10276966	0	29	-29	29	-29	29
CAGE_TSS_27356	4	-	10278571	10278582	21.60844994	10278582	0	11	-11	11	-11	11
CAGE_TSS_27362	4	-	10290829	10290844	61.97700119	10290844	0	15	-15	15	-15	15
CAGE_TSS_27364	4	-	10304571	10304655	19.41519928	10304655	0	84	-84	84	-84	84
CAGE_TSS_27366	4	-	10309502	10309488	57.68225861	10309488	0	-14	14	-14	14	14
CAGE_TSS_27369	4	-	10321514	10321749	115.1074677	10321749	0	235	-235	235	-235	235
CAGE_TSS_27377	4	-	10390868	10391075	392.8164978	10391075	0	207	-207	207	-207	207
CAGE_TSS_27378	4	-	10393879	10394040	57.23923111	10394040	0	161	-161	161	-161	161
CAGE_TSS_27394	4	-	10453290	10453304	11.68657017	10453304	0	14	-14	14	-14	14
CAGE_TSS_27398	4	-	10459271	10459323	339.1321411	10459323	0	52	-52	52	-52	52
CAGE_TSS_27401	4	-	10464173	10464354	6.686009884	10464354	0	181	-181	181	-181	181
CAGE_TSS_27403	4	-	10472741	10472733	59.97219849	10472733	0	-8	8	-8	8	8
CAGE_TSS_27406	4	-	10491640	10491730	5.156219959	10491730	0	90	-90	90	-90	90
CAGE_TSS_27407	4	-	10508114	10508099	10.98443031	10508099	0	-15	15	-15	15	15
CAGE_TSS_27411	4	-	10563709	10563781	7.540359974	10563781	0	72	-72	72	-72	72
CAGE_TSS_27415	4	-	10572433	10572349	13.56867981	10572349	0	-84	84	-84	84	84
CAGE_TSS_27416	4	-	10576379	10576450	11.78940964	10576450	0	71	-71	71	-71	71
CAGE_TSS_27421	4	-	10585734	10585803	17.32440948	10585803	0	69	-69	69	-69	69
CAGE_TSS_27427	4	-	10604610	10604833	89.6031723	10604833	0	223	-223	223	-223	223
CAGE_TSS_27439	4	-	10689575	10689634	20.16741943	10689634	0	59	-59	59	-59	59
CAGE_TSS_27441	4	-	10698685	10698872	14.5287199	10698872	0	187	-187	187	-187	187
CAGE_TSS_27446	4	-	10714706	10714696	30.29537964	10714696	0	-10	10	-10	10	10
CAGE_TSS_27454	4	-	10780362	10780373	50.60911942	10780373	0	11	-11	11	-11	11
CAGE_TSS_27456	4	-	10784273	10784181	5.849480152	10784181	0	-92	92	-92	92	92
CAGE_TSS_27487	4	-	11016588	11016510	25.47340012	11016510	0	-78	78	-78	78	78
CAGE_TSS_27489	4	-	11021292	11021462	339.923645	11021462	0	170	-170	170	-170	170
CAGE_TSS_27490	4	-	11023750	11023746	97.14862823	11023746	0	-4	4	-4	4	4
CAGE_TSS_27492	4	-	11032630	11032677	21.34729958	11032677	0	47	-47	47	-47	47
CAGE_TSS_27504	4	-	11176790	11176788	18.80765915	11176788	0	-2	2	-2	2	2
CAGE_TSS_27505	4	-	11180821	11180944	1098.905273	11180944	0	123	-123	123	-123	123
CAGE_TSS_27515	4	-	11288752	11288776	34.25196075	11288776	0	24	-24	24	-24	24
CAGE_TSS_27519	4	-	11307424	11307602	6.753260136	11307602	0	178	-178	178	-178	178
CAGE_TSS_27525	4	-	11357477	11357467	28.08933067	11357467	0	-10	10	-10	10	10
CAGE_TSS_27527	4	-	11397636	11397699	12.32291031	11397699	0	63	-63	63	-63	63
CAGE_TSS_27531	4	-	11412283	11412318	14.30646038	11412318	0	35	-35	35	-35	35
CAGE_TSS_27535	4	-	11447182	11447206	134.1153259	11447206	0	24	-24	24	-24	24
CAGE_TSS_27539	4	-	11470375	11470375	20.7976799	11470375	0	0	0	0	0	0
CAGE_TSS_27542	4	-	11472816	11472861	169.2370758	11472861	0	45	-45	45	-45	45
CAGE_TSS_27552	4	-	11546506	11546595	34.42070007	11546595	0	89	-89	89	-89	89
CAGE_TSS_27557	4	-	11577123	11577184	7.283390045	11577184	0	61	-61	61	-61	61
CAGE_TSS_27566	4	-	11604330	11604565	1347.001953	11604565	0	235	-235	235	-235	235
CAGE_TSS_27571	4	-	11629352	11629603	78.89755249	11629603	0	251	-251	251	-251	251
CAGE_TSS_27572	4	-	11631016	11631132	203.5465546	11631132	0	116	-116	116	-116	116
CAGE_TSS_27573	4	-	11640208	11640351	59.66456985	11640351	0	143	-143	143	-143	143
CAGE_TSS_27576	4	-	11647629	11647710	347.5647888	11647710	0	81	-81	81	-81	81
CAGE_TSS_27582	4	-	11659058	11659173	36.91353989	11659173	0	115	-115	115	-115	115
CAGE_TSS_27594	4	-	11730421	11730581	50.8029213	11730581	0	160	-160	160	-160	160
CAGE_TSS_27595	4	-	11732650	11732597	7.478439808	11732597	0	-53	53	-53	53	53
CAGE_TSS_27596	4	-	11743196	11743262	114.2732925	11743262	0	66	-66	66	-66	66
CAGE_TSS_27598	4	-	11750128	11750324	636.9630737	11750324	0	196	-196	196	-196	196
CAGE_TSS_27600	4	-	11760930	11760966	44.66603088	11760966	0	36	-36	36	-36	36
CAGE_TSS_27601	4	-	11763894	11764181	547.3828735	11764181	0	287	-287	287	-287	287
CAGE_TSS_27603	4	-	11767260	11767299	75.6517868	11767299	0	39	-39	39	-39	39
CAGE_TSS_27606	4	-	11772513	11772531	18.48695946	11772531	0	18	-18	18	-18	18
CAGE_TSS_27608	4	-	11782663	11782722	15.17665005	11782722	0	59	-59	59	-59	59
CAGE_TSS_27609	4	-	11785815	11785905	32.68669128	11785905	0	90	-90	90	-90	90
CAGE_TSS_27612	4	-	11794724	11794685	22.28976059	11794685	0	-39	39	-39	39	39
CAGE_TSS_27614	4	-	11803428	11803683	50.20545959	11803683	0	255	-255	255	-255	255
CAGE_TSS_27616	4	-	11812992	11812991	6.077089787	11812991	0	-1	1	-1	1	1
CAGE_TSS_27624	4	-	11860163	11860370	9.846509933	11860370	0	207	-207	207	-207	207
CAGE_TSS_27625	4	-	11864335	11864335	59.18363953	11864335	0	0	0	0	0	0
CAGE_TSS_27628	4	-	11877717	11877710	41.44258881	11877710	0	-7	7	-7	7	7
CAGE_TSS_27630	4	-	11878906	11879097	13.87343979	11879097	0	191	-191	191	-191	191
CAGE_TSS_27631	4	-	11885391	11885356	45.28908157	11885356	0	-35	35	-35	35	35
CAGE_TSS_27632	4	-	11890709	11890938	96.13996124	11890938	0	229	-229	229	-229	229
CAGE_TSS_27633	4	-	11895755	11895840	67.00048065	11895840	0	85	-85	85	-85	85
CAGE_TSS_27642	4	-	11948719	11948657	19.65620041	11948657	0	-62	62	-62	62	62
CAGE_TSS_27644	4	-	11953711	11953761	127.8156204	11953761	0	50	-50	50	-50	50
CAGE_TSS_27646	4	-	11956790	11956804	8.198670387	11956804	0	14	-14	14	-14	14
CAGE_TSS_27647	4	-	11965649	11965846	338.271759	11965846	0	197	-197	197	-197	197
CAGE_TSS_27648	4	-	11971143	11971329	96.71956635	11971329	0	186	-186	186	-186	186
CAGE_TSS_27653	4	-	11993724	11993818	16.22624969	11993818	0	94	-94	94	-94	94
CAGE_TSS_27657	4	-	12018300	12018334	153.7076263	12018334	0	34	-34	34	-34	34
CAGE_TSS_27659	4	-	12027797	12027995	117.3136826	12027995	0	198	-198	198	-198	198
CAGE_TSS_27662	4	-	12051788	12051770	328.8720398	12051770	0	-18	18	-18	18	18
CAGE_TSS_27664	4	-	12062819	12062814	17.68647957	12062814	0	-5	5	-5	5	5
CAGE_TSS_27666	4	-	12078730	12078749	9.448080063	12078749	0	19	-19	19	-19	19
CAGE_TSS_27673	4	-	12136084	12136200	9.948740005	12136200	0	116	-116	116	-116	116
CAGE_TSS_27675	4	-	12143837	12143999	202.9939117	12143999	0	162	-162	162	-162	162
CAGE_TSS_27676	4	-	12144952	12144831	6.648869991	12144831	0	-121	121	-121	121	121
CAGE_TSS_27679	4	-	12156898	12157105	77.43231964	12157105	0	207	-207	207	-207	207
CAGE_TSS_27682	4	-	12167061	12167163	29.47307014	12167163	0	102	-102	102	-102	102
CAGE_TSS_27693	4	-	12258403	12258248	6.798709869	12258248	0	-155	155	-155	155	155
CAGE_TSS_27695	4	-	12265071	12265230	25.56740952	12265230	0	159	-159	159	-159	159
CAGE_TSS_27698	4	-	12286450	12286655	13.23948956	12286655	0	205	-205	205	-205	205
CAGE_TSS_27703	4	-	12327448	12327549	39.77093124	12327549	0	101	-101	101	-101	101
CAGE_TSS_27706	4	-	12332763	12332908	4.91218996	12332908	0	145	-145	145	-145	145
CAGE_TSS_27708	4	-	12333710	12333980	60.01052094	12333980	0	270	-270	270	-270	270
CAGE_TSS_27710	4	-	12337478	12337705	56.05688095	12337705	0	227	-227	227	-227	227
CAGE_TSS_27713	4	-	12346055	12346269	74.76148987	12346269	0	214	-214	214	-214	214
CAGE_TSS_27715	4	-	12393984	12393744	256.793335	12393744	0	-240	240	-240	240	240
CAGE_TSS_27721	4	-	12408334	12408326	19.76511955	12408326	0	-8	8	-8	8	8
CAGE_TSS_27722	4	-	12416460	12416492	24.88208961	12416492	0	32	-32	32	-32	32
CAGE_TSS_27724	4	-	12421360	12421466	16.1653595	12421466	0	106	-106	106	-106	106
CAGE_TSS_27725	4	-	12436736	12436821	23.42407036	12436821	0	85	-85	85	-85	85
CAGE_TSS_27729	4	-	12520537	12520248	25.05129051	12520248	0	-289	289	-289	289	289
CAGE_TSS_27730	4	-	12520814	12520866	46.44528961	12520866	0	52	-52	52	-52	52
CAGE_TSS_27732	4	-	12533843	12534045	32.10474014	12534045	0	202	-202	202	-202	202
CAGE_TSS_27749	4	-	12560883	12560972	31.64921951	12560972	0	89	-89	89	-89	89
CAGE_TSS_27753	4	-	12568845	12568906	446.2685547	12568906	0	61	-61	61	-61	61
CAGE_TSS_27764	4	-	12610110	12610142	195.5071411	12610142	0	32	-32	32	-32	32
CAGE_TSS_27766	4	-	12616124	12616391	12.01807976	12616391	0	267	-267	267	-267	267
CAGE_TSS_27773	4	-	12674095	12674106	731.7240601	12674106	0	11	-11	11	-11	11
CAGE_TSS_27775	4	-	12708102	12708336	8.375780106	12708336	0	234	-234	234	-234	234
CAGE_TSS_27779	4	-	12712655	12712832	24.19342041	12712832	0	177	-177	177	-177	177
CAGE_TSS_27782	4	-	12730756	12730671	17.6014595	12730671	0	-85	85	-85	85	85
CAGE_TSS_27783	4	-	12745257	12745320	23.5510807	12745320	0	63	-63	63	-63	63
CAGE_TSS_27786	4	-	12754097	12754134	13.29846954	12754134	0	37	-37	37	-37	37
CAGE_TSS_27789	4	-	12757734	12757972	41.07633972	12757972	0	238	-238	238	-238	238
CAGE_TSS_27792	4	-	12760832	12760954	19.66445923	12760954	0	122	-122	122	-122	122
CAGE_TSS_27798	4	-	12770706	12770891	58.62363815	12770891	0	185	-185	185	-185	185
CAGE_TSS_27801	4	-	12772332	12772616	1261.89209	12772616	0	284	-284	284	-284	284
CAGE_TSS_27803	4	-	12789628	12789718	21.31448936	12789718	0	90	-90	90	-90	90
CAGE_TSS_27816	4	-	12820735	12820891	10.83434963	12820891	0	156	-156	156	-156	156
CAGE_TSS_27823	4	-	12861982	12861994	67.65966034	12861994	0	12	-12	12	-12	12
CAGE_TSS_27825	4	-	12883744	12883934	150.3683014	12883934	0	190	-190	190	-190	190
CAGE_TSS_27829	4	-	12886046	12886177	32.66165924	12886177	0	131	-131	131	-131	131
CAGE_TSS_27834	4	-	12900024	12900092	34.21134186	12900092	0	68	-68	68	-68	68
CAGE_TSS_27835	4	-	12903163	12903152	131.2481079	12903152	0	-11	11	-11	11	11
CAGE_TSS_27836	4	-	12910182	12910373	106.9921875	12910373	0	191	-191	191	-191	191
CAGE_TSS_27842	4	-	12936653	12936799	378.2093201	12936799	0	146	-146	146	-146	146
CAGE_TSS_27844	4	-	12940925	12941039	342.3751526	12941039	0	114	-114	114	-114	114
CAGE_TSS_27853	4	-	12992452	12992491	97.50328064	12992491	0	39	-39	39	-39	39
CAGE_TSS_27857	4	-	13013915	13014005	104.8376923	13014005	0	90	-90	90	-90	90
CAGE_TSS_27858	4	-	13016234	13016260	1416.035889	13016260	0	26	-26	26	-26	26
CAGE_TSS_27859	4	-	13019140	13019303	312.7984619	13019303	0	163	-163	163	-163	163
CAGE_TSS_27865	4	-	13055617	13055636	34.7374382	13055636	0	19	-19	19	-19	19
CAGE_TSS_27866	4	-	13069451	13069569	65.57628632	13069569	0	118	-118	118	-118	118
CAGE_TSS_27876	4	-	13087053	13087151	41.65877151	13087151	0	98	-98	98	-98	98
CAGE_TSS_27879	4	-	13091809	13091927	98.05342102	13091927	0	118	-118	118	-118	118
CAGE_TSS_27881	4	-	13095868	13096013	46.1313591	13096013	0	145	-145	145	-145	145
CAGE_TSS_27882	4	-	13099549	13099663	280.6891785	13099663	0	114	-114	114	-114	114
CAGE_TSS_27883	4	-	13102531	13102570	293.1051331	13102570	0	39	-39	39	-39	39
CAGE_TSS_27890	4	-	13120134	13120079	8.649559975	13120079	0	-55	55	-55	55	55
CAGE_TSS_27897	4	-	13160447	13160632	6.348370075	13160632	0	185	-185	185	-185	185
CAGE_TSS_27901	4	-	13193917	13193771	786.1627808	13193771	0	-146	146	-146	146	146
CAGE_TSS_27904	4	-	13216500	13216491	17.91888046	13216491	0	-9	9	-9	9	9
CAGE_TSS_27908	4	-	13222266	13222216	255.9744568	13222216	0	-50	50	-50	50	50
CAGE_TSS_27909	4	-	13227635	13227616	6.508590221	13227616	0	-19	19	-19	19	19
CAGE_TSS_27910	4	-	13230796	13230848	11.07161999	13230848	0	52	-52	52	-52	52
CAGE_TSS_27912	4	-	13240949	13241001	4.869709969	13241001	0	52	-52	52	-52	52
CAGE_TSS_27914	4	-	13247926	13248036	16.33201027	13248036	0	110	-110	110	-110	110
CAGE_TSS_27925	4	-	13312768	13312760	11.89927006	13312760	0	-8	8	-8	8	8
CAGE_TSS_27926	4	-	13316108	13316153	5.083859921	13316153	0	45	-45	45	-45	45
CAGE_TSS_27932	4	-	13346542	13346498	54.43746185	13346498	0	-44	44	-44	44	44
CAGE_TSS_27936	4	-	13375969	13376055	40.71723175	13376055	0	86	-86	86	-86	86
CAGE_TSS_27941	4	-	13404309	13404289	11.1936903	13404289	0	-20	20	-20	20	20
CAGE_TSS_27942	4	-	13406199	13406237	19.1967907	13406237	0	38	-38	38	-38	38
CAGE_TSS_27946	4	-	13411057	13411022	151.2463531	13411022	0	-35	35	-35	35	35
CAGE_TSS_27964	4	-	13454445	13454463	32.3050499	13454463	0	18	-18	18	-18	18
CAGE_TSS_27965	4	-	13460016	13460275	146.9997864	13460275	0	259	-259	259	-259	259
CAGE_TSS_27970	4	-	13481741	13481861	63.32751846	13481861	0	120	-120	120	-120	120
CAGE_TSS_27972	4	-	13486654	13486949	209.6454468	13486949	0	295	-295	295	-295	295
CAGE_TSS_27981	4	-	13501646	13501649	156.3222198	13501649	0	3	-3	3	-3	3
CAGE_TSS_27984	4	-	13504734	13504726	40.25654984	13504726	0	-8	8	-8	8	8
CAGE_TSS_27987	4	-	13523211	13523374	12.44579983	13523374	0	163	-163	163	-163	163
CAGE_TSS_27992	4	-	13554329	13554464	6.870629787	13554464	0	135	-135	135	-135	135
CAGE_TSS_27996	4	-	13557853	13557818	19.41300011	13557818	0	-35	35	-35	35	35
CAGE_TSS_27998	4	-	13571445	13571562	19.70458031	13571562	0	117	-117	117	-117	117
CAGE_TSS_28010	4	-	13606395	13606387	8.588569641	13606387	0	-8	8	-8	8	8
CAGE_TSS_28012	4	-	13619164	13619165	9.556529999	13619165	0	1	-1	1	-1	1
CAGE_TSS_28016	4	-	13664239	13664521	184.7564697	13664521	0	282	-282	282	-282	282
CAGE_TSS_28019	4	-	13674332	13674493	33.2492485	13674493	0	161	-161	161	-161	161
CAGE_TSS_28025	4	-	13692792	13692753	10.96341991	13692753	0	-39	39	-39	39	39
CAGE_TSS_28034	4	-	13751104	13750937	58.68188095	13750937	0	-167	167	-167	167	167
CAGE_TSS_28038	4	-	13751833	13751891	200.6412964	13751891	0	58	-58	58	-58	58
CAGE_TSS_28039	4	-	13754685	13754695	7.020949841	13754695	0	10	-10	10	-10	10
CAGE_TSS_28040	4	-	13761528	13761518	89.94966888	13761518	0	-10	10	-10	10	10
CAGE_TSS_28043	4	-	13777287	13777500	48.96606827	13777500	0	213	-213	213	-213	213
CAGE_TSS_28046	4	-	13788352	13788564	57.75735855	13788564	0	212	-212	212	-212	212
CAGE_TSS_28060	4	-	13836577	13836652	107.6778488	13836652	0	75	-75	75	-75	75
CAGE_TSS_28064	4	-	13854146	13854296	4551.17041	13854296	0	150	-150	150	-150	150
CAGE_TSS_28066	4	-	13860688	13860855	151.2480774	13860855	0	167	-167	167	-167	167
CAGE_TSS_28067	4	-	13864500	13864470	730.3292236	13864470	0	-30	30	-30	30	30
CAGE_TSS_28068	4	-	13866282	13866266	489.0872803	13866266	0	-16	16	-16	16	16
CAGE_TSS_28069	4	-	13910873	13910932	609.8762817	13910932	0	59	-59	59	-59	59
CAGE_TSS_28079	4	-	13937381	13937538	523.7142334	13937538	0	157	-157	157	-157	157
CAGE_TSS_28081	4	-	13939143	13939393	4.902840137	13939393	0	250	-250	250	-250	250
CAGE_TSS_28083	4	-	13943728	13943736	178.067627	13943736	0	8	-8	8	-8	8
CAGE_TSS_28092	4	-	13958009	13958121	19.1967907	13958121	0	112	-112	112	-112	112
CAGE_TSS_28095	4	-	13966851	13966879	8.538789749	13966879	0	28	-28	28	-28	28
CAGE_TSS_28099	4	-	13983716	13983679	106.6050873	13983679	0	-37	37	-37	37	37
CAGE_TSS_28102	4	-	13997260	13997292	125.2662735	13997292	0	32	-32	32	-32	32
CAGE_TSS_28103	4	-	13998106	13998008	21.85695076	13998008	0	-98	98	-98	98	98
CAGE_TSS_28104	4	-	13998342	13998488	138.7161865	13998488	0	146	-146	146	-146	146
CAGE_TSS_28107	4	-	14002040	14002154	215.0691528	14002154	0	114	-114	114	-114	114
CAGE_TSS_28112	4	-	14023070	14023045	2121.971924	14023045	0	-25	25	-25	25	25
CAGE_TSS_28115	4	-	14043273	14043365	13.13179016	14043365	0	92	-92	92	-92	92
CAGE_TSS_28120	4	-	14086843	14087071	9.785289764	14087071	0	228	-228	228	-228	228
CAGE_TSS_28122	4	-	14126860	14127038	6.917140007	14127038	0	178	-178	178	-178	178
CAGE_TSS_28125	4	-	14135254	14135277	11.86507988	14135277	0	23	-23	23	-23	23
CAGE_TSS_28130	4	-	14203929	14203988	22.56267929	14203988	0	59	-59	59	-59	59
CAGE_TSS_28135	4	-	14266645	14266843	365.5638428	14266843	0	198	-198	198	-198	198
CAGE_TSS_28141	4	-	14302020	14302179	116.7760391	14302179	0	159	-159	159	-159	159
CAGE_TSS_28142	4	-	14305413	14305357	3.921129942	14305357	0	-56	56	-56	56	56
CAGE_TSS_28143	4	-	14316945	14317044	5.330279827	14317044	0	99	-99	99	-99	99
CAGE_TSS_28147	4	-	14355113	14355186	32.68989944	14355186	0	73	-73	73	-73	73
CAGE_TSS_28148	4	-	14393376	14393485	44.04433823	14393485	0	109	-109	109	-109	109
CAGE_TSS_28150	4	-	14406499	14406783	113.1977386	14406783	0	284	-284	284	-284	284
CAGE_TSS_28151	4	-	14423419	14423242	9.737640381	14423242	0	-177	177	-177	177	177
CAGE_TSS_28155	4	-	14439743	14439755	25.6716404	14439755	0	12	-12	12	-12	12
CAGE_TSS_28156	4	-	14453833	14453928	7.451889992	14453928	0	95	-95	95	-95	95
CAGE_TSS_28159	4	-	14465981	14466062	9.162449837	14466062	0	81	-81	81	-81	81
CAGE_TSS_28172	4	-	14514460	14514311	11.49269009	14514311	0	-149	149	-149	149	149
CAGE_TSS_28173	4	-	14535250	14535193	11.18523979	14535193	0	-57	57	-57	57	57
CAGE_TSS_28175	4	-	14537244	14537234	10.88331985	14537234	0	-10	10	-10	10	10
CAGE_TSS_28176	4	-	14539593	14539747	8.132200241	14539747	0	154	-154	154	-154	154
CAGE_TSS_28184	4	-	14564362	14564632	37.33594131	14564632	0	270	-270	270	-270	270
CAGE_TSS_28188	4	-	14595268	14595438	7.807529926	14595438	0	170	-170	170	-170	170
CAGE_TSS_28190	4	-	14601024	14601222	326.3617859	14601222	0	198	-198	198	-198	198
CAGE_TSS_28195	4	-	14619486	14619461	6.765759945	14619461	0	-25	25	-25	25	25
CAGE_TSS_28197	4	-	14627629	14627610	40.14616013	14627610	0	-19	19	-19	19	19
CAGE_TSS_28205	4	-	14692480	14692455	20.85383987	14692455	0	-25	25	-25	25	25
CAGE_TSS_28206	4	-	14706307	14706321	20.92727089	14706321	0	14	-14	14	-14	14
CAGE_TSS_28222	4	-	14776051	14775975	5.122980118	14775975	0	-76	76	-76	76	76
CAGE_TSS_28223	4	-	14790499	14790285	795.220459	14790285	0	-214	214	-214	214	214
CAGE_TSS_28225	4	-	14804326	14804506	6.667510033	14804506	0	180	-180	180	-180	180
CAGE_TSS_28227	4	-	14809955	14810200	12.51039982	14810200	0	245	-245	245	-245	245
CAGE_TSS_28228	4	-	14818829	14818794	6.611139774	14818794	0	-35	35	-35	35	35
CAGE_TSS_28235	4	-	14830015	14830173	113.0592575	14830173	0	158	-158	158	-158	158
CAGE_TSS_28238	4	-	14857998	14858199	5.502470016	14858199	0	201	-201	201	-201	201
CAGE_TSS_28240	4	-	14859403	14859497	498.2407227	14859497	0	94	-94	94	-94	94
CAGE_TSS_28241	4	-	14863020	14863154	18.77170944	14863154	0	134	-134	134	-134	134
CAGE_TSS_28242	4	-	14872175	14872226	364.5075684	14872226	0	51	-51	51	-51	51
CAGE_TSS_28246	4	-	14883419	14883411	319.6480713	14883411	0	-8	8	-8	8	8
CAGE_TSS_28253	4	-	14907611	14907746	11.80920029	14907746	0	135	-135	135	-135	135
CAGE_TSS_28261	4	-	14934410	14934682	10.85149956	14934682	0	272	-272	272	-272	272
CAGE_TSS_28272	4	-	14969503	14969496	37.52233124	14969496	0	-7	7	-7	7	7
CAGE_TSS_28284	4	-	15039268	15039281	13.78542995	15039281	0	13	-13	13	-13	13
CAGE_TSS_28290	4	-	15053955	15054132	1008.340149	15054132	0	177	-177	177	-177	177
CAGE_TSS_28298	4	-	15059770	15059883	154.0505371	15059883	0	113	-113	113	-113	113
CAGE_TSS_28299	4	-	15068948	15068999	31.9344902	15068999	0	51	-51	51	-51	51
CAGE_TSS_28301	4	-	15079853	15079863	53.52265167	15079863	0	10	-10	10	-10	10
CAGE_TSS_28311	4	-	15138807	15138759	47.57881927	15138759	0	-48	48	-48	48	48
CAGE_TSS_28312	4	-	15145619	15145632	22.33547974	15145632	0	13	-13	13	-13	13
CAGE_TSS_28317	4	-	15155651	15155738	7.85668993	15155738	0	87	-87	87	-87	87
CAGE_TSS_28320	4	-	15178630	15178896	7.992519855	15178896	0	266	-266	266	-266	266
CAGE_TSS_28321	4	-	15180610	15180580	9.887969971	15180580	0	-30	30	-30	30	30
CAGE_TSS_28328	4	-	15242968	15243010	11.58428955	15243010	0	42	-42	42	-42	42
CAGE_TSS_28329	4	-	15247923	15247897	31.81682968	15247897	0	-26	26	-26	26	26
CAGE_TSS_28334	4	-	15261231	15261087	10.26383018	15261087	0	-144	144	-144	144	144
CAGE_TSS_28336	4	-	15275309	15275351	9.69536972	15275351	0	42	-42	42	-42	42
CAGE_TSS_28337	4	-	15277365	15277624	94.87014771	15277624	0	259	-259	259	-259	259
CAGE_TSS_28338	4	-	15287271	15287276	10.99298954	15287276	0	5	-5	5	-5	5
CAGE_TSS_28339	4	-	15291538	15291631	178.6805725	15291631	0	93	-93	93	-93	93
CAGE_TSS_28343	4	-	15339534	15339762	33.51197815	15339762	0	228	-228	228	-228	228
CAGE_TSS_28352	4	-	15372585	15372784	12.06717014	15372784	0	199	-199	199	-199	199
CAGE_TSS_28356	4	-	15394102	15393836	61.64625931	15393836	0	-266	266	-266	266	266
CAGE_TSS_28357	4	-	15394425	15394356	13.73740005	15394356	0	-69	69	-69	69	69
CAGE_TSS_28362	4	-	15415834	15416112	249.0161438	15416112	0	278	-278	278	-278	278
CAGE_TSS_28365	4	-	15446922	15446979	16.65708923	15446979	0	57	-57	57	-57	57
CAGE_TSS_28375	4	-	15507260	15507400	82.05158234	15507400	0	140	-140	140	-140	140
CAGE_TSS_28384	4	-	15527788	15527815	30.69984055	15527815	0	27	-27	27	-27	27
CAGE_TSS_28386	4	-	15543638	15543883	5.317940235	15543883	0	245	-245	245	-245	245
CAGE_TSS_28388	4	-	15573274	15573344	5.763120174	15573344	0	70	-70	70	-70	70
CAGE_TSS_28390	4	-	15574677	15574761	13.99034977	15574761	0	84	-84	84	-84	84
CAGE_TSS_28392	4	-	15579846	15579952	137.6614227	15579952	0	106	-106	106	-106	106
CAGE_TSS_28395	4	-	15613892	15613748	149.6620636	15613748	0	-144	144	-144	144	144
CAGE_TSS_28403	4	-	15646546	15646699	130.6796722	15646699	0	153	-153	153	-153	153
CAGE_TSS_28407	4	-	15663522	15663640	249.4202728	15663640	0	118	-118	118	-118	118
CAGE_TSS_28417	4	-	15717838	15718001	48.10921097	15718001	0	163	-163	163	-163	163
CAGE_TSS_28421	4	-	15730368	15730346	20.18153	15730346	0	-22	22	-22	22	22
CAGE_TSS_28424	4	-	15765094	15765047	7.109189987	15765047	0	-47	47	-47	47	47
CAGE_TSS_28427	4	-	15848385	15848509	49.08388901	15848509	0	124	-124	124	-124	124
CAGE_TSS_28429	4	-	15868560	15868748	214.5114136	15868748	0	188	-188	188	-188	188
CAGE_TSS_28432	4	-	15896267	15896424	8.782770157	15896424	0	157	-157	157	-157	157
CAGE_TSS_28437	4	-	15903232	15903355	92.63535309	15903355	0	123	-123	123	-123	123
CAGE_TSS_28441	4	-	15917992	15918215	12023.67969	15918215	0	223	-223	223	-223	223
CAGE_TSS_28459	4	-	15941255	15941483	166.2316437	15941483	0	228	-228	228	-228	228
CAGE_TSS_28461	4	-	15947020	15947182	156.3278351	15947182	0	162	-162	162	-162	162
CAGE_TSS_28464	4	-	15954770	15954866	5.38492012	15954866	0	96	-96	96	-96	96
CAGE_TSS_28468	4	-	15980691	15980877	663.9216309	15980877	0	186	-186	186	-186	186
CAGE_TSS_28471	4	-	15988106	15988284	28.67997932	15988284	0	178	-178	178	-178	178
CAGE_TSS_28475	4	-	16021117	16021161	15.62302971	16021161	0	44	-44	44	-44	44
CAGE_TSS_28477	4	-	16038037	16037887	12.78050995	16037887	0	-150	150	-150	150	150
CAGE_TSS_28480	4	-	16043410	16043491	43.98099136	16043491	0	81	-81	81	-81	81
CAGE_TSS_28482	4	-	16054028	16054178	164.5162659	16054178	0	150	-150	150	-150	150
CAGE_TSS_28483	4	-	16056523	16056606	735.5003662	16056606	0	83	-83	83	-83	83
CAGE_TSS_28489	4	-	16090742	16090675	1463.418091	16090675	0	-67	67	-67	67	67
CAGE_TSS_28492	4	-	16102195	16102323	13.23948956	16102323	0	128	-128	128	-128	128
CAGE_TSS_28502	4	-	16130451	16130611	11.68657017	16130611	0	160	-160	160	-160	160
CAGE_TSS_28504	4	-	16136497	16136430	536.5925293	16136430	0	-67	67	-67	67	67
CAGE_TSS_28509	4	-	16154721	16154722	265.3308105	16154722	0	1	-1	1	-1	1
CAGE_TSS_28511	4	-	16160295	16160348	510.7944336	16160348	0	53	-53	53	-53	53
CAGE_TSS_28512	4	-	16167952	16167770	6.171740055	16167770	0	-182	182	-182	182	182
CAGE_TSS_28521	4	-	16179477	16179537	29.84830093	16179537	0	60	-60	60	-60	60
CAGE_TSS_28525	4	-	16196443	16196537	16.34810066	16196537	0	94	-94	94	-94	94
CAGE_TSS_28528	4	-	16211407	16211706	5.174409866	16211706	0	299	-299	299	-299	299
CAGE_TSS_28536	4	-	16258757	16258979	5.943999767	16258979	0	222	-222	222	-222	222
CAGE_TSS_28538	4	-	16288915	16288910	15.0785799	16288910	0	-5	5	-5	5	5
CAGE_TSS_28539	4	-	16292817	16292961	21.46235085	16292961	0	144	-144	144	-144	144
CAGE_TSS_28542	4	-	16314868	16315082	742.6774902	16315082	0	214	-214	214	-214	214
CAGE_TSS_28551	4	-	16349972	16350257	59.0533905	16350257	0	285	-285	285	-285	285
CAGE_TSS_28556	4	-	16371429	16371391	18.08625031	16371391	0	-38	38	-38	38	38
CAGE_TSS_28564	4	-	16376612	16376634	49.2560997	16376634	0	22	-22	22	-22	22
CAGE_TSS_28571	4	-	16388721	16388800	49.7396698	16388800	0	79	-79	79	-79	79
CAGE_TSS_28574	4	-	16406195	16406392	24.14143944	16406392	0	197	-197	197	-197	197
CAGE_TSS_28581	4	-	16431113	16431400	34.90298843	16431400	0	287	-287	287	-287	287
CAGE_TSS_28583	4	-	16454595	16454686	5.486330032	16454686	0	91	-91	91	-91	91
CAGE_TSS_28584	4	-	16471519	16471569	10.28818035	16471569	0	50	-50	50	-50	50
CAGE_TSS_28586	4	-	16479430	16479325	7.098020077	16479325	0	-105	105	-105	105	105
CAGE_TSS_28588	4	-	16484011	16484085	52.24140167	16484085	0	74	-74	74	-74	74
CAGE_TSS_28590	4	-	16487375	16487504	88.03044891	16487504	0	129	-129	129	-129	129
CAGE_TSS_28591	4	-	16490893	16490830	23.89344978	16490830	0	-63	63	-63	63	63
CAGE_TSS_28600	4	-	16535183	16535109	4.75549984	16535109	0	-74	74	-74	74	74
CAGE_TSS_28606	4	-	16561008	16561200	29.85334969	16561200	0	192	-192	192	-192	192
CAGE_TSS_28611	4	-	16562968	16562937	75.23708344	16562937	0	-31	31	-31	31	31
CAGE_TSS_28614	4	-	16569290	16569426	9.448080063	16569426	0	136	-136	136	-136	136
CAGE_TSS_28616	4	-	16571331	16571188	7.10131979	16571188	0	-143	143	-143	143	143
CAGE_TSS_28618	4	-	16576598	16576728	87.4970932	16576728	0	130	-130	130	-130	130
CAGE_TSS_28619	4	-	16582875	16583059	2777.07251	16583059	0	184	-184	184	-184	184
CAGE_TSS_28622	4	-	16612658	16612939	22.77436066	16612939	0	281	-281	281	-281	281
CAGE_TSS_28624	4	-	16625062	16625060	7.614309788	16625060	0	-2	2	-2	2	2
CAGE_TSS_28625	4	-	16631362	16631343	326.8222046	16631343	0	-19	19	-19	19	19
CAGE_TSS_28626	4	-	16644817	16645072	12.71205044	16645072	0	255	-255	255	-255	255
CAGE_TSS_28628	4	-	16659416	16659544	16.93033981	16659544	0	128	-128	128	-128	128
CAGE_TSS_28629	4	-	16662300	16662448	54.91754913	16662448	0	148	-148	148	-148	148
CAGE_TSS_28644	4	-	16703286	16703317	13.89906025	16703317	0	31	-31	31	-31	31
CAGE_TSS_28650	4	-	16758090	16758063	22.4587307	16758063	0	-27	27	-27	27	27
CAGE_TSS_28652	4	-	16764490	16764543	120.1422882	16764543	0	53	-53	53	-53	53
CAGE_TSS_28654	4	-	16773129	16773326	17.10799026	16773326	0	197	-197	197	-197	197
CAGE_TSS_28657	4	-	16781772	16781794	122.8660889	16781794	0	22	-22	22	-22	22
CAGE_TSS_28662	4	-	16799753	16799751	90.9477005	16799751	0	-2	2	-2	2	2
CAGE_TSS_28663	4	-	16806654	16806723	41.77130127	16806723	0	69	-69	69	-69	69
CAGE_TSS_28667	4	-	16839372	16839305	28.21347046	16839305	0	-67	67	-67	67	67
CAGE_TSS_28672	4	-	16877237	16877431	90.34631348	16877431	0	194	-194	194	-194	194
CAGE_TSS_28674	4	-	16888248	16888283	23.16966057	16888283	0	35	-35	35	-35	35
CAGE_TSS_28675	4	-	16890836	16890916	53.45911026	16890916	0	80	-80	80	-80	80
CAGE_TSS_28676	4	-	16891851	16892086	48.26374054	16892086	0	235	-235	235	-235	235
CAGE_TSS_28677	4	-	16908034	16908243	67.13768005	16908243	0	209	-209	209	-209	209
CAGE_TSS_28679	4	-	16940925	16940635	9.513560295	16940635	0	-290	290	-290	290	290
CAGE_TSS_28681	4	-	16941760	16942005	91.34021759	16942005	0	245	-245	245	-245	245
CAGE_TSS_28683	4	-	16950593	16950767	385.2998657	16950767	0	174	-174	174	-174	174
CAGE_TSS_28684	4	-	16955218	16955133	10.89842033	16955133	0	-85	85	-85	85	85
CAGE_TSS_28686	4	-	16959957	16960111	37.30194855	16960111	0	154	-154	154	-154	154
CAGE_TSS_28687	4	-	16968122	16968189	13.09875011	16968189	0	67	-67	67	-67	67
CAGE_TSS_28693	4	-	16978037	16978025	17.92801094	16978025	0	-12	12	-12	12	12
CAGE_TSS_28695	4	-	17008146	17008149	23.73512077	17008149	0	3	-3	3	-3	3
CAGE_TSS_28696	4	-	17011451	17011615	977.8395386	17011615	0	164	-164	164	-164	164
CAGE_TSS_28697	4	-	17015237	17015171	5.156730175	17015171	0	-66	66	-66	66	66
CAGE_TSS_28698	4	-	17025813	17025845	9.943940163	17025845	0	32	-32	32	-32	32
CAGE_TSS_28702	4	-	17033890	17034105	187.4756012	17034105	0	215	-215	215	-215	215
CAGE_TSS_28703	4	-	17041080	17041147	34.89099121	17041147	0	67	-67	67	-67	67
CAGE_TSS_28707	4	-	17050270	17050448	116.9246216	17050448	0	178	-178	178	-178	178
CAGE_TSS_28708	4	-	17055063	17055092	40.68439865	17055092	0	29	-29	29	-29	29
CAGE_TSS_28710	4	-	17080785	17080768	35.23395157	17080768	0	-17	17	-17	17	17
CAGE_TSS_28711	4	-	17085753	17085645	702.2983398	17085645	0	-108	108	-108	108	108
CAGE_TSS_28715	4	-	17114153	17114205	37.76142883	17114205	0	52	-52	52	-52	52
CAGE_TSS_28721	4	-	17139679	17139692	497.6613159	17139692	0	13	-13	13	-13	13
CAGE_TSS_28722	4	-	17148276	17148421	103.4863434	17148421	0	145	-145	145	-145	145
CAGE_TSS_28723	4	-	17157516	17157569	10.51080036	17157569	0	53	-53	53	-53	53
CAGE_TSS_28724	4	-	17165191	17165232	98.78829193	17165232	0	41	-41	41	-41	41
CAGE_TSS_28726	4	-	17173209	17173163	15.80585003	17173163	0	-46	46	-46	46	46
CAGE_TSS_28730	4	-	17192335	17192415	30.10515976	17192415	0	80	-80	80	-80	80
CAGE_TSS_28739	4	-	17209964	17209988	5.593699932	17209988	0	24	-24	24	-24	24
CAGE_TSS_28741	4	-	17216525	17216756	179.1958313	17216756	0	231	-231	231	-231	231
CAGE_TSS_28742	4	-	17226588	17226694	5.189889908	17226694	0	106	-106	106	-106	106
CAGE_TSS_28744	4	-	17235559	17235586	62.82006073	17235586	0	27	-27	27	-27	27
CAGE_TSS_28748	4	-	17248503	17248538	61.72914124	17248538	0	35	-35	35	-35	35
CAGE_TSS_28761	4	-	17282085	17282009	14.75986958	17282009	0	-76	76	-76	76	76
CAGE_TSS_28763	4	-	17282729	17282870	114.0043793	17282870	0	141	-141	141	-141	141
CAGE_TSS_28765	4	-	17285563	17285652	46.03910065	17285652	0	89	-89	89	-89	89
CAGE_TSS_28767	4	-	17287415	17287473	7.403590202	17287473	0	58	-58	58	-58	58
CAGE_TSS_28773	4	-	17297720	17297769	46.55239105	17297769	0	49	-49	49	-49	49
CAGE_TSS_28775	4	-	17312487	17312406	37.33829117	17312406	0	-81	81	-81	81	81
CAGE_TSS_28776	4	-	17316363	17316278	1040.357544	17316278	0	-85	85	-85	85	85
CAGE_TSS_28779	4	-	17334349	17334510	95.91719055	17334510	0	161	-161	161	-161	161
CAGE_TSS_28783	4	-	17342730	17342889	104.0882874	17342889	0	159	-159	159	-159	159
CAGE_TSS_28784	4	-	17355887	17355959	7.075009823	17355959	0	72	-72	72	-72	72
CAGE_TSS_28785	4	-	17361872	17361910	21.46626091	17361910	0	38	-38	38	-38	38
CAGE_TSS_28790	4	-	17393288	17393445	70.6860199	17393445	0	157	-157	157	-157	157
CAGE_TSS_28791	4	-	17422115	17422186	12.33022022	17422186	0	71	-71	71	-71	71
CAGE_TSS_28793	4	-	17431609	17431648	214.3580933	17431648	0	39	-39	39	-39	39
CAGE_TSS_28794	4	-	17437056	17437318	9.523940086	17437318	0	262	-262	262	-262	262
CAGE_TSS_28797	4	-	17482131	17482191	21.79560089	17482191	0	60	-60	60	-60	60
CAGE_TSS_28798	4	-	17486270	17486387	152.0491333	17486387	0	117	-117	117	-117	117
CAGE_TSS_28799	4	-	17492743	17492794	760.0462036	17492794	0	51	-51	51	-51	51
CAGE_TSS_28800	4	-	17494106	17494197	20.32831001	17494197	0	91	-91	91	-91	91
CAGE_TSS_28805	4	-	17516854	17517011	20.99793053	17517011	0	157	-157	157	-157	157
CAGE_TSS_28806	4	-	17530402	17530409	89.81845856	17530409	0	7	-7	7	-7	7
CAGE_TSS_28812	4	-	17555807	17556029	40.2158699	17556029	0	222	-222	222	-222	222
CAGE_TSS_28814	4	-	17558805	17559029	7.699260235	17559029	0	224	-224	224	-224	224
CAGE_TSS_28818	4	-	17561680	17561922	920.385498	17561922	0	242	-242	242	-242	242
CAGE_TSS_28820	4	-	17564611	17564571	25.85976028	17564571	0	-40	40	-40	40	40
CAGE_TSS_28824	4	-	17571700	17571631	5.557280064	17571631	0	-69	69	-69	69	69
CAGE_TSS_28826	4	-	17598697	17598677	5.030849934	17598677	0	-20	20	-20	20	20
CAGE_TSS_28829	4	-	17606832	17606863	24.56274986	17606863	0	31	-31	31	-31	31
CAGE_TSS_28830	4	-	17615565	17615807	19.59733963	17615807	0	242	-242	242	-242	242
CAGE_TSS_28833	4	-	17618409	17618569	582.0786743	17618569	0	160	-160	160	-160	160
CAGE_TSS_28839	4	-	17649023	17649106	6.017380238	17649106	0	83	-83	83	-83	83
CAGE_TSS_28845	4	-	17666435	17666530	1299.353271	17666530	0	95	-95	95	-95	95
CAGE_TSS_28847	4	-	17672339	17672509	70.7146225	17672509	0	170	-170	170	-170	170
CAGE_TSS_28848	4	-	17686946	17687204	140.0714874	17687204	0	258	-258	258	-258	258
CAGE_TSS_28853	4	-	17727728	17728027	521.5928955	17728027	0	299	-299	299	-299	299
CAGE_TSS_28859	4	-	17777393	17777626	45.51502991	17777626	0	233	-233	233	-233	233
CAGE_TSS_28868	4	-	17805666	17805793	233.8025055	17805793	0	127	-127	127	-127	127
CAGE_TSS_28870	4	-	17806534	17806587	13.16287041	17806587	0	53	-53	53	-53	53
CAGE_TSS_28874	4	-	17828176	17828374	188.4344635	17828374	0	198	-198	198	-198	198
CAGE_TSS_28890	4	-	17834788	17835022	64.10662842	17835022	0	234	-234	234	-234	234
CAGE_TSS_28894	4	-	17872580	17872551	21.29940033	17872551	0	-29	29	-29	29	29
CAGE_TSS_28897	4	-	17874940	17875168	8.890500069	17875168	0	228	-228	228	-228	228
CAGE_TSS_28906	4	-	17923878	17923941	26.81875992	17923941	0	63	-63	63	-63	63
CAGE_TSS_28913	4	-	17966926	17966901	9.152709961	17966901	0	-25	25	-25	25	25
CAGE_TSS_28915	4	-	17975098	17975149	5.32434988	17975149	0	51	-51	51	-51	51
CAGE_TSS_28916	4	-	17979735	17979923	36.39628983	17979923	0	188	-188	188	-188	188
CAGE_TSS_28923	4	-	18015021	18015227	10.08942986	18015227	0	206	-206	206	-206	206
CAGE_TSS_28925	4	-	18018409	18018493	389.4917603	18018493	0	84	-84	84	-84	84
CAGE_TSS_28926	4	-	18025283	18025326	16.68029976	18025326	0	43	-43	43	-43	43
CAGE_TSS_28927	4	-	18028508	18028309	17.95717049	18028309	0	-199	199	-199	199	199
CAGE_TSS_28933	4	-	18049633	18049710	13.85501957	18049710	0	77	-77	77	-77	77
CAGE_TSS_28940	4	-	18062288	18062281	12.75535965	18062281	0	-7	7	-7	7	7
CAGE_TSS_28948	4	-	18080082	18080281	170.1129456	18080281	0	199	-199	199	-199	199
CAGE_TSS_28949	4	-	18082485	18082595	19.73217964	18082595	0	110	-110	110	-110	110
CAGE_TSS_28950	4	-	18084201	18084333	24.7935009	18084333	0	132	-132	132	-132	132
CAGE_TSS_28957	4	-	18115102	18115133	13.38401031	18115133	0	31	-31	31	-31	31
CAGE_TSS_28962	4	-	18119042	18118949	28.72467995	18118949	0	-93	93	-93	93	93
CAGE_TSS_28963	4	-	18125524	18125703	1170.394409	18125703	0	179	-179	179	-179	179
CAGE_TSS_28964	4	-	18131444	18131418	885.0549316	18131418	0	-26	26	-26	26	26
CAGE_TSS_28966	4	-	18139127	18139285	6.592730045	18139285	0	158	-158	158	-158	158
CAGE_TSS_28972	4	-	18152493	18152522	351.9740601	18152522	0	29	-29	29	-29	29
CAGE_TSS_28975	4	-	18159885	18159995	39.95256042	18159995	0	110	-110	110	-110	110
CAGE_TSS_28983	4	-	18165739	18165875	43.1574707	18165875	0	136	-136	136	-136	136
CAGE_TSS_28986	4	-	18179175	18179118	11.61063957	18179118	0	-57	57	-57	57	57
CAGE_TSS_28989	4	-	18205579	18205800	84.09635925	18205800	0	221	-221	221	-221	221
CAGE_TSS_28990	4	-	18206510	18206623	621.1937256	18206623	0	113	-113	113	-113	113
CAGE_TSS_28991	4	-	18215998	18216006	4.477680206	18216006	0	8	-8	8	-8	8
CAGE_TSS_28994	4	-	18217338	18217575	97.87358856	18217575	0	237	-237	237	-237	237
CAGE_TSS_28999	4	-	18232067	18232069	62.17060852	18232069	0	2	-2	2	-2	2
CAGE_TSS_29007	4	-	18270778	18270801	15.31064034	18270801	0	23	-23	23	-23	23
CAGE_TSS_29010	4	-	18275016	18275108	55.14678955	18275108	0	92	-92	92	-92	92
CAGE_TSS_29016	4	-	18330015	18329879	149.2468872	18329879	0	-136	136	-136	136	136
CAGE_TSS_29018	4	-	18354471	18354652	13.15180969	18354652	0	181	-181	181	-181	181
CAGE_TSS_29025	4	-	18374138	18374243	15.05854034	18374243	0	105	-105	105	-105	105
CAGE_TSS_29031	4	-	18390585	18390576	13.0760603	18390576	0	-9	9	-9	9	9
CAGE_TSS_29035	4	-	18428374	18428472	6.196640015	18428472	0	98	-98	98	-98	98
CAGE_TSS_29038	4	-	18437126	18437047	5.132199764	18437047	0	-79	79	-79	79	79
CAGE_TSS_29039	4	-	18451292	18451515	42.21926117	18451515	0	223	-223	223	-223	223
CAGE_TSS_29046	4	-	18471963	18472067	278.571228	18472067	0	104	-104	104	-104	104
CAGE_TSS_29049	4	-	18477942	18477830	9.865650177	18477830	0	-112	112	-112	112	112
CAGE_TSS_29050	4	-	18486324	18486570	24.5145607	18486570	0	246	-246	246	-246	246
CAGE_TSS_29057	4	-	18547544	18547538	6.621560097	18547538	0	-6	6	-6	6	6
CAGE_TSS_29063	4	-	18556969	18556980	63.80915833	18556980	0	11	-11	11	-11	11
CAGE_TSS_29071	4	-	18563824	18563735	14.20499039	18563735	0	-89	89	-89	89	89
CAGE_TSS_29074	4	-	18573058	18573023	118.8729095	18573023	0	-35	35	-35	35	35
CAGE_TSS_33392	5	-	5786	5893	110.811142	5893	0	107	-107	107	-107	107
CAGE_TSS_33393	5	-	8408	8696	9.980569839	8696	0	288	-288	288	-288	288
CAGE_TSS_33394	5	-	16172	16275	244.5174561	16275	0	103	-103	103	-103	103
CAGE_TSS_33400	5	-	37979	37969	32.94350815	37969	0	-10	10	-10	10	10
CAGE_TSS_33402	5	-	60058	60069	30.9720192	60069	0	11	-11	11	-11	11
CAGE_TSS_33403	5	-	63857	63947	24.27977943	63947	0	90	-90	90	-90	90
CAGE_TSS_33414	5	-	112311	112314	75.88365936	112314	0	3	-3	3	-3	3
CAGE_TSS_33416	5	-	122521	122533	5.855460167	122533	0	12	-12	12	-12	12
CAGE_TSS_33418	5	-	142802	142889	86.0555191	142889	0	87	-87	87	-87	87
CAGE_TSS_33424	5	-	146977	147217	59.14817047	147217	0	240	-240	240	-240	240
CAGE_TSS_33429	5	-	171240	171264	45.15385056	171264	0	24	-24	24	-24	24
CAGE_TSS_33440	5	-	213370	213635	6.850769997	213635	0	265	-265	265	-265	265
CAGE_TSS_33448	5	-	229659	229890	1685.39209	229890	0	231	-231	231	-231	231
CAGE_TSS_33452	5	-	244089	244157	8.406700134	244157	0	68	-68	68	-68	68
CAGE_TSS_33456	5	-	265613	265605	57.62958908	265605	0	-8	8	-8	8	8
CAGE_TSS_33458	5	-	270501	270754	178.5146637	270754	0	253	-253	253	-253	253
CAGE_TSS_33459	5	-	277658	277574	12.78050995	277574	0	-84	84	-84	84	84
CAGE_TSS_33460	5	-	291224	291133	20.19948006	291133	0	-91	91	-91	91	91
CAGE_TSS_33462	5	-	304181	304320	12.27130032	304320	0	139	-139	139	-139	139
CAGE_TSS_33463	5	-	305682	305658	28.36712074	305658	0	-24	24	-24	24	24
CAGE_TSS_33467	5	-	315128	315158	53.04930878	315158	0	30	-30	30	-30	30
CAGE_TSS_33468	5	-	345073	344956	21.36375046	344956	0	-117	117	-117	117	117
CAGE_TSS_33473	5	-	370186	370108	72.94728088	370108	0	-78	78	-78	78	78
CAGE_TSS_33476	5	-	379646	379769	62.97829819	379769	0	123	-123	123	-123	123
CAGE_TSS_33480	5	-	387934	388016	10.8631897	388016	0	82	-82	82	-82	82
CAGE_TSS_33488	5	-	442152	442430	361.6952209	442430	0	278	-278	278	-278	278
CAGE_TSS_33490	5	-	469047	469116	59.98984146	469116	0	69	-69	69	-69	69
CAGE_TSS_33491	5	-	472444	472162	107.0087585	472162	0	-282	282	-282	282	282
CAGE_TSS_33495	5	-	507243	507206	5.54723978	507206	0	-37	37	-37	37	37
CAGE_TSS_33500	5	-	552644	552831	128.5733032	552831	0	187	-187	187	-187	187
CAGE_TSS_33504	5	-	555853	555617	4.204490185	555617	0	-236	236	-236	236	236
CAGE_TSS_33505	5	-	556437	556662	50.38924026	556662	0	225	-225	225	-225	225
CAGE_TSS_33509	5	-	565859	566126	51.97957993	566126	0	267	-267	267	-267	267
CAGE_TSS_33510	5	-	573417	573256	6.348370075	573256	0	-161	161	-161	161	161
CAGE_TSS_33511	5	-	573559	573542	6.32351017	573542	0	-17	17	-17	17	17
CAGE_TSS_33519	5	-	624563	624749	242.3191528	624749	0	186	-186	186	-186	186
CAGE_TSS_33524	5	-	641975	642200	6.043270111	642200	0	225	-225	225	-225	225
CAGE_TSS_33534	5	-	709701	709764	30.65077972	709764	0	63	-63	63	-63	63
CAGE_TSS_33538	5	-	712790	712862	249.6987152	712862	0	72	-72	72	-72	72
CAGE_TSS_33543	5	-	736436	736516	14.04057026	736516	0	80	-80	80	-80	80
CAGE_TSS_33544	5	-	739939	740034	101.3574677	740034	0	95	-95	95	-95	95
CAGE_TSS_33547	5	-	756610	756625	67.6662674	756625	0	15	-15	15	-15	15
CAGE_TSS_33549	5	-	761704	761784	15.21681976	761784	0	80	-80	80	-80	80
CAGE_TSS_33551	5	-	763320	763467	53.36666107	763467	0	147	-147	147	-147	147
CAGE_TSS_33554	5	-	771435	771462	5.485539913	771462	0	27	-27	27	-27	27
CAGE_TSS_33557	5	-	773354	773461	29.35259056	773461	0	107	-107	107	-107	107
CAGE_TSS_33560	5	-	816665	816825	145.3214569	816825	0	160	-160	160	-160	160
CAGE_TSS_33565	5	-	833036	833211	3.611979961	833211	0	175	-175	175	-175	175
CAGE_TSS_33569	5	-	834405	834568	171.4568939	834568	0	163	-163	163	-163	163
CAGE_TSS_33575	5	-	872256	872439	11.51432037	872439	0	183	-183	183	-183	183
CAGE_TSS_33576	5	-	875246	875437	6.835299969	875437	0	191	-191	191	-191	191
CAGE_TSS_33580	5	-	878188	878128	12.31521034	878128	0	-60	60	-60	60	60
CAGE_TSS_33583	5	-	887511	887524	102.3663483	887524	0	13	-13	13	-13	13
CAGE_TSS_33587	5	-	897846	898038	11.18523979	898038	0	192	-192	192	-192	192
CAGE_TSS_33588	5	-	900043	900296	434.7475586	900296	0	253	-253	253	-253	253
CAGE_TSS_33589	5	-	902758	902855	34.90645981	902855	0	97	-97	97	-97	97
CAGE_TSS_33597	5	-	924678	924811	11.9059	924811	0	133	-133	133	-133	133
CAGE_TSS_33600	5	-	966192	966197	52.52365875	966197	0	5	-5	5	-5	5
CAGE_TSS_33602	5	-	967429	967274	1338.722778	967274	0	-155	155	-155	155	155
CAGE_TSS_33603	5	-	974012	974178	270.1737976	974178	0	166	-166	166	-166	166
CAGE_TSS_33605	5	-	979819	979919	121.5279465	979919	0	100	-100	100	-100	100
CAGE_TSS_33607	5	-	990545	990454	201.8723755	990454	0	-91	91	-91	91	91
CAGE_TSS_33614	5	-	1037035	1037204	8.660070419	1037204	0	169	-169	169	-169	169
CAGE_TSS_33620	5	-	1057166	1057078	11.85750008	1057078	0	-88	88	-88	88	88
CAGE_TSS_33624	5	-	1063282	1063474	12.80904007	1063474	0	192	-192	192	-192	192
CAGE_TSS_33627	5	-	1073421	1073582	8.347970009	1073582	0	161	-161	161	-161	161
CAGE_TSS_33628	5	-	1078302	1078260	5.906370163	1078260	0	-42	42	-42	42	42
CAGE_TSS_33639	5	-	1152576	1152847	118.1922607	1152847	0	271	-271	271	-271	271
CAGE_TSS_33640	5	-	1158767	1159047	29.73335075	1159047	0	280	-280	280	-280	280
CAGE_TSS_33642	5	-	1180054	1180024	9.090760231	1180024	0	-30	30	-30	30	30
CAGE_TSS_33643	5	-	1184803	1184819	9.033619881	1184819	0	16	-16	16	-16	16
CAGE_TSS_33658	5	-	1267368	1267421	33.95275879	1267421	0	53	-53	53	-53	53
CAGE_TSS_33659	5	-	1277964	1278160	5.694379807	1278160	0	196	-196	196	-196	196
CAGE_TSS_33662	5	-	1293687	1293942	25.14851952	1293942	0	255	-255	255	-255	255
CAGE_TSS_33663	5	-	1302405	1302417	23.63612938	1302417	0	12	-12	12	-12	12
CAGE_TSS_33667	5	-	1306115	1306106	58.78160095	1306106	0	-9	9	-9	9	9
CAGE_TSS_33668	5	-	1318736	1318941	21.68523979	1318941	0	205	-205	205	-205	205
CAGE_TSS_33671	5	-	1341378	1341659	17.57498932	1341659	0	281	-281	281	-281	281
CAGE_TSS_33672	5	-	1343460	1343461	12.03876019	1343461	0	1	-1	1	-1	1
CAGE_TSS_33678	5	-	1371432	1371520	10.45170021	1371520	0	88	-88	88	-88	88
CAGE_TSS_33681	5	-	1374609	1374754	521.3757935	1374754	0	145	-145	145	-145	145
CAGE_TSS_33685	5	-	1409891	1409987	10.9229002	1409987	0	96	-96	96	-96	96
CAGE_TSS_33686	5	-	1414672	1414660	22.06892967	1414660	0	-12	12	-12	12	12
CAGE_TSS_33693	5	-	1456989	1456931	124.3781128	1456931	0	-58	58	-58	58	58
CAGE_TSS_33703	5	-	1476361	1476478	5.875420094	1476478	0	117	-117	117	-117	117
CAGE_TSS_33709	5	-	1500721	1500911	6.998770237	1500911	0	190	-190	190	-190	190
CAGE_TSS_33710	5	-	1507223	1507302	24.1184597	1507302	0	79	-79	79	-79	79
CAGE_TSS_33723	5	-	1547139	1547259	13.04283047	1547259	0	120	-120	120	-120	120
CAGE_TSS_33724	5	-	1556511	1556559	16.51692963	1556559	0	48	-48	48	-48	48
CAGE_TSS_33727	5	-	1570461	1570563	7.404089928	1570563	0	102	-102	102	-102	102
CAGE_TSS_33728	5	-	1576703	1576853	32.79560852	1576853	0	150	-150	150	-150	150
CAGE_TSS_33729	5	-	1578689	1578718	110.3675232	1578718	0	29	-29	29	-29	29
CAGE_TSS_33734	5	-	1601172	1601464	39.79298019	1601464	0	292	-292	292	-292	292
CAGE_TSS_33738	5	-	1624213	1624322	50.52550125	1624322	0	109	-109	109	-109	109
CAGE_TSS_33741	5	-	1640774	1640781	60.34939957	1640781	0	7	-7	7	-7	7
CAGE_TSS_33742	5	-	1668311	1668328	5.337880135	1668328	0	17	-17	17	-17	17
CAGE_TSS_33746	5	-	1679076	1679066	7.895699978	1679066	0	-10	10	-10	10	10
CAGE_TSS_33747	5	-	1695494	1695645	6.284220219	1695645	0	151	-151	151	-151	151
CAGE_TSS_33751	5	-	1706060	1706304	7.507810116	1706304	0	244	-244	244	-244	244
CAGE_TSS_33754	5	-	1706723	1706705	88.32424164	1706705	0	-18	18	-18	18	18
CAGE_TSS_33757	5	-	1722902	1723044	29.49815941	1723044	0	142	-142	142	-142	142
CAGE_TSS_33764	5	-	1754162	1754180	9.991640091	1754180	0	18	-18	18	-18	18
CAGE_TSS_33765	5	-	1760528	1760683	33.49203873	1760683	0	155	-155	155	-155	155
CAGE_TSS_33771	5	-	1804295	1804492	231.0757294	1804492	0	197	-197	197	-197	197
CAGE_TSS_33772	5	-	1807906	1807886	20.19948006	1807886	0	-20	20	-20	20	20
CAGE_TSS_33780	5	-	1843823	1843825	72.76148224	1843825	0	2	-2	2	-2	2
CAGE_TSS_33782	5	-	1855792	1855870	4403.36084	1855870	0	78	-78	78	-78	78
CAGE_TSS_33786	5	-	1866414	1866371	4.671199799	1866371	0	-43	43	-43	43	43
CAGE_TSS_33788	5	-	1868243	1868283	10.15989017	1868283	0	40	-40	40	-40	40
CAGE_TSS_33789	5	-	1876469	1876699	20.68325043	1876699	0	230	-230	230	-230	230
CAGE_TSS_33794	5	-	1918886	1919059	49.94190979	1919059	0	173	-173	173	-173	173
CAGE_TSS_33803	5	-	1948549	1948545	498.0975342	1948545	0	-4	4	-4	4	4
CAGE_TSS_33804	5	-	1961158	1961253	10.09129047	1961253	0	95	-95	95	-95	95
CAGE_TSS_33805	5	-	1964296	1964480	87.36431122	1964480	0	184	-184	184	-184	184
CAGE_TSS_33808	5	-	1967168	1967295	547.0067749	1967295	0	127	-127	127	-127	127
CAGE_TSS_33814	5	-	1994905	1994805	167.7372131	1994805	0	-100	100	-100	100	100
CAGE_TSS_33817	5	-	2006103	2006207	39.86503983	2006207	0	104	-104	104	-104	104
CAGE_TSS_33818	5	-	2011040	2011171	11.14554977	2011171	0	131	-131	131	-131	131
CAGE_TSS_33820	5	-	2027941	2028048	7.342549801	2028048	0	107	-107	107	-107	107
CAGE_TSS_33826	5	-	2055441	2055701	22.39753914	2055701	0	260	-260	260	-260	260
CAGE_TSS_33827	5	-	2061950	2061977	5.747970104	2061977	0	27	-27	27	-27	27
CAGE_TSS_33828	5	-	2070362	2070368	8.06923008	2070368	0	6	-6	6	-6	6
CAGE_TSS_33831	5	-	2088253	2088309	7.992519855	2088309	0	56	-56	56	-56	56
CAGE_TSS_33836	5	-	2097105	2097133	18.70491028	2097133	0	28	-28	28	-28	28
CAGE_TSS_33844	5	-	2134870	2134999	11.31861973	2134999	0	129	-129	129	-129	129
CAGE_TSS_33856	5	-	2198449	2198565	24.83276939	2198565	0	116	-116	116	-116	116
CAGE_TSS_33857	5	-	2209550	2209564	39.18861008	2209564	0	14	-14	14	-14	14
CAGE_TSS_33859	5	-	2233537	2233763	81.25990295	2233763	0	226	-226	226	-226	226
CAGE_TSS_33862	5	-	2266472	2266584	11.08654022	2266584	0	112	-112	112	-112	112
CAGE_TSS_33863	5	-	2266931	2267120	11.11283016	2267120	0	189	-189	189	-189	189
CAGE_TSS_33864	5	-	2275989	2276180	10.94493961	2276180	0	191	-191	191	-191	191
CAGE_TSS_33869	5	-	2325430	2325566	933.2671509	2325566	0	136	-136	136	-136	136
CAGE_TSS_33876	5	-	2364312	2364363	7.513899803	2364363	0	51	-51	51	-51	51
CAGE_TSS_33885	5	-	2409124	2409331	769.4925537	2409331	0	207	-207	207	-207	207
CAGE_TSS_33887	5	-	2458469	2458479	30.5934391	2458479	0	10	-10	10	-10	10
CAGE_TSS_33888	5	-	2467059	2466823	9.879119873	2466823	0	-236	236	-236	236	236
CAGE_TSS_33895	5	-	2523936	2523984	7.514269829	2523984	0	48	-48	48	-48	48
CAGE_TSS_33897	5	-	2529329	2529587	165.3458099	2529587	0	258	-258	258	-258	258
CAGE_TSS_33900	5	-	2555596	2555574	5.257719994	2555574	0	-22	22	-22	22	22
CAGE_TSS_33906	5	-	2622719	2622812	24.82518959	2622812	0	93	-93	93	-93	93
CAGE_TSS_33908	5	-	2631056	2631295	45.63790131	2631295	0	239	-239	239	-239	239
CAGE_TSS_33914	5	-	2652375	2652462	6.007649899	2652462	0	87	-87	87	-87	87
CAGE_TSS_33923	5	-	2687248	2687442	287.3650208	2687442	0	194	-194	194	-194	194
CAGE_TSS_33925	5	-	2693448	2693571	28.99715996	2693571	0	123	-123	123	-123	123
CAGE_TSS_33930	5	-	2710575	2710640	18.12631035	2710640	0	65	-65	65	-65	65
CAGE_TSS_33931	5	-	2713146	2713165	5.537280083	2713165	0	19	-19	19	-19	19
CAGE_TSS_33943	5	-	2770360	2770315	6.906859875	2770315	0	-45	45	-45	45	45
CAGE_TSS_33944	5	-	2774671	2774643	5.303110123	2774643	0	-28	28	-28	28	28
CAGE_TSS_33955	5	-	2821200	2821424	5.110730171	2821424	0	224	-224	224	-224	224
CAGE_TSS_33959	5	-	2856548	2856593	528.9180298	2856593	0	45	-45	45	-45	45
CAGE_TSS_33961	5	-	2860258	2860136	34.32712936	2860136	0	-122	122	-122	122	122
CAGE_TSS_33967	5	-	2876574	2876578	13.23948956	2876578	0	4	-4	4	-4	4
CAGE_TSS_33968	5	-	2886827	2887078	62.63883972	2887078	0	251	-251	251	-251	251
CAGE_TSS_33969	5	-	2888515	2888483	11.73149014	2888483	0	-32	32	-32	32	32
CAGE_TSS_33975	5	-	2941093	2941007	5.731100082	2941007	0	-86	86	-86	86	86
CAGE_TSS_33977	5	-	2946834	2946806	40.36291122	2946806	0	-28	28	-28	28	28
CAGE_TSS_33989	5	-	2984280	2983980	52.25553894	2983980	0	-300	300	-300	300	300
CAGE_TSS_33991	5	-	2984653	2984758	6.263040066	2984758	0	105	-105	105	-105	105
CAGE_TSS_33992	5	-	2985437	2985576	67.33509827	2985576	0	139	-139	139	-139	139
CAGE_TSS_34006	5	-	2995563	2995844	140.4481964	2995844	0	281	-281	281	-281	281
CAGE_TSS_34009	5	-	2998914	2998914	13.56015968	2998914	0	0	0	0	0	0
CAGE_TSS_34014	5	-	3003261	3003515	10.95044994	3003515	0	254	-254	254	-254	254
CAGE_TSS_34017	5	-	3024754	3024676	7.932219982	3024676	0	-78	78	-78	78	78
CAGE_TSS_34023	5	-	3057494	3057521	5.239990234	3057521	0	27	-27	27	-27	27
CAGE_TSS_34030	5	-	3065829	3065935	411.4789429	3065935	0	106	-106	106	-106	106
CAGE_TSS_34034	5	-	3088933	3088990	18.24649048	3088990	0	57	-57	57	-57	57
CAGE_TSS_34040	5	-	3139496	3139725	135.761673	3139725	0	229	-229	229	-229	229
CAGE_TSS_34044	5	-	3150433	3150437	19.05825043	3150437	0	4	-4	4	-4	4
CAGE_TSS_34046	5	-	3168272	3168246	23.91518974	3168246	0	-26	26	-26	26	26
CAGE_TSS_34048	5	-	3179425	3179611	58.41635895	3179611	0	186	-186	186	-186	186
CAGE_TSS_34053	5	-	3216466	3216609	25.9328804	3216609	0	143	-143	143	-143	143
CAGE_TSS_34057	5	-	3238704	3238715	418.59552	3238715	0	11	-11	11	-11	11
CAGE_TSS_34058	5	-	3242265	3242399	369.2764893	3242399	0	134	-134	134	-134	134
CAGE_TSS_34059	5	-	3244747	3244902	96.23531342	3244902	0	155	-155	155	-155	155
CAGE_TSS_34062	5	-	3250114	3250055	5.773230076	3250055	0	-59	59	-59	59	59
CAGE_TSS_34063	5	-	3253227	3253018	7.840569973	3253018	0	-209	209	-209	209	209
CAGE_TSS_34065	5	-	3257806	3257812	6.825809956	3257812	0	6	-6	6	-6	6
CAGE_TSS_34070	5	-	3269549	3269769	7.706180096	3269769	0	220	-220	220	-220	220
CAGE_TSS_34072	5	-	3270951	3271162	60.79692078	3271162	0	211	-211	211	-211	211
CAGE_TSS_34073	5	-	3277837	3277960	5.594470024	3277960	0	123	-123	123	-123	123
CAGE_TSS_34080	5	-	3285554	3285380	5.84623003	3285380	0	-174	174	-174	174	174
CAGE_TSS_34082	5	-	3286312	3286334	121.56073	3286334	0	22	-22	22	-22	22
CAGE_TSS_34083	5	-	3297389	3297644	9.907409668	3297644	0	255	-255	255	-255	255
CAGE_TSS_34085	5	-	3300080	3300105	34.0871582	3300105	0	25	-25	25	-25	25
CAGE_TSS_34091	5	-	3335943	3336099	774.1478271	3336099	0	156	-156	156	-156	156
CAGE_TSS_34097	5	-	3368125	3368204	18.7898407	3368204	0	79	-79	79	-79	79
CAGE_TSS_34099	5	-	3378866	3378835	45.80950928	3378835	0	-31	31	-31	31	31
CAGE_TSS_34102	5	-	3396148	3396185	441.901062	3396185	0	37	-37	37	-37	37
CAGE_TSS_34105	5	-	3405365	3405448	40.64162064	3405448	0	83	-83	83	-83	83
CAGE_TSS_34122	5	-	3454175	3454263	5.556869984	3454263	0	88	-88	88	-88	88
CAGE_TSS_34123	5	-	3457305	3457316	303.5290527	3457316	0	11	-11	11	-11	11
CAGE_TSS_34124	5	-	3461743	3461813	103.3190002	3461813	0	70	-70	70	-70	70
CAGE_TSS_34125	5	-	3471564	3471315	1126.554321	3471315	0	-249	249	-249	249	249
CAGE_TSS_34129	5	-	3473442	3473520	21.4168396	3473520	0	78	-78	78	-78	78
CAGE_TSS_34132	5	-	3480435	3480519	201.2113037	3480519	0	84	-84	84	-84	84
CAGE_TSS_34136	5	-	3516994	3516985	37.2638092	3516985	0	-9	9	-9	9	9
CAGE_TSS_34138	5	-	3527270	3527352	142.8883209	3527352	0	82	-82	82	-82	82
CAGE_TSS_34143	5	-	3594933	3595158	45.01934814	3595158	0	225	-225	225	-225	225
CAGE_TSS_34144	5	-	3597086	3597042	7.7915802	3597042	0	-44	44	-44	44	44
CAGE_TSS_34146	5	-	3605289	3605408	37.16550827	3605408	0	119	-119	119	-119	119
CAGE_TSS_34156	5	-	3671560	3671579	7.472519875	3671579	0	19	-19	19	-19	19
CAGE_TSS_34159	5	-	3687755	3687854	10.83267975	3687854	0	99	-99	99	-99	99
CAGE_TSS_34162	5	-	3709190	3709268	127.292717	3709268	0	78	-78	78	-78	78
CAGE_TSS_34166	5	-	3728729	3728815	128.9797058	3728815	0	86	-86	86	-86	86
CAGE_TSS_34171	5	-	3771398	3771559	181.2796783	3771559	0	161	-161	161	-161	161
CAGE_TSS_34174	5	-	3792995	3792889	5.301499844	3792889	0	-106	106	-106	106	106
CAGE_TSS_34176	5	-	3814816	3814775	20.06847	3814775	0	-41	41	-41	41	41
CAGE_TSS_34179	5	-	3824269	3824201	5.735630035	3824201	0	-68	68	-68	68	68
CAGE_TSS_34180	5	-	3829985	3830075	42.24234009	3830075	0	90	-90	90	-90	90
CAGE_TSS_34188	5	-	3863661	3863650	18.22316933	3863650	0	-11	11	-11	11	11
CAGE_TSS_34191	5	-	3879538	3879728	207.7670746	3879728	0	190	-190	190	-190	190
CAGE_TSS_34194	5	-	3901627	3901691	25.1079998	3901691	0	64	-64	64	-64	64
CAGE_TSS_34196	5	-	3918655	3918745	13.31548023	3918745	0	90	-90	90	-90	90
CAGE_TSS_34198	5	-	3923988	3924058	25.11599922	3924058	0	70	-70	70	-70	70
CAGE_TSS_34199	5	-	3930284	3930479	75.30091858	3930479	0	195	-195	195	-195	195
CAGE_TSS_34200	5	-	3932455	3932600	8.730549812	3932600	0	145	-145	145	-145	145
CAGE_TSS_34201	5	-	3941204	3941271	130.3055573	3941271	0	67	-67	67	-67	67
CAGE_TSS_34203	5	-	3956150	3956188	13.96391964	3956188	0	38	-38	38	-38	38
CAGE_TSS_34209	5	-	3963463	3963590	7.614309788	3963590	0	127	-127	127	-127	127
CAGE_TSS_34210	5	-	3971369	3971557	6.450329781	3971557	0	188	-188	188	-188	188
CAGE_TSS_34216	5	-	3982400	3982390	13.68056011	3982390	0	-10	10	-10	10	10
CAGE_TSS_34225	5	-	4023980	4024012	5.226099968	4024012	0	32	-32	32	-32	32
CAGE_TSS_34228	5	-	4034506	4034476	19.00778961	4034476	0	-30	30	-30	30	30
CAGE_TSS_34229	5	-	4038798	4039000	754.4844971	4039000	0	202	-202	202	-202	202
CAGE_TSS_34232	5	-	4042128	4042148	102.730072	4042148	0	20	-20	20	-20	20
CAGE_TSS_34236	5	-	4047413	4047587	21.39749908	4047587	0	174	-174	174	-174	174
CAGE_TSS_34239	5	-	4053596	4053605	82.22537994	4053605	0	9	-9	9	-9	9
CAGE_TSS_34242	5	-	4061949	4062131	36.61746979	4062131	0	182	-182	182	-182	182
CAGE_TSS_34245	5	-	4071223	4071342	186.9568634	4071342	0	119	-119	119	-119	119
CAGE_TSS_34247	5	-	4074617	4074606	54.38695145	4074606	0	-11	11	-11	11	11
CAGE_TSS_34249	5	-	4085281	4085445	706.4221191	4085445	0	164	-164	164	-164	164
CAGE_TSS_34250	5	-	4108181	4108179	36.49995041	4108179	0	-2	2	-2	2	2
CAGE_TSS_34252	5	-	4121446	4121594	83.46356201	4121594	0	148	-148	148	-148	148
CAGE_TSS_34253	5	-	4132826	4132815	19.55726051	4132815	0	-11	11	-11	11	11
CAGE_TSS_34256	5	-	4154630	4154757	15.95695972	4154757	0	127	-127	127	-127	127
CAGE_TSS_34263	5	-	4171791	4171886	187.9451141	4171886	0	95	-95	95	-95	95
CAGE_TSS_34265	5	-	4181648	4181729	8.366780281	4181729	0	81	-81	81	-81	81
CAGE_TSS_34267	5	-	4183305	4183459	66.4066391	4183459	0	154	-154	154	-154	154
CAGE_TSS_34268	5	-	4196933	4196839	80.50370026	4196839	0	-94	94	-94	94	94
CAGE_TSS_34273	5	-	4227565	4227589	23.74752045	4227589	0	24	-24	24	-24	24
CAGE_TSS_34276	5	-	4254492	4254635	163.1067047	4254635	0	143	-143	143	-143	143
CAGE_TSS_34281	5	-	4272554	4272761	5.695489883	4272761	0	207	-207	207	-207	207
CAGE_TSS_34282	5	-	4279424	4279646	673.5662231	4279646	0	222	-222	222	-222	222
CAGE_TSS_34283	5	-	4299127	4299275	1117.035645	4299275	0	148	-148	148	-148	148
CAGE_TSS_34288	5	-	4304261	4304264	9.170229912	4304264	0	3	-3	3	-3	3
CAGE_TSS_34295	5	-	4310076	4310157	68.90894318	4310157	0	81	-81	81	-81	81
CAGE_TSS_34302	5	-	4344661	4344749	52.74565887	4344749	0	88	-88	88	-88	88
CAGE_TSS_34303	5	-	4359531	4359505	14.08378983	4359505	0	-26	26	-26	26	26
CAGE_TSS_34305	5	-	4361373	4361288	22.80887032	4361288	0	-85	85	-85	85	85
CAGE_TSS_34307	5	-	4379352	4379192	443.2154236	4379192	0	-160	160	-160	160	160
CAGE_TSS_34319	5	-	4392225	4392309	85.90516663	4392309	0	84	-84	84	-84	84
CAGE_TSS_34324	5	-	4426933	4427019	53.85503006	4427019	0	86	-86	86	-86	86
CAGE_TSS_34330	5	-	4448639	4448741	12.32530975	4448741	0	102	-102	102	-102	102
CAGE_TSS_34331	5	-	4450877	4451056	7848.594238	4451056	0	179	-179	179	-179	179
CAGE_TSS_34342	5	-	4478110	4478235	149.7846069	4478235	0	125	-125	125	-125	125
CAGE_TSS_34347	5	-	4487433	4487437	6.803480148	4487437	0	4	-4	4	-4	4
CAGE_TSS_34349	5	-	4500680	4500736	277.7403564	4500736	0	56	-56	56	-56	56
CAGE_TSS_34359	5	-	4533069	4533093	13.61775017	4533093	0	24	-24	24	-24	24
CAGE_TSS_34361	5	-	4545293	4545433	264.98526	4545433	0	140	-140	140	-140	140
CAGE_TSS_34362	5	-	4551771	4551749	61.36479187	4551749	0	-22	22	-22	22	22
CAGE_TSS_34366	5	-	4566688	4566935	73.82353973	4566935	0	247	-247	247	-247	247
CAGE_TSS_34369	5	-	4570951	4570948	16.66721916	4570948	0	-3	3	-3	3	3
CAGE_TSS_34371	5	-	4574438	4574662	333.8255005	4574662	0	224	-224	224	-224	224
CAGE_TSS_34372	5	-	4581683	4581750	30.69202995	4581750	0	67	-67	67	-67	67
CAGE_TSS_34379	5	-	4618879	4618856	7.204090118	4618856	0	-23	23	-23	23	23
CAGE_TSS_34383	5	-	4633710	4633727	46.81927872	4633727	0	17	-17	17	-17	17
CAGE_TSS_34387	5	-	4647423	4647532	28.37672043	4647532	0	109	-109	109	-109	109
CAGE_TSS_34389	5	-	4651312	4651238	14.04057026	4651238	0	-74	74	-74	74	74
CAGE_TSS_34391	5	-	4657824	4657873	60.9838295	4657873	0	49	-49	49	-49	49
CAGE_TSS_34404	5	-	4696934	4696751	19.10327911	4696751	0	-183	183	-183	183	183
CAGE_TSS_34408	5	-	4722282	4722203	354.6500854	4722203	0	-79	79	-79	79	79
CAGE_TSS_34413	5	-	4733111	4733125	6.23800993	4733125	0	14	-14	14	-14	14
CAGE_TSS_34415	5	-	4734721	4734837	5.122980118	4734837	0	116	-116	116	-116	116
CAGE_TSS_34416	5	-	4736620	4736632	62.15795898	4736632	0	12	-12	12	-12	12
CAGE_TSS_34417	5	-	4743444	4743568	43.5821991	4743568	0	124	-124	124	-124	124
CAGE_TSS_34421	5	-	4758326	4758505	149.2483673	4758505	0	179	-179	179	-179	179
CAGE_TSS_34423	5	-	4775806	4775925	13.21195984	4775925	0	119	-119	119	-119	119
CAGE_TSS_34429	5	-	4800719	4800732	11.14161015	4800732	0	13	-13	13	-13	13
CAGE_TSS_34434	5	-	4841892	4841781	6.764319897	4841781	0	-111	111	-111	111	111
CAGE_TSS_34436	5	-	4865982	4866026	12.94431019	4866026	0	44	-44	44	-44	44
CAGE_TSS_34444	5	-	4915804	4915846	61.39345169	4915846	0	42	-42	42	-42	42
CAGE_TSS_34445	5	-	4922647	4922715	233.9606781	4922715	0	68	-68	68	-68	68
CAGE_TSS_34446	5	-	4929501	4929470	6.95472002	4929470	0	-31	31	-31	31	31
CAGE_TSS_34447	5	-	4933569	4933858	8.173270226	4933858	0	289	-289	289	-289	289
CAGE_TSS_34451	5	-	4938930	4939179	677.3123779	4939179	0	249	-249	249	-249	249
CAGE_TSS_34452	5	-	4942472	4942447	28.08933067	4942447	0	-25	25	-25	25	25
CAGE_TSS_34458	5	-	4986217	4986286	387.9472046	4986286	0	69	-69	69	-69	69
CAGE_TSS_34462	5	-	5006809	5007051	135.1586456	5007051	0	242	-242	242	-242	242
CAGE_TSS_34467	5	-	5018406	5018658	10.9039402	5018658	0	252	-252	252	-252	252
CAGE_TSS_34471	5	-	5033463	5033637	10.08530045	5033637	0	174	-174	174	-174	174
CAGE_TSS_34473	5	-	5038163	5038254	76.94386292	5038254	0	91	-91	91	-91	91
CAGE_TSS_34474	5	-	5046942	5046977	11.50520992	5046977	0	35	-35	35	-35	35
CAGE_TSS_34475	5	-	5057628	5057787	11.58185005	5057787	0	159	-159	159	-159	159
CAGE_TSS_34482	5	-	5137595	5137599	35.53153992	5137599	0	4	-4	4	-4	4
CAGE_TSS_34484	5	-	5144942	5144921	16.7502594	5144921	0	-21	21	-21	21	21
CAGE_TSS_34489	5	-	5146309	5146579	19.91057014	5146579	0	270	-270	270	-270	270
CAGE_TSS_34490	5	-	5157550	5157582	11.85109997	5157582	0	32	-32	32	-32	32
CAGE_TSS_34495	5	-	5184797	5184879	51.21897125	5184879	0	82	-82	82	-82	82
CAGE_TSS_34508	5	-	5245831	5245807	13.47813034	5245807	0	-24	24	-24	24	24
CAGE_TSS_34520	5	-	5262590	5262721	57.13825989	5262721	0	131	-131	131	-131	131
CAGE_TSS_34524	5	-	5276605	5276626	12.70246983	5276626	0	21	-21	21	-21	21
CAGE_TSS_34525	5	-	5286639	5286836	267.7340698	5286836	0	197	-197	197	-197	197
CAGE_TSS_34527	5	-	5290210	5290445	185.0483246	5290445	0	235	-235	235	-235	235
CAGE_TSS_34528	5	-	5297972	5297999	20.28619957	5297999	0	27	-27	27	-27	27
CAGE_TSS_34529	5	-	5300609	5300663	52.30411148	5300663	0	54	-54	54	-54	54
CAGE_TSS_34535	5	-	5350936	5350954	14.18712044	5350954	0	18	-18	18	-18	18
CAGE_TSS_34537	5	-	5356299	5356443	297.4282837	5356443	0	144	-144	144	-144	144
CAGE_TSS_34538	5	-	5358491	5358676	238.3520813	5358676	0	185	-185	185	-185	185
CAGE_TSS_34540	5	-	5363125	5363045	16.26639938	5363045	0	-80	80	-80	80	80
CAGE_TSS_34541	5	-	5365286	5365513	6.348370075	5365513	0	227	-227	227	-227	227
CAGE_TSS_34542	5	-	5367403	5367429	7.663219929	5367429	0	26	-26	26	-26	26
CAGE_TSS_34544	5	-	5382913	5383026	425.2832031	5383026	0	113	-113	113	-113	113
CAGE_TSS_34548	5	-	5411538	5411592	95.9210968	5411592	0	54	-54	54	-54	54
CAGE_TSS_34549	5	-	5424565	5424588	13.1238699	5424588	0	23	-23	23	-23	23
CAGE_TSS_34553	5	-	5465283	5465327	26.04814911	5465327	0	44	-44	44	-44	44
CAGE_TSS_34556	5	-	5473514	5473512	5.024590015	5473512	0	-2	2	-2	2	2
CAGE_TSS_34562	5	-	5526572	5526569	8.783559799	5526569	0	-3	3	-3	3	3
CAGE_TSS_34564	5	-	5535213	5535406	25.85560036	5535406	0	193	-193	193	-193	193
CAGE_TSS_34568	5	-	5578045	5578238	17.10058975	5578238	0	193	-193	193	-193	193
CAGE_TSS_34572	5	-	5587042	5587250	28.21347046	5587250	0	208	-208	208	-208	208
CAGE_TSS_34577	5	-	5609417	5609660	54.6645813	5609660	0	243	-243	243	-243	243
CAGE_TSS_34578	5	-	5616139	5616236	19.97263908	5616236	0	97	-97	97	-97	97
CAGE_TSS_34580	5	-	5642512	5642716	452.8337097	5642716	0	204	-204	204	-204	204
CAGE_TSS_34586	5	-	5662416	5662531	158.3061066	5662531	0	115	-115	115	-115	115
CAGE_TSS_34588	5	-	5673559	5673569	13.45538998	5673569	0	10	-10	10	-10	10
CAGE_TSS_34589	5	-	5675041	5675064	220.8365326	5675064	0	23	-23	23	-23	23
CAGE_TSS_34591	5	-	5692901	5692930	56.47808075	5692930	0	29	-29	29	-29	29
CAGE_TSS_34593	5	-	5700921	5700998	17.11886978	5700998	0	77	-77	77	-77	77
CAGE_TSS_34595	5	-	5719431	5719486	71.53630066	5719486	0	55	-55	55	-55	55
CAGE_TSS_34600	5	-	5726744	5726660	19.37233925	5726660	0	-84	84	-84	84	84
CAGE_TSS_34603	5	-	5759717	5759915	864.0288086	5759915	0	198	-198	198	-198	198
CAGE_TSS_34605	5	-	5772393	5772400	97.65825653	5772400	0	7	-7	7	-7	7
CAGE_TSS_34612	5	-	5813276	5813300	10.21103001	5813300	0	24	-24	24	-24	24
CAGE_TSS_34617	5	-	5833896	5834060	114.826683	5834060	0	164	-164	164	-164	164
CAGE_TSS_34622	5	-	5862314	5862614	637.5855103	5862614	0	300	-300	300	-300	300
CAGE_TSS_34627	5	-	5866504	5866687	402.4994812	5866687	0	183	-183	183	-183	183
CAGE_TSS_34633	5	-	5897144	5897352	110.8214569	5897352	0	208	-208	208	-208	208
CAGE_TSS_34634	5	-	5904378	5904502	79.39263916	5904502	0	124	-124	124	-124	124
CAGE_TSS_34635	5	-	5913133	5913416	27.76396942	5913416	0	283	-283	283	-283	283
CAGE_TSS_34641	5	-	5967811	5968079	761.8244629	5968079	0	268	-268	268	-268	268
CAGE_TSS_34642	5	-	5975066	5975207	32.5820694	5975207	0	141	-141	141	-141	141
CAGE_TSS_34643	5	-	5983072	5983306	500.8869629	5983306	0	234	-234	234	-234	234
CAGE_TSS_34644	5	-	5984212	5984504	20.39855003	5984504	0	292	-292	292	-292	292
CAGE_TSS_34647	5	-	6000530	6000511	88.36547089	6000511	0	-19	19	-19	19	19
CAGE_TSS_34652	5	-	6027203	6027252	30.1601696	6027252	0	49	-49	49	-49	49
CAGE_TSS_34653	5	-	6030800	6031011	9.178090096	6031011	0	211	-211	211	-211	211
CAGE_TSS_34654	5	-	6038066	6038243	5.794919968	6038243	0	177	-177	177	-177	177
CAGE_TSS_34670	5	-	6094986	6094998	9.263839722	6094998	0	12	-12	12	-12	12
CAGE_TSS_34671	5	-	6096403	6096393	123.4275818	6096393	0	-10	10	-10	10	10
CAGE_TSS_34674	5	-	6111973	6112267	23.00370026	6112267	0	294	-294	294	-294	294
CAGE_TSS_34678	5	-	6136764	6136769	19.54624939	6136769	0	5	-5	5	-5	5
CAGE_TSS_34679	5	-	6153693	6153598	5.226099968	6153598	0	-95	95	-95	95	95
CAGE_TSS_34682	5	-	6182264	6182007	16.94943047	6182007	0	-257	257	-257	257	257
CAGE_TSS_34684	5	-	6182760	6182699	49.30012131	6182699	0	-61	61	-61	61	61
CAGE_TSS_34693	5	-	6234206	6234204	33.75040054	6234204	0	-2	2	-2	2	2
CAGE_TSS_34700	5	-	6306198	6306290	5.458660126	6306290	0	92	-92	92	-92	92
CAGE_TSS_34707	5	-	6348238	6348333	27.20159912	6348333	0	95	-95	95	-95	95
CAGE_TSS_34711	5	-	6359083	6359205	83.35231781	6359205	0	122	-122	122	-122	122
CAGE_TSS_34714	5	-	6409437	6409438	2779.233887	6409438	0	1	-1	1	-1	1
CAGE_TSS_34720	5	-	6458274	6458318	423.6512146	6458318	0	44	-44	44	-44	44
CAGE_TSS_34736	5	-	6530590	6530629	6.998770237	6530629	0	39	-39	39	-39	39
CAGE_TSS_34738	5	-	6553259	6553418	5.068190098	6553418	0	159	-159	159	-159	159
CAGE_TSS_34740	5	-	6561992	6562017	19.83745003	6562017	0	25	-25	25	-25	25
CAGE_TSS_34742	5	-	6578374	6578494	22.93285942	6578494	0	120	-120	120	-120	120
CAGE_TSS_34748	5	-	6583184	6583347	273.4728699	6583347	0	163	-163	163	-163	163
CAGE_TSS_34752	5	-	6612102	6612210	6.905149937	6612210	0	108	-108	108	-108	108
CAGE_TSS_34757	5	-	6664335	6664417	16.25682068	6664417	0	82	-82	82	-82	82
CAGE_TSS_34763	5	-	6681952	6682086	7.931680202	6682086	0	134	-134	134	-134	134
CAGE_TSS_34764	5	-	6684571	6684704	20.86701965	6684704	0	133	-133	133	-133	133
CAGE_TSS_34766	5	-	6701326	6701140	5.627170086	6701140	0	-186	186	-186	186	186
CAGE_TSS_34767	5	-	6711689	6711889	17.30728912	6711889	0	200	-200	200	-200	200
CAGE_TSS_34769	5	-	6713548	6713744	38.02843857	6713744	0	196	-196	196	-196	196
CAGE_TSS_34779	5	-	6730408	6730348	15.78617001	6730348	0	-60	60	-60	60	60
CAGE_TSS_34782	5	-	6737380	6737333	7.575980186	6737333	0	-47	47	-47	47	47
CAGE_TSS_34786	5	-	6751024	6751139	51.11217117	6751139	0	115	-115	115	-115	115
CAGE_TSS_34793	5	-	6788611	6788554	7.578229904	6788554	0	-57	57	-57	57	57
CAGE_TSS_34798	5	-	6805176	6805366	39.13521957	6805366	0	190	-190	190	-190	190
CAGE_TSS_34805	5	-	6850062	6850052	92.29807281	6850052	0	-10	10	-10	10	10
CAGE_TSS_34813	5	-	6868928	6868990	5.981910229	6868990	0	62	-62	62	-62	62
CAGE_TSS_34814	5	-	6885039	6885052	7.492040157	6885052	0	13	-13	13	-13	13
CAGE_TSS_34818	5	-	6937796	6937887	16.65236092	6937887	0	91	-91	91	-91	91
CAGE_TSS_34825	5	-	6958303	6958288	10.49234962	6958288	0	-15	15	-15	15	15
CAGE_TSS_34832	5	-	6975992	6976150	31.7741909	6976150	0	158	-158	158	-158	158
CAGE_TSS_34833	5	-	6981886	6981940	49.5268898	6981940	0	54	-54	54	-54	54
CAGE_TSS_34836	5	-	6993872	6994017	27.65568924	6994017	0	145	-145	145	-145	145
CAGE_TSS_34837	5	-	7007115	7007165	51.21482086	7007165	0	50	-50	50	-50	50
CAGE_TSS_34839	5	-	7022096	7022028	21.76108932	7022028	0	-68	68	-68	68	68
CAGE_TSS_34845	5	-	7055305	7055412	350.8955383	7055412	0	107	-107	107	-107	107
CAGE_TSS_34846	5	-	7069138	7069343	3607.419922	7069343	0	205	-205	205	-205	205
CAGE_TSS_34848	5	-	7079146	7079346	8.654310226	7079346	0	200	-200	200	-200	200
CAGE_TSS_34857	5	-	7094445	7094522	5.384170055	7094522	0	77	-77	77	-77	77
CAGE_TSS_34862	5	-	7097109	7096990	5.680580139	7096990	0	-119	119	-119	119	119
CAGE_TSS_34869	5	-	7139446	7139428	14.23771954	7139428	0	-18	18	-18	18	18
CAGE_TSS_34873	5	-	7189583	7189838	11.64274025	7189838	0	255	-255	255	-255	255
CAGE_TSS_34878	5	-	7227952	7227850	3.13203001	7227850	0	-102	102	-102	102	102
CAGE_TSS_34885	5	-	7250401	7250557	67.32061005	7250557	0	156	-156	156	-156	156
CAGE_TSS_34886	5	-	7255944	7256004	46.85250854	7256004	0	60	-60	60	-60	60
CAGE_TSS_34889	5	-	7265681	7265939	12646.49609	7265939	0	258	-258	258	-258	258
CAGE_TSS_34893	5	-	7289368	7289344	5.102600098	7289344	0	-24	24	-24	24	24
CAGE_TSS_34896	5	-	7299024	7299296	12.14231014	7299296	0	272	-272	272	-272	272
CAGE_TSS_34899	5	-	7305748	7305921	11.60031033	7305921	0	173	-173	173	-173	173
CAGE_TSS_34902	5	-	7313599	7313664	18.04744911	7313664	0	65	-65	65	-65	65
CAGE_TSS_34905	5	-	7316648	7316793	24.27977943	7316793	0	145	-145	145	-145	145
CAGE_TSS_34918	5	-	7385730	7385761	168.9963989	7385761	0	31	-31	31	-31	31
CAGE_TSS_34921	5	-	7400884	7401114	6.576179981	7401114	0	230	-230	230	-230	230
CAGE_TSS_34923	5	-	7405741	7405685	17.5636692	7405685	0	-56	56	-56	56	56
CAGE_TSS_34933	5	-	7436643	7436731	8.141480446	7436731	0	88	-88	88	-88	88
CAGE_TSS_34935	5	-	7443384	7443377	182.8135223	7443377	0	-7	7	-7	7	7
CAGE_TSS_34937	5	-	7445517	7445678	78.14428711	7445678	0	161	-161	161	-161	161
CAGE_TSS_34941	5	-	7477917	7478212	28.63905907	7478212	0	295	-295	295	-295	295
CAGE_TSS_34945	5	-	7525607	7525774	75.67925262	7525774	0	167	-167	167	-167	167
CAGE_TSS_34947	5	-	7549385	7549382	5.977509975	7549382	0	-3	3	-3	3	3
CAGE_TSS_34948	5	-	7553473	7553728	20.42679024	7553728	0	255	-255	255	-255	255
CAGE_TSS_34950	5	-	7560070	7560024	17.18820953	7560024	0	-46	46	-46	46	46
CAGE_TSS_34952	5	-	7588245	7588449	10.80346012	7588449	0	204	-204	204	-204	204
CAGE_TSS_34954	5	-	7601687	7601859	57.67718887	7601859	0	172	-172	172	-172	172
CAGE_TSS_34958	5	-	7626974	7627163	6.650949955	7627163	0	189	-189	189	-189	189
CAGE_TSS_34960	5	-	7636566	7636474	8.190859795	7636474	0	-92	92	-92	92	92
CAGE_TSS_34963	5	-	7647679	7647910	10.83825016	7647910	0	231	-231	231	-231	231
CAGE_TSS_34965	5	-	7652623	7652862	7.037549973	7652862	0	239	-239	239	-239	239
CAGE_TSS_34968	5	-	7709170	7709216	673.8425293	7709216	0	46	-46	46	-46	46
CAGE_TSS_34976	5	-	7738503	7738601	13.57876015	7738601	0	98	-98	98	-98	98
CAGE_TSS_34988	5	-	7828570	7828667	13.74874973	7828667	0	97	-97	97	-97	97
CAGE_TSS_34996	5	-	7890180	7890302	5.646930218	7890302	0	122	-122	122	-122	122
CAGE_TSS_35002	5	-	7909546	7909541	41.44274139	7909541	0	-5	5	-5	5	5
CAGE_TSS_35003	5	-	7931792	7931774	9.618760109	7931774	0	-18	18	-18	18	18
CAGE_TSS_35004	5	-	7934435	7934499	89.95513153	7934499	0	64	-64	64	-64	64
CAGE_TSS_35006	5	-	7952503	7952618	29.80310059	7952618	0	115	-115	115	-115	115
CAGE_TSS_35009	5	-	7960238	7960276	330.4774475	7960276	0	38	-38	38	-38	38
CAGE_TSS_35010	5	-	7968022	7968172	188.1621857	7968172	0	150	-150	150	-150	150
CAGE_TSS_35014	5	-	7986540	7986586	33.81542969	7986586	0	46	-46	46	-46	46
CAGE_TSS_35016	5	-	7997478	7997480	32.50550079	7997480	0	2	-2	2	-2	2
CAGE_TSS_35021	5	-	8013527	8013775	9.733830452	8013775	0	248	-248	248	-248	248
CAGE_TSS_35024	5	-	8050108	8050206	40.26927948	8050206	0	98	-98	98	-98	98
CAGE_TSS_35030	5	-	8074184	8074258	105.4613876	8074258	0	74	-74	74	-74	74
CAGE_TSS_35032	5	-	8079792	8080049	220.0935516	8080049	0	257	-257	257	-257	257
CAGE_TSS_35033	5	-	8099991	8100285	91.41297913	8100285	0	294	-294	294	-294	294
CAGE_TSS_35036	5	-	8112705	8112766	1401.994507	8112766	0	61	-61	61	-61	61
CAGE_TSS_35038	5	-	8122779	8122796	277.5609131	8122796	0	17	-17	17	-17	17
CAGE_TSS_35051	5	-	8175430	8175648	43.23397827	8175648	0	218	-218	218	-218	218
CAGE_TSS_35052	5	-	8181026	8181059	202.2678375	8181059	0	33	-33	33	-33	33
CAGE_TSS_35055	5	-	8191441	8191366	8.760769844	8191366	0	-75	75	-75	75	75
CAGE_TSS_35064	5	-	8243364	8243380	27.53070068	8243380	0	16	-16	16	-16	16
CAGE_TSS_35069	5	-	8288254	8288500	119.5880585	8288500	0	246	-246	246	-246	246
CAGE_TSS_35071	5	-	8329477	8329495	20.13619995	8329495	0	18	-18	18	-18	18
CAGE_TSS_35072	5	-	8331780	8331880	12.67667007	8331880	0	100	-100	100	-100	100
CAGE_TSS_35074	5	-	8337963	8337885	40.71641922	8337885	0	-78	78	-78	78	78
CAGE_TSS_35076	5	-	8343057	8343092	14.73328018	8343092	0	35	-35	35	-35	35
CAGE_TSS_35077	5	-	8358636	8358833	33.02397156	8358833	0	197	-197	197	-197	197
CAGE_TSS_35080	5	-	8372831	8372899	7.361569881	8372899	0	68	-68	68	-68	68
CAGE_TSS_35084	5	-	8406131	8406134	159.3086853	8406134	0	3	-3	3	-3	3
CAGE_TSS_35086	5	-	8412293	8412367	99.06625366	8412367	0	74	-74	74	-74	74
CAGE_TSS_35087	5	-	8418997	8418931	186.1509399	8418931	0	-66	66	-66	66	66
CAGE_TSS_35088	5	-	8423493	8423531	46.32928085	8423531	0	38	-38	38	-38	38
CAGE_TSS_35091	5	-	8443826	8443784	8.760769844	8443784	0	-42	42	-42	42	42
CAGE_TSS_35099	5	-	8468189	8468240	174.2103882	8468240	0	51	-51	51	-51	51
CAGE_TSS_35110	5	-	8501879	8501902	83.23133087	8501902	0	23	-23	23	-23	23
CAGE_TSS_35111	5	-	8508284	8508125	22.85371017	8508125	0	-159	159	-159	159	159
CAGE_TSS_35114	5	-	8508922	8509047	126.0842819	8509047	0	125	-125	125	-125	125
CAGE_TSS_35116	5	-	8522789	8522825	68.92051697	8522825	0	36	-36	36	-36	36
CAGE_TSS_35120	5	-	8538087	8538133	8.133029938	8538133	0	46	-46	46	-46	46
CAGE_TSS_35123	5	-	8559404	8559448	50.57263184	8559448	0	44	-44	44	-44	44
CAGE_TSS_35134	5	-	8651111	8651214	5.149839878	8651214	0	103	-103	103	-103	103
CAGE_TSS_35139	5	-	8674528	8674825	30.29537964	8674825	0	297	-297	297	-297	297
CAGE_TSS_35141	5	-	8707748	8707899	160.090683	8707899	0	151	-151	151	-151	151
CAGE_TSS_35142	5	-	8747193	8747304	215.8101349	8747304	0	111	-111	111	-111	111
CAGE_TSS_35149	5	-	8797011	8797177	8.744259834	8797177	0	166	-166	166	-166	166
CAGE_TSS_35160	5	-	8892957	8892968	5.788320065	8892968	0	11	-11	11	-11	11
CAGE_TSS_35162	5	-	8909915	8909998	73.39006042	8909998	0	83	-83	83	-83	83
CAGE_TSS_35166	5	-	8916031	8916072	12.37170982	8916072	0	41	-41	41	-41	41
CAGE_TSS_35168	5	-	8916720	8916800	357.1377563	8916800	0	80	-80	80	-80	80
CAGE_TSS_35169	5	-	8938243	8938248	92.26235962	8938248	0	5	-5	5	-5	5
CAGE_TSS_35175	5	-	8963713	8963876	14.53909969	8963876	0	163	-163	163	-163	163
CAGE_TSS_35182	5	-	8982846	8982798	18.49566078	8982798	0	-48	48	-48	48	48
CAGE_TSS_35183	5	-	8987802	8987851	178.3871155	8987851	0	49	-49	49	-49	49
CAGE_TSS_35187	5	-	9011497	9011649	68.2195816	9011649	0	152	-152	152	-152	152
CAGE_TSS_35189	5	-	9055212	9055161	10.45170021	9055161	0	-51	51	-51	51	51
CAGE_TSS_35203	5	-	9087494	9087687	28.08933067	9087687	0	193	-193	193	-193	193
CAGE_TSS_35210	5	-	9160353	9160280	42.24779892	9160280	0	-73	73	-73	73	73
CAGE_TSS_35212	5	-	9164685	9164964	393.6010132	9164964	0	279	-279	279	-279	279
CAGE_TSS_35214	5	-	9242707	9242618	6.172959805	9242618	0	-89	89	-89	89	89
CAGE_TSS_35215	5	-	9247065	9247246	33.39609146	9247246	0	181	-181	181	-181	181
CAGE_TSS_35228	5	-	9288976	9289000	5.174409866	9289000	0	24	-24	24	-24	24
CAGE_TSS_35230	5	-	9315523	9315544	6.104579926	9315544	0	21	-21	21	-21	21
CAGE_TSS_35238	5	-	9402359	9402619	6.061729908	9402619	0	260	-260	260	-260	260
CAGE_TSS_35241	5	-	9410030	9410065	41.1570816	9410065	0	35	-35	35	-35	35
CAGE_TSS_35245	5	-	9470388	9470474	82.36354828	9470474	0	86	-86	86	-86	86
CAGE_TSS_35246	5	-	9486146	9486345	18.76161003	9486345	0	199	-199	199	-199	199
CAGE_TSS_35248	5	-	9515504	9515737	334.6184692	9515737	0	233	-233	233	-233	233
CAGE_TSS_35267	5	-	9690297	9690353	6.711740017	9690353	0	56	-56	56	-56	56
CAGE_TSS_35272	5	-	9716303	9716482	87.74581909	9716482	0	179	-179	179	-179	179
CAGE_TSS_35277	5	-	9789660	9789646	13.07968044	9789646	0	-14	14	-14	14	14
CAGE_TSS_35279	5	-	9792309	9792438	10.03824997	9792438	0	129	-129	129	-129	129
CAGE_TSS_35282	5	-	9793456	9793431	9.882369995	9793431	0	-25	25	-25	25	25
CAGE_TSS_35288	5	-	9808522	9808434	5.185619831	9808434	0	-88	88	-88	88	88
CAGE_TSS_35290	5	-	9820054	9820061	16.51758003	9820061	0	7	-7	7	-7	7
CAGE_TSS_35291	5	-	9839408	9839517	6.263040066	9839517	0	109	-109	109	-109	109
CAGE_TSS_35304	5	-	9960360	9960633	124.6312714	9960633	0	273	-273	273	-273	273
CAGE_TSS_35305	5	-	9961142	9961185	33.02397156	9961185	0	43	-43	43	-43	43
CAGE_TSS_35311	5	-	10028530	10028622	27.23225021	10028622	0	92	-92	92	-92	92
CAGE_TSS_35316	5	-	10039000	10039185	104.8571014	10039185	0	185	-185	185	-185	185
CAGE_TSS_35319	5	-	10045866	10045991	11.95701027	10045991	0	125	-125	125	-125	125
CAGE_TSS_35330	5	-	10263513	10263459	10.15172005	10263459	0	-54	54	-54	54	54
CAGE_TSS_35331	5	-	10282616	10282519	10.23083019	10282519	0	-97	97	-97	97	97
CAGE_TSS_35335	5	-	10295147	10295136	8.05366993	10295136	0	-11	11	-11	11	11
CAGE_TSS_35339	5	-	10455473	10455421	388.7423401	10455421	0	-52	52	-52	52	52
CAGE_TSS_35349	5	-	10543361	10543555	10.16098976	10543555	0	194	-194	194	-194	194
CAGE_TSS_35357	5	-	10648603	10648872	355.8178101	10648872	0	269	-269	269	-269	269
CAGE_TSS_35359	5	-	10649891	10649945	655.4106445	10649945	0	54	-54	54	-54	54
CAGE_TSS_35370	5	-	10798222	10798322	1300.854736	10798322	0	100	-100	100	-100	100
CAGE_TSS_35390	5	-	10932660	10932732	7.451889992	10932732	0	72	-72	72	-72	72
CAGE_TSS_35392	5	-	10940725	10940834	6.907209873	10940834	0	109	-109	109	-109	109
CAGE_TSS_35399	5	-	11024958	11025104	69.98674011	11025104	0	146	-146	146	-146	146
CAGE_TSS_35450	5	-	12565749	12565920	17.17304039	12565920	0	171	-171	171	-171	171
CAGE_TSS_35453	5	-	12604760	12604888	7.706180096	12604888	0	128	-128	128	-128	128
CAGE_TSS_35469	5	-	13111268	13111510	10.34206963	13111510	0	242	-242	242	-242	242
CAGE_TSS_35486	5	-	13356816	13356825	12.08701992	13356825	0	9	-9	9	-9	9
CAGE_TSS_35493	5	-	13466049	13465994	33.28511047	13465994	0	-55	55	-55	55	55
CAGE_TSS_35496	5	-	13482606	13482666	15.84263992	13482666	0	60	-60	60	-60	60
CAGE_TSS_35497	5	-	13487569	13487517	7.18735981	13487517	0	-52	52	-52	52	52
CAGE_TSS_35499	5	-	13591302	13591353	75.00817108	13591353	0	51	-51	51	-51	51
CAGE_TSS_35516	5	-	13748253	13748351	33.88039017	13748351	0	98	-98	98	-98	98
CAGE_TSS_35517	5	-	13753446	13753657	23.8696804	13753657	0	211	-211	211	-211	211
CAGE_TSS_35523	5	-	13826372	13826406	15.21681976	13826406	0	34	-34	34	-34	34
CAGE_TSS_35526	5	-	13859012	13858976	5.68501997	13858976	0	-36	36	-36	36	36
CAGE_TSS_35527	5	-	13868190	13868432	10.37135029	13868432	0	242	-242	242	-242	242
CAGE_TSS_35531	5	-	13902963	13903028	58.87149048	13903028	0	65	-65	65	-65	65
CAGE_TSS_35533	5	-	13916775	13916695	19.16356087	13916695	0	-80	80	-80	80	80
CAGE_TSS_35534	5	-	13925424	13925680	502.0136108	13925680	0	256	-256	256	-256	256
CAGE_TSS_35542	5	-	13959731	13959736	121.4067001	13959736	0	5	-5	5	-5	5
CAGE_TSS_35557	5	-	14199267	14199271	30.13566017	14199271	0	4	-4	4	-4	4
CAGE_TSS_35560	5	-	14235151	14235206	36.04753113	14235206	0	55	-55	55	-55	55
CAGE_TSS_35563	5	-	14255983	14256268	115.4098282	14256268	0	285	-285	285	-285	285
CAGE_TSS_35568	5	-	14546134	14546061	9.084400177	14546061	0	-73	73	-73	73	73
CAGE_TSS_35573	5	-	14550831	14550837	10.45170021	14550837	0	6	-6	6	-6	6
CAGE_TSS_35583	5	-	14622965	14623125	6.107629776	14623125	0	160	-160	160	-160	160
CAGE_TSS_35584	5	-	14642432	14642427	54.39107132	14642427	0	-5	5	-5	5	5
CAGE_TSS_35590	5	-	14753087	14753176	82.99967957	14753176	0	89	-89	89	-89	89
CAGE_TSS_35596	5	-	14808189	14808220	40.2158699	14808220	0	31	-31	31	-31	31
CAGE_TSS_35599	5	-	14816519	14816539	15.80585003	14816539	0	20	-20	20	-20	20
CAGE_TSS_35605	5	-	14868720	14868560	5.337880135	14868560	0	-160	160	-160	160	160
CAGE_TSS_35608	5	-	14887010	14886985	7.943500042	14886985	0	-25	25	-25	25	25
CAGE_TSS_35611	5	-	14919776	14919782	19.27906036	14919782	0	6	-6	6	-6	6
CAGE_TSS_35618	5	-	14935733	14935903	233.9606781	14935903	0	170	-170	170	-170	170
CAGE_TSS_35620	5	-	14971220	14971311	16.96552086	14971311	0	91	-91	91	-91	91
CAGE_TSS_35630	5	-	14999369	14999097	43.2009201	14999097	0	-272	272	-272	272	272
CAGE_TSS_35633	5	-	15006132	15006248	6.711919785	15006248	0	116	-116	116	-116	116
CAGE_TSS_35650	5	-	15214750	15214888	6.47300005	15214888	0	138	-138	138	-138	138
CAGE_TSS_35654	5	-	15225193	15225271	8.131079674	15225271	0	78	-78	78	-78	78
CAGE_TSS_35656	5	-	15279361	15279386	7.107709885	15279386	0	25	-25	25	-25	25
CAGE_TSS_35664	5	-	15378351	15378555	279.9127197	15378555	0	204	-204	204	-204	204
CAGE_TSS_35667	5	-	15382024	15382139	37.5526886	15382139	0	115	-115	115	-115	115
CAGE_TSS_35672	5	-	15401024	15400959	5.54941988	15400959	0	-65	65	-65	65	65
CAGE_TSS_35674	5	-	15420546	15420775	13.31548023	15420775	0	229	-229	229	-229	229
CAGE_TSS_35677	5	-	15446394	15446370	6.47300005	15446370	0	-24	24	-24	24	24
CAGE_TSS_35693	5	-	15562751	15562754	5.171969891	15562754	0	3	-3	3	-3	3
CAGE_TSS_35694	5	-	15569212	15569299	9.470009804	15569299	0	87	-87	87	-87	87
CAGE_TSS_35706	5	-	15713040	15713174	19.43328094	15713174	0	134	-134	134	-134	134
CAGE_TSS_35708	5	-	15761678	15761578	27.16634941	15761578	0	-100	100	-100	100	100
CAGE_TSS_35709	5	-	15770333	15770460	21.08937073	15770460	0	127	-127	127	-127	127
CAGE_TSS_35714	5	-	15827611	15827865	55.0393486	15827865	0	254	-254	254	-254	254
CAGE_TSS_35741	5	-	16060766	16060637	7.699260235	16060637	0	-129	129	-129	129	129
CAGE_TSS_35744	5	-	16067599	16067784	35.59186935	16067784	0	185	-185	185	-185	185
CAGE_TSS_35745	5	-	16069937	16070040	20.78607941	16070040	0	103	-103	103	-103	103
CAGE_TSS_35750	5	-	16097202	16097239	11.91287994	16097239	0	37	-37	37	-37	37
CAGE_TSS_35753	5	-	16135029	16135120	164.9450836	16135120	0	91	-91	91	-91	91
CAGE_TSS_35770	5	-	16195621	16195790	41.18500137	16195790	0	169	-169	169	-169	169
CAGE_TSS_35777	5	-	16256759	16256865	159.5879669	16256865	0	106	-106	106	-106	106
CAGE_TSS_35778	5	-	16267243	16267335	7.706180096	16267335	0	92	-92	92	-92	92
CAGE_TSS_35781	5	-	16285178	16285128	6.55809021	16285128	0	-50	50	-50	50	50
CAGE_TSS_35783	5	-	16306429	16306348	12.10632992	16306348	0	-81	81	-81	81	81
CAGE_TSS_35788	5	-	16316682	16316680	8.245149612	16316680	0	-2	2	-2	2	2
CAGE_TSS_35800	5	-	16385171	16385206	30.74404907	16385206	0	35	-35	35	-35	35
CAGE_TSS_35805	5	-	16427797	16427869	21.68475914	16427869	0	72	-72	72	-72	72
CAGE_TSS_35825	5	-	16570175	16570188	44.26541901	16570188	0	13	-13	13	-13	13
CAGE_TSS_35826	5	-	16592312	16592360	48.10765839	16592360	0	48	-48	48	-48	48
CAGE_TSS_35831	5	-	16610664	16610726	5.706639767	16610726	0	62	-62	62	-62	62
CAGE_TSS_35833	5	-	16622650	16622693	34.15235901	16622693	0	43	-43	43	-43	43
CAGE_TSS_35835	5	-	16633976	16633947	14.89128971	16633947	0	-29	29	-29	29	29
CAGE_TSS_35843	5	-	16675012	16674818	8.843569756	16674818	0	-194	194	-194	194	194
CAGE_TSS_35853	5	-	16780972	16781031	13.81126022	16781031	0	59	-59	59	-59	59
CAGE_TSS_35855	5	-	16797999	16798005	30.14134026	16798005	0	6	-6	6	-6	6
CAGE_TSS_35860	5	-	16810590	16810707	28.86762047	16810707	0	117	-117	117	-117	117
CAGE_TSS_35874	5	-	16831171	16831330	106.6594086	16831330	0	159	-159	159	-159	159
CAGE_TSS_35875	5	-	16832284	16832268	11.59224987	16832268	0	-16	16	-16	16	16
CAGE_TSS_35886	5	-	16913913	16913897	35.38557816	16913897	0	-16	16	-16	16	16
CAGE_TSS_35887	5	-	16921553	16921584	12.28742027	16921584	0	31	-31	31	-31	31
CAGE_TSS_35892	5	-	16974586	16974477	25.84211922	16974477	0	-109	109	-109	109	109
CAGE_TSS_35900	5	-	17022579	17022726	13.19180965	17022726	0	147	-147	147	-147	147
CAGE_TSS_35906	5	-	17098337	17098368	315.6908875	17098368	0	31	-31	31	-31	31
CAGE_TSS_35908	5	-	17099194	17098924	17.9978199	17098924	0	-270	270	-270	270	270
CAGE_TSS_35909	5	-	17099435	17099583	118.6462173	17099583	0	148	-148	148	-148	148
CAGE_TSS_35915	5	-	17144066	17144085	37.1582489	17144085	0	19	-19	19	-19	19
CAGE_TSS_35922	5	-	17165920	17166162	5.779910088	17166162	0	242	-242	242	-242	242
CAGE_TSS_35928	5	-	17189860	17189898	7.462619781	17189898	0	38	-38	38	-38	38
CAGE_TSS_35930	5	-	17195938	17196148	98.91291809	17196148	0	210	-210	210	-210	210
CAGE_TSS_35939	5	-	17240723	17240799	20.4832592	17240799	0	76	-76	76	-76	76
CAGE_TSS_35944	5	-	17257772	17257798	122.2541733	17257798	0	26	-26	26	-26	26
CAGE_TSS_35960	5	-	17358038	17358152	37.11436844	17358152	0	114	-114	114	-114	114
CAGE_TSS_35963	5	-	17363769	17363542	4865.648926	17363542	0	-227	227	-227	227	227
CAGE_TSS_35965	5	-	17385558	17385550	21.22640038	17385550	0	-8	8	-8	8	8
CAGE_TSS_35974	5	-	17431816	17431915	5.312439919	17431915	0	99	-99	99	-99	99
CAGE_TSS_35976	5	-	17456656	17456694	25.45232964	17456694	0	38	-38	38	-38	38
CAGE_TSS_35977	5	-	17458764	17458921	148.324234	17458921	0	157	-157	157	-157	157
CAGE_TSS_35978	5	-	17466723	17466721	9.811909676	17466721	0	-2	2	-2	2	2
CAGE_TSS_35985	5	-	17541894	17541910	36.39485931	17541910	0	16	-16	16	-16	16
CAGE_TSS_35987	5	-	17559310	17559377	5.130390167	17559377	0	67	-67	67	-67	67
CAGE_TSS_35993	5	-	17591491	17591745	21.9479599	17591745	0	254	-254	254	-254	254
CAGE_TSS_35997	5	-	17624314	17624320	25.0687809	17624320	0	6	-6	6	-6	6
CAGE_TSS_35998	5	-	17626435	17626571	463.6792603	17626571	0	136	-136	136	-136	136
CAGE_TSS_36004	5	-	17635910	17635961	31.52024078	17635961	0	51	-51	51	-51	51
CAGE_TSS_36008	5	-	17643696	17643704	39.19010162	17643704	0	8	-8	8	-8	8
CAGE_TSS_36010	5	-	17666953	17667033	14.48178959	17667033	0	80	-80	80	-80	80
CAGE_TSS_36011	5	-	17670120	17670288	9.124580383	17670288	0	168	-168	168	-168	168
CAGE_TSS_36013	5	-	17688659	17688875	145.3795166	17688875	0	216	-216	216	-216	216
CAGE_TSS_36015	5	-	17691909	17691953	155.1598663	17691953	0	44	-44	44	-44	44
CAGE_TSS_36024	5	-	17721522	17721569	33.26599121	17721569	0	47	-47	47	-47	47
CAGE_TSS_36026	5	-	17739830	17739930	75.58522797	17739930	0	100	-100	100	-100	100
CAGE_TSS_36028	5	-	17748395	17748456	126.0658264	17748456	0	61	-61	61	-61	61
CAGE_TSS_36031	5	-	17752712	17752848	25.02548027	17752848	0	136	-136	136	-136	136
CAGE_TSS_36032	5	-	17755728	17755739	29.40545082	17755739	0	11	-11	11	-11	11
CAGE_TSS_36037	5	-	17803953	17804081	16.25682068	17804081	0	128	-128	128	-128	128
CAGE_TSS_36039	5	-	17825667	17825713	5.317349911	17825713	0	46	-46	46	-46	46
CAGE_TSS_36040	5	-	17831224	17831186	195.5928802	17831186	0	-38	38	-38	38	38
CAGE_TSS_36044	5	-	17843597	17843611	109.0640106	17843611	0	14	-14	14	-14	14
CAGE_TSS_36045	5	-	17856683	17856914	8.12981987	17856914	0	231	-231	231	-231	231
CAGE_TSS_36049	5	-	17861098	17861234	179.1678162	17861234	0	136	-136	136	-136	136
CAGE_TSS_36051	5	-	17877599	17877547	13.69167042	17877547	0	-52	52	-52	52	52
CAGE_TSS_36055	5	-	17888128	17888201	5.695489883	17888201	0	73	-73	73	-73	73
CAGE_TSS_36065	5	-	17936473	17936469	20.88266945	17936469	0	-4	4	-4	4	4
CAGE_TSS_36070	5	-	17962157	17962242	182.4414062	17962242	0	85	-85	85	-85	85
CAGE_TSS_36079	5	-	18021386	18021286	5.025700092	18021286	0	-100	100	-100	100	100
CAGE_TSS_36083	5	-	18025944	18026215	300.1319885	18026215	0	271	-271	271	-271	271
CAGE_TSS_36086	5	-	18047078	18047191	36.55628967	18047191	0	113	-113	113	-113	113
CAGE_TSS_36088	5	-	18073115	18073099	7.416629791	18073099	0	-16	16	-16	16	16
CAGE_TSS_36091	5	-	18093690	18093857	20.25402069	18093857	0	167	-167	167	-167	167
CAGE_TSS_36093	5	-	18111750	18111752	120.5050812	18111752	0	2	-2	2	-2	2
CAGE_TSS_36105	5	-	18238841	18238879	5.790699959	18238879	0	38	-38	38	-38	38
CAGE_TSS_36111	5	-	18273186	18273256	7.370530128	18273256	0	70	-70	70	-70	70
CAGE_TSS_36113	5	-	18281850	18281827	9.583069801	18281827	0	-23	23	-23	23	23
CAGE_TSS_36117	5	-	18337353	18337502	20.97787094	18337502	0	149	-149	149	-149	149
CAGE_TSS_36119	5	-	18352529	18352531	47.08200836	18352531	0	2	-2	2	-2	2
CAGE_TSS_36120	5	-	18359033	18358982	1272.631958	18358982	0	-51	51	-51	51	51
CAGE_TSS_36124	5	-	18370989	18371070	509.483429	18371070	0	81	-81	81	-81	81
CAGE_TSS_36129	5	-	18383691	18383703	88.1456604	18383703	0	12	-12	12	-12	12
CAGE_TSS_36132	5	-	18387644	18387836	9.456049919	18387836	0	192	-192	192	-192	192
CAGE_TSS_36136	5	-	18403797	18403890	21.54993057	18403890	0	93	-93	93	-93	93
CAGE_TSS_36143	5	-	18435447	18435450	183.4550781	18435450	0	3	-3	3	-3	3
CAGE_TSS_36151	5	-	18558394	18558293	242.7488403	18558293	0	-101	101	-101	101	101
CAGE_TSS_36155	5	-	18579067	18579087	8.649609566	18579087	0	20	-20	20	-20	20
CAGE_TSS_36163	5	-	18640360	18640273	5.337880135	18640273	0	-87	87	-87	87	87
CAGE_TSS_36174	5	-	18710592	18710683	17.89331055	18710683	0	91	-91	91	-91	91
CAGE_TSS_36176	5	-	18712518	18712617	61.78842163	18712617	0	99	-99	99	-99	99
CAGE_TSS_36177	5	-	18716956	18717107	151.7555084	18717107	0	151	-151	151	-151	151
CAGE_TSS_36178	5	-	18721297	18721370	18.62096024	18721370	0	73	-73	73	-73	73
CAGE_TSS_36180	5	-	18726206	18726159	20.79015923	18726159	0	-47	47	-47	47	47
CAGE_TSS_36183	5	-	18747086	18747197	869.6206055	18747197	0	111	-111	111	-111	111
CAGE_TSS_36185	5	-	18773671	18773792	115.1838074	18773792	0	121	-121	121	-121	121
CAGE_TSS_36187	5	-	18776728	18776545	5.599319935	18776545	0	-183	183	-183	183	183
CAGE_TSS_36190	5	-	18800071	18800069	5.674180031	18800069	0	-2	2	-2	2	2
CAGE_TSS_36203	5	-	18954636	18954540	361.6952209	18954540	0	-96	96	-96	96	96
CAGE_TSS_36208	5	-	18968577	18968742	17.25592041	18968742	0	165	-165	165	-165	165
CAGE_TSS_36215	5	-	18984741	18984830	73.59375763	18984830	0	89	-89	89	-89	89
CAGE_TSS_36217	5	-	18990746	18990760	12.31521034	18990760	0	14	-14	14	-14	14
CAGE_TSS_36219	5	-	19013944	19013930	8.086110115	19013930	0	-14	14	-14	14	14
CAGE_TSS_36223	5	-	19070335	19070486	339.3660278	19070486	0	151	-151	151	-151	151
CAGE_TSS_36226	5	-	19120888	19120913	42.72554016	19120913	0	25	-25	25	-25	25
CAGE_TSS_36232	5	-	19132282	19132255	51.21559143	19132255	0	-27	27	-27	27	27
CAGE_TSS_36236	5	-	19135326	19135467	67.54891205	19135467	0	141	-141	141	-141	141
CAGE_TSS_36238	5	-	19163775	19163901	298.7695618	19163901	0	126	-126	126	-126	126
CAGE_TSS_36241	5	-	19165986	19166277	9.681300163	19166277	0	291	-291	291	-291	291
CAGE_TSS_36247	5	-	19171203	19171333	13.43784046	19171333	0	130	-130	130	-130	130
CAGE_TSS_36249	5	-	19172812	19172875	680.4419556	19172875	0	63	-63	63	-63	63
CAGE_TSS_36250	5	-	19188747	19188849	46.76264191	19188849	0	102	-102	102	-102	102
CAGE_TSS_36252	5	-	19217137	19216886	3.13203001	19216886	0	-251	251	-251	251	251
CAGE_TSS_36253	5	-	19217818	19217994	506.074585	19217994	0	176	-176	176	-176	176
CAGE_TSS_36255	5	-	19236503	19236413	7.494279861	19236413	0	-90	90	-90	90	90
CAGE_TSS_36256	5	-	19241187	19241334	5.420370102	19241334	0	147	-147	147	-147	147
CAGE_TSS_36257	5	-	19245532	19245697	32.12480927	19245697	0	165	-165	165	-165	165
CAGE_TSS_36261	5	-	19272873	19272949	51.03952026	19272949	0	76	-76	76	-76	76
CAGE_TSS_36263	5	-	19279753	19279729	155.1120605	19279729	0	-24	24	-24	24	24
CAGE_TSS_36264	5	-	19285579	19285686	67.62500763	19285686	0	107	-107	107	-107	107
CAGE_TSS_36269	5	-	19290397	19290565	65.16803741	19290565	0	168	-168	168	-168	168
CAGE_TSS_36276	5	-	19300502	19300530	34.88644028	19300530	0	28	-28	28	-28	28
CAGE_TSS_36278	5	-	19301911	19302167	394.7362366	19302167	0	256	-256	256	-256	256
CAGE_TSS_36281	5	-	19304813	19304822	68.77368164	19304822	0	9	-9	9	-9	9
CAGE_TSS_36287	5	-	19317507	19317575	5.395780087	19317575	0	68	-68	68	-68	68
CAGE_TSS_36290	5	-	19336761	19336848	16.54174995	19336848	0	87	-87	87	-87	87
CAGE_TSS_36292	5	-	19342326	19342300	8.968190193	19342300	0	-26	26	-26	26	26
CAGE_TSS_36296	5	-	19358003	19358027	9.585370064	19358027	0	24	-24	24	-24	24
CAGE_TSS_36298	5	-	19374329	19374390	15.94452953	19374390	0	61	-61	61	-61	61
CAGE_TSS_36299	5	-	19385865	19385948	80.74980927	19385948	0	83	-83	83	-83	83
CAGE_TSS_36301	5	-	19388561	19388503	16.09782028	19388503	0	-58	58	-58	58	58
CAGE_TSS_36320	5	-	19524617	19524762	166.2746429	19524762	0	145	-145	145	-145	145
CAGE_TSS_36330	5	-	19542425	19542456	76.09168243	19542456	0	31	-31	31	-31	31
CAGE_TSS_36334	5	-	19563725	19563948	766.4060669	19563948	0	223	-223	223	-223	223
CAGE_TSS_36337	5	-	19607055	19607067	51.27455902	19607067	0	12	-12	12	-12	12
CAGE_TSS_36338	5	-	19624188	19624181	49.01221848	19624181	0	-7	7	-7	7	7
CAGE_TSS_36340	5	-	19635663	19635675	72.21076202	19635675	0	12	-12	12	-12	12
CAGE_TSS_36341	5	-	19639388	19639578	13.81723022	19639578	0	190	-190	190	-190	190
CAGE_TSS_36342	5	-	19646676	19646886	200.4060974	19646886	0	210	-210	210	-210	210
CAGE_TSS_36343	5	-	19648272	19648332	11.27060032	19648332	0	60	-60	60	-60	60
CAGE_TSS_36357	5	-	19725719	19725649	16.98081017	19725649	0	-70	70	-70	70	70
CAGE_TSS_36364	5	-	19746189	19746216	5.337880135	19746216	0	27	-27	27	-27	27
CAGE_TSS_36374	5	-	19790249	19790210	8.491570473	19790210	0	-39	39	-39	39	39
CAGE_TSS_36386	5	-	19807761	19807937	88.14586639	19807937	0	176	-176	176	-176	176
CAGE_TSS_36389	5	-	19817139	19817313	199.6491241	19817313	0	174	-174	174	-174	174
CAGE_TSS_36390	5	-	19817839	19817892	59.44007111	19817892	0	53	-53	53	-53	53
CAGE_TSS_36397	5	-	19838145	19838234	485.5623474	19838234	0	89	-89	89	-89	89
CAGE_TSS_36398	5	-	19859643	19859784	295.6900635	19859784	0	141	-141	141	-141	141
CAGE_TSS_36403	5	-	19896920	19896837	284.7741089	19896837	0	-83	83	-83	83	83
CAGE_TSS_36405	5	-	19898998	19899229	533.5184937	19899229	0	231	-231	231	-231	231
CAGE_TSS_36406	5	-	19909398	19909421	47.90518188	19909421	0	23	-23	23	-23	23
CAGE_TSS_36411	5	-	19960542	19960713	95.3839035	19960713	0	171	-171	171	-171	171
CAGE_TSS_36414	5	-	19985695	19985853	63.72523117	19985853	0	158	-158	158	-158	158
CAGE_TSS_36418	5	-	20001380	20001567	162.135376	20001567	0	187	-187	187	-187	187
CAGE_TSS_36419	5	-	20011098	20010896	6.093229771	20010896	0	-202	202	-202	202	202
CAGE_TSS_36424	5	-	20016738	20016728	17.32440948	20016728	0	-10	10	-10	10	10
CAGE_TSS_36425	5	-	20046662	20046752	31.22117043	20046752	0	90	-90	90	-90	90
CAGE_TSS_36428	5	-	20049547	20049542	12.51045036	20049542	0	-5	5	-5	5	5
CAGE_TSS_36433	5	-	20107210	20107211	85.99875641	20107211	0	1	-1	1	-1	1
CAGE_TSS_36435	5	-	20111817	20111765	13.02192974	20111765	0	-52	52	-52	52	52
CAGE_TSS_36440	5	-	20127424	20127262	76.60510254	20127262	0	-162	162	-162	162	162
CAGE_TSS_36447	5	-	20169592	20169719	7.706180096	20169719	0	127	-127	127	-127	127
CAGE_TSS_36449	5	-	20193598	20193316	5.348989964	20193316	0	-282	282	-282	282	282
CAGE_TSS_36455	5	-	20200267	20200485	409.0362244	20200485	0	218	-218	218	-218	218
CAGE_TSS_36463	5	-	20204488	20204754	454.234314	20204754	0	266	-266	266	-266	266
CAGE_TSS_36466	5	-	20208669	20208940	38.96070099	20208940	0	271	-271	271	-271	271
CAGE_TSS_36481	5	-	20327793	20327873	60.9066391	20327873	0	80	-80	80	-80	80
CAGE_TSS_36482	5	-	20336615	20336811	8.012169838	20336811	0	196	-196	196	-196	196
CAGE_TSS_36484	5	-	20341850	20341881	52.99811172	20341881	0	31	-31	31	-31	31
CAGE_TSS_36487	5	-	20345134	20345193	609.1676636	20345193	0	59	-59	59	-59	59
CAGE_TSS_36491	5	-	20406570	20406773	7.557710171	20406773	0	203	-203	203	-203	203
CAGE_TSS_36496	5	-	20454036	20454170	314.5145264	20454170	0	134	-134	134	-134	134
CAGE_TSS_36498	5	-	20488683	20488644	14.36503029	20488644	0	-39	39	-39	39	39
CAGE_TSS_36509	5	-	20532783	20532796	8.822050095	20532796	0	13	-13	13	-13	13
CAGE_TSS_36511	5	-	20537079	20537101	5.636710167	20537101	0	22	-22	22	-22	22
CAGE_TSS_36513	5	-	20544746	20544797	509.483429	20544797	0	51	-51	51	-51	51
CAGE_TSS_36517	5	-	20638042	20638089	15.12296009	20638089	0	47	-47	47	-47	47
CAGE_TSS_36524	5	-	20697085	20697183	24.80970955	20697183	0	98	-98	98	-98	98
CAGE_TSS_36528	5	-	20706792	20706782	66.82319641	20706782	0	-10	10	-10	10	10
CAGE_TSS_36531	5	-	20712314	20712247	73.01793671	20712247	0	-67	67	-67	67	67
CAGE_TSS_36541	5	-	20720371	20720410	13.33290958	20720410	0	39	-39	39	-39	39
CAGE_TSS_36542	5	-	20747239	20747135	6.60491991	20747135	0	-104	104	-104	104	104
CAGE_TSS_36544	5	-	20770993	20771011	9.178759575	20771011	0	18	-18	18	-18	18
CAGE_TSS_36545	5	-	20775668	20775566	5.817029953	20775566	0	-102	102	-102	102	102
CAGE_TSS_36548	5	-	20786768	20786818	11.44968987	20786818	0	50	-50	50	-50	50
CAGE_TSS_36550	5	-	20801415	20801709	18.30727005	20801709	0	294	-294	294	-294	294
CAGE_TSS_36571	5	-	20940890	20940889	129.7385864	20940889	0	-1	1	-1	1	1
CAGE_TSS_36572	5	-	20964494	20964572	5.909490108	20964572	0	78	-78	78	-78	78
CAGE_TSS_36575	5	-	21001023	21001002	13.98871994	21001002	0	-21	21	-21	21	21
CAGE_TSS_36576	5	-	21003162	21003442	17.97261047	21003442	0	280	-280	280	-280	280
CAGE_TSS_36584	5	-	21068004	21068129	16.28269958	21068129	0	125	-125	125	-125	125
CAGE_TSS_36587	5	-	21095769	21095905	5.290269852	21095905	0	136	-136	136	-136	136
CAGE_TSS_36598	5	-	21154243	21154265	79.77510071	21154265	0	22	-22	22	-22	22
CAGE_TSS_36603	5	-	21202453	21202545	11.28334999	21202545	0	92	-92	92	-92	92
CAGE_TSS_36609	5	-	21211983	21211953	10.53565025	21211953	0	-30	30	-30	30	30
CAGE_TSS_36618	5	-	21291765	21291872	21.59900093	21291872	0	107	-107	107	-107	107
CAGE_TSS_36632	5	-	21362110	21362365	5859.014648	21362365	0	255	-255	255	-255	255
CAGE_TSS_36638	5	-	21421583	21421683	21.72377968	21421683	0	100	-100	100	-100	100
CAGE_TSS_36640	5	-	21429447	21429434	20.68730927	21429434	0	-13	13	-13	13	13
CAGE_TSS_36643	5	-	21438593	21438645	72.34243774	21438645	0	52	-52	52	-52	52
CAGE_TSS_36645	5	-	21453776	21453814	3.378000021	21453814	0	38	-38	38	-38	38
CAGE_TSS_36646	5	-	21463265	21463384	14.8252697	21463384	0	119	-119	119	-119	119
CAGE_TSS_36648	5	-	21483710	21483681	6.436120033	21483681	0	-29	29	-29	29	29
CAGE_TSS_36653	5	-	21513492	21513543	28.05393982	21513543	0	51	-51	51	-51	51
CAGE_TSS_36654	5	-	21540946	21540990	54.45576859	21540990	0	44	-44	44	-44	44
CAGE_TSS_36655	5	-	21562056	21562336	1206.575928	21562336	0	280	-280	280	-280	280
CAGE_TSS_36656	5	-	21567950	21568173	8.948599815	21568173	0	223	-223	223	-223	223
CAGE_TSS_36659	5	-	21589088	21589144	35.10741043	21589144	0	56	-56	56	-56	56
CAGE_TSS_36660	5	-	21619285	21619560	64.05536652	21619560	0	275	-275	275	-275	275
CAGE_TSS_36668	5	-	21651571	21651397	18.35253906	21651397	0	-174	174	-174	174	174
CAGE_TSS_36671	5	-	21688247	21688434	18.39602089	21688434	0	187	-187	187	-187	187
CAGE_TSS_36672	5	-	21693011	21692817	420.6477966	21692817	0	-194	194	-194	194	194
CAGE_TSS_36676	5	-	21729311	21729272	277.8743591	21729272	0	-39	39	-39	39	39
CAGE_TSS_36680	5	-	21763439	21763515	50.99871063	21763515	0	76	-76	76	-76	76
CAGE_TSS_36683	5	-	21766978	21767086	13.54638958	21767086	0	108	-108	108	-108	108
CAGE_TSS_36691	5	-	21873257	21873423	168.1504059	21873423	0	166	-166	166	-166	166
CAGE_TSS_36692	5	-	21882154	21882220	413.5150757	21882220	0	66	-66	66	-66	66
CAGE_TSS_36693	5	-	21883415	21883418	354.7891235	21883418	0	3	-3	3	-3	3
CAGE_TSS_36695	5	-	21896367	21896560	78.53492737	21896560	0	193	-193	193	-193	193
CAGE_TSS_36700	5	-	21923591	21923831	13.18212032	21923831	0	240	-240	240	-240	240
CAGE_TSS_36704	5	-	21938380	21938591	41.01486969	21938591	0	211	-211	211	-211	211
CAGE_TSS_36711	5	-	21987044	21987124	30.65096092	21987124	0	80	-80	80	-80	80
CAGE_TSS_36713	5	-	21992812	21992882	20.86128044	21992882	0	70	-70	70	-70	70
CAGE_TSS_36718	5	-	22030028	22030121	6.959899902	22030121	0	93	-93	93	-93	93
CAGE_TSS_36723	5	-	22055430	22055607	17.26967049	22055607	0	177	-177	177	-177	177
CAGE_TSS_36729	5	-	22080149	22080240	89.40451813	22080240	0	91	-91	91	-91	91
CAGE_TSS_36733	5	-	22115365	22115381	30.97213936	22115381	0	16	-16	16	-16	16
CAGE_TSS_36738	5	-	22194307	22194420	46.65304947	22194420	0	113	-113	113	-113	113
CAGE_TSS_36743	5	-	22252012	22251923	23.05758095	22251923	0	-89	89	-89	89	89
CAGE_TSS_36749	5	-	22278368	22278426	97.47782898	22278426	0	58	-58	58	-58	58
CAGE_TSS_36756	5	-	22309406	22309440	73.4258194	22309440	0	34	-34	34	-34	34
CAGE_TSS_36760	5	-	22331812	22331963	63.08916092	22331963	0	151	-151	151	-151	151
CAGE_TSS_36761	5	-	22364784	22365081	43.87965012	22365081	0	297	-297	297	-297	297
CAGE_TSS_36769	5	-	22410921	22411106	406.7124329	22411106	0	185	-185	185	-185	185
CAGE_TSS_36777	5	-	22447964	22447887	75.94129944	22447887	0	-77	77	-77	77	77
CAGE_TSS_36779	5	-	22454803	22454807	5.829740047	22454807	0	4	-4	4	-4	4
CAGE_TSS_36780	5	-	22459489	22459627	90.27335358	22459627	0	138	-138	138	-138	138
CAGE_TSS_36782	5	-	22472693	22472841	135.4776917	22472841	0	148	-148	148	-148	148
CAGE_TSS_36786	5	-	22504007	22503911	7.706180096	22503911	0	-96	96	-96	96	96
CAGE_TSS_36790	5	-	22534070	22534253	136.0800323	22534253	0	183	-183	183	-183	183
CAGE_TSS_36793	5	-	22555642	22555553	13.67483044	22555553	0	-89	89	-89	89	89
CAGE_TSS_36804	5	-	22642353	22642275	153.3732452	22642275	0	-78	78	-78	78	78
CAGE_TSS_36807	5	-	22657947	22657996	15.9226799	22657996	0	49	-49	49	-49	49
CAGE_TSS_36814	5	-	22752731	22752888	9.061459541	22752888	0	157	-157	157	-157	157
CAGE_TSS_36816	5	-	22759379	22759373	19.23740959	22759373	0	-6	6	-6	6	6
CAGE_TSS_36817	5	-	22763708	22763551	13.76760006	22763551	0	-157	157	-157	157	157
CAGE_TSS_36818	5	-	22764515	22764439	67.51206207	22764439	0	-76	76	-76	76	76
CAGE_TSS_36819	5	-	22772900	22772719	11.0580101	22772719	0	-181	181	-181	181	181
CAGE_TSS_36824	5	-	22822674	22822878	109.7674103	22822878	0	204	-204	204	-204	204
CAGE_TSS_36833	5	-	22896575	22896560	190.6644592	22896560	0	-15	15	-15	15	15
CAGE_TSS_36840	5	-	22952675	22952784	6.063680172	22952784	0	109	-109	109	-109	109
CAGE_TSS_36843	5	-	22962619	22962660	27.12945938	22962660	0	41	-41	41	-41	41
CAGE_TSS_36844	5	-	22966304	22966355	85.36768341	22966355	0	51	-51	51	-51	51
CAGE_TSS_36847	5	-	22988031	22987941	22.65560913	22987941	0	-90	90	-90	90	90
CAGE_TSS_36848	5	-	22991439	22991495	18.94189072	22991495	0	56	-56	56	-56	56
CAGE_TSS_36849	5	-	22993078	22993099	9.033619881	22993099	0	21	-21	21	-21	21
CAGE_TSS_36851	5	-	23016002	23016058	24.52046967	23016058	0	56	-56	56	-56	56
CAGE_TSS_36856	5	-	23057742	23057718	886.8184204	23057718	0	-24	24	-24	24	24
CAGE_TSS_36859	5	-	23065330	23065338	39.72052002	23065338	0	8	-8	8	-8	8
CAGE_TSS_36863	5	-	23085143	23085433	223.7308807	23085433	0	290	-290	290	-290	290
CAGE_TSS_36864	5	-	23097887	23097877	28.09246063	23097877	0	-10	10	-10	10	10
CAGE_TSS_36867	5	-	23108794	23108733	137.4402161	23108733	0	-61	61	-61	61	61
CAGE_TSS_36871	5	-	23117543	23117583	32.10474014	23117583	0	40	-40	40	-40	40
CAGE_TSS_36874	5	-	23124507	23124694	18.05120087	23124694	0	187	-187	187	-187	187
CAGE_TSS_36875	5	-	23127653	23127721	226.9968872	23127721	0	68	-68	68	-68	68
CAGE_TSS_36877	5	-	23153219	23153208	2.852129936	23153208	0	-11	11	-11	11	11
CAGE_TSS_36879	5	-	23163228	23163344	15.0929203	23163344	0	116	-116	116	-116	116
CAGE_TSS_36889	5	-	23211091	23211143	11.18173981	23211143	0	52	-52	52	-52	52
CAGE_TSS_36890	5	-	23226536	23226761	1243.533447	23226761	0	225	-225	225	-225	225
CAGE_TSS_36893	5	-	23230634	23230638	10.81361961	23230638	0	4	-4	4	-4	4
CAGE_TSS_36900	5	-	23267796	23268044	9.267589569	23268044	0	248	-248	248	-248	248
CAGE_TSS_36903	5	-	23281234	23281302	17.38389969	23281302	0	68	-68	68	-68	68
CAGE_TSS_36904	5	-	23285847	23286026	15.16094971	23286026	0	179	-179	179	-179	179
CAGE_TSS_36908	5	-	23306420	23306503	18.48695946	23306503	0	83	-83	83	-83	83
CAGE_TSS_36910	5	-	23308280	23308371	57.55115128	23308371	0	91	-91	91	-91	91
CAGE_TSS_36911	5	-	23314414	23314354	1284.810669	23314354	0	-60	60	-60	60	60
CAGE_TSS_36913	5	-	23318113	23318326	144.6964264	23318326	0	213	-213	213	-213	213
CAGE_TSS_36914	5	-	23322710	23322769	28.98782921	23322769	0	59	-59	59	-59	59
CAGE_TSS_36923	5	-	23397545	23397662	166.8206787	23397662	0	117	-117	117	-117	117
CAGE_TSS_36927	5	-	23406322	23406518	805.4545288	23406518	0	196	-196	196	-196	196
CAGE_TSS_36929	5	-	23409421	23409340	33.74819946	23409340	0	-81	81	-81	81	81
CAGE_TSS_36933	5	-	23431018	23431045	16.25682068	23431045	0	27	-27	27	-27	27
CAGE_TSS_36940	5	-	23452554	23452689	30.72162056	23452689	0	135	-135	135	-135	135
CAGE_TSS_36941	5	-	23466502	23466572	2135.867432	23466572	0	70	-70	70	-70	70
CAGE_TSS_36944	5	-	23474090	23474212	10.73213959	23474212	0	122	-122	122	-122	122
CAGE_TSS_36947	5	-	23488574	23488636	9.092200279	23488636	0	62	-62	62	-62	62
CAGE_TSS_36950	5	-	23501208	23501337	345.7498779	23501337	0	129	-129	129	-129	129
CAGE_TSS_36951	5	-	23507275	23507286	34.19726944	23507286	0	11	-11	11	-11	11
CAGE_TSS_36966	5	-	23582335	23582359	22.2312603	23582359	0	24	-24	24	-24	24
CAGE_TSS_36967	5	-	23584372	23584528	232.0010223	23584528	0	156	-156	156	-156	156
CAGE_TSS_36973	5	-	23623442	23623623	89.52822876	23623623	0	181	-181	181	-181	181
CAGE_TSS_36976	5	-	23642852	23642865	24.74543953	23642865	0	13	-13	13	-13	13
CAGE_TSS_36978	5	-	23654514	23654637	6.171740055	23654637	0	123	-123	123	-123	123
CAGE_TSS_36986	5	-	23685716	23685723	8.404399872	23685723	0	7	-7	7	-7	7
CAGE_TSS_36992	5	-	23723133	23723192	19.51749039	23723192	0	59	-59	59	-59	59
CAGE_TSS_36997	5	-	23733554	23733650	131.0488129	23733650	0	96	-96	96	-96	96
CAGE_TSS_37006	5	-	23773754	23773792	26.48417091	23773792	0	38	-38	38	-38	38
CAGE_TSS_37008	5	-	23785360	23785270	7758.46582	23785270	0	-90	90	-90	90	90
CAGE_TSS_37012	5	-	23796459	23796468	939.5963745	23796468	0	9	-9	9	-9	9
CAGE_TSS_37016	5	-	23803641	23803887	8.720000267	23803887	0	246	-246	246	-246	246
CAGE_TSS_37017	5	-	23811258	23811268	11.71183968	23811268	0	10	-10	10	-10	10
CAGE_TSS_37019	5	-	23823263	23823232	11.90202045	23823232	0	-31	31	-31	31	31
CAGE_TSS_37020	5	-	23830469	23830681	39.39733887	23830681	0	212	-212	212	-212	212
CAGE_TSS_37023	5	-	23834499	23834665	419.0153198	23834665	0	166	-166	166	-166	166
CAGE_TSS_37025	5	-	23842810	23842779	100.5671692	23842779	0	-31	31	-31	31	31
CAGE_TSS_37031	5	-	23875683	23875801	17.02890968	23875801	0	118	-118	118	-118	118
CAGE_TSS_37032	5	-	23893662	23893674	123.1996002	23893674	0	12	-12	12	-12	12
CAGE_TSS_37033	5	-	23896593	23896778	23.27415085	23896778	0	185	-185	185	-185	185
CAGE_TSS_37044	5	-	23934712	23934833	15.65215015	23934833	0	121	-121	121	-121	121
CAGE_TSS_37048	5	-	23965458	23965540	10.92294025	23965540	0	82	-82	82	-82	82
CAGE_TSS_37049	5	-	23978392	23978466	5.994040012	23978466	0	74	-74	74	-74	74
CAGE_TSS_37051	5	-	23981566	23981736	65.74272156	23981736	0	170	-170	170	-170	170
CAGE_TSS_37059	5	-	23997589	23997713	3269.536865	23997713	0	124	-124	124	-124	124
CAGE_TSS_37060	5	-	23999727	23999881	113.4496231	23999881	0	154	-154	154	-154	154
CAGE_TSS_37061	5	-	24001920	24001940	20.67568016	24001940	0	20	-20	20	-20	20
CAGE_TSS_37070	5	-	24055424	24055630	9.443169594	24055630	0	206	-206	206	-206	206
CAGE_TSS_37071	5	-	24066164	24066276	256.990448	24066276	0	112	-112	112	-112	112
CAGE_TSS_37072	5	-	24073034	24073153	1445.459229	24073153	0	119	-119	119	-119	119
CAGE_TSS_37074	5	-	24081129	24081171	40.74580002	24081171	0	42	-42	42	-42	42
CAGE_TSS_37078	5	-	24083430	24083691	31.19518089	24083691	0	261	-261	261	-261	261
CAGE_TSS_37080	5	-	24092124	24092068	5.171969891	24092068	0	-56	56	-56	56	56
CAGE_TSS_37084	5	-	24109250	24109423	48.70264816	24109423	0	173	-173	173	-173	173
CAGE_TSS_37089	5	-	24116212	24116014	5.599319935	24116014	0	-198	198	-198	198	198
CAGE_TSS_37094	5	-	24146726	24146665	6.700109959	24146665	0	-61	61	-61	61	61
CAGE_TSS_37096	5	-	24173009	24172952	13.86069965	24172952	0	-57	57	-57	57	57
CAGE_TSS_37097	5	-	24185585	24185645	6.47300005	24185645	0	60	-60	60	-60	60
CAGE_TSS_37101	5	-	24245066	24245161	18.83481026	24245161	0	95	-95	95	-95	95
CAGE_TSS_37104	5	-	24245793	24246041	61.4134903	24246041	0	248	-248	248	-248	248
CAGE_TSS_37105	5	-	24247752	24247850	203.019455	24247850	0	98	-98	98	-98	98
CAGE_TSS_37111	5	-	24275974	24275999	11.86161041	24275999	0	25	-25	25	-25	25
CAGE_TSS_37113	5	-	24291833	24292111	357.7814331	24292111	0	278	-278	278	-278	278
CAGE_TSS_37115	5	-	24312747	24312672	161.6581268	24312672	0	-75	75	-75	75	75
CAGE_TSS_37116	5	-	24317702	24317423	57.22422028	24317423	0	-279	279	-279	279	279
CAGE_TSS_37117	5	-	24317937	24317928	21.07538033	24317928	0	-9	9	-9	9	9
CAGE_TSS_37124	5	-	24370403	24370558	21.04536057	24370558	0	155	-155	155	-155	155
CAGE_TSS_37129	5	-	24374037	24374049	6.6332798	24374049	0	12	-12	12	-12	12
CAGE_TSS_37143	5	-	24455969	24456107	1349.122192	24456107	0	138	-138	138	-138	138
CAGE_TSS_37144	5	-	24462534	24462501	81.12937927	24462501	0	-33	33	-33	33	33
CAGE_TSS_37145	5	-	24474448	24474361	6.47300005	24474361	0	-87	87	-87	87	87
CAGE_TSS_37148	5	-	24489773	24489802	14.20499039	24489802	0	29	-29	29	-29	29
CAGE_TSS_37150	5	-	24506067	24506299	114.8806076	24506299	0	232	-232	232	-232	232
CAGE_TSS_37154	5	-	24514121	24514131	71.94914246	24514131	0	10	-10	10	-10	10
CAGE_TSS_37157	5	-	24530017	24530002	22.87175941	24530002	0	-15	15	-15	15	15
CAGE_TSS_37158	5	-	24537018	24537189	86.20422363	24537189	0	171	-171	171	-171	171
CAGE_TSS_37159	5	-	24549318	24549328	22.63002968	24549328	0	10	-10	10	-10	10
CAGE_TSS_37160	5	-	24552720	24552846	21.29884911	24552846	0	126	-126	126	-126	126
CAGE_TSS_37168	5	-	24570989	24571020	6.172629833	24571020	0	31	-31	31	-31	31
CAGE_TSS_37173	5	-	24589561	24589570	10.35416985	24589570	0	9	-9	9	-9	9
CAGE_TSS_37185	5	-	24640621	24640817	200.2465057	24640817	0	196	-196	196	-196	196
CAGE_TSS_37207	5	-	24685963	24686085	183.6421356	24686085	0	122	-122	122	-122	122
CAGE_TSS_37208	5	-	24687041	24687270	223.7825317	24687270	0	229	-229	229	-229	229
CAGE_TSS_37210	5	-	24691118	24691379	47.90518188	24691379	0	261	-261	261	-261	261
CAGE_TSS_37217	5	-	24736845	24736789	16.67093086	24736789	0	-56	56	-56	56	56
CAGE_TSS_37220	5	-	24738853	24738922	9.453209877	24738922	0	69	-69	69	-69	69
CAGE_TSS_37221	5	-	24741225	24741228	42.79211044	24741228	0	3	-3	3	-3	3
CAGE_TSS_37224	5	-	24765320	24765389	467.1102905	24765389	0	69	-69	69	-69	69
CAGE_TSS_37225	5	-	24767429	24767554	85.88388824	24767554	0	125	-125	125	-125	125
CAGE_TSS_37240	5	-	24833854	24834007	74.58482361	24834007	0	153	-153	153	-153	153
CAGE_TSS_37246	5	-	24836697	24836862	198.8335724	24836862	0	165	-165	165	-165	165
CAGE_TSS_37247	5	-	24841933	24842059	29.84830093	24842059	0	126	-126	126	-126	126
CAGE_TSS_37248	5	-	24859231	24859321	19.64777946	24859321	0	90	-90	90	-90	90
CAGE_TSS_37255	5	-	24884592	24884780	89.93876648	24884780	0	188	-188	188	-188	188
CAGE_TSS_37259	5	-	24932575	24932625	41.1866684	24932625	0	50	-50	50	-50	50
CAGE_TSS_37265	5	-	24953165	24953161	70.69232178	24953161	0	-4	4	-4	4	4
CAGE_TSS_37266	5	-	24955384	24955654	8.047160149	24955654	0	270	-270	270	-270	270
CAGE_TSS_37268	5	-	24975545	24975833	215.7801056	24975833	0	288	-288	288	-288	288
CAGE_TSS_37269	5	-	24979675	24979749	5.298659801	24979749	0	74	-74	74	-74	74
CAGE_TSS_37274	5	-	24983972	24984054	15.66438961	24984054	0	82	-82	82	-82	82
CAGE_TSS_37275	5	-	24985709	24985931	10.8724699	24985931	0	222	-222	222	-222	222
CAGE_TSS_37276	5	-	24987488	24987435	5.226099968	24987435	0	-53	53	-53	53	53
CAGE_TSS_37278	5	-	24990151	24990285	319.2503052	24990285	0	134	-134	134	-134	134
CAGE_TSS_37282	5	-	25038114	25038329	1832.386475	25038329	0	215	-215	215	-215	215
CAGE_TSS_37287	5	-	25054213	25054413	83.95906067	25054413	0	200	-200	200	-200	200
CAGE_TSS_37290	5	-	25070176	25070429	14.53909969	25070429	0	253	-253	253	-253	253
CAGE_TSS_37291	5	-	25070933	25070907	27.65568924	25070907	0	-26	26	-26	26	26
CAGE_TSS_37294	5	-	25080987	25081120	56.32009125	25081120	0	133	-133	133	-133	133
CAGE_TSS_37300	5	-	25134684	25134744	32.84851074	25134744	0	60	-60	60	-60	60
CAGE_TSS_37301	5	-	25146419	25146397	23.05758095	25146397	0	-22	22	-22	22	22
CAGE_TSS_37306	5	-	25167942	25168103	6.798709869	25168103	0	161	-161	161	-161	161
CAGE_TSS_37308	5	-	25209507	25209257	5.439579964	25209257	0	-250	250	-250	250	250
CAGE_TSS_37315	5	-	25234662	25234554	55.1428299	25234554	0	-108	108	-108	108	108
CAGE_TSS_37317	5	-	25254211	25254236	23.86018944	25254236	0	25	-25	25	-25	25
CAGE_TSS_37320	5	-	25263820	25264089	7.706180096	25264089	0	269	-269	269	-269	269
CAGE_TSS_37323	5	-	25291532	25291617	163.1583252	25291617	0	85	-85	85	-85	85
CAGE_TSS_37324	5	-	25296871	25296875	93.87149811	25296875	0	4	-4	4	-4	4
CAGE_TSS_37326	5	-	25302460	25302436	5.337880135	25302436	0	-24	24	-24	24	24
CAGE_TSS_37330	5	-	25322170	25322278	184.3547974	25322278	0	108	-108	108	-108	108
CAGE_TSS_37333	5	-	25335482	25335533	11.42263985	25335533	0	51	-51	51	-51	51
CAGE_TSS_37336	5	-	25343118	25343167	36.98392105	25343167	0	49	-49	49	-49	49
CAGE_TSS_37344	5	-	25373854	25374028	31.58251953	25374028	0	174	-174	174	-174	174
CAGE_TSS_37346	5	-	25381182	25381370	28.86862946	25381370	0	188	-188	188	-188	188
CAGE_TSS_37349	5	-	25387219	25387308	42.58137131	25387308	0	89	-89	89	-89	89
CAGE_TSS_37350	5	-	25390062	25390344	53.42102814	25390344	0	282	-282	282	-282	282
CAGE_TSS_37353	5	-	25394835	25395018	6.481619835	25395018	0	183	-183	183	-183	183
CAGE_TSS_37354	5	-	25398152	25398389	163.7800446	25398389	0	237	-237	237	-237	237
CAGE_TSS_37355	5	-	25410570	25410577	50.25886154	25410577	0	7	-7	7	-7	7
CAGE_TSS_37358	5	-	25417099	25417019	16.92873001	25417019	0	-80	80	-80	80	80
CAGE_TSS_37360	5	-	25422369	25422649	173.6787872	25422649	0	280	-280	280	-280	280
CAGE_TSS_37369	5	-	25465870	25465872	45.73720932	25465872	0	2	-2	2	-2	2
CAGE_TSS_37370	5	-	25468352	25468360	34.13156891	25468360	0	8	-8	8	-8	8
CAGE_TSS_37375	5	-	25497721	25497919	38.26654816	25497919	0	198	-198	198	-198	198
CAGE_TSS_37379	5	-	25527988	25528128	25.37099075	25528128	0	140	-140	140	-140	140
CAGE_TSS_37380	5	-	25529437	25529459	9.879119873	25529459	0	22	-22	22	-22	22
CAGE_TSS_37382	5	-	25530496	25530631	572.7919922	25530631	0	135	-135	135	-135	135
CAGE_TSS_37383	5	-	25544845	25544832	28.82220078	25544832	0	-13	13	-13	13	13
CAGE_TSS_37389	5	-	25558725	25558732	241.1673431	25558732	0	7	-7	7	-7	7
CAGE_TSS_37390	5	-	25560826	25560807	18.32785988	25560807	0	-19	19	-19	19	19
CAGE_TSS_37393	5	-	25571585	25571595	70.38970184	25571595	0	10	-10	10	-10	10
CAGE_TSS_37398	5	-	25609155	25609306	15.94556046	25609306	0	151	-151	151	-151	151
CAGE_TSS_37401	5	-	25622557	25622651	5.546229839	25622651	0	94	-94	94	-94	94
CAGE_TSS_37404	5	-	25633127	25633287	16.29018974	25633287	0	160	-160	160	-160	160
CAGE_TSS_37406	5	-	25644448	25644549	28.43016052	25644549	0	101	-101	101	-101	101
CAGE_TSS_37411	5	-	25661001	25661007	46.30989075	25661007	0	6	-6	6	-6	6
CAGE_TSS_37416	5	-	25666190	25666320	99.19438171	25666320	0	130	-130	130	-130	130
CAGE_TSS_37428	5	-	25716761	25716694	15.91024017	25716694	0	-67	67	-67	67	67
CAGE_TSS_37430	5	-	25733314	25733271	46.11626816	25733271	0	-43	43	-43	43	43
CAGE_TSS_37435	5	-	25736033	25735912	6.326200008	25735912	0	-121	121	-121	121	121
CAGE_TSS_37440	5	-	25764153	25764341	115.8359375	25764341	0	188	-188	188	-188	188
CAGE_TSS_37446	5	-	25775558	25775758	12.50543022	25775758	0	200	-200	200	-200	200
CAGE_TSS_37449	5	-	25803937	25804103	9.406869888	25804103	0	166	-166	166	-166	166
CAGE_TSS_37450	5	-	25805021	25805140	378.2523804	25805140	0	119	-119	119	-119	119
CAGE_TSS_37469	5	-	25896578	25896710	41.50791168	25896710	0	132	-132	132	-132	132
CAGE_TSS_37471	5	-	25898123	25898097	235.7697144	25898097	0	-26	26	-26	26	26
CAGE_TSS_37472	5	-	25902063	25902171	9.033619881	25902171	0	108	-108	108	-108	108
CAGE_TSS_37485	5	-	25945411	25945256	7.662529945	25945256	0	-155	155	-155	155	155
CAGE_TSS_37496	5	-	26012666	26012639	398.120575	26012639	0	-27	27	-27	27	27
CAGE_TSS_37498	5	-	26022221	26022380	22.65560913	26022380	0	159	-159	159	-159	159
CAGE_TSS_37499	5	-	26032011	26031814	8.758540154	26031814	0	-197	197	-197	197	197
CAGE_TSS_37502	5	-	26052033	26051970	7.706180096	26051970	0	-63	63	-63	63	63
CAGE_TSS_37503	5	-	26052643	26052511	9.033619881	26052511	0	-132	132	-132	132	132
CAGE_TSS_37506	5	-	26078250	26078022	19.91929054	26078022	0	-228	228	-228	228	228
CAGE_TSS_37513	5	-	26088118	26087845	11.6283102	26087845	0	-273	273	-273	273	273
CAGE_TSS_37514	5	-	26095776	26095860	273.2962646	26095860	0	84	-84	84	-84	84
CAGE_TSS_37517	5	-	26104613	26104652	54.39107132	26104652	0	39	-39	39	-39	39
CAGE_TSS_37523	5	-	26126438	26126395	6.95472002	26126395	0	-43	43	-43	43	43
CAGE_TSS_37531	5	-	26150320	26150568	68.73779297	26150568	0	248	-248	248	-248	248
CAGE_TSS_37540	5	-	26213149	26213031	11.43723965	26213031	0	-118	118	-118	118	118
CAGE_TSS_37546	5	-	26228448	26228415	62.51668167	26228415	0	-33	33	-33	33	33
CAGE_TSS_37549	5	-	26246374	26246195	13.8740797	26246195	0	-179	179	-179	179	179
CAGE_TSS_37550	5	-	26272922	26272835	9.09471035	26272835	0	-87	87	-87	87	87
CAGE_TSS_37551	5	-	26275907	26276001	15.65215015	26276001	0	94	-94	94	-94	94
CAGE_TSS_37553	5	-	26294164	26294448	11.17749023	26294448	0	284	-284	284	-284	284
CAGE_TSS_37558	5	-	26341806	26341963	22.99522018	26341963	0	157	-157	157	-157	157
CAGE_TSS_37560	5	-	26343303	26343252	18.46202087	26343252	0	-51	51	-51	51	51
CAGE_TSS_37565	5	-	26363399	26363619	1720.785278	26363619	0	220	-220	220	-220	220
CAGE_TSS_37566	5	-	26365950	26366050	72.26316833	26366050	0	100	-100	100	-100	100
CAGE_TSS_37571	5	-	26379231	26379202	13.02412033	26379202	0	-29	29	-29	29	29
CAGE_TSS_37573	5	-	26390643	26390791	205.7705841	26390791	0	148	-148	148	-148	148
CAGE_TSS_37581	5	-	26411715	26411922	57.86579132	26411922	0	207	-207	207	-207	207
CAGE_TSS_37582	5	-	26414503	26414491	57.16001129	26414491	0	-12	12	-12	12	12
CAGE_TSS_37585	5	-	26425393	26425448	81.95162201	26425448	0	55	-55	55	-55	55
CAGE_TSS_37586	5	-	26433751	26433856	5.511909962	26433856	0	105	-105	105	-105	105
CAGE_TSS_37596	5	-	26453038	26453223	31.90604019	26453223	0	185	-185	185	-185	185
CAGE_TSS_37599	5	-	26459442	26459209	8.552780151	26459209	0	-233	233	-233	233	233
CAGE_TSS_37600	5	-	26475748	26475764	6.313419819	26475764	0	16	-16	16	-16	16
CAGE_TSS_37601	5	-	26479539	26479630	6.710179806	26479630	0	91	-91	91	-91	91
CAGE_TSS_37605	5	-	26497848	26497716	61.58539963	26497716	0	-132	132	-132	132	132
CAGE_TSS_37606	5	-	26501910	26502017	65.79669189	26502017	0	107	-107	107	-107	107
CAGE_TSS_37617	5	-	26525080	26525118	35.1608696	26525118	0	38	-38	38	-38	38
CAGE_TSS_37625	5	-	26546984	26547166	11.61026955	26547166	0	182	-182	182	-182	182
CAGE_TSS_37626	5	-	26547761	26547941	49.05706024	26547941	0	180	-180	180	-180	180
CAGE_TSS_37634	5	-	26566769	26566944	7.427969933	26566944	0	175	-175	175	-175	175
CAGE_TSS_37640	5	-	26583807	26583841	6.559510231	26583841	0	34	-34	34	-34	34
CAGE_TSS_37641	5	-	26604372	26604476	42.21926117	26604476	0	104	-104	104	-104	104
CAGE_TSS_37644	5	-	26616922	26617167	182.6956329	26617167	0	245	-245	245	-245	245
CAGE_TSS_37649	5	-	26644399	26644354	14.14035034	26644354	0	-45	45	-45	45	45
CAGE_TSS_37650	5	-	26699337	26699444	32.25830078	26699444	0	107	-107	107	-107	107
CAGE_TSS_37653	5	-	26717953	26718003	20.04412079	26718003	0	50	-50	50	-50	50
CAGE_TSS_37665	5	-	26757189	26757308	76.50031281	26757308	0	119	-119	119	-119	119
CAGE_TSS_37667	5	-	26768646	26768808	103.4921799	26768808	0	162	-162	162	-162	162
CAGE_TSS_37668	5	-	26786384	26786548	1434.424927	26786548	0	164	-164	164	-164	164
CAGE_TSS_37671	5	-	26799027	26799154	248.0784302	26799154	0	127	-127	127	-127	127
CAGE_TSS_37672	5	-	26804024	26804282	64.05536652	26804282	0	258	-258	258	-258	258
CAGE_TSS_37674	5	-	26809771	26809764	80.46484375	26809764	0	-7	7	-7	7	7
CAGE_TSS_37676	5	-	26816591	26816694	34.01974106	26816694	0	103	-103	103	-103	103
CAGE_TSS_37685	5	-	26842073	26842213	9.673689842	26842213	0	140	-140	140	-140	140
CAGE_TSS_37686	5	-	26845189	26845226	91.70982361	26845226	0	37	-37	37	-37	37
CAGE_TSS_37691	5	-	26869604	26869731	208.6930847	26869731	0	127	-127	127	-127	127
CAGE_TSS_37694	5	-	26874493	26874584	82.10559082	26874584	0	91	-91	91	-91	91
CAGE_TSS_37698	5	-	26879538	26879837	355.5113525	26879837	0	299	-299	299	-299	299
CAGE_TSS_37701	5	-	26888705	26888761	641.6696167	26888761	0	56	-56	56	-56	56
CAGE_TSS_37704	5	-	26897967	26898118	9.648690224	26898118	0	151	-151	151	-151	151
CAGE_TSS_37705	5	-	26904971	26904965	15.99860001	26904965	0	-6	6	-6	6	6
CAGE_TSS_37706	5	-	26905589	26905451	47.37781906	26905451	0	-138	138	-138	138	138
CAGE_TSS_37709	5	-	26916059	26916283	159.7874756	26916283	0	224	-224	224	-224	224
CAGE_TSS_37712	5	-	26923319	26923415	17.62702942	26923415	0	96	-96	96	-96	96
CAGE_TSS_37714	5	-	26933204	26933149	87.43083191	26933149	0	-55	55	-55	55	55
CAGE_TSS_37722	5	-	26963641	26963768	5.877840042	26963768	0	127	-127	127	-127	127
