set	gc_fraction
positive	0.2900390625
positive	0.2919921875
positive	0.2783203125
positive	0.2724609375
positive	0.271484375
positive	0.357421875
positive	0.2919921875
positive	0.28515625
positive	0.341796875
positive	0.34765625
positive	0.3251953125
positive	0.33203125
positive	0.3154296875
positive	0.30078125
positive	0.2802734375
positive	0.30078125
positive	0.310546875
positive	0.3115234375
positive	0.3544921875
positive	0.3232421875
positive	0.3125
positive	0.33984375
positive	0.3203125
positive	0.3193359375
positive	0.34765625
positive	0.3017578125
positive	0.3095703125
positive	0.2646484375
positive	0.318359375
positive	0.2802734375
positive	0.3408203125
positive	0.37890625
positive	0.302734375
positive	0.232421875
positive	0.3369140625
positive	0.302734375
positive	0.4599609375
positive	0.376953125
positive	0.349609375
positive	0.3095703125
positive	0.3203125
positive	0.333984375
positive	0.2607421875
positive	0.2568359375
positive	0.24609375
positive	0.3369140625
positive	0.31640625
positive	0.3125
positive	0.3662109375
positive	0.3046875
positive	0.2822265625
positive	0.3232421875
positive	0.3349609375
positive	0.3271484375
positive	0.3134765625
positive	0.2783203125
positive	0.3037109375
positive	0.2412109375
positive	0.3125
positive	0.2958984375
positive	0.2841796875
positive	0.2841796875
positive	0.3359375
positive	0.345703125
positive	0.29296875
positive	0.259765625
positive	0.2890625
positive	0.2744140625
positive	0.2841796875
positive	0.3095703125
positive	0.3056640625
positive	0.330078125
positive	0.306640625
positive	0.2763671875
positive	0.330078125
positive	0.2197265625
positive	0.3203125
positive	0.318359375
positive	0.2607421875
positive	0.330078125
positive	0.2490234375
positive	0.2685546875
positive	0.2109375
positive	0.30859375
positive	0.279296875
positive	0.29296875
positive	0.294921875
positive	0.302734375
positive	0.255859375
positive	0.3310546875
positive	0.25390625
positive	0.267578125
positive	0.2529296875
positive	0.2880859375
positive	0.3671875
positive	0.2734375
positive	0.28125
positive	0.3984375
positive	0.2734375
positive	0.26953125
positive	0.26171875
positive	0.353515625
positive	0.361328125
positive	0.2666015625
positive	0.259765625
positive	0.28515625
positive	0.318359375
positive	0.306640625
positive	0.3564453125
positive	0.3408203125
positive	0.2890625
positive	0.2900390625
positive	0.2880859375
positive	0.3310546875
positive	0.3193359375
positive	0.2880859375
positive	0.283203125
positive	0.2822265625
positive	0.271484375
positive	0.2861328125
positive	0.32421875
positive	0.306640625
positive	0.296875
positive	0.2919921875
positive	0.275390625
positive	0.314453125
positive	0.2666015625
positive	0.27734375
positive	0.25390625
positive	0.2734375
positive	0.2998046875
positive	0.2666015625
positive	0.2685546875
positive	0.294921875
positive	0.2890625
positive	0.2900390625
positive	0.2724609375
positive	0.2529296875
positive	0.3525390625
positive	0.2880859375
positive	0.302734375
positive	0.2958984375
positive	0.3662109375
positive	0.3330078125
positive	0.2900390625
positive	0.337890625
positive	0.2158203125
positive	0.3798828125
positive	0.3544921875
positive	0.3125
positive	0.306640625
positive	0.3330078125
positive	0.2763671875
positive	0.33984375
positive	0.2978515625
positive	0.2958984375
positive	0.326171875
positive	0.2958984375
positive	0.2919921875
positive	0.3828125
positive	0.28515625
positive	0.3046875
positive	0.3076171875
positive	0.3466796875
positive	0.33984375
positive	0.2890625
positive	0.25390625
positive	0.2578125
positive	0.3076171875
positive	0.328125
positive	0.34765625
positive	0.2548828125
positive	0.3447265625
positive	0.27734375
positive	0.28515625
positive	0.3525390625
positive	0.228515625
positive	0.361328125
positive	0.29296875
positive	0.3115234375
positive	0.265625
positive	0.2763671875
positive	0.30859375
positive	0.283203125
positive	0.2705078125
positive	0.2890625
positive	0.3046875
positive	0.3115234375
positive	0.29296875
positive	0.302734375
positive	0.3701171875
positive	0.3564453125
positive	0.326171875
positive	0.2919921875
positive	0.3037109375
positive	0.3046875
positive	0.302734375
positive	0.34765625
positive	0.322265625
positive	0.3427734375
positive	0.345703125
positive	0.3662109375
positive	0.2255859375
positive	0.306640625
positive	0.3876953125
positive	0.251953125
positive	0.314453125
positive	0.298828125
positive	0.29296875
positive	0.3076171875
positive	0.3291015625
positive	0.3017578125
positive	0.3134765625
positive	0.35546875
positive	0.294921875
positive	0.3056640625
positive	0.283203125
positive	0.3515625
positive	0.3193359375
positive	0.33203125
positive	0.3037109375
positive	0.3212890625
positive	0.3515625
positive	0.34765625
positive	0.3251953125
positive	0.3291015625
positive	0.322265625
positive	0.3291015625
positive	0.3564453125
positive	0.3408203125
positive	0.3427734375
positive	0.3212890625
positive	0.2958984375
positive	0.384765625
positive	0.388671875
positive	0.330078125
positive	0.3359375
positive	0.3125
positive	0.3154296875
positive	0.3203125
positive	0.3544921875
positive	0.279296875
positive	0.3212890625
positive	0.3037109375
positive	0.2900390625
positive	0.3056640625
positive	0.3564453125
positive	0.302734375
positive	0.3603515625
positive	0.3125
positive	0.291015625
positive	0.298828125
positive	0.314453125
positive	0.28125
positive	0.30078125
positive	0.3427734375
positive	0.26171875
positive	0.3115234375
positive	0.2744140625
positive	0.3447265625
positive	0.296875
positive	0.2861328125
positive	0.32421875
positive	0.322265625
positive	0.2880859375
positive	0.310546875
positive	0.3671875
positive	0.3505859375
positive	0.333984375
positive	0.310546875
positive	0.3173828125
positive	0.31640625
positive	0.2607421875
positive	0.310546875
positive	0.296875
positive	0.302734375
positive	0.3134765625
positive	0.3505859375
positive	0.2978515625
positive	0.265625
positive	0.3330078125
positive	0.3505859375
positive	0.3251953125
positive	0.337890625
positive	0.3583984375
positive	0.2998046875
positive	0.267578125
positive	0.330078125
positive	0.287109375
positive	0.345703125
positive	0.310546875
positive	0.2900390625
positive	0.310546875
positive	0.3212890625
positive	0.3125
positive	0.3154296875
positive	0.3046875
positive	0.341796875
positive	0.302734375
positive	0.318359375
positive	0.365234375
positive	0.3095703125
positive	0.3212890625
positive	0.3154296875
positive	0.29296875
positive	0.29296875
positive	0.3125
positive	0.30078125
positive	0.32421875
positive	0.228515625
positive	0.28515625
positive	0.3466796875
positive	0.33984375
positive	0.333984375
positive	0.384765625
positive	0.3642578125
positive	0.2138671875
positive	0.3369140625
positive	0.2587890625
positive	0.212890625
positive	0.2998046875
positive	0.3095703125
positive	0.3388671875
positive	0.31640625
positive	0.3642578125
positive	0.30859375
positive	0.3212890625
positive	0.2861328125
positive	0.291015625
positive	0.3056640625
positive	0.2978515625
positive	0.2998046875
positive	0.30078125
positive	0.2861328125
positive	0.31640625
positive	0.287109375
positive	0.3310546875
positive	0.322265625
positive	0.271484375
positive	0.322265625
positive	0.3359375
positive	0.298828125
positive	0.283203125
positive	0.2841796875
positive	0.197265625
positive	0.3134765625
positive	0.2783203125
positive	0.236328125
positive	0.32421875
positive	0.2919921875
positive	0.2880859375
positive	0.283203125
positive	0.2197265625
positive	0.3544921875
positive	0.3310546875
positive	0.294921875
positive	0.2783203125
positive	0.2470703125
positive	0.2705078125
positive	0.310546875
positive	0.3408203125
positive	0.294921875
positive	0.244140625
positive	0.3505859375
positive	0.373046875
positive	0.30859375
positive	0.279296875
positive	0.271484375
positive	0.26171875
positive	0.3291015625
positive	0.3046875
positive	0.2734375
positive	0.314453125
positive	0.2890625
positive	0.2470703125
positive	0.2705078125
positive	0.25
positive	0.26953125
positive	0.2822265625
positive	0.2802734375
positive	0.294921875
positive	0.2841796875
positive	0.357421875
positive	0.2890625
positive	0.296875
positive	0.28125
positive	0.3447265625
positive	0.2861328125
positive	0.3232421875
positive	0.3154296875
positive	0.3095703125
positive	0.3076171875
positive	0.3486328125
positive	0.28515625
positive	0.265625
positive	0.3037109375
positive	0.2998046875
positive	0.2724609375
positive	0.2978515625
positive	0.2890625
positive	0.275390625
positive	0.30078125
positive	0.310546875
positive	0.33203125
positive	0.2978515625
positive	0.2646484375
positive	0.28125
positive	0.2822265625
positive	0.30078125
positive	0.2900390625
positive	0.294921875
positive	0.2705078125
positive	0.31640625
positive	0.3017578125
positive	0.275390625
positive	0.3369140625
positive	0.3046875
positive	0.2802734375
positive	0.2841796875
positive	0.33203125
positive	0.2783203125
positive	0.34375
positive	0.3046875
positive	0.291015625
positive	0.2841796875
positive	0.318359375
positive	0.32421875
positive	0.287109375
positive	0.3046875
positive	0.3828125
positive	0.3466796875
positive	0.2939453125
positive	0.3427734375
positive	0.3193359375
positive	0.275390625
positive	0.2958984375
positive	0.3115234375
positive	0.298828125
positive	0.36328125
positive	0.29296875
positive	0.2470703125
positive	0.2744140625
positive	0.263671875
positive	0.2919921875
positive	0.306640625
positive	0.3134765625
positive	0.3359375
positive	0.2802734375
positive	0.3212890625
positive	0.3291015625
positive	0.2841796875
positive	0.291015625
positive	0.34375
positive	0.28515625
positive	0.28515625
positive	0.3193359375
positive	0.30859375
positive	0.29296875
positive	0.314453125
positive	0.3623046875
positive	0.2744140625
positive	0.33203125
positive	0.333984375
positive	0.3330078125
positive	0.3349609375
positive	0.28515625
positive	0.3076171875
positive	0.3046875
positive	0.310546875
positive	0.314453125
positive	0.2822265625
positive	0.2998046875
positive	0.2880859375
positive	0.2939453125
positive	0.2998046875
positive	0.3125
positive	0.2734375
positive	0.2568359375
positive	0.29296875
positive	0.2890625
positive	0.2939453125
positive	0.3173828125
positive	0.2978515625
positive	0.30078125
positive	0.27734375
positive	0.2822265625
positive	0.3486328125
positive	0.3232421875
positive	0.2763671875
positive	0.3095703125
positive	0.287109375
positive	0.2724609375
positive	0.2587890625
positive	0.2490234375
positive	0.298828125
positive	0.2998046875
positive	0.2998046875
positive	0.3134765625
positive	0.30859375
positive	0.318359375
positive	0.2958984375
positive	0.2900390625
positive	0.2919921875
positive	0.31640625
positive	0.205078125
positive	0.2822265625
positive	0.3232421875
positive	0.302734375
positive	0.2607421875
positive	0.314453125
positive	0.2548828125
positive	0.279296875
positive	0.2998046875
positive	0.3212890625
positive	0.3193359375
positive	0.271484375
positive	0.2529296875
positive	0.287109375
positive	0.3046875
positive	0.3115234375
positive	0.27734375
positive	0.232421875
positive	0.2978515625
positive	0.3232421875
positive	0.357421875
positive	0.3486328125
positive	0.31640625
positive	0.3037109375
positive	0.314453125
positive	0.296875
positive	0.310546875
positive	0.29296875
positive	0.283203125
positive	0.3046875
positive	0.3203125
positive	0.3154296875
positive	0.310546875
positive	0.2861328125
positive	0.2939453125
positive	0.291015625
positive	0.2880859375
positive	0.3046875
positive	0.3134765625
positive	0.2841796875
positive	0.26953125
positive	0.283203125
positive	0.2783203125
positive	0.298828125
positive	0.330078125
positive	0.298828125
positive	0.2958984375
positive	0.2236328125
positive	0.271484375
positive	0.32421875
positive	0.28515625
positive	0.31640625
positive	0.30078125
positive	0.3076171875
positive	0.298828125
positive	0.2783203125
positive	0.3330078125
positive	0.322265625
positive	0.2802734375
positive	0.3310546875
positive	0.330078125
positive	0.283203125
positive	0.3330078125
positive	0.361328125
positive	0.369140625
positive	0.3115234375
positive	0.328125
positive	0.2783203125
positive	0.330078125
positive	0.314453125
positive	0.306640625
positive	0.2607421875
positive	0.3154296875
positive	0.2783203125
positive	0.3310546875
positive	0.3076171875
positive	0.318359375
positive	0.3291015625
positive	0.33984375
positive	0.3037109375
positive	0.3486328125
positive	0.31640625
positive	0.30859375
positive	0.30078125
positive	0.3271484375
positive	0.43359375
positive	0.33203125
positive	0.267578125
positive	0.302734375
positive	0.25
positive	0.3232421875
positive	0.3232421875
positive	0.3642578125
positive	0.2900390625
positive	0.30078125
positive	0.2861328125
positive	0.287109375
positive	0.306640625
positive	0.3173828125
positive	0.294921875
positive	0.298828125
positive	0.302734375
positive	0.33203125
positive	0.34765625
positive	0.3037109375
positive	0.3095703125
positive	0.232421875
positive	0.3251953125
positive	0.3115234375
positive	0.2548828125
positive	0.3154296875
positive	0.2158203125
positive	0.3603515625
positive	0.4052734375
positive	0.322265625
positive	0.33203125
positive	0.384765625
positive	0.2783203125
positive	0.2529296875
positive	0.296875
positive	0.298828125
positive	0.310546875
positive	0.328125
positive	0.2958984375
positive	0.2177734375
positive	0.333984375
positive	0.3251953125
positive	0.2880859375
positive	0.2958984375
positive	0.302734375
positive	0.3173828125
positive	0.283203125
positive	0.3291015625
positive	0.33203125
positive	0.333984375
positive	0.388671875
positive	0.3046875
positive	0.30078125
positive	0.330078125
positive	0.3505859375
positive	0.294921875
positive	0.32421875
positive	0.3095703125
positive	0.296875
positive	0.30859375
positive	0.3837890625
positive	0.3271484375
positive	0.3056640625
positive	0.2734375
positive	0.2724609375
positive	0.3095703125
positive	0.33984375
positive	0.3291015625
positive	0.34765625
positive	0.2783203125
positive	0.2763671875
positive	0.212890625
positive	0.279296875
positive	0.2744140625
positive	0.30859375
positive	0.400390625
positive	0.337890625
positive	0.2763671875
positive	0.283203125
positive	0.28515625
positive	0.314453125
positive	0.3076171875
positive	0.2861328125
positive	0.2705078125
positive	0.30859375
positive	0.2958984375
positive	0.2685546875
positive	0.2998046875
positive	0.2783203125
positive	0.205078125
positive	0.3017578125
positive	0.27734375
positive	0.2890625
positive	0.3046875
positive	0.2890625
positive	0.2861328125
positive	0.267578125
positive	0.2763671875
positive	0.26953125
positive	0.2685546875
positive	0.3291015625
positive	0.2880859375
positive	0.291015625
positive	0.310546875
positive	0.353515625
positive	0.369140625
positive	0.296875
positive	0.2734375
positive	0.310546875
positive	0.3125
positive	0.3115234375
positive	0.31640625
positive	0.2978515625
positive	0.2919921875
positive	0.228515625
positive	0.3056640625
positive	0.30078125
positive	0.3466796875
positive	0.263671875
positive	0.3779296875
positive	0.345703125
positive	0.3349609375
positive	0.2900390625
positive	0.3037109375
positive	0.29296875
positive	0.3173828125
positive	0.3046875
positive	0.2861328125
positive	0.3427734375
positive	0.2841796875
positive	0.2578125
positive	0.265625
positive	0.322265625
positive	0.310546875
positive	0.33203125
positive	0.27734375
positive	0.287109375
positive	0.279296875
positive	0.3037109375
positive	0.3232421875
positive	0.3330078125
positive	0.3203125
positive	0.328125
positive	0.2197265625
positive	0.3349609375
positive	0.326171875
positive	0.3310546875
positive	0.326171875
positive	0.3203125
positive	0.3125
positive	0.30859375
positive	0.29296875
positive	0.349609375
positive	0.30859375
positive	0.2958984375
positive	0.2900390625
positive	0.2744140625
positive	0.28515625
positive	0.318359375
positive	0.353515625
positive	0.30859375
positive	0.283203125
positive	0.2890625
positive	0.2880859375
positive	0.3134765625
positive	0.30078125
positive	0.3583984375
positive	0.322265625
positive	0.341796875
positive	0.314453125
positive	0.2841796875
positive	0.2587890625
positive	0.2578125
positive	0.298828125
positive	0.3310546875
positive	0.2861328125
positive	0.3037109375
positive	0.3125
positive	0.3466796875
positive	0.337890625
positive	0.306640625
positive	0.3291015625
positive	0.2333984375
positive	0.302734375
positive	0.2880859375
positive	0.267578125
positive	0.3212890625
positive	0.30859375
positive	0.3720703125
positive	0.3388671875
positive	0.263671875
positive	0.26953125
positive	0.29296875
positive	0.3076171875
positive	0.2509765625
positive	0.3056640625
positive	0.302734375
positive	0.263671875
positive	0.28515625
positive	0.2900390625
positive	0.2470703125
positive	0.294921875
positive	0.31640625
positive	0.28125
positive	0.3974609375
positive	0.27734375
positive	0.240234375
positive	0.2412109375
positive	0.314453125
positive	0.328125
positive	0.3193359375
positive	0.3056640625
positive	0.294921875
positive	0.28515625
positive	0.3349609375
positive	0.34765625
positive	0.287109375
positive	0.369140625
positive	0.3095703125
positive	0.2958984375
positive	0.271484375
positive	0.3056640625
positive	0.3037109375
positive	0.2958984375
positive	0.2861328125
positive	0.302734375
positive	0.3115234375
positive	0.302734375
positive	0.2666015625
positive	0.32421875
positive	0.3046875
positive	0.3203125
positive	0.306640625
positive	0.2587890625
positive	0.2568359375
positive	0.294921875
positive	0.3447265625
positive	0.2626953125
positive	0.2578125
positive	0.2431640625
positive	0.30859375
positive	0.2705078125
positive	0.283203125
positive	0.23046875
positive	0.3095703125
positive	0.3095703125
positive	0.2763671875
positive	0.3486328125
positive	0.3212890625
positive	0.3125
positive	0.3251953125
positive	0.3095703125
positive	0.32421875
positive	0.287109375
positive	0.2998046875
positive	0.2197265625
positive	0.28515625
positive	0.3203125
positive	0.3046875
positive	0.3095703125
positive	0.30859375
positive	0.3330078125
positive	0.3046875
positive	0.2900390625
positive	0.2734375
positive	0.287109375
positive	0.296875
positive	0.296875
positive	0.345703125
positive	0.32421875
positive	0.2666015625
positive	0.2802734375
positive	0.318359375
positive	0.279296875
positive	0.2744140625
positive	0.2529296875
positive	0.216796875
positive	0.330078125
positive	0.306640625
positive	0.322265625
positive	0.2138671875
positive	0.2666015625
positive	0.3173828125
positive	0.259765625
positive	0.28515625
positive	0.2421875
positive	0.2724609375
positive	0.2861328125
positive	0.3193359375
positive	0.361328125
positive	0.263671875
positive	0.3828125
positive	0.390625
positive	0.3427734375
positive	0.3134765625
positive	0.2724609375
positive	0.3115234375
positive	0.283203125
positive	0.2861328125
positive	0.28125
positive	0.2578125
positive	0.3046875
positive	0.28125
positive	0.279296875
positive	0.28125
positive	0.2900390625
positive	0.310546875
positive	0.408203125
positive	0.3583984375
positive	0.3037109375
positive	0.3291015625
positive	0.2421875
positive	0.2998046875
positive	0.314453125
positive	0.287109375
positive	0.2744140625
positive	0.2919921875
positive	0.33984375
positive	0.3037109375
positive	0.263671875
positive	0.3125
positive	0.3037109375
positive	0.3037109375
positive	0.2822265625
positive	0.265625
positive	0.326171875
positive	0.31640625
positive	0.2421875
positive	0.306640625
positive	0.3310546875
positive	0.3291015625
positive	0.3271484375
positive	0.2666015625
positive	0.1953125
positive	0.2998046875
positive	0.30078125
positive	0.3076171875
positive	0.3427734375
positive	0.3486328125
positive	0.32421875
positive	0.3583984375
positive	0.2763671875
positive	0.33203125
positive	0.3017578125
positive	0.2666015625
positive	0.328125
positive	0.3544921875
positive	0.3037109375
positive	0.298828125
positive	0.30078125
positive	0.3037109375
positive	0.294921875
positive	0.31640625
positive	0.326171875
positive	0.291015625
positive	0.283203125
positive	0.248046875
positive	0.23828125
positive	0.287109375
positive	0.3115234375
positive	0.3193359375
positive	0.2734375
positive	0.248046875
positive	0.2392578125
positive	0.24609375
positive	0.2822265625
positive	0.2109375
positive	0.2158203125
positive	0.291015625
positive	0.32421875
positive	0.2939453125
positive	0.306640625
positive	0.3173828125
positive	0.310546875
positive	0.33984375
positive	0.3291015625
positive	0.3046875
positive	0.26953125
positive	0.2744140625
positive	0.3193359375
positive	0.3076171875
positive	0.2744140625
positive	0.205078125
positive	0.2236328125
positive	0.2529296875
positive	0.3193359375
positive	0.2099609375
positive	0.318359375
positive	0.2802734375
positive	0.2978515625
positive	0.220703125
positive	0.3046875
positive	0.3369140625
positive	0.2578125
positive	0.2978515625
positive	0.2431640625
positive	0.255859375
positive	0.2783203125
positive	0.3046875
positive	0.3623046875
positive	0.291015625
positive	0.2236328125
positive	0.2939453125
positive	0.3017578125
positive	0.298828125
positive	0.3359375
positive	0.34765625
positive	0.2890625
positive	0.3701171875
positive	0.3310546875
positive	0.306640625
positive	0.291015625
positive	0.3681640625
positive	0.3115234375
positive	0.3232421875
positive	0.212890625
positive	0.3095703125
positive	0.302734375
positive	0.31640625
positive	0.3310546875
positive	0.3017578125
positive	0.2998046875
positive	0.310546875
positive	0.294921875
positive	0.29296875
positive	0.2626953125
positive	0.3271484375
positive	0.33203125
positive	0.36328125
positive	0.341796875
positive	0.30078125
positive	0.2841796875
positive	0.3232421875
positive	0.3134765625
positive	0.294921875
positive	0.30859375
positive	0.2958984375
positive	0.3271484375
positive	0.25390625
positive	0.2353515625
positive	0.2470703125
positive	0.361328125
positive	0.2890625
positive	0.3173828125
positive	0.3154296875
positive	0.2783203125
positive	0.2958984375
positive	0.21484375
positive	0.2763671875
positive	0.3212890625
positive	0.2880859375
positive	0.2626953125
positive	0.2529296875
positive	0.2421875
positive	0.3056640625
positive	0.265625
positive	0.28515625
positive	0.267578125
positive	0.333984375
positive	0.2646484375
positive	0.28515625
positive	0.330078125
positive	0.306640625
positive	0.3095703125
positive	0.3291015625
positive	0.3310546875
positive	0.318359375
positive	0.3095703125
positive	0.3388671875
positive	0.3125
positive	0.2548828125
positive	0.25390625
positive	0.2275390625
positive	0.27734375
positive	0.31640625
positive	0.2978515625
positive	0.3193359375
positive	0.2607421875
positive	0.2529296875
positive	0.29296875
positive	0.2734375
positive	0.30859375
positive	0.279296875
positive	0.294921875
positive	0.3017578125
positive	0.2841796875
positive	0.28125
positive	0.3232421875
positive	0.28125
positive	0.3095703125
positive	0.296875
positive	0.3369140625
positive	0.2919921875
positive	0.32421875
positive	0.357421875
positive	0.314453125
positive	0.275390625
positive	0.3134765625
positive	0.2568359375
positive	0.330078125
positive	0.2998046875
positive	0.28125
positive	0.34375
positive	0.326171875
positive	0.29296875
positive	0.3291015625
positive	0.3271484375
positive	0.3046875
positive	0.302734375
positive	0.271484375
positive	0.2861328125
positive	0.21484375
positive	0.3095703125
positive	0.3466796875
positive	0.318359375
positive	0.3095703125
positive	0.302734375
positive	0.31640625
positive	0.2822265625
positive	0.3017578125
positive	0.291015625
positive	0.3896484375
positive	0.36328125
positive	0.2998046875
positive	0.27734375
positive	0.33203125
positive	0.3134765625
positive	0.306640625
positive	0.3310546875
positive	0.3203125
positive	0.3232421875
positive	0.3349609375
positive	0.283203125
positive	0.29296875
positive	0.3154296875
positive	0.3173828125
positive	0.291015625
positive	0.3095703125
positive	0.345703125
positive	0.2099609375
positive	0.2275390625
positive	0.310546875
positive	0.3037109375
positive	0.2724609375
positive	0.2021484375
positive	0.2255859375
positive	0.357421875
positive	0.3408203125
positive	0.2919921875
positive	0.244140625
positive	0.2490234375
positive	0.234375
positive	0.322265625
positive	0.2392578125
positive	0.3056640625
positive	0.35546875
positive	0.3173828125
positive	0.189453125
positive	0.271484375
positive	0.2939453125
positive	0.27734375
positive	0.2802734375
positive	0.3525390625
positive	0.30859375
positive	0.3369140625
positive	0.31640625
positive	0.296875
positive	0.3369140625
positive	0.30078125
positive	0.2314453125
positive	0.1904296875
positive	0.220703125
positive	0.3046875
positive	0.2802734375
positive	0.30078125
positive	0.26953125
positive	0.3232421875
positive	0.32421875
positive	0.2705078125
positive	0.2568359375
positive	0.3125
positive	0.283203125
positive	0.2861328125
positive	0.2939453125
positive	0.2509765625
positive	0.26171875
positive	0.3466796875
positive	0.2763671875
positive	0.296875
positive	0.3642578125
positive	0.263671875
positive	0.3076171875
positive	0.2587890625
positive	0.2841796875
positive	0.2822265625
positive	0.3076171875
positive	0.296875
positive	0.3330078125
positive	0.205078125
positive	0.296875
positive	0.3076171875
positive	0.27734375
positive	0.271484375
positive	0.302734375
positive	0.271484375
positive	0.3525390625
positive	0.3232421875
positive	0.2978515625
positive	0.2607421875
positive	0.248046875
positive	0.3427734375
positive	0.2880859375
positive	0.3515625
positive	0.2373046875
positive	0.2958984375
positive	0.3134765625
positive	0.29296875
positive	0.2802734375
positive	0.248046875
positive	0.275390625
positive	0.28125
positive	0.21875
positive	0.2490234375
positive	0.3173828125
positive	0.31640625
positive	0.32421875
positive	0.3037109375
positive	0.310546875
positive	0.3076171875
positive	0.298828125
positive	0.302734375
positive	0.298828125
positive	0.26953125
positive	0.2705078125
positive	0.2666015625
positive	0.2880859375
positive	0.3349609375
positive	0.2763671875
positive	0.2783203125
positive	0.3515625
positive	0.33203125
positive	0.337890625
positive	0.3037109375
positive	0.275390625
positive	0.3212890625
positive	0.283203125
positive	0.322265625
positive	0.2802734375
positive	0.3056640625
positive	0.224609375
positive	0.298828125
positive	0.2880859375
positive	0.3408203125
positive	0.2587890625
positive	0.232421875
positive	0.3203125
positive	0.3076171875
positive	0.3076171875
positive	0.298828125
positive	0.2998046875
positive	0.263671875
positive	0.3125
positive	0.2177734375
positive	0.29296875
positive	0.3046875
positive	0.294921875
positive	0.30859375
positive	0.30078125
positive	0.302734375
positive	0.287109375
positive	0.3046875
positive	0.294921875
positive	0.23046875
positive	0.2861328125
positive	0.2939453125
positive	0.240234375
positive	0.2666015625
positive	0.3642578125
positive	0.3212890625
positive	0.3232421875
positive	0.2412109375
positive	0.3115234375
positive	0.3203125
positive	0.2861328125
positive	0.224609375
positive	0.21875
positive	0.318359375
positive	0.2294921875
positive	0.2763671875
positive	0.283203125
positive	0.2578125
positive	0.30078125
positive	0.2705078125
positive	0.263671875
positive	0.2763671875
positive	0.2978515625
positive	0.255859375
positive	0.271484375
positive	0.2958984375
positive	0.384765625
positive	0.2294921875
positive	0.21484375
positive	0.2783203125
positive	0.2841796875
positive	0.2890625
positive	0.2783203125
positive	0.2763671875
positive	0.2724609375
positive	0.3310546875
positive	0.306640625
positive	0.3125
positive	0.318359375
positive	0.2890625
positive	0.2958984375
positive	0.2900390625
positive	0.2626953125
positive	0.251953125
positive	0.2919921875
positive	0.3076171875
positive	0.306640625
positive	0.34375
positive	0.2998046875
positive	0.2724609375
positive	0.3115234375
positive	0.32421875
positive	0.310546875
positive	0.2939453125
positive	0.2314453125
positive	0.3046875
positive	0.294921875
positive	0.275390625
positive	0.267578125
positive	0.291015625
positive	0.3056640625
positive	0.28125
positive	0.298828125
positive	0.25390625
positive	0.2421875
positive	0.2919921875
positive	0.3076171875
positive	0.26171875
positive	0.2763671875
positive	0.31640625
positive	0.2900390625
positive	0.2294921875
positive	0.3603515625
positive	0.3251953125
positive	0.291015625
positive	0.2080078125
positive	0.294921875
positive	0.2099609375
positive	0.3173828125
positive	0.2861328125
positive	0.29296875
positive	0.3134765625
positive	0.2578125
positive	0.2421875
positive	0.2978515625
positive	0.298828125
positive	0.28515625
positive	0.287109375
positive	0.271484375
positive	0.244140625
positive	0.263671875
positive	0.326171875
positive	0.2861328125
positive	0.251953125
positive	0.2490234375
positive	0.279296875
positive	0.2919921875
positive	0.3125
positive	0.2822265625
positive	0.283203125
positive	0.2177734375
positive	0.224609375
positive	0.2841796875
positive	0.263671875
positive	0.306640625
positive	0.2607421875
positive	0.294921875
positive	0.27734375
positive	0.296875
positive	0.3310546875
positive	0.2490234375
positive	0.283203125
positive	0.306640625
positive	0.34375
positive	0.2802734375
positive	0.2822265625
positive	0.2958984375
positive	0.2978515625
positive	0.2353515625
positive	0.2197265625
positive	0.341796875
positive	0.25390625
positive	0.2646484375
positive	0.2548828125
positive	0.234375
positive	0.2265625
positive	0.2158203125
positive	0.240234375
positive	0.349609375
positive	0.287109375
positive	0.2626953125
positive	0.2724609375
positive	0.2666015625
positive	0.2666015625
positive	0.275390625
positive	0.271484375
positive	0.2509765625
positive	0.275390625
positive	0.2353515625
positive	0.30078125
positive	0.32421875
positive	0.283203125
positive	0.2744140625
positive	0.31640625
positive	0.337890625
positive	0.2314453125
positive	0.2880859375
positive	0.2822265625
positive	0.232421875
positive	0.236328125
positive	0.283203125
positive	0.212890625
positive	0.234375
positive	0.232421875
positive	0.2333984375
positive	0.232421875
positive	0.2470703125
positive	0.197265625
positive	0.314453125
positive	0.271484375
positive	0.298828125
positive	0.2236328125
positive	0.25390625
positive	0.296875
positive	0.2744140625
positive	0.2822265625
positive	0.28515625
positive	0.240234375
positive	0.263671875
positive	0.27734375
positive	0.314453125
positive	0.3408203125
positive	0.30078125
positive	0.314453125
positive	0.2265625
positive	0.333984375
positive	0.291015625
positive	0.2861328125
positive	0.2607421875
positive	0.3017578125
positive	0.25
positive	0.2158203125
positive	0.208984375
positive	0.203125
positive	0.3408203125
positive	0.4013671875
positive	0.2197265625
positive	0.212890625
positive	0.3056640625
positive	0.3017578125
positive	0.185546875
positive	0.2314453125
positive	0.2197265625
positive	0.2978515625
positive	0.2099609375
positive	0.232421875
positive	0.251953125
positive	0.263671875
positive	0.2744140625
positive	0.2421875
positive	0.2314453125
positive	0.3701171875
positive	0.2109375
positive	0.20703125
positive	0.2822265625
positive	0.3369140625
positive	0.259765625
positive	0.2314453125
positive	0.306640625
positive	0.259765625
positive	0.2294921875
positive	0.234375
positive	0.3564453125
positive	0.3701171875
positive	0.2861328125
positive	0.2509765625
positive	0.26171875
positive	0.263671875
positive	0.26171875
positive	0.29296875
positive	0.2802734375
positive	0.3291015625
positive	0.2890625
positive	0.3056640625
positive	0.3203125
positive	0.3271484375
positive	0.2978515625
positive	0.2626953125
positive	0.26171875
positive	0.2646484375
positive	0.3173828125
positive	0.255859375
positive	0.265625
positive	0.2685546875
positive	0.263671875
positive	0.34765625
positive	0.3525390625
positive	0.333984375
positive	0.28125
positive	0.2578125
positive	0.294921875
positive	0.240234375
positive	0.275390625
positive	0.3740234375
positive	0.263671875
positive	0.3203125
positive	0.2626953125
positive	0.2548828125
positive	0.2431640625
positive	0.2783203125
positive	0.23046875
positive	0.20703125
positive	0.2255859375
positive	0.2080078125
positive	0.2021484375
positive	0.2529296875
positive	0.2939453125
positive	0.2578125
positive	0.29296875
positive	0.3017578125
positive	0.2373046875
positive	0.287109375
positive	0.3115234375
positive	0.3115234375
positive	0.2861328125
positive	0.271484375
positive	0.3515625
positive	0.3291015625
positive	0.2265625
positive	0.2734375
positive	0.2734375
positive	0.3173828125
positive	0.2841796875
positive	0.2548828125
positive	0.302734375
positive	0.2734375
positive	0.306640625
positive	0.2451171875
positive	0.26171875
positive	0.326171875
positive	0.33203125
positive	0.2626953125
positive	0.220703125
positive	0.21484375
positive	0.2626953125
positive	0.2734375
positive	0.291015625
positive	0.2109375
positive	0.2900390625
positive	0.2138671875
positive	0.27734375
positive	0.3681640625
positive	0.267578125
positive	0.2939453125
positive	0.3310546875
positive	0.2685546875
positive	0.330078125
positive	0.220703125
positive	0.255859375
positive	0.287109375
positive	0.3095703125
positive	0.2626953125
positive	0.3056640625
positive	0.240234375
positive	0.23828125
positive	0.208984375
positive	0.1884765625
positive	0.2490234375
positive	0.240234375
positive	0.2734375
positive	0.27734375
positive	0.2939453125
positive	0.302734375
positive	0.2978515625
positive	0.2392578125
positive	0.22265625
positive	0.267578125
positive	0.29296875
positive	0.2373046875
positive	0.228515625
positive	0.2578125
positive	0.208984375
positive	0.2490234375
positive	0.2119140625
positive	0.296875
positive	0.27734375
positive	0.279296875
positive	0.2529296875
positive	0.2509765625
positive	0.18359375
positive	0.244140625
positive	0.333984375
positive	0.271484375
positive	0.3125
positive	0.2568359375
positive	0.265625
positive	0.3017578125
positive	0.248046875
positive	0.24609375
positive	0.3046875
positive	0.296875
positive	0.291015625
positive	0.26171875
positive	0.2197265625
positive	0.1884765625
positive	0.1884765625
positive	0.2216796875
positive	0.23046875
positive	0.2578125
positive	0.287109375
positive	0.24609375
positive	0.2236328125
positive	0.240234375
positive	0.28515625
positive	0.3125
positive	0.28515625
positive	0.2783203125
positive	0.3291015625
positive	0.2275390625
positive	0.2568359375
positive	0.2919921875
positive	0.2998046875
positive	0.2509765625
positive	0.240234375
positive	0.21875
positive	0.380859375
positive	0.3076171875
positive	0.3037109375
positive	0.23828125
positive	0.23046875
positive	0.2001953125
positive	0.2763671875
positive	0.2822265625
positive	0.3076171875
positive	0.2802734375
positive	0.24609375
positive	0.3203125
positive	0.2802734375
positive	0.31640625
positive	0.2880859375
positive	0.26953125
positive	0.283203125
positive	0.2890625
positive	0.3193359375
positive	0.29296875
positive	0.298828125
positive	0.302734375
positive	0.2470703125
positive	0.25390625
positive	0.255859375
positive	0.25390625
positive	0.291015625
positive	0.2900390625
positive	0.216796875
positive	0.2353515625
positive	0.2763671875
positive	0.2314453125
positive	0.2861328125
positive	0.232421875
positive	0.298828125
positive	0.263671875
positive	0.3134765625
positive	0.203125
positive	0.2578125
positive	0.2783203125
positive	0.263671875
positive	0.26953125
positive	0.2783203125
positive	0.25
positive	0.2109375
positive	0.2353515625
positive	0.220703125
positive	0.2412109375
positive	0.2587890625
positive	0.197265625
positive	0.318359375
positive	0.2802734375
positive	0.310546875
positive	0.2451171875
positive	0.232421875
positive	0.26953125
positive	0.2412109375
positive	0.2685546875
positive	0.2998046875
positive	0.296875
positive	0.2724609375
positive	0.26953125
positive	0.255859375
positive	0.208984375
positive	0.2421875
positive	0.248046875
positive	0.2509765625
positive	0.287109375
positive	0.2841796875
positive	0.357421875
positive	0.216796875
positive	0.23046875
positive	0.2744140625
positive	0.1962890625
positive	0.23828125
positive	0.3046875
positive	0.1982421875
positive	0.232421875
positive	0.23046875
positive	0.248046875
positive	0.28125
positive	0.314453125
positive	0.2978515625
positive	0.23828125
positive	0.2236328125
positive	0.2900390625
positive	0.2119140625
positive	0.2802734375
positive	0.244140625
positive	0.232421875
positive	0.232421875
positive	0.2861328125
positive	0.3291015625
positive	0.28125
positive	0.2353515625
positive	0.2763671875
positive	0.2880859375
positive	0.220703125
positive	0.298828125
positive	0.298828125
positive	0.3017578125
positive	0.3447265625
positive	0.283203125
positive	0.2890625
positive	0.236328125
positive	0.220703125
positive	0.2236328125
positive	0.259765625
positive	0.2421875
positive	0.322265625
positive	0.3056640625
positive	0.30859375
positive	0.2958984375
positive	0.2421875
positive	0.2509765625
positive	0.322265625
positive	0.279296875
positive	0.220703125
positive	0.2294921875
positive	0.2958984375
positive	0.2421875
positive	0.3251953125
positive	0.2919921875
positive	0.2216796875
positive	0.31640625
positive	0.236328125
positive	0.3349609375
positive	0.3623046875
positive	0.349609375
positive	0.3037109375
positive	0.2216796875
positive	0.2861328125
positive	0.2275390625
positive	0.2685546875
positive	0.2578125
positive	0.2919921875
positive	0.2265625
positive	0.2685546875
positive	0.171875
positive	0.2666015625
positive	0.2509765625
positive	0.3232421875
positive	0.228515625
positive	0.2294921875
positive	0.24609375
positive	0.2607421875
positive	0.3310546875
positive	0.2158203125
positive	0.2216796875
positive	0.1796875
positive	0.234375
positive	0.255859375
positive	0.2685546875
positive	0.259765625
positive	0.2587890625
positive	0.2412109375
positive	0.2314453125
positive	0.30859375
positive	0.2490234375
positive	0.2021484375
positive	0.1904296875
positive	0.19921875
positive	0.2421875
positive	0.2109375
positive	0.220703125
positive	0.1982421875
positive	0.2314453125
positive	0.2080078125
positive	0.220703125
positive	0.2998046875
positive	0.22265625
positive	0.25
positive	0.248046875
positive	0.2958984375
positive	0.2412109375
positive	0.330078125
positive	0.2080078125
positive	0.3046875
positive	0.259765625
positive	0.2294921875
positive	0.2490234375
positive	0.2890625
positive	0.255859375
positive	0.265625
positive	0.2421875
positive	0.2607421875
positive	0.2451171875
positive	0.2587890625
positive	0.236328125
positive	0.2734375
positive	0.279296875
positive	0.3251953125
positive	0.22265625
positive	0.2353515625
positive	0.2021484375
positive	0.2607421875
positive	0.251953125
positive	0.3115234375
positive	0.2568359375
positive	0.267578125
positive	0.26953125
positive	0.3046875
positive	0.2763671875
positive	0.3330078125
positive	0.2783203125
positive	0.193359375
positive	0.3037109375
positive	0.34375
positive	0.244140625
positive	0.3037109375
positive	0.2666015625
positive	0.236328125
positive	0.2978515625
positive	0.3115234375
positive	0.2275390625
positive	0.2509765625
positive	0.2939453125
positive	0.263671875
positive	0.2802734375
positive	0.3330078125
positive	0.23046875
positive	0.240234375
positive	0.30859375
positive	0.353515625
positive	0.19921875
positive	0.294921875
positive	0.24609375
positive	0.2734375
positive	0.3193359375
positive	0.3173828125
positive	0.2265625
positive	0.2216796875
positive	0.3095703125
positive	0.3076171875
positive	0.271484375
positive	0.3447265625
positive	0.2236328125
positive	0.2529296875
positive	0.2841796875
positive	0.2919921875
positive	0.2451171875
positive	0.228515625
positive	0.2421875
positive	0.3115234375
positive	0.240234375
positive	0.267578125
positive	0.22265625
positive	0.2080078125
positive	0.2265625
positive	0.20703125
positive	0.201171875
positive	0.3349609375
positive	0.3212890625
positive	0.2509765625
positive	0.2060546875
positive	0.203125
positive	0.2265625
positive	0.2177734375
positive	0.1962890625
positive	0.298828125
positive	0.35546875
positive	0.236328125
positive	0.26171875
positive	0.2685546875
positive	0.2353515625
positive	0.2314453125
positive	0.2177734375
positive	0.271484375
positive	0.267578125
positive	0.2041015625
positive	0.3037109375
positive	0.28515625
positive	0.212890625
positive	0.23828125
positive	0.2119140625
positive	0.2890625
positive	0.2626953125
positive	0.3095703125
positive	0.2255859375
positive	0.2158203125
positive	0.2109375
positive	0.3408203125
positive	0.26171875
positive	0.251953125
positive	0.32421875
positive	0.30859375
positive	0.2353515625
positive	0.30078125
positive	0.2412109375
positive	0.29296875
positive	0.3740234375
positive	0.2080078125
positive	0.23828125
positive	0.28125
positive	0.224609375
positive	0.314453125
positive	0.296875
positive	0.2880859375
positive	0.29296875
positive	0.25
positive	0.1904296875
positive	0.3134765625
positive	0.27734375
positive	0.2958984375
positive	0.2587890625
positive	0.2626953125
positive	0.2265625
positive	0.1962890625
positive	0.2392578125
positive	0.2431640625
positive	0.2412109375
positive	0.2333984375
positive	0.29296875
positive	0.232421875
positive	0.2275390625
positive	0.3017578125
positive	0.2587890625
positive	0.2578125
positive	0.279296875
positive	0.3291015625
positive	0.322265625
positive	0.3310546875
positive	0.2119140625
positive	0.234375
positive	0.2138671875
positive	0.259765625
positive	0.3544921875
positive	0.306640625
positive	0.33984375
positive	0.2958984375
positive	0.306640625
positive	0.2900390625
positive	0.29296875
positive	0.310546875
positive	0.26171875
positive	0.3046875
positive	0.296875
positive	0.3134765625
positive	0.3037109375
positive	0.3193359375
positive	0.3115234375
positive	0.212890625
positive	0.310546875
positive	0.32421875
positive	0.2646484375
positive	0.2119140625
positive	0.3740234375
positive	0.310546875
positive	0.2822265625
positive	0.3486328125
positive	0.240234375
positive	0.2470703125
positive	0.314453125
positive	0.380859375
positive	0.271484375
positive	0.3115234375
positive	0.3291015625
positive	0.3623046875
positive	0.236328125
positive	0.26171875
positive	0.2109375
positive	0.26953125
positive	0.2236328125
positive	0.294921875
positive	0.349609375
positive	0.2763671875
positive	0.283203125
positive	0.3037109375
positive	0.25
positive	0.287109375
positive	0.3430735931
positive	0.2978515625
positive	0.2841796875
positive	0.2568359375
positive	0.29296875
positive	0.2568359375
positive	0.3466796875
positive	0.291015625
positive	0.3017578125
positive	0.349609375
positive	0.3056640625
positive	0.2138671875
positive	0.26953125
positive	0.365234375
positive	0.275390625
positive	0.32421875
positive	0.30078125
positive	0.26953125
positive	0.2685546875
positive	0.3076171875
positive	0.2587890625
positive	0.2451171875
positive	0.23828125
positive	0.2939453125
positive	0.2705078125
positive	0.22265625
positive	0.2626953125
positive	0.2822265625
positive	0.314453125
positive	0.330078125
positive	0.298828125
positive	0.3203125
positive	0.2373046875
positive	0.224609375
positive	0.314453125
positive	0.32421875
positive	0.208984375
positive	0.2392578125
positive	0.3330078125
positive	0.3466796875
positive	0.255859375
positive	0.2509765625
positive	0.30859375
positive	0.298828125
positive	0.328125
positive	0.2919921875
positive	0.2978515625
positive	0.306640625
positive	0.3251953125
positive	0.314453125
positive	0.3251953125
positive	0.28515625
positive	0.232421875
positive	0.3544921875
positive	0.3544921875
positive	0.2900390625
positive	0.22265625
positive	0.2919921875
positive	0.3046875
positive	0.2841796875
positive	0.291015625
positive	0.345703125
positive	0.3310546875
positive	0.3134765625
positive	0.3154296875
positive	0.2939453125
positive	0.2666015625
positive	0.3251953125
positive	0.2919921875
positive	0.2294921875
positive	0.2373046875
positive	0.2998046875
positive	0.2744140625
positive	0.326171875
positive	0.29296875
positive	0.244140625
positive	0.2998046875
positive	0.2900390625
positive	0.283203125
positive	0.3359375
positive	0.271484375
positive	0.2890625
positive	0.2646484375
positive	0.2939453125
positive	0.2275390625
positive	0.205078125
positive	0.2119140625
positive	0.236328125
positive	0.2939453125
positive	0.32421875
positive	0.24609375
positive	0.2333984375
positive	0.2490234375
positive	0.2333984375
positive	0.3115234375
positive	0.2841796875
positive	0.30078125
positive	0.337890625
positive	0.265625
positive	0.2060546875
positive	0.28515625
positive	0.2880859375
positive	0.25
positive	0.263671875
positive	0.2578125
positive	0.3212890625
positive	0.3037109375
positive	0.3447265625
positive	0.283203125
positive	0.2529296875
positive	0.2802734375
positive	0.26171875
positive	0.2802734375
positive	0.2998046875
positive	0.2568359375
positive	0.283203125
positive	0.298828125
positive	0.2724609375
positive	0.283203125
positive	0.2939453125
positive	0.3193359375
positive	0.2412109375
positive	0.2734375
positive	0.27734375
positive	0.2998046875
positive	0.28125
positive	0.2705078125
positive	0.2861328125
positive	0.2294921875
positive	0.2548828125
positive	0.265625
positive	0.3232421875
positive	0.20703125
positive	0.2509765625
positive	0.2626953125
positive	0.2568359375
positive	0.3427734375
positive	0.2099609375
positive	0.3349609375
positive	0.2890625
positive	0.28515625
positive	0.287109375
positive	0.29296875
positive	0.259765625
positive	0.3017578125
positive	0.302734375
positive	0.2919921875
positive	0.3046875
positive	0.2861328125
positive	0.248046875
positive	0.251953125
positive	0.298828125
positive	0.287109375
positive	0.330078125
positive	0.3076171875
positive	0.294921875
positive	0.2841796875
positive	0.3037109375
positive	0.2783203125
positive	0.27734375
positive	0.2939453125
positive	0.259765625
positive	0.337890625
positive	0.3291015625
positive	0.2880859375
positive	0.29296875
positive	0.2607421875
positive	0.2919921875
positive	0.2646484375
positive	0.330078125
positive	0.3193359375
positive	0.24609375
positive	0.30859375
positive	0.2998046875
positive	0.21875
positive	0.236328125
positive	0.30078125
positive	0.2236328125
positive	0.287109375
positive	0.1982421875
positive	0.3515625
positive	0.349609375
positive	0.224609375
positive	0.23828125
positive	0.3115234375
positive	0.3134765625
positive	0.2119140625
positive	0.3232421875
positive	0.2890625
positive	0.3203125
positive	0.255859375
positive	0.279296875
positive	0.3251953125
positive	0.2333984375
positive	0.3193359375
positive	0.2216796875
positive	0.32421875
positive	0.2568359375
positive	0.25
positive	0.26953125
positive	0.2509765625
positive	0.341796875
positive	0.255859375
positive	0.3125
positive	0.349609375
positive	0.3193359375
positive	0.2802734375
positive	0.23046875
positive	0.21875
positive	0.197265625
positive	0.265625
positive	0.2783203125
positive	0.234375
positive	0.318359375
positive	0.333984375
positive	0.2724609375
positive	0.2314453125
positive	0.20703125
positive	0.2099609375
positive	0.1962890625
positive	0.19921875
positive	0.2294921875
positive	0.2783203125
positive	0.2724609375
positive	0.27734375
positive	0.2587890625
positive	0.298828125
positive	0.2939453125
positive	0.2900390625
positive	0.30078125
positive	0.3095703125
positive	0.2451171875
positive	0.29296875
positive	0.2802734375
positive	0.283203125
positive	0.2529296875
positive	0.26171875
positive	0.2431640625
positive	0.267578125
positive	0.2802734375
positive	0.31640625
positive	0.29296875
positive	0.2763671875
positive	0.30078125
positive	0.3486328125
positive	0.32421875
positive	0.2939453125
positive	0.3076171875
positive	0.240234375
positive	0.3173828125
positive	0.22265625
positive	0.31640625
positive	0.2587890625
positive	0.2568359375
positive	0.333984375
positive	0.30078125
positive	0.2578125
positive	0.2880859375
positive	0.2939453125
positive	0.2783203125
positive	0.26953125
positive	0.275390625
positive	0.3056640625
positive	0.271484375
positive	0.2890625
positive	0.2392578125
positive	0.2392578125
positive	0.2158203125
positive	0.275390625
positive	0.337890625
positive	0.2958984375
positive	0.337890625
positive	0.3173828125
positive	0.291015625
positive	0.2353515625
positive	0.2197265625
positive	0.267578125
positive	0.2724609375
positive	0.2412109375
positive	0.2685546875
positive	0.30859375
positive	0.2685546875
positive	0.328125
positive	0.3076171875
positive	0.296875
positive	0.3642578125
positive	0.3359375
positive	0.298828125
positive	0.2568359375
positive	0.328125
positive	0.3388671875
positive	0.3017578125
positive	0.23828125
positive	0.23828125
positive	0.3125
positive	0.30859375
positive	0.28515625
positive	0.298828125
positive	0.3818359375
positive	0.3076171875
positive	0.2529296875
positive	0.2177734375
positive	0.2236328125
positive	0.2431640625
positive	0.2578125
positive	0.234375
positive	0.255859375
positive	0.2255859375
positive	0.2998046875
positive	0.2705078125
positive	0.283203125
positive	0.263671875
positive	0.2998046875
positive	0.2705078125
positive	0.2783203125
positive	0.2841796875
positive	0.3173828125
positive	0.255859375
positive	0.248046875
positive	0.2451171875
positive	0.251953125
positive	0.2939453125
positive	0.30078125
positive	0.314453125
positive	0.294921875
positive	0.3017578125
positive	0.275390625
positive	0.240234375
positive	0.2763671875
positive	0.31640625
positive	0.255859375
positive	0.2939453125
positive	0.3779296875
positive	0.3046875
positive	0.3251953125
positive	0.267578125
positive	0.2265625
positive	0.2041015625
positive	0.2109375
positive	0.208984375
positive	0.3623046875
positive	0.2529296875
positive	0.2421875
positive	0.2470703125
positive	0.2763671875
positive	0.2568359375
positive	0.2587890625
positive	0.3212890625
positive	0.240234375
positive	0.3037109375
positive	0.263671875
positive	0.3046875
positive	0.3759765625
positive	0.3515625
positive	0.265625
positive	0.3046875
positive	0.283203125
positive	0.3134765625
positive	0.2900390625
positive	0.3349609375
positive	0.3095703125
positive	0.3330078125
positive	0.2841796875
positive	0.2763671875
positive	0.2900390625
positive	0.3232421875
positive	0.3056640625
positive	0.2763671875
positive	0.296875
positive	0.287109375
positive	0.21484375
positive	0.2314453125
positive	0.2646484375
positive	0.3447265625
positive	0.2841796875
positive	0.3623046875
positive	0.203125
positive	0.2587890625
positive	0.23828125
positive	0.2998046875
positive	0.2900390625
positive	0.294921875
positive	0.3232421875
positive	0.2734375
positive	0.291015625
positive	0.345703125
positive	0.30078125
positive	0.30078125
positive	0.306640625
positive	0.2958984375
positive	0.2861328125
positive	0.2734375
positive	0.27734375
positive	0.3486328125
positive	0.2998046875
positive	0.3154296875
positive	0.365234375
positive	0.29296875
positive	0.3125
positive	0.328125
positive	0.2529296875
positive	0.3212890625
positive	0.34765625
positive	0.3232421875
positive	0.33203125
positive	0.2919921875
positive	0.2802734375
positive	0.3232421875
positive	0.294921875
positive	0.3486328125
positive	0.287109375
positive	0.2958984375
positive	0.3056640625
positive	0.2646484375
positive	0.29296875
positive	0.2998046875
positive	0.2783203125
positive	0.25390625
positive	0.279296875
positive	0.2353515625
positive	0.22265625
positive	0.326171875
positive	0.271484375
positive	0.3427734375
positive	0.3212890625
positive	0.298828125
positive	0.3115234375
positive	0.3134765625
positive	0.34765625
positive	0.337890625
positive	0.3076171875
positive	0.263671875
positive	0.2958984375
positive	0.248046875
positive	0.2568359375
positive	0.2421875
positive	0.3115234375
positive	0.333984375
positive	0.2685546875
positive	0.279296875
positive	0.28125
positive	0.2578125
positive	0.2685546875
positive	0.220703125
positive	0.2265625
positive	0.2060546875
positive	0.31640625
positive	0.3515625
positive	0.2177734375
positive	0.2265625
positive	0.25
positive	0.337890625
positive	0.27734375
positive	0.2646484375
positive	0.2705078125
positive	0.2607421875
positive	0.3544921875
positive	0.310546875
positive	0.2666015625
positive	0.2568359375
positive	0.271484375
positive	0.2724609375
positive	0.30859375
positive	0.3466796875
positive	0.3740234375
positive	0.3125
positive	0.2734375
positive	0.2861328125
positive	0.32421875
positive	0.306640625
positive	0.3046875
positive	0.2412109375
positive	0.28125
positive	0.34765625
positive	0.3125
positive	0.2724609375
positive	0.3203125
positive	0.2314453125
positive	0.1962890625
positive	0.287109375
positive	0.283203125
positive	0.20703125
positive	0.2509765625
positive	0.2900390625
positive	0.2783203125
positive	0.2705078125
positive	0.291015625
positive	0.2548828125
positive	0.3251953125
positive	0.234375
positive	0.2744140625
positive	0.244140625
positive	0.2744140625
positive	0.2978515625
positive	0.3095703125
positive	0.2294921875
positive	0.3701171875
positive	0.275390625
positive	0.2978515625
positive	0.296875
positive	0.2568359375
positive	0.298828125
positive	0.32421875
positive	0.283203125
positive	0.33984375
positive	0.3193359375
positive	0.3056640625
positive	0.314453125
positive	0.2890625
positive	0.3134765625
positive	0.3037109375
positive	0.3037109375
positive	0.25390625
positive	0.3212890625
positive	0.2802734375
positive	0.244140625
positive	0.2763671875
positive	0.33203125
positive	0.23046875
positive	0.2802734375
positive	0.3046875
positive	0.3037109375
positive	0.2431640625
positive	0.3193359375
positive	0.322265625
positive	0.3212890625
positive	0.328125
positive	0.306640625
positive	0.228515625
positive	0.2578125
positive	0.263671875
positive	0.255859375
positive	0.2509765625
positive	0.3037109375
positive	0.2998046875
positive	0.2978515625
positive	0.29296875
positive	0.3291015625
positive	0.26953125
positive	0.1884765625
positive	0.2734375
positive	0.2802734375
positive	0.3017578125
positive	0.302734375
positive	0.3037109375
positive	0.2138671875
positive	0.244140625
positive	0.302734375
positive	0.310546875
positive	0.3154296875
positive	0.2763671875
positive	0.2451171875
positive	0.287109375
positive	0.291015625
positive	0.27734375
positive	0.2861328125
positive	0.310546875
positive	0.2919921875
positive	0.279296875
positive	0.275390625
positive	0.3154296875
positive	0.265625
positive	0.30078125
positive	0.291015625
positive	0.251953125
positive	0.24609375
positive	0.267578125
positive	0.3076171875
positive	0.2890625
positive	0.2451171875
positive	0.2919921875
positive	0.2998046875
positive	0.2958984375
positive	0.2880859375
positive	0.2275390625
positive	0.2626953125
positive	0.2626953125
positive	0.3427734375
positive	0.298828125
positive	0.2255859375
positive	0.3134765625
positive	0.310546875
positive	0.32421875
positive	0.2763671875
positive	0.2587890625
positive	0.271484375
positive	0.287109375
positive	0.3125
positive	0.271484375
positive	0.291015625
positive	0.248046875
positive	0.2451171875
positive	0.2802734375
positive	0.287109375
positive	0.298828125
positive	0.291015625
positive	0.27734375
positive	0.3173828125
positive	0.306640625
positive	0.26171875
positive	0.255859375
positive	0.294921875
positive	0.3388671875
positive	0.298828125
positive	0.3681640625
positive	0.275390625
positive	0.3125
positive	0.296875
positive	0.27734375
positive	0.322265625
positive	0.3046875
positive	0.2763671875
positive	0.228515625
positive	0.2646484375
positive	0.306640625
positive	0.30078125
positive	0.28125
positive	0.28515625
positive	0.2626953125
positive	0.1962890625
positive	0.25390625
positive	0.3134765625
positive	0.267578125
positive	0.3623046875
positive	0.412109375
positive	0.2529296875
positive	0.2783203125
positive	0.26171875
positive	0.296875
positive	0.28125
positive	0.3154296875
positive	0.2724609375
positive	0.3056640625
positive	0.2958984375
positive	0.2822265625
positive	0.2626953125
positive	0.23828125
positive	0.27734375
positive	0.3037109375
positive	0.2919921875
positive	0.2861328125
positive	0.2958984375
positive	0.2900390625
positive	0.2861328125
positive	0.279296875
positive	0.2783203125
positive	0.3095703125
positive	0.271484375
positive	0.326171875
positive	0.2666015625
positive	0.25
positive	0.279296875
positive	0.228515625
positive	0.21484375
positive	0.21484375
positive	0.236328125
positive	0.3046875
positive	0.248046875
positive	0.2744140625
positive	0.2900390625
positive	0.3095703125
positive	0.3076171875
positive	0.30078125
positive	0.27734375
positive	0.2666015625
positive	0.248046875
positive	0.291015625
positive	0.2998046875
positive	0.3271484375
positive	0.2763671875
positive	0.2958984375
positive	0.283203125
positive	0.30078125
positive	0.33203125
positive	0.2958984375
positive	0.2958984375
positive	0.30078125
positive	0.2880859375
positive	0.298828125
positive	0.2685546875
positive	0.2861328125
positive	0.2783203125
positive	0.263671875
positive	0.26953125
positive	0.267578125
positive	0.2802734375
positive	0.3046875
positive	0.2646484375
positive	0.28125
positive	0.2353515625
positive	0.3466796875
positive	0.322265625
positive	0.2763671875
positive	0.2705078125
positive	0.30859375
positive	0.263671875
positive	0.2880859375
positive	0.26171875
positive	0.267578125
positive	0.2939453125
positive	0.2529296875
positive	0.2841796875
positive	0.2900390625
positive	0.3115234375
positive	0.28515625
positive	0.2958984375
positive	0.298828125
positive	0.271484375
positive	0.25
positive	0.259765625
positive	0.181640625
positive	0.2314453125
positive	0.3095703125
positive	0.3115234375
positive	0.2978515625
positive	0.302734375
positive	0.2568359375
positive	0.2890625
positive	0.3671875
positive	0.2626953125
positive	0.2822265625
positive	0.255859375
positive	0.2890625
positive	0.283203125
positive	0.263671875
positive	0.2763671875
positive	0.2783203125
positive	0.244140625
positive	0.30078125
positive	0.2919921875
positive	0.3408203125
positive	0.291015625
positive	0.296875
positive	0.3046875
positive	0.27734375
positive	0.3076171875
positive	0.216796875
positive	0.291015625
positive	0.3046875
positive	0.28515625
positive	0.2841796875
positive	0.3583984375
positive	0.30078125
positive	0.3251953125
positive	0.3154296875
positive	0.34765625
positive	0.25390625
positive	0.310546875
positive	0.2412109375
positive	0.298828125
positive	0.2919921875
positive	0.3046875
positive	0.2861328125
positive	0.248046875
positive	0.3017578125
positive	0.2734375
positive	0.220703125
positive	0.2998046875
positive	0.3330078125
positive	0.298828125
positive	0.2822265625
positive	0.30859375
positive	0.291015625
positive	0.3173828125
positive	0.2607421875
positive	0.2763671875
positive	0.2373046875
positive	0.275390625
positive	0.2890625
positive	0.3154296875
positive	0.2919921875
positive	0.2734375
positive	0.2783203125
positive	0.3076171875
positive	0.29296875
positive	0.283203125
positive	0.2685546875
positive	0.267578125
positive	0.2490234375
positive	0.2744140625
positive	0.3095703125
positive	0.2978515625
positive	0.3349609375
positive	0.2490234375
positive	0.302734375
positive	0.310546875
positive	0.30859375
positive	0.333984375
positive	0.283203125
positive	0.3212890625
positive	0.2900390625
positive	0.2744140625
positive	0.2587890625
positive	0.2294921875
positive	0.3310546875
positive	0.29296875
positive	0.298828125
positive	0.2958984375
positive	0.2685546875
positive	0.3095703125
positive	0.388671875
positive	0.314453125
positive	0.2919921875
positive	0.30078125
positive	0.3232421875
positive	0.2841796875
positive	0.3330078125
positive	0.259765625
positive	0.3642578125
positive	0.390625
positive	0.2568359375
positive	0.361328125
positive	0.3232421875
positive	0.30859375
positive	0.330078125
positive	0.21875
positive	0.25390625
positive	0.333984375
positive	0.2490234375
positive	0.251953125
positive	0.2685546875
positive	0.275390625
positive	0.3232421875
positive	0.291015625
positive	0.2705078125
positive	0.236328125
positive	0.3076171875
positive	0.2265625
positive	0.2236328125
positive	0.283203125
positive	0.3046875
positive	0.2958984375
positive	0.298828125
positive	0.259765625
positive	0.298828125
positive	0.3408203125
positive	0.27734375
positive	0.287109375
positive	0.2568359375
positive	0.29296875
positive	0.255859375
positive	0.302734375
positive	0.2666015625
positive	0.2763671875
positive	0.345703125
positive	0.259765625
positive	0.310546875
positive	0.3212890625
positive	0.3251953125
positive	0.20703125
positive	0.25390625
positive	0.3232421875
positive	0.279296875
positive	0.2666015625
positive	0.224609375
positive	0.263671875
positive	0.2734375
positive	0.2958984375
positive	0.259765625
positive	0.2900390625
positive	0.349609375
positive	0.2978515625
positive	0.3193359375
positive	0.3125
positive	0.275390625
positive	0.2900390625
positive	0.3134765625
positive	0.3271484375
positive	0.267578125
positive	0.3134765625
positive	0.2783203125
positive	0.267578125
positive	0.2822265625
positive	0.2509765625
positive	0.2763671875
positive	0.28125
positive	0.29296875
positive	0.2822265625
positive	0.2939453125
positive	0.25390625
positive	0.291015625
positive	0.279296875
positive	0.28125
positive	0.2880859375
positive	0.2568359375
positive	0.3271484375
positive	0.2685546875
positive	0.2626953125
positive	0.2958984375
positive	0.310546875
positive	0.314453125
positive	0.2529296875
positive	0.26171875
positive	0.2861328125
positive	0.2509765625
positive	0.28515625
positive	0.3046875
positive	0.2900390625
positive	0.275390625
positive	0.28125
positive	0.2685546875
positive	0.2607421875
positive	0.27734375
positive	0.2744140625
positive	0.2919921875
positive	0.2958984375
positive	0.275390625
positive	0.3046875
positive	0.251953125
positive	0.326171875
positive	0.32421875
positive	0.23828125
positive	0.2607421875
positive	0.2802734375
positive	0.2958984375
positive	0.265625
positive	0.2724609375
positive	0.3408203125
positive	0.31640625
positive	0.3115234375
positive	0.2685546875
positive	0.3115234375
positive	0.2529296875
positive	0.2822265625
positive	0.3125
positive	0.2724609375
positive	0.271484375
positive	0.2392578125
positive	0.2294921875
positive	0.2392578125
positive	0.2021484375
positive	0.25
positive	0.26953125
positive	0.333984375
positive	0.23828125
positive	0.2548828125
positive	0.3369140625
positive	0.3505859375
positive	0.3408203125
positive	0.3046875
positive	0.3017578125
positive	0.2802734375
positive	0.2607421875
positive	0.310546875
positive	0.271484375
positive	0.2685546875
positive	0.3017578125
positive	0.2548828125
positive	0.279296875
positive	0.330078125
positive	0.3125
positive	0.287109375
positive	0.2900390625
positive	0.2734375
positive	0.2880859375
positive	0.296875
positive	0.302734375
positive	0.23828125
positive	0.3330078125
positive	0.2548828125
positive	0.2802734375
positive	0.3095703125
positive	0.265625
positive	0.2919921875
positive	0.3173828125
positive	0.3603515625
positive	0.2890625
positive	0.2783203125
positive	0.2666015625
positive	0.2666015625
positive	0.2900390625
positive	0.291015625
positive	0.3115234375
positive	0.2841796875
positive	0.3125
positive	0.2744140625
positive	0.3076171875
positive	0.2255859375
positive	0.2470703125
positive	0.23046875
positive	0.23828125
positive	0.3046875
positive	0.30078125
positive	0.3095703125
positive	0.2998046875
positive	0.22265625
positive	0.330078125
positive	0.3203125
positive	0.3154296875
positive	0.3037109375
positive	0.2763671875
positive	0.3212890625
positive	0.291015625
positive	0.287109375
positive	0.2998046875
positive	0.314453125
positive	0.2578125
positive	0.2998046875
positive	0.30078125
positive	0.3330078125
positive	0.345703125
positive	0.2939453125
positive	0.3017578125
positive	0.2509765625
positive	0.28125
positive	0.2705078125
positive	0.3193359375
positive	0.3515625
positive	0.2861328125
positive	0.33984375
positive	0.2822265625
positive	0.2548828125
positive	0.2900390625
positive	0.2939453125
positive	0.318359375
positive	0.3154296875
positive	0.275390625
positive	0.263671875
positive	0.291015625
positive	0.3046875
positive	0.2216796875
positive	0.24609375
positive	0.3623046875
positive	0.2041015625
positive	0.2314453125
positive	0.3291015625
positive	0.314453125
positive	0.296875
positive	0.3125
positive	0.36328125
positive	0.3076171875
positive	0.263671875
positive	0.2958984375
positive	0.306640625
positive	0.2626953125
positive	0.28125
positive	0.2802734375
positive	0.2607421875
positive	0.345703125
positive	0.3291015625
positive	0.2890625
positive	0.2724609375
positive	0.2880859375
positive	0.291015625
positive	0.3095703125
positive	0.265625
positive	0.255859375
positive	0.251953125
positive	0.298828125
positive	0.296875
positive	0.267578125
positive	0.3212890625
positive	0.322265625
positive	0.2900390625
positive	0.3193359375
positive	0.2900390625
positive	0.283203125
positive	0.28125
positive	0.3134765625
positive	0.3544921875
positive	0.2333984375
positive	0.3291015625
positive	0.341796875
positive	0.3046875
positive	0.2783203125
positive	0.3134765625
positive	0.2890625
positive	0.3076171875
positive	0.2724609375
positive	0.291015625
positive	0.2548828125
positive	0.3017578125
positive	0.328125
positive	0.3095703125
positive	0.2880859375
positive	0.271484375
positive	0.2783203125
positive	0.3173828125
positive	0.2939453125
positive	0.302734375
positive	0.298828125
positive	0.3017578125
positive	0.2783203125
positive	0.298828125
positive	0.2861328125
positive	0.3369140625
positive	0.2822265625
positive	0.2724609375
positive	0.3134765625
positive	0.314453125
positive	0.302734375
positive	0.279296875
positive	0.3134765625
positive	0.29296875
positive	0.2607421875
positive	0.3037109375
positive	0.279296875
positive	0.2431640625
positive	0.3017578125
positive	0.31640625
positive	0.310546875
positive	0.2890625
positive	0.2783203125
positive	0.2802734375
positive	0.240234375
positive	0.328125
positive	0.314453125
positive	0.3271484375
positive	0.2607421875
positive	0.2734375
positive	0.2890625
positive	0.3173828125
positive	0.330078125
positive	0.2978515625
positive	0.3037109375
positive	0.2890625
positive	0.3046875
positive	0.3232421875
positive	0.314453125
positive	0.33984375
positive	0.2998046875
positive	0.2578125
positive	0.3095703125
positive	0.2841796875
positive	0.302734375
positive	0.2626953125
positive	0.3125
positive	0.2802734375
positive	0.3125
positive	0.36328125
positive	0.30859375
positive	0.310546875
positive	0.3203125
positive	0.341796875
positive	0.294921875
positive	0.234375
positive	0.3369140625
positive	0.3447265625
positive	0.3408203125
positive	0.3115234375
positive	0.298828125
positive	0.3115234375
positive	0.2705078125
positive	0.30078125
positive	0.283203125
positive	0.2890625
positive	0.30859375
positive	0.30078125
positive	0.302734375
positive	0.296875
positive	0.306640625
positive	0.2822265625
positive	0.27734375
positive	0.30859375
positive	0.28125
positive	0.2626953125
positive	0.33203125
positive	0.3037109375
positive	0.322265625
positive	0.26171875
positive	0.30078125
positive	0.2890625
positive	0.328125
positive	0.3291015625
positive	0.2919921875
positive	0.3056640625
positive	0.28515625
positive	0.28125
positive	0.2998046875
positive	0.279296875
positive	0.2685546875
positive	0.267578125
positive	0.2822265625
positive	0.3134765625
positive	0.3251953125
positive	0.365234375
positive	0.3115234375
positive	0.283203125
positive	0.3291015625
positive	0.2919921875
positive	0.2275390625
positive	0.3046875
positive	0.2958984375
positive	0.27734375
positive	0.2861328125
positive	0.33984375
positive	0.349609375
positive	0.29296875
positive	0.26953125
positive	0.3037109375
positive	0.306640625
positive	0.3193359375
positive	0.306640625
positive	0.3134765625
positive	0.330078125
positive	0.31640625
positive	0.3173828125
positive	0.3203125
positive	0.3330078125
positive	0.33984375
positive	0.3427734375
positive	0.3193359375
positive	0.2890625
positive	0.3056640625
positive	0.2880859375
positive	0.3134765625
positive	0.3017578125
positive	0.326171875
positive	0.34375
positive	0.271484375
positive	0.2861328125
positive	0.3056640625
positive	0.291015625
positive	0.3125
positive	0.3349609375
positive	0.32421875
positive	0.234375
positive	0.3037109375
positive	0.302734375
positive	0.265625
positive	0.2958984375
positive	0.306640625
positive	0.32421875
positive	0.28515625
positive	0.3203125
positive	0.26171875
positive	0.2666015625
positive	0.2998046875
positive	0.2958984375
positive	0.3076171875
positive	0.318359375
positive	0.2841796875
positive	0.298828125
positive	0.271484375
positive	0.328125
positive	0.306640625
positive	0.314453125
positive	0.2646484375
positive	0.3408203125
positive	0.328125
positive	0.30859375
positive	0.3095703125
positive	0.3037109375
positive	0.26953125
positive	0.310546875
positive	0.298828125
positive	0.3115234375
positive	0.2255859375
positive	0.3046875
positive	0.349609375
positive	0.3359375
positive	0.328125
positive	0.3173828125
positive	0.3388671875
positive	0.283203125
positive	0.2646484375
positive	0.3720703125
positive	0.3212890625
positive	0.28125
positive	0.296875
positive	0.2724609375
positive	0.28515625
positive	0.322265625
positive	0.3125
positive	0.2802734375
positive	0.32421875
positive	0.30078125
positive	0.353515625
positive	0.310546875
positive	0.294921875
positive	0.306640625
positive	0.2939453125
positive	0.306640625
positive	0.296875
positive	0.2626953125
positive	0.31640625
positive	0.328125
positive	0.25
positive	0.349609375
positive	0.2705078125
positive	0.345703125
positive	0.2822265625
positive	0.28125
positive	0.2685546875
positive	0.2890625
positive	0.2998046875
positive	0.3369140625
positive	0.2900390625
positive	0.263671875
positive	0.3203125
positive	0.357421875
positive	0.30078125
positive	0.2998046875
positive	0.2626953125
positive	0.279296875
positive	0.3212890625
positive	0.306640625
positive	0.30078125
positive	0.259765625
positive	0.2685546875
positive	0.2705078125
positive	0.2646484375
positive	0.28515625
positive	0.2861328125
positive	0.2626953125
positive	0.3564453125
positive	0.220703125
positive	0.32421875
positive	0.3134765625
positive	0.3271484375
positive	0.2939453125
positive	0.294921875
positive	0.32421875
positive	0.3271484375
positive	0.291015625
positive	0.326171875
positive	0.2958984375
positive	0.271484375
positive	0.2890625
positive	0.3017578125
positive	0.3125
positive	0.353515625
positive	0.30078125
positive	0.3076171875
positive	0.3203125
positive	0.2470703125
positive	0.255859375
positive	0.296875
positive	0.2529296875
positive	0.3046875
positive	0.2255859375
positive	0.3212890625
positive	0.3037109375
positive	0.373046875
positive	0.263671875
positive	0.265625
positive	0.2958984375
positive	0.29296875
positive	0.265625
positive	0.3251953125
positive	0.2900390625
positive	0.283203125
positive	0.2509765625
positive	0.2900390625
positive	0.337890625
positive	0.3408203125
positive	0.3056640625
positive	0.3017578125
positive	0.279296875
positive	0.3232421875
positive	0.2890625
positive	0.3056640625
positive	0.29296875
positive	0.3427734375
positive	0.3134765625
positive	0.3779296875
positive	0.3134765625
positive	0.326171875
positive	0.3017578125
positive	0.2978515625
positive	0.28125
positive	0.330078125
positive	0.310546875
positive	0.3369140625
positive	0.3408203125
positive	0.3486328125
positive	0.3154296875
positive	0.31640625
positive	0.314453125
positive	0.3115234375
positive	0.302734375
positive	0.3564453125
positive	0.203125
positive	0.3056640625
positive	0.3125
positive	0.3125
positive	0.3408203125
positive	0.3193359375
positive	0.2880859375
positive	0.306640625
positive	0.32421875
positive	0.248046875
positive	0.298828125
positive	0.224609375
positive	0.2509765625
positive	0.31640625
positive	0.2861328125
positive	0.322265625
positive	0.248046875
positive	0.2470703125
positive	0.30859375
positive	0.3212890625
positive	0.328125
positive	0.306640625
positive	0.3056640625
positive	0.3564453125
positive	0.30078125
positive	0.306640625
positive	0.3134765625
positive	0.279296875
positive	0.3134765625
positive	0.2763671875
positive	0.30859375
positive	0.298828125
positive	0.3232421875
positive	0.30859375
positive	0.2802734375
positive	0.2978515625
positive	0.283203125
positive	0.2939453125
positive	0.2958984375
positive	0.3310546875
positive	0.3056640625
positive	0.310546875
positive	0.271484375
positive	0.3125
positive	0.3046875
positive	0.2841796875
positive	0.34375
positive	0.267578125
positive	0.306640625
positive	0.2919921875
positive	0.3134765625
positive	0.212890625
positive	0.23046875
positive	0.310546875
positive	0.31640625
positive	0.3056640625
positive	0.2841796875
positive	0.3115234375
positive	0.25
positive	0.328125
positive	0.3095703125
positive	0.2861328125
positive	0.2578125
positive	0.2900390625
positive	0.279296875
positive	0.3017578125
positive	0.30859375
positive	0.3017578125
positive	0.216796875
positive	0.2216796875
positive	0.26953125
positive	0.33203125
positive	0.28515625
positive	0.3173828125
positive	0.2763671875
positive	0.3212890625
positive	0.2998046875
positive	0.2841796875
positive	0.345703125
positive	0.28515625
positive	0.349609375
positive	0.28515625
positive	0.3154296875
positive	0.328125
positive	0.2890625
positive	0.31640625
positive	0.3564453125
positive	0.3486328125
positive	0.310546875
positive	0.3115234375
positive	0.3154296875
positive	0.26953125
positive	0.3056640625
positive	0.3134765625
positive	0.3056640625
positive	0.3173828125
positive	0.2548828125
positive	0.3447265625
positive	0.2685546875
positive	0.248046875
positive	0.2919921875
positive	0.3505859375
positive	0.2578125
positive	0.30859375
positive	0.3193359375
positive	0.28125
positive	0.267578125
positive	0.31640625
positive	0.287109375
positive	0.26953125
positive	0.3095703125
positive	0.33203125
positive	0.3271484375
positive	0.3818359375
positive	0.306640625
positive	0.3173828125
positive	0.2939453125
positive	0.2998046875
positive	0.228515625
positive	0.341796875
positive	0.349609375
positive	0.3671875
positive	0.2724609375
positive	0.2822265625
positive	0.33984375
positive	0.3134765625
positive	0.3369140625
positive	0.3095703125
positive	0.3720703125
positive	0.2978515625
positive	0.298828125
positive	0.3251953125
positive	0.330078125
positive	0.2998046875
positive	0.296875
positive	0.326171875
positive	0.29296875
positive	0.3212890625
positive	0.3076171875
positive	0.283203125
positive	0.3017578125
positive	0.296875
positive	0.263671875
positive	0.3037109375
positive	0.3291015625
positive	0.3046875
positive	0.3369140625
positive	0.2763671875
positive	0.2607421875
positive	0.2421875
positive	0.2998046875
positive	0.330078125
positive	0.30859375
positive	0.3017578125
positive	0.3056640625
positive	0.33984375
positive	0.30078125
positive	0.2919921875
positive	0.3115234375
positive	0.3173828125
positive	0.30859375
positive	0.3125
positive	0.3017578125
positive	0.2861328125
positive	0.3359375
positive	0.2109375
positive	0.1884765625
positive	0.3134765625
positive	0.2568359375
positive	0.3154296875
positive	0.3095703125
positive	0.2998046875
positive	0.28515625
positive	0.2939453125
positive	0.3134765625
positive	0.30859375
positive	0.3046875
positive	0.2900390625
positive	0.3017578125
positive	0.3203125
positive	0.2861328125
positive	0.28125
positive	0.3134765625
positive	0.318359375
positive	0.3125
positive	0.3056640625
positive	0.3076171875
positive	0.26953125
positive	0.2861328125
positive	0.2587890625
positive	0.314453125
positive	0.279296875
positive	0.369140625
positive	0.2880859375
positive	0.3310546875
positive	0.3056640625
positive	0.3310546875
positive	0.37109375
positive	0.3330078125
positive	0.2939453125
positive	0.3623046875
positive	0.279296875
positive	0.3134765625
positive	0.2734375
positive	0.306640625
positive	0.3505859375
positive	0.3232421875
positive	0.3212890625
positive	0.29296875
positive	0.279296875
positive	0.2861328125
positive	0.2861328125
positive	0.2802734375
positive	0.2763671875
positive	0.3232421875
positive	0.2685546875
positive	0.3701171875
positive	0.2353515625
positive	0.3212890625
positive	0.234375
positive	0.2822265625
positive	0.353515625
positive	0.333984375
positive	0.294921875
positive	0.27734375
positive	0.3125
positive	0.2880859375
positive	0.2998046875
positive	0.2734375
positive	0.302734375
positive	0.25390625
positive	0.2841796875
positive	0.296875
positive	0.3349609375
positive	0.33984375
positive	0.291015625
positive	0.287109375
positive	0.294921875
positive	0.29296875
positive	0.3056640625
positive	0.3203125
positive	0.3125
positive	0.3212890625
positive	0.3056640625
positive	0.3408203125
positive	0.3037109375
positive	0.30859375
positive	0.30859375
positive	0.3203125
positive	0.29296875
positive	0.291015625
positive	0.337890625
positive	0.3017578125
positive	0.2802734375
positive	0.2978515625
positive	0.3134765625
positive	0.357421875
positive	0.2958984375
positive	0.2802734375
positive	0.3134765625
positive	0.3203125
positive	0.2861328125
positive	0.2880859375
positive	0.306640625
positive	0.294921875
positive	0.3173828125
positive	0.3271484375
positive	0.3232421875
positive	0.31640625
positive	0.2890625
positive	0.2783203125
positive	0.2724609375
positive	0.298828125
positive	0.3251953125
positive	0.2734375
positive	0.3173828125
positive	0.2783203125
positive	0.2880859375
positive	0.3037109375
positive	0.3173828125
positive	0.3203125
positive	0.310546875
positive	0.283203125
positive	0.2685546875
positive	0.3046875
positive	0.3056640625
positive	0.34375
positive	0.28125
positive	0.3173828125
positive	0.298828125
positive	0.302734375
positive	0.3037109375
positive	0.3505859375
positive	0.3037109375
positive	0.2783203125
positive	0.333984375
positive	0.3232421875
positive	0.30859375
positive	0.3037109375
positive	0.2041015625
positive	0.2685546875
positive	0.384765625
positive	0.279296875
positive	0.30859375
positive	0.35546875
positive	0.328125
positive	0.314453125
positive	0.287109375
positive	0.3232421875
positive	0.3203125
positive	0.2705078125
positive	0.2890625
positive	0.2802734375
positive	0.2861328125
positive	0.33203125
positive	0.294921875
positive	0.36328125
positive	0.27734375
positive	0.2822265625
positive	0.248046875
positive	0.3857421875
positive	0.2939453125
positive	0.3544921875
positive	0.34375
positive	0.296875
positive	0.2890625
positive	0.2724609375
positive	0.322265625
positive	0.3134765625
positive	0.27734375
positive	0.3037109375
positive	0.32421875
positive	0.279296875
positive	0.3203125
positive	0.30859375
positive	0.302734375
positive	0.2998046875
positive	0.2958984375
positive	0.287109375
positive	0.306640625
positive	0.296875
positive	0.30078125
positive	0.2138671875
positive	0.3134765625
positive	0.3212890625
positive	0.30859375
positive	0.3046875
positive	0.287109375
positive	0.3564453125
positive	0.32421875
positive	0.3427734375
positive	0.3173828125
positive	0.2861328125
positive	0.2978515625
positive	0.3359375
positive	0.3359375
positive	0.37890625
positive	0.2900390625
positive	0.2470703125
positive	0.345703125
positive	0.359375
positive	0.3603515625
positive	0.2646484375
positive	0.31640625
positive	0.3193359375
positive	0.3232421875
positive	0.3359375
positive	0.3271484375
positive	0.33203125
positive	0.30859375
positive	0.2880859375
positive	0.2578125
positive	0.228515625
positive	0.267578125
positive	0.1923828125
positive	0.205078125
positive	0.296875
positive	0.294921875
positive	0.279296875
positive	0.3076171875
positive	0.2900390625
positive	0.35546875
positive	0.3115234375
positive	0.34375
positive	0.2939453125
positive	0.3173828125
positive	0.3056640625
positive	0.314453125
positive	0.2841796875
positive	0.3154296875
positive	0.3056640625
positive	0.3203125
positive	0.33984375
positive	0.341796875
positive	0.302734375
positive	0.3173828125
positive	0.306640625
positive	0.306640625
positive	0.2890625
positive	0.2998046875
positive	0.25
positive	0.2705078125
positive	0.2490234375
positive	0.3515625
positive	0.232421875
positive	0.2373046875
positive	0.3076171875
positive	0.24609375
positive	0.3505859375
positive	0.330078125
positive	0.3369140625
positive	0.3134765625
positive	0.302734375
positive	0.32421875
positive	0.322265625
positive	0.30078125
positive	0.294921875
positive	0.3203125
positive	0.283203125
positive	0.25
positive	0.35546875
positive	0.2998046875
positive	0.275390625
positive	0.27734375
positive	0.27734375
positive	0.30859375
positive	0.2744140625
positive	0.2314453125
positive	0.2666015625
positive	0.27734375
positive	0.275390625
positive	0.25
positive	0.3037109375
positive	0.2802734375
positive	0.267578125
positive	0.2880859375
positive	0.3447265625
positive	0.3466796875
positive	0.3212890625
positive	0.291015625
positive	0.2822265625
positive	0.3125
positive	0.2724609375
positive	0.29296875
positive	0.3896484375
positive	0.3544921875
positive	0.2958984375
positive	0.2998046875
positive	0.2802734375
positive	0.330078125
positive	0.283203125
positive	0.279296875
positive	0.2939453125
positive	0.267578125
positive	0.314453125
positive	0.29296875
positive	0.298828125
positive	0.2646484375
positive	0.2587890625
positive	0.361328125
positive	0.2705078125
positive	0.31640625
positive	0.216796875
positive	0.3173828125
positive	0.2802734375
positive	0.328125
positive	0.25390625
positive	0.2861328125
positive	0.25390625
positive	0.2841796875
positive	0.30859375
positive	0.3251953125
positive	0.271484375
positive	0.287109375
positive	0.2744140625
positive	0.2666015625
positive	0.29296875
positive	0.26171875
positive	0.3408203125
positive	0.2705078125
positive	0.29296875
positive	0.2236328125
positive	0.20703125
positive	0.2138671875
positive	0.240234375
positive	0.2666015625
positive	0.26171875
positive	0.21875
positive	0.267578125
positive	0.2470703125
positive	0.259765625
positive	0.2451171875
positive	0.2294921875
positive	0.3046875
positive	0.2275390625
positive	0.23046875
positive	0.2744140625
positive	0.27734375
positive	0.296875
positive	0.2685546875
positive	0.3359375
positive	0.349609375
positive	0.408203125
positive	0.2939453125
positive	0.3232421875
positive	0.30859375
positive	0.267578125
positive	0.337890625
positive	0.294921875
positive	0.2880859375
positive	0.2919921875
positive	0.2763671875
positive	0.2861328125
positive	0.2587890625
positive	0.2646484375
positive	0.2314453125
positive	0.2734375
positive	0.2783203125
positive	0.2412109375
positive	0.234375
positive	0.24609375
positive	0.2353515625
positive	0.2177734375
positive	0.2900390625
positive	0.220703125
positive	0.283203125
positive	0.2587890625
positive	0.267578125
positive	0.220703125
positive	0.2314453125
positive	0.298828125
positive	0.2568359375
positive	0.3037109375
positive	0.224609375
positive	0.25390625
positive	0.328125
positive	0.28515625
positive	0.240234375
positive	0.3193359375
positive	0.28125
positive	0.29296875
positive	0.28515625
positive	0.271484375
positive	0.21875
positive	0.2548828125
positive	0.251953125
positive	0.216796875
positive	0.220703125
positive	0.2255859375
positive	0.283203125
positive	0.263671875
positive	0.287109375
positive	0.2919921875
positive	0.2734375
positive	0.279296875
positive	0.2802734375
positive	0.31640625
positive	0.3759765625
positive	0.267578125
positive	0.2724609375
positive	0.248046875
positive	0.2861328125
positive	0.333984375
positive	0.28125
positive	0.263671875
positive	0.2236328125
positive	0.3076171875
positive	0.3037109375
positive	0.28125
positive	0.29296875
positive	0.2763671875
positive	0.2490234375
positive	0.314453125
positive	0.302734375
positive	0.2880859375
positive	0.2822265625
positive	0.2841796875
positive	0.3056640625
positive	0.267578125
positive	0.2802734375
positive	0.341796875
positive	0.3203125
positive	0.3310546875
positive	0.2099609375
positive	0.3203125
positive	0.271484375
positive	0.2626953125
positive	0.296875
positive	0.26171875
positive	0.2109375
positive	0.21484375
positive	0.2275390625
positive	0.21484375
positive	0.2138671875
positive	0.236328125
positive	0.359375
positive	0.26171875
positive	0.30078125
positive	0.29296875
positive	0.27734375
positive	0.2900390625
positive	0.2939453125
positive	0.2861328125
positive	0.2861328125
positive	0.3046875
positive	0.26953125
positive	0.337890625
positive	0.251953125
positive	0.3359375
positive	0.283203125
positive	0.275390625
positive	0.2470703125
positive	0.2509765625
positive	0.2919921875
positive	0.263671875
positive	0.23046875
positive	0.234375
positive	0.25
positive	0.26171875
positive	0.2275390625
positive	0.2294921875
positive	0.2568359375
positive	0.2353515625
positive	0.224609375
positive	0.220703125
positive	0.291015625
positive	0.2578125
positive	0.3046875
positive	0.30078125
positive	0.275390625
positive	0.189453125
positive	0.2080078125
positive	0.193359375
positive	0.2041015625
positive	0.2802734375
positive	0.2451171875
positive	0.2490234375
positive	0.19140625
positive	0.3525390625
positive	0.2568359375
positive	0.2255859375
positive	0.2275390625
positive	0.224609375
positive	0.2490234375
positive	0.326171875
positive	0.25390625
positive	0.216796875
positive	0.306640625
positive	0.2568359375
positive	0.2333984375
positive	0.2646484375
positive	0.345703125
positive	0.232421875
positive	0.265625
positive	0.298828125
positive	0.2236328125
positive	0.2451171875
positive	0.27734375
positive	0.3076171875
positive	0.2451171875
positive	0.2607421875
positive	0.20703125
positive	0.2607421875
positive	0.2958984375
positive	0.283203125
positive	0.31640625
positive	0.2880859375
positive	0.2236328125
positive	0.2861328125
positive	0.26953125
positive	0.234375
positive	0.3115234375
positive	0.2958984375
positive	0.27734375
positive	0.2978515625
positive	0.34375
positive	0.2294921875
positive	0.25390625
positive	0.345703125
positive	0.2646484375
positive	0.3408203125
positive	0.26171875
positive	0.234375
positive	0.244140625
positive	0.2490234375
positive	0.326171875
positive	0.2294921875
positive	0.2197265625
positive	0.2412109375
positive	0.2724609375
positive	0.3232421875
positive	0.306640625
positive	0.2783203125
positive	0.265625
positive	0.2919921875
positive	0.2548828125
positive	0.25
positive	0.2744140625
positive	0.263671875
positive	0.2060546875
positive	0.1865234375
positive	0.2587890625
positive	0.2744140625
positive	0.2021484375
positive	0.20703125
positive	0.25
positive	0.259765625
positive	0.232421875
positive	0.2998046875
positive	0.28125
positive	0.2666015625
positive	0.2421875
positive	0.2041015625
positive	0.1923828125
positive	0.2392578125
positive	0.28125
positive	0.259765625
positive	0.2216796875
positive	0.294921875
positive	0.23828125
positive	0.28125
positive	0.2783203125
positive	0.2353515625
positive	0.30078125
positive	0.3125
positive	0.32421875
positive	0.2421875
positive	0.3203125
positive	0.2587890625
positive	0.23046875
positive	0.23828125
positive	0.240234375
positive	0.263671875
positive	0.3154296875
positive	0.302734375
positive	0.251953125
positive	0.251953125
positive	0.251953125
positive	0.244140625
positive	0.2646484375
positive	0.236328125
positive	0.2568359375
positive	0.21484375
positive	0.3271484375
positive	0.23828125
positive	0.2333984375
positive	0.2646484375
positive	0.287109375
positive	0.26171875
positive	0.2353515625
positive	0.2294921875
positive	0.26953125
positive	0.2138671875
positive	0.220703125
positive	0.21875
positive	0.28125
positive	0.17578125
positive	0.2626953125
positive	0.3115234375
positive	0.283203125
positive	0.2275390625
positive	0.2138671875
positive	0.2822265625
positive	0.2587890625
positive	0.283203125
positive	0.3076171875
positive	0.255859375
positive	0.2353515625
positive	0.2724609375
positive	0.240234375
positive	0.27734375
positive	0.2373046875
positive	0.29296875
positive	0.23828125
positive	0.23828125
positive	0.2587890625
positive	0.2919921875
positive	0.2861328125
positive	0.3056640625
positive	0.240234375
positive	0.2880859375
positive	0.2119140625
positive	0.267578125
positive	0.33203125
positive	0.30859375
positive	0.2138671875
positive	0.2705078125
positive	0.2705078125
positive	0.296875
positive	0.271484375
positive	0.2451171875
positive	0.248046875
positive	0.2138671875
positive	0.205078125
positive	0.248046875
positive	0.259765625
positive	0.22265625
positive	0.271484375
positive	0.2490234375
positive	0.2333984375
positive	0.2060546875
positive	0.291015625
positive	0.291015625
positive	0.2509765625
positive	0.31640625
positive	0.30078125
positive	0.2587890625
positive	0.2509765625
positive	0.34375
positive	0.2578125
positive	0.3095703125
positive	0.2470703125
positive	0.1875
positive	0.1962890625
positive	0.28125
positive	0.2646484375
positive	0.22265625
positive	0.2109375
positive	0.2177734375
positive	0.2060546875
positive	0.2568359375
positive	0.330078125
positive	0.2294921875
positive	0.2470703125
positive	0.359375
positive	0.27734375
positive	0.24609375
positive	0.2138671875
positive	0.2060546875
positive	0.2734375
positive	0.2431640625
positive	0.2529296875
positive	0.2158203125
positive	0.248046875
positive	0.25
positive	0.2919921875
positive	0.298828125
positive	0.251953125
positive	0.216796875
positive	0.232421875
positive	0.248046875
positive	0.2099609375
positive	0.26953125
positive	0.220703125
positive	0.3056640625
positive	0.2021484375
positive	0.22265625
positive	0.2216796875
positive	0.28515625
positive	0.2900390625
positive	0.26171875
positive	0.3017578125
positive	0.2138671875
positive	0.306640625
positive	0.2626953125
positive	0.244140625
positive	0.203125
positive	0.244140625
positive	0.2119140625
positive	0.2216796875
positive	0.263671875
positive	0.3115234375
positive	0.2802734375
positive	0.259765625
positive	0.2021484375
positive	0.23828125
positive	0.228515625
positive	0.23828125
positive	0.2802734375
positive	0.2587890625
positive	0.2451171875
positive	0.2216796875
positive	0.2802734375
positive	0.2421875
positive	0.23046875
positive	0.24609375
positive	0.220703125
positive	0.2177734375
positive	0.220703125
positive	0.208984375
positive	0.2177734375
positive	0.244140625
positive	0.2919921875
positive	0.3388671875
positive	0.271484375
positive	0.228515625
positive	0.265625
positive	0.259765625
positive	0.283203125
positive	0.25390625
positive	0.2861328125
positive	0.2587890625
positive	0.240234375
positive	0.3271484375
positive	0.263671875
positive	0.3017578125
positive	0.28125
positive	0.1826171875
positive	0.25390625
positive	0.244140625
positive	0.251953125
positive	0.3076171875
positive	0.203125
positive	0.333984375
positive	0.2568359375
positive	0.318359375
positive	0.240234375
positive	0.2001953125
positive	0.2216796875
positive	0.33984375
positive	0.2412109375
positive	0.2216796875
positive	0.2705078125
positive	0.2607421875
positive	0.3212890625
positive	0.255859375
positive	0.2392578125
positive	0.2578125
positive	0.234375
positive	0.2900390625
positive	0.2685546875
positive	0.2119140625
positive	0.29296875
positive	0.267578125
positive	0.2255859375
positive	0.2607421875
positive	0.2353515625
positive	0.248046875
positive	0.22265625
positive	0.291015625
positive	0.3310546875
positive	0.3203125
positive	0.25
positive	0.23046875
positive	0.2802734375
positive	0.330078125
positive	0.3173828125
positive	0.3076171875
positive	0.349609375
positive	0.29296875
positive	0.314453125
positive	0.2451171875
positive	0.2861328125
positive	0.279296875
positive	0.330078125
positive	0.2158203125
positive	0.296875
positive	0.28125
positive	0.34375
positive	0.25390625
positive	0.2919921875
positive	0.3017578125
positive	0.2421875
positive	0.23046875
positive	0.2685546875
positive	0.2333984375
positive	0.216796875
positive	0.279296875
positive	0.3251953125
positive	0.2919921875
positive	0.328125
positive	0.2265625
positive	0.2607421875
positive	0.212890625
positive	0.208984375
positive	0.3037109375
positive	0.2568359375
positive	0.2060546875
positive	0.2197265625
positive	0.26953125
positive	0.3193359375
positive	0.201171875
positive	0.2939453125
positive	0.361328125
positive	0.236328125
positive	0.1962890625
positive	0.201171875
positive	0.3046875
positive	0.251953125
positive	0.259765625
positive	0.23828125
positive	0.3515625
positive	0.2763671875
positive	0.25
positive	0.2373046875
positive	0.19921875
positive	0.2666015625
positive	0.265625
positive	0.3037109375
positive	0.244140625
positive	0.2236328125
positive	0.2275390625
positive	0.2744140625
positive	0.3154296875
positive	0.34765625
positive	0.24609375
positive	0.21875
positive	0.1982421875
positive	0.2451171875
positive	0.2783203125
positive	0.3408203125
positive	0.369140625
positive	0.2255859375
positive	0.330078125
positive	0.32421875
positive	0.3154296875
positive	0.296875
positive	0.27734375
positive	0.2578125
positive	0.248046875
positive	0.306640625
positive	0.2001953125
positive	0.2900390625
positive	0.2373046875
positive	0.2177734375
positive	0.2509765625
positive	0.2236328125
positive	0.306640625
positive	0.259765625
positive	0.3291015625
positive	0.28515625
positive	0.3212890625
positive	0.2978515625
positive	0.236328125
positive	0.236328125
positive	0.283203125
positive	0.287109375
positive	0.30859375
positive	0.2890625
positive	0.259765625
positive	0.251953125
positive	0.2265625
positive	0.2509765625
positive	0.326171875
positive	0.23828125
positive	0.2265625
positive	0.2099609375
positive	0.3095703125
positive	0.2548828125
positive	0.2734375
positive	0.296875
positive	0.2568359375
positive	0.28515625
positive	0.296875
positive	0.2138671875
positive	0.244140625
positive	0.2099609375
positive	0.228515625
positive	0.2529296875
positive	0.271484375
positive	0.2265625
positive	0.28125
positive	0.2236328125
positive	0.248046875
positive	0.3349609375
positive	0.2861328125
positive	0.2724609375
positive	0.3193359375
positive	0.224609375
positive	0.2412109375
positive	0.25390625
positive	0.2998046875
positive	0.2099609375
positive	0.328125
positive	0.3408203125
positive	0.275390625
positive	0.2978515625
positive	0.2197265625
positive	0.2314453125
positive	0.232421875
positive	0.2978515625
positive	0.2802734375
positive	0.2626953125
positive	0.306640625
positive	0.2705078125
positive	0.232421875
positive	0.279296875
positive	0.2763671875
positive	0.248046875
positive	0.2392578125
positive	0.3544921875
positive	0.2392578125
positive	0.33984375
positive	0.310546875
positive	0.208984375
positive	0.3193359375
positive	0.2958984375
positive	0.2451171875
positive	0.2763671875
positive	0.3017578125
positive	0.2998046875
positive	0.3095703125
positive	0.279296875
positive	0.25390625
positive	0.2392578125
positive	0.2265625
positive	0.271484375
positive	0.34375
positive	0.267578125
positive	0.2294921875
positive	0.3232421875
positive	0.3583984375
positive	0.263671875
positive	0.248046875
positive	0.4052734375
positive	0.228515625
positive	0.20703125
positive	0.201171875
positive	0.26171875
positive	0.2509765625
positive	0.3095703125
positive	0.34765625
positive	0.3310546875
positive	0.32421875
positive	0.279296875
positive	0.28125
positive	0.265625
positive	0.2958984375
positive	0.25
positive	0.2421875
positive	0.23828125
positive	0.2265625
positive	0.2373046875
positive	0.2626953125
positive	0.2724609375
positive	0.2783203125
positive	0.3037109375
positive	0.2509765625
positive	0.3134765625
positive	0.25390625
positive	0.328125
positive	0.2958984375
positive	0.20703125
positive	0.2353515625
positive	0.291015625
positive	0.3955078125
positive	0.232421875
positive	0.3349609375
positive	0.2646484375
positive	0.3037109375
positive	0.3154296875
positive	0.2353515625
positive	0.2275390625
positive	0.28125
positive	0.3115234375
positive	0.3115234375
positive	0.265625
positive	0.3212890625
positive	0.2978515625
positive	0.267578125
positive	0.2919921875
positive	0.2822265625
positive	0.30078125
positive	0.275390625
positive	0.23828125
positive	0.302734375
positive	0.275390625
positive	0.2509765625
positive	0.3193359375
positive	0.2470703125
positive	0.3505859375
positive	0.23828125
positive	0.306640625
positive	0.361328125
positive	0.2509765625
positive	0.22265625
positive	0.2333984375
positive	0.2392578125
positive	0.2158203125
positive	0.2626953125
positive	0.3505859375
positive	0.3291015625
positive	0.3125
positive	0.345703125
positive	0.2587890625
positive	0.2421875
positive	0.2421875
positive	0.2138671875
positive	0.3173828125
positive	0.2864125122
positive	0.2724609375
positive	0.267578125
positive	0.28515625
positive	0.3232421875
positive	0.2763671875
positive	0.3076171875
positive	0.345703125
positive	0.2109375
positive	0.2744140625
positive	0.2724609375
positive	0.291015625
positive	0.2587890625
positive	0.2626953125
positive	0.236328125
positive	0.2880859375
positive	0.318359375
positive	0.3017578125
positive	0.283203125
positive	0.287109375
positive	0.26953125
positive	0.31640625
positive	0.3115234375
positive	0.2646484375
positive	0.294921875
positive	0.3203125
positive	0.283203125
positive	0.271484375
positive	0.3427734375
positive	0.32421875
positive	0.328125
positive	0.2578125
positive	0.2529296875
positive	0.3271484375
positive	0.2705078125
positive	0.25
positive	0.291015625
positive	0.2890625
positive	0.2294921875
positive	0.2744140625
positive	0.2646484375
positive	0.244140625
positive	0.2900390625
positive	0.259765625
positive	0.3251953125
positive	0.220703125
positive	0.2646484375
positive	0.2822265625
positive	0.2412109375
positive	0.2138671875
positive	0.240234375
positive	0.2841796875
positive	0.32421875
positive	0.291015625
positive	0.28125
positive	0.3642578125
positive	0.318359375
positive	0.3154296875
positive	0.3193359375
positive	0.2333984375
positive	0.2705078125
positive	0.287109375
positive	0.3056640625
positive	0.21484375
positive	0.2587890625
positive	0.2392578125
positive	0.279296875
positive	0.294921875
positive	0.2861328125
positive	0.279296875
positive	0.251953125
positive	0.2841796875
positive	0.3037109375
positive	0.2763671875
positive	0.306640625
positive	0.283203125
positive	0.322265625
positive	0.291015625
positive	0.2705078125
positive	0.3583984375
positive	0.2705078125
positive	0.302734375
positive	0.2587890625
positive	0.2880859375
positive	0.427734375
positive	0.2314453125
positive	0.228515625
positive	0.275390625
positive	0.2568359375
positive	0.34375
positive	0.431640625
positive	0.31640625
positive	0.25
positive	0.244140625
positive	0.2314453125
positive	0.3671875
positive	0.2890625
positive	0.287109375
positive	0.310546875
positive	0.2802734375
positive	0.271484375
positive	0.2880859375
positive	0.275390625
positive	0.2490234375
positive	0.3251953125
positive	0.31640625
positive	0.2900390625
positive	0.2939453125
positive	0.2861328125
positive	0.2998046875
positive	0.2724609375
positive	0.2744140625
positive	0.2880859375
positive	0.3369140625
positive	0.291015625
positive	0.2978515625
positive	0.2138671875
positive	0.244140625
positive	0.3037109375
positive	0.310546875
positive	0.2490234375
positive	0.306640625
positive	0.2939453125
positive	0.25390625
positive	0.27734375
positive	0.2919921875
positive	0.2783203125
positive	0.2919921875
positive	0.244140625
positive	0.2685546875
positive	0.30859375
positive	0.30859375
positive	0.3349609375
positive	0.291015625
positive	0.26171875
positive	0.234375
positive	0.2705078125
positive	0.328125
positive	0.3125
positive	0.33203125
positive	0.2861328125
positive	0.2548828125
positive	0.3134765625
positive	0.2548828125
positive	0.296875
positive	0.2978515625
positive	0.2705078125
positive	0.2744140625
positive	0.3076171875
positive	0.2861328125
positive	0.3232421875
positive	0.28515625
positive	0.3291015625
positive	0.2880859375
positive	0.3564453125
positive	0.2744140625
positive	0.28125
positive	0.2734375
positive	0.259765625
positive	0.2685546875
positive	0.2177734375
positive	0.287109375
positive	0.2333984375
positive	0.2333984375
positive	0.25390625
positive	0.37890625
positive	0.298828125
positive	0.248046875
positive	0.3193359375
positive	0.2490234375
positive	0.244140625
positive	0.3154296875
positive	0.265625
positive	0.302734375
positive	0.2470703125
positive	0.224609375
positive	0.265625
positive	0.3408203125
positive	0.3271484375
positive	0.283203125
positive	0.294921875
positive	0.3427734375
positive	0.3134765625
positive	0.326171875
positive	0.2744140625
positive	0.2880859375
positive	0.3134765625
positive	0.2783203125
positive	0.2783203125
positive	0.2958984375
positive	0.2861328125
positive	0.30078125
positive	0.2880859375
positive	0.3037109375
positive	0.2470703125
positive	0.24609375
positive	0.2763671875
positive	0.2890625
positive	0.20703125
positive	0.2763671875
positive	0.283203125
positive	0.3193359375
positive	0.326171875
positive	0.2724609375
positive	0.2236328125
positive	0.2802734375
positive	0.345703125
positive	0.3203125
positive	0.3291015625
positive	0.25
positive	0.244140625
positive	0.2763671875
positive	0.2685546875
positive	0.2509765625
positive	0.2392578125
positive	0.26171875
positive	0.28125
positive	0.2900390625
positive	0.3447265625
positive	0.279296875
positive	0.322265625
positive	0.3564453125
positive	0.3017578125
positive	0.357421875
positive	0.2978515625
positive	0.31640625
positive	0.263671875
positive	0.2744140625
positive	0.294921875
positive	0.2607421875
positive	0.267578125
positive	0.322265625
positive	0.2822265625
positive	0.224609375
positive	0.2734375
positive	0.375
positive	0.3017578125
positive	0.2412109375
positive	0.3046875
positive	0.2919921875
positive	0.294921875
positive	0.2724609375
positive	0.3193359375
positive	0.3291015625
positive	0.2333984375
positive	0.271484375
positive	0.30078125
positive	0.322265625
positive	0.3486328125
positive	0.326171875
positive	0.2998046875
positive	0.3076171875
positive	0.3427734375
positive	0.2431640625
positive	0.3212890625
positive	0.248046875
positive	0.27734375
positive	0.279296875
positive	0.2685546875
positive	0.2685546875
positive	0.2744140625
positive	0.3369140625
positive	0.2333984375
positive	0.236328125
positive	0.287109375
positive	0.318359375
positive	0.291015625
positive	0.2705078125
positive	0.2880859375
positive	0.2685546875
positive	0.33203125
positive	0.2373046875
positive	0.1875
positive	0.2607421875
positive	0.310546875
positive	0.3349609375
positive	0.2705078125
positive	0.3310546875
positive	0.306640625
positive	0.2470703125
positive	0.263671875
positive	0.302734375
positive	0.30078125
positive	0.2998046875
positive	0.3134765625
positive	0.2646484375
positive	0.2998046875
positive	0.2763671875
positive	0.2646484375
positive	0.271484375
positive	0.2890625
positive	0.2841796875
positive	0.267578125
positive	0.287109375
positive	0.2685546875
positive	0.306640625
positive	0.3232421875
positive	0.263671875
positive	0.3037109375
positive	0.2763671875
positive	0.2744140625
positive	0.265625
positive	0.26171875
positive	0.3017578125
positive	0.267578125
positive	0.3095703125
positive	0.2900390625
positive	0.2763671875
positive	0.330078125
positive	0.2783203125
positive	0.3349609375
positive	0.2607421875
positive	0.2421875
positive	0.279296875
positive	0.296875
positive	0.279296875
positive	0.30859375
positive	0.3291015625
positive	0.3154296875
positive	0.2548828125
positive	0.2568359375
positive	0.29296875
positive	0.2919921875
positive	0.30078125
positive	0.2880859375
positive	0.2744140625
positive	0.3037109375
positive	0.2822265625
positive	0.2880859375
positive	0.3212890625
positive	0.2939453125
positive	0.3212890625
positive	0.2958984375
positive	0.2646484375
positive	0.2734375
positive	0.2646484375
positive	0.30859375
positive	0.32421875
positive	0.2890625
positive	0.3095703125
positive	0.2646484375
positive	0.279296875
positive	0.2451171875
positive	0.265625
positive	0.2802734375
positive	0.3173828125
positive	0.3017578125
positive	0.3359375
positive	0.25
positive	0.2548828125
positive	0.3193359375
positive	0.24609375
positive	0.2421875
positive	0.298828125
positive	0.3037109375
positive	0.302734375
positive	0.2998046875
positive	0.2421875
positive	0.3271484375
positive	0.2744140625
positive	0.2666015625
positive	0.3115234375
positive	0.279296875
positive	0.326171875
positive	0.2783203125
positive	0.28515625
positive	0.2822265625
positive	0.2666015625
positive	0.27734375
positive	0.2890625
positive	0.3056640625
positive	0.3173828125
positive	0.3388671875
positive	0.2470703125
positive	0.2041015625
positive	0.27734375
positive	0.29296875
positive	0.322265625
positive	0.3193359375
positive	0.3056640625
positive	0.2919921875
positive	0.2734375
positive	0.265625
positive	0.322265625
positive	0.2724609375
positive	0.306640625
positive	0.3349609375
positive	0.283203125
positive	0.267578125
positive	0.2509765625
positive	0.2490234375
positive	0.318359375
positive	0.2939453125
positive	0.2490234375
positive	0.2998046875
positive	0.2841796875
positive	0.3095703125
positive	0.314453125
positive	0.2890625
positive	0.3046875
positive	0.3134765625
positive	0.30078125
positive	0.26171875
positive	0.2724609375
positive	0.3037109375
positive	0.287109375
positive	0.283203125
positive	0.3173828125
positive	0.2880859375
positive	0.220703125
positive	0.26171875
positive	0.294921875
positive	0.3056640625
positive	0.3037109375
positive	0.2705078125
positive	0.294921875
positive	0.306640625
positive	0.30078125
positive	0.2900390625
positive	0.2841796875
positive	0.3056640625
positive	0.2978515625
positive	0.2578125
positive	0.279296875
positive	0.26953125
positive	0.291015625
positive	0.2939453125
positive	0.24609375
positive	0.3212890625
positive	0.1982421875
positive	0.236328125
positive	0.3515625
positive	0.2880859375
positive	0.3046875
positive	0.2626953125
positive	0.30078125
positive	0.2705078125
positive	0.2939453125
positive	0.294921875
positive	0.283203125
positive	0.3046875
positive	0.3330078125
positive	0.3212890625
positive	0.3046875
positive	0.2880859375
positive	0.3310546875
positive	0.3525390625
positive	0.3095703125
positive	0.306640625
positive	0.2998046875
positive	0.2490234375
positive	0.333984375
positive	0.314453125
positive	0.3125
positive	0.26953125
positive	0.30859375
positive	0.2998046875
positive	0.33203125
positive	0.33203125
positive	0.3173828125
positive	0.2705078125
positive	0.2626953125
positive	0.251953125
positive	0.310546875
positive	0.29296875
positive	0.3017578125
positive	0.3154296875
positive	0.2734375
positive	0.2470703125
positive	0.2158203125
positive	0.271484375
positive	0.2734375
positive	0.33203125
positive	0.2392578125
positive	0.3203125
positive	0.251953125
positive	0.244140625
positive	0.328125
positive	0.2705078125
positive	0.236328125
positive	0.296875
positive	0.3125
positive	0.2626953125
positive	0.27734375
positive	0.2412109375
positive	0.26171875
positive	0.232421875
positive	0.298828125
positive	0.291015625
positive	0.2890625
positive	0.283203125
positive	0.33203125
positive	0.337890625
positive	0.3251953125
positive	0.240234375
positive	0.318359375
positive	0.27734375
positive	0.2265625
positive	0.291015625
positive	0.3046875
positive	0.30078125
positive	0.248046875
positive	0.2939453125
positive	0.2490234375
positive	0.228515625
positive	0.294921875
positive	0.2841796875
positive	0.2822265625
positive	0.265625
positive	0.255859375
positive	0.3134765625
positive	0.29296875
positive	0.3037109375
positive	0.3134765625
positive	0.357421875
positive	0.3056640625
positive	0.3388671875
positive	0.3046875
positive	0.3232421875
positive	0.3388671875
positive	0.3125
positive	0.2841796875
positive	0.2470703125
positive	0.2822265625
positive	0.2587890625
positive	0.3095703125
positive	0.2978515625
positive	0.33203125
positive	0.30078125
positive	0.2861328125
positive	0.2978515625
positive	0.2060546875
positive	0.3037109375
positive	0.2705078125
positive	0.3076171875
positive	0.30078125
positive	0.359375
positive	0.267578125
positive	0.2041015625
positive	0.26953125
positive	0.1884765625
positive	0.314453125
positive	0.2880859375
positive	0.3359375
positive	0.3193359375
positive	0.3115234375
positive	0.296875
positive	0.3271484375
positive	0.3232421875
positive	0.306640625
positive	0.30078125
positive	0.26171875
positive	0.3291015625
positive	0.3701171875
positive	0.2734375
positive	0.33984375
positive	0.3291015625
positive	0.291015625
positive	0.3232421875
positive	0.2880859375
positive	0.2177734375
positive	0.208984375
positive	0.2705078125
positive	0.21875
positive	0.2587890625
positive	0.287109375
positive	0.3232421875
positive	0.3173828125
positive	0.3095703125
positive	0.30078125
positive	0.3154296875
positive	0.2880859375
positive	0.28125
positive	0.2939453125
positive	0.2919921875
positive	0.251953125
positive	0.2744140625
positive	0.28125
positive	0.3232421875
positive	0.2490234375
positive	0.2177734375
positive	0.2529296875
positive	0.2109375
positive	0.3125
positive	0.3125
positive	0.291015625
positive	0.2490234375
positive	0.3203125
positive	0.224609375
positive	0.25390625
positive	0.2998046875
positive	0.22265625
positive	0.27734375
positive	0.2490234375
positive	0.2919921875
positive	0.3212890625
positive	0.2509765625
positive	0.291015625
positive	0.291015625
positive	0.3251953125
positive	0.3076171875
positive	0.2783203125
positive	0.2451171875
positive	0.24609375
positive	0.3125
positive	0.3720703125
positive	0.2890625
positive	0.31640625
positive	0.314453125
positive	0.2509765625
positive	0.291015625
positive	0.3115234375
positive	0.2919921875
positive	0.2314453125
positive	0.263671875
positive	0.2294921875
positive	0.3720703125
positive	0.3017578125
positive	0.2802734375
positive	0.2958984375
positive	0.27734375
positive	0.2900390625
positive	0.28515625
positive	0.287109375
positive	0.3251953125
positive	0.3154296875
positive	0.3056640625
positive	0.3154296875
positive	0.2880859375
positive	0.3134765625
positive	0.2832832833
positive	0.2216796875
positive	0.2578125
positive	0.3193359375
positive	0.2626953125
positive	0.3212890625
positive	0.3134765625
positive	0.294921875
positive	0.2666015625
positive	0.2939453125
positive	0.236328125
positive	0.2783203125
positive	0.2958984375
positive	0.3359375
positive	0.2138671875
positive	0.2490234375
positive	0.2724609375
positive	0.275390625
positive	0.2919921875
positive	0.2666015625
positive	0.3173828125
positive	0.2919921875
positive	0.2978515625
positive	0.2998046875
positive	0.296875
positive	0.2607421875
positive	0.3056640625
positive	0.2939453125
positive	0.28125
positive	0.271484375
positive	0.3720703125
positive	0.2685546875
positive	0.2861328125
positive	0.283203125
positive	0.27734375
positive	0.2392578125
positive	0.2666015625
positive	0.294921875
positive	0.302734375
positive	0.2783203125
positive	0.2958984375
positive	0.248046875
positive	0.2880859375
positive	0.275390625
positive	0.2314453125
positive	0.34375
positive	0.291015625
positive	0.2841796875
positive	0.369140625
positive	0.2958984375
positive	0.2919921875
positive	0.2978515625
positive	0.2861328125
positive	0.3271484375
positive	0.2802734375
positive	0.2666015625
positive	0.275390625
positive	0.291015625
positive	0.3037109375
positive	0.283203125
positive	0.2890625
positive	0.298828125
positive	0.2705078125
positive	0.302734375
positive	0.296875
positive	0.2744140625
positive	0.27734375
positive	0.26953125
positive	0.2646484375
positive	0.267578125
positive	0.3037109375
positive	0.220703125
positive	0.26171875
positive	0.23828125
positive	0.2666015625
positive	0.275390625
positive	0.26171875
positive	0.2431640625
positive	0.271484375
positive	0.2763671875
positive	0.25390625
positive	0.2890625
positive	0.302734375
positive	0.2890625
positive	0.3046875
positive	0.318359375
positive	0.248046875
positive	0.3056640625
positive	0.2587890625
positive	0.2900390625
positive	0.30078125
positive	0.306640625
positive	0.2998046875
positive	0.2919921875
positive	0.287109375
positive	0.2841796875
positive	0.283203125
positive	0.3125
positive	0.3388671875
positive	0.2568359375
positive	0.3095703125
positive	0.275390625
positive	0.2998046875
positive	0.283203125
positive	0.330078125
positive	0.2783203125
positive	0.2734375
positive	0.302734375
positive	0.2744140625
positive	0.3251953125
positive	0.23828125
positive	0.3271484375
positive	0.2529296875
positive	0.3115234375
positive	0.2958984375
positive	0.2841796875
positive	0.2744140625
positive	0.306640625
positive	0.279296875
positive	0.2744140625
positive	0.2353515625
positive	0.3076171875
positive	0.2763671875
positive	0.3515625
positive	0.2822265625
positive	0.3232421875
positive	0.294921875
positive	0.3369140625
positive	0.30078125
positive	0.3212890625
positive	0.302734375
positive	0.345703125
positive	0.23828125
positive	0.23828125
positive	0.29296875
positive	0.2880859375
positive	0.298828125
positive	0.318359375
positive	0.3212890625
positive	0.294921875
positive	0.2919921875
positive	0.208984375
positive	0.1826171875
positive	0.2265625
positive	0.2333984375
positive	0.2841796875
positive	0.3037109375
positive	0.2978515625
positive	0.3037109375
positive	0.30078125
positive	0.3369140625
positive	0.3349609375
positive	0.3251953125
positive	0.3037109375
positive	0.2412109375
positive	0.2265625
positive	0.26953125
positive	0.3056640625
positive	0.2724609375
positive	0.2900390625
positive	0.29296875
positive	0.23828125
positive	0.30078125
positive	0.291015625
positive	0.310546875
positive	0.3037109375
positive	0.2880859375
positive	0.30859375
positive	0.26953125
positive	0.298828125
positive	0.259765625
positive	0.3134765625
positive	0.341796875
positive	0.28515625
positive	0.279296875
positive	0.2841796875
positive	0.26953125
positive	0.2138671875
positive	0.298828125
positive	0.27734375
positive	0.326171875
positive	0.3759765625
positive	0.2939453125
positive	0.2734375
positive	0.208984375
positive	0.2578125
positive	0.21875
positive	0.25390625
positive	0.3251953125
positive	0.271484375
positive	0.2919921875
positive	0.2978515625
positive	0.26953125
positive	0.2626953125
positive	0.38671875
positive	0.2841796875
positive	0.3095703125
positive	0.2900390625
positive	0.3779296875
positive	0.271484375
positive	0.2724609375
positive	0.2763671875
positive	0.29296875
positive	0.29296875
positive	0.265625
positive	0.26953125
positive	0.3203125
positive	0.29296875
positive	0.2880859375
positive	0.3232421875
positive	0.2880859375
positive	0.263671875
positive	0.2109375
positive	0.3095703125
positive	0.306640625
positive	0.2841796875
positive	0.2919921875
positive	0.2880859375
positive	0.2998046875
positive	0.2705078125
positive	0.2783203125
positive	0.2919921875
positive	0.298828125
positive	0.2822265625
positive	0.2900390625
positive	0.2255859375
positive	0.205078125
positive	0.27734375
positive	0.2900390625
positive	0.3046875
positive	0.2724609375
positive	0.3037109375
positive	0.3056640625
positive	0.328125
positive	0.3349609375
positive	0.26953125
positive	0.318359375
positive	0.2861328125
positive	0.2939453125
positive	0.251953125
positive	0.31640625
positive	0.2939453125
positive	0.2578125
positive	0.2880859375
positive	0.3095703125
positive	0.302734375
positive	0.30078125
positive	0.2861328125
positive	0.30859375
positive	0.291015625
positive	0.3056640625
positive	0.30859375
positive	0.2802734375
positive	0.2890625
positive	0.310546875
positive	0.3271484375
positive	0.2783203125
positive	0.2939453125
positive	0.265625
positive	0.306640625
positive	0.30859375
positive	0.3466796875
positive	0.333984375
positive	0.314453125
positive	0.29296875
positive	0.2607421875
positive	0.26171875
positive	0.2822265625
positive	0.302734375
positive	0.2958984375
positive	0.3857421875
positive	0.37109375
positive	0.28515625
positive	0.2822265625
positive	0.2666015625
positive	0.283203125
positive	0.279296875
positive	0.2900390625
positive	0.3017578125
positive	0.3076171875
positive	0.2666015625
positive	0.388671875
positive	0.3076171875
positive	0.291015625
positive	0.3095703125
positive	0.2919921875
positive	0.3271484375
positive	0.322265625
positive	0.244140625
positive	0.3896484375
positive	0.283203125
positive	0.2783203125
positive	0.3681640625
positive	0.294921875
positive	0.302734375
positive	0.3349609375
positive	0.3251953125
positive	0.296875
positive	0.2607421875
positive	0.306640625
positive	0.3232421875
positive	0.2890625
positive	0.3193359375
positive	0.298828125
positive	0.28125
positive	0.333984375
positive	0.3271484375
positive	0.30078125
positive	0.28125
positive	0.2666015625
positive	0.328125
positive	0.29296875
positive	0.337890625
positive	0.2294921875
positive	0.236328125
positive	0.2890625
positive	0.353515625
positive	0.2705078125
positive	0.3115234375
positive	0.2978515625
positive	0.29296875
positive	0.3115234375
positive	0.3515625
positive	0.267578125
positive	0.3037109375
positive	0.27734375
positive	0.29296875
positive	0.3271484375
positive	0.2783203125
positive	0.3134765625
positive	0.31640625
positive	0.30078125
positive	0.3193359375
positive	0.2880859375
positive	0.31640625
positive	0.287109375
positive	0.3017578125
positive	0.2978515625
positive	0.318359375
positive	0.37109375
positive	0.314453125
positive	0.314453125
positive	0.2841796875
positive	0.2978515625
positive	0.244140625
positive	0.2822265625
positive	0.2099609375
positive	0.287109375
positive	0.318359375
positive	0.318359375
positive	0.330078125
positive	0.28125
positive	0.2861328125
positive	0.296875
positive	0.26953125
positive	0.294921875
positive	0.2685546875
positive	0.2880859375
positive	0.228515625
positive	0.302734375
positive	0.2236328125
positive	0.30078125
positive	0.3046875
positive	0.3056640625
positive	0.31640625
positive	0.3193359375
positive	0.3349609375
positive	0.2763671875
positive	0.3017578125
positive	0.3115234375
positive	0.298828125
positive	0.287109375
positive	0.296875
positive	0.2841796875
positive	0.29296875
positive	0.3623046875
positive	0.294921875
positive	0.322265625
positive	0.2744140625
positive	0.318359375
positive	0.3193359375
positive	0.2275390625
positive	0.2724609375
positive	0.3212890625
positive	0.3076171875
positive	0.2978515625
positive	0.2919921875
positive	0.3125
positive	0.3154296875
positive	0.3056640625
positive	0.298828125
positive	0.26953125
positive	0.30078125
positive	0.3203125
positive	0.3720703125
positive	0.3505859375
positive	0.3017578125
positive	0.39453125
positive	0.287109375
positive	0.2705078125
positive	0.3359375
positive	0.3046875
positive	0.3232421875
positive	0.2939453125
positive	0.3720703125
positive	0.3203125
positive	0.3291015625
positive	0.28515625
positive	0.322265625
positive	0.2802734375
positive	0.26953125
positive	0.2626953125
positive	0.3740234375
positive	0.302734375
positive	0.2822265625
positive	0.3017578125
positive	0.33984375
positive	0.3291015625
positive	0.2607421875
positive	0.3095703125
positive	0.3056640625
positive	0.3134765625
positive	0.341796875
positive	0.298828125
positive	0.318359375
positive	0.27734375
positive	0.2890625
positive	0.291015625
positive	0.27734375
positive	0.2919921875
positive	0.330078125
positive	0.326171875
positive	0.3125
positive	0.333984375
positive	0.2685546875
positive	0.3095703125
positive	0.28125
positive	0.3193359375
positive	0.3125
positive	0.2421875
positive	0.306640625
positive	0.302734375
positive	0.3408203125
positive	0.310546875
positive	0.322265625
positive	0.26171875
positive	0.287109375
positive	0.3115234375
positive	0.310546875
positive	0.302734375
positive	0.3056640625
positive	0.3359375
positive	0.306640625
positive	0.2705078125
positive	0.333984375
positive	0.3798828125
positive	0.2587890625
positive	0.3291015625
positive	0.322265625
positive	0.3046875
positive	0.3046875
positive	0.2626953125
positive	0.2587890625
positive	0.287109375
positive	0.2607421875
positive	0.2919921875
positive	0.3388671875
positive	0.30078125
positive	0.2685546875
positive	0.3193359375
positive	0.32421875
positive	0.30859375
positive	0.234375
positive	0.2880859375
positive	0.3232421875
positive	0.30859375
positive	0.296875
positive	0.2822265625
positive	0.2841796875
positive	0.28125
positive	0.279296875
positive	0.31640625
positive	0.3330078125
positive	0.2724609375
positive	0.287109375
positive	0.2939453125
positive	0.28515625
positive	0.2880859375
positive	0.3095703125
positive	0.3232421875
positive	0.337890625
positive	0.26171875
positive	0.2822265625
positive	0.3134765625
positive	0.3212890625
positive	0.2978515625
positive	0.283203125
positive	0.302734375
positive	0.3232421875
positive	0.294921875
positive	0.3017578125
positive	0.3115234375
positive	0.3173828125
positive	0.31640625
positive	0.267578125
positive	0.3154296875
positive	0.3330078125
positive	0.3173828125
positive	0.2880859375
positive	0.326171875
positive	0.2685546875
positive	0.2353515625
positive	0.3291015625
positive	0.302734375
positive	0.287109375
positive	0.306640625
positive	0.30078125
positive	0.3056640625
positive	0.2890625
positive	0.3349609375
positive	0.30859375
positive	0.3046875
positive	0.2978515625
positive	0.275390625
positive	0.3232421875
positive	0.3583984375
positive	0.306640625
positive	0.3525390625
positive	0.30078125
positive	0.26953125
positive	0.3125
positive	0.255859375
positive	0.271484375
positive	0.26171875
positive	0.30078125
positive	0.2939453125
positive	0.3203125
positive	0.2890625
positive	0.32421875
positive	0.2939453125
positive	0.3125
positive	0.302734375
positive	0.296875
positive	0.3076171875
positive	0.3369140625
positive	0.3466796875
positive	0.3154296875
positive	0.349609375
positive	0.34765625
positive	0.34375
positive	0.34765625
positive	0.29296875
positive	0.25
positive	0.3271484375
positive	0.291015625
positive	0.3056640625
positive	0.298828125
positive	0.326171875
positive	0.333984375
positive	0.3017578125
positive	0.314453125
positive	0.283203125
positive	0.318359375
positive	0.3037109375
positive	0.310546875
positive	0.314453125
positive	0.3203125
positive	0.326171875
positive	0.353515625
positive	0.369140625
positive	0.2578125
positive	0.3095703125
positive	0.2919921875
positive	0.255859375
positive	0.3154296875
positive	0.279296875
positive	0.310546875
positive	0.3515625
positive	0.3056640625
positive	0.3115234375
positive	0.291015625
positive	0.349609375
positive	0.353515625
positive	0.3505859375
positive	0.302734375
positive	0.3447265625
positive	0.2734375
positive	0.306640625
positive	0.3212890625
positive	0.2578125
positive	0.3154296875
positive	0.30859375
positive	0.3173828125
positive	0.2412109375
positive	0.328125
positive	0.330078125
positive	0.3095703125
positive	0.2919921875
positive	0.3193359375
positive	0.26953125
positive	0.2626953125
positive	0.298828125
positive	0.3046875
positive	0.27734375
positive	0.283203125
positive	0.3125
positive	0.30078125
positive	0.2822265625
positive	0.2421875
positive	0.2685546875
positive	0.271484375
positive	0.322265625
positive	0.3154296875
positive	0.2646484375
positive	0.2666015625
positive	0.345703125
positive	0.3115234375
positive	0.2861328125
positive	0.30078125
positive	0.2763671875
positive	0.2958984375
positive	0.298828125
positive	0.341796875
positive	0.33203125
positive	0.3291015625
positive	0.2841796875
positive	0.30078125
positive	0.3427734375
positive	0.3232421875
positive	0.3134765625
positive	0.2958984375
positive	0.359375
positive	0.267578125
positive	0.2734375
positive	0.3056640625
positive	0.2578125
positive	0.3134765625
positive	0.3232421875
positive	0.30078125
positive	0.2958984375
positive	0.2978515625
positive	0.326171875
positive	0.353515625
positive	0.3818359375
positive	0.3349609375
positive	0.3017578125
positive	0.3310546875
positive	0.283203125
positive	0.3046875
positive	0.3125
positive	0.2802734375
positive	0.2900390625
positive	0.30078125
positive	0.3173828125
positive	0.30859375
positive	0.28515625
positive	0.2880859375
positive	0.328125
positive	0.3271484375
positive	0.31640625
positive	0.2802734375
positive	0.2900390625
positive	0.2998046875
positive	0.3212890625
positive	0.283203125
positive	0.3251953125
positive	0.294921875
positive	0.302734375
positive	0.341796875
positive	0.2744140625
positive	0.2802734375
positive	0.3388671875
positive	0.287109375
positive	0.2978515625
positive	0.2978515625
positive	0.291015625
positive	0.3154296875
positive	0.2900390625
positive	0.3310546875
positive	0.314453125
positive	0.3037109375
positive	0.2822265625
positive	0.3125
positive	0.3095703125
positive	0.2998046875
positive	0.2880859375
positive	0.267578125
positive	0.3173828125
positive	0.31640625
positive	0.2939453125
positive	0.3203125
positive	0.2978515625
positive	0.341796875
positive	0.3232421875
positive	0.287109375
positive	0.259765625
positive	0.283203125
positive	0.357421875
positive	0.2890625
positive	0.2822265625
positive	0.220703125
positive	0.3095703125
positive	0.3330078125
positive	0.3134765625
positive	0.3046875
positive	0.2998046875
positive	0.3251953125
positive	0.2919921875
positive	0.34375
positive	0.318359375
positive	0.3046875
positive	0.2666015625
positive	0.3525390625
positive	0.31640625
positive	0.2880859375
positive	0.3271484375
positive	0.3115234375
positive	0.330078125
positive	0.3037109375
positive	0.28125
positive	0.2978515625
positive	0.3203125
positive	0.3701171875
positive	0.31640625
positive	0.2998046875
positive	0.2421875
positive	0.263671875
positive	0.3349609375
positive	0.2939453125
positive	0.314453125
positive	0.353515625
positive	0.3408203125
positive	0.2607421875
positive	0.2880859375
positive	0.3017578125
positive	0.2919921875
positive	0.2939453125
positive	0.2763671875
positive	0.296875
positive	0.26953125
positive	0.322265625
positive	0.296875
positive	0.255859375
positive	0.2314453125
positive	0.2060546875
positive	0.3310546875
positive	0.35546875
positive	0.3662109375
positive	0.318359375
positive	0.32421875
positive	0.224609375
positive	0.244140625
positive	0.3671875
positive	0.31640625
positive	0.3203125
positive	0.3193359375
positive	0.29296875
positive	0.291015625
positive	0.27734375
positive	0.30859375
positive	0.298828125
positive	0.2958984375
positive	0.3056640625
positive	0.3193359375
positive	0.302734375
positive	0.310546875
positive	0.32421875
positive	0.2890625
positive	0.296875
positive	0.310546875
positive	0.33203125
positive	0.271484375
positive	0.2861328125
positive	0.2392578125
positive	0.361328125
positive	0.296875
positive	0.30859375
positive	0.306640625
positive	0.298828125
positive	0.3701171875
positive	0.3828125
positive	0.2763671875
positive	0.328125
positive	0.3076171875
positive	0.3251953125
positive	0.310546875
positive	0.30078125
positive	0.3466796875
positive	0.30078125
positive	0.3193359375
positive	0.3515625
positive	0.314453125
positive	0.33203125
positive	0.283203125
positive	0.29296875
positive	0.3271484375
positive	0.2744140625
positive	0.294921875
positive	0.2958984375
positive	0.279296875
positive	0.2841796875
positive	0.2861328125
positive	0.33984375
positive	0.30859375
positive	0.275390625
positive	0.2763671875
positive	0.296875
positive	0.2822265625
positive	0.259765625
positive	0.3369140625
positive	0.30859375
positive	0.29296875
positive	0.2685546875
positive	0.349609375
positive	0.314453125
positive	0.3134765625
positive	0.3291015625
positive	0.392578125
positive	0.31640625
positive	0.310546875
positive	0.3193359375
positive	0.3076171875
positive	0.2705078125
positive	0.361328125
positive	0.3017578125
positive	0.3125
positive	0.330078125
positive	0.2998046875
positive	0.2724609375
positive	0.3359375
positive	0.2802734375
positive	0.28125
positive	0.302734375
positive	0.212890625
positive	0.3076171875
positive	0.3154296875
positive	0.3330078125
positive	0.3076171875
positive	0.2998046875
positive	0.3056640625
positive	0.3720703125
positive	0.30078125
positive	0.2939453125
positive	0.27734375
positive	0.298828125
positive	0.2841796875
positive	0.2607421875
positive	0.28125
positive	0.2841796875
positive	0.31640625
positive	0.3505859375
positive	0.3212890625
positive	0.32421875
positive	0.3212890625
positive	0.2900390625
positive	0.3056640625
positive	0.3076171875
positive	0.333984375
positive	0.314453125
positive	0.35546875
positive	0.3154296875
positive	0.3037109375
positive	0.3017578125
positive	0.3203125
positive	0.34765625
positive	0.2841796875
positive	0.302734375
positive	0.302734375
positive	0.3056640625
positive	0.3212890625
positive	0.294921875
positive	0.337890625
positive	0.3046875
positive	0.365234375
positive	0.32421875
positive	0.2724609375
positive	0.25390625
positive	0.3212890625
positive	0.3212890625
positive	0.283203125
positive	0.2705078125
positive	0.3330078125
positive	0.3427734375
positive	0.2412109375
positive	0.2998046875
positive	0.279296875
positive	0.2861328125
positive	0.3115234375
positive	0.2646484375
positive	0.302734375
positive	0.34375
positive	0.3525390625
positive	0.3154296875
positive	0.3251953125
positive	0.3173828125
positive	0.3115234375
positive	0.318359375
positive	0.318359375
positive	0.3076171875
positive	0.267578125
positive	0.3193359375
positive	0.3056640625
positive	0.3251953125
positive	0.3427734375
positive	0.2900390625
positive	0.3125
positive	0.3359375
positive	0.2802734375
positive	0.3330078125
positive	0.2744140625
positive	0.2744140625
positive	0.3447265625
positive	0.388671875
positive	0.3232421875
positive	0.26953125
positive	0.298828125
positive	0.2939453125
positive	0.3291015625
positive	0.345703125
positive	0.3173828125
positive	0.3486328125
positive	0.3232421875
positive	0.2734375
positive	0.2548828125
positive	0.3095703125
positive	0.3125
positive	0.30078125
positive	0.2978515625
positive	0.2724609375
positive	0.3076171875
positive	0.3095703125
positive	0.298828125
positive	0.3837890625
positive	0.310546875
positive	0.3876953125
positive	0.3173828125
positive	0.3095703125
positive	0.31640625
positive	0.3037109375
positive	0.3046875
positive	0.32421875
positive	0.2666015625
positive	0.30078125
positive	0.314453125
positive	0.3134765625
positive	0.2841796875
positive	0.291015625
positive	0.3017578125
positive	0.3388671875
positive	0.30078125
positive	0.2890625
positive	0.3046875
positive	0.3037109375
positive	0.3662109375
positive	0.283203125
positive	0.2841796875
positive	0.2763671875
positive	0.376953125
positive	0.3466796875
positive	0.2744140625
positive	0.3154296875
positive	0.3125
positive	0.2939453125
positive	0.3046875
positive	0.298828125
positive	0.3125
positive	0.3505859375
positive	0.3525390625
positive	0.2626953125
positive	0.3359375
positive	0.3583984375
positive	0.2978515625
positive	0.3154296875
positive	0.2666015625
positive	0.3349609375
positive	0.3056640625
positive	0.3134765625
positive	0.34765625
positive	0.3935546875
positive	0.35546875
positive	0.3046875
positive	0.3056640625
positive	0.2998046875
positive	0.318359375
positive	0.26953125
positive	0.2998046875
positive	0.3134765625
positive	0.306640625
positive	0.3017578125
positive	0.3076171875
positive	0.3193359375
positive	0.3017578125
positive	0.314453125
positive	0.2734375
positive	0.3056640625
positive	0.3818359375
positive	0.365234375
positive	0.3046875
positive	0.3193359375
positive	0.2822265625
positive	0.271484375
positive	0.3388671875
positive	0.314453125
positive	0.291015625
positive	0.2548828125
positive	0.2744140625
positive	0.306640625
positive	0.2705078125
positive	0.30078125
positive	0.2802734375
positive	0.291015625
positive	0.3349609375
positive	0.328125
positive	0.3232421875
positive	0.2919921875
positive	0.3251953125
positive	0.3515625
positive	0.333984375
positive	0.291015625
positive	0.2841796875
positive	0.291015625
positive	0.3125
positive	0.296875
positive	0.2890625
positive	0.294921875
positive	0.3017578125
positive	0.2939453125
positive	0.2900390625
positive	0.3486328125
positive	0.263671875
positive	0.322265625
positive	0.275390625
positive	0.2802734375
positive	0.2783203125
positive	0.2900390625
positive	0.298828125
positive	0.3037109375
positive	0.3017578125
positive	0.3076171875
positive	0.291015625
positive	0.3251953125
positive	0.318359375
positive	0.2763671875
positive	0.2763671875
positive	0.287109375
positive	0.3115234375
positive	0.2685546875
positive	0.2509765625
positive	0.294921875
positive	0.2880859375
positive	0.2548828125
positive	0.29296875
positive	0.2861328125
positive	0.2890625
positive	0.3095703125
positive	0.3330078125
positive	0.326171875
positive	0.322265625
positive	0.3232421875
positive	0.3193359375
positive	0.2841796875
positive	0.3310546875
positive	0.3125
positive	0.236328125
positive	0.3349609375
positive	0.2685546875
positive	0.318359375
positive	0.3017578125
positive	0.3046875
positive	0.306640625
positive	0.3193359375
positive	0.3076171875
positive	0.328125
positive	0.3525390625
positive	0.2958984375
positive	0.365234375
positive	0.341796875
positive	0.310546875
positive	0.328125
positive	0.302734375
positive	0.2939453125
positive	0.2958984375
positive	0.27734375
positive	0.349609375
positive	0.2763671875
positive	0.2958984375
positive	0.3388671875
positive	0.337890625
positive	0.296875
positive	0.3291015625
positive	0.318359375
positive	0.3203125
positive	0.3212890625
positive	0.2861328125
positive	0.3173828125
positive	0.3056640625
positive	0.298828125
positive	0.33984375
positive	0.302734375
positive	0.3056640625
positive	0.298828125
positive	0.3505859375
positive	0.2646484375
positive	0.306640625
positive	0.322265625
positive	0.2939453125
positive	0.28125
positive	0.2998046875
positive	0.224609375
positive	0.287109375
positive	0.2724609375
positive	0.298828125
positive	0.302734375
positive	0.36328125
positive	0.2998046875
positive	0.30859375
positive	0.306640625
positive	0.328125
positive	0.3212890625
positive	0.2666015625
positive	0.3037109375
positive	0.2744140625
positive	0.306640625
positive	0.2841796875
positive	0.2939453125
positive	0.259765625
positive	0.2783203125
positive	0.3544921875
positive	0.37109375
positive	0.3388671875
positive	0.31640625
positive	0.3203125
positive	0.2744140625
positive	0.287109375
positive	0.3037109375
positive	0.2490234375
positive	0.3125
positive	0.314453125
positive	0.3466796875
positive	0.30859375
positive	0.3515625
positive	0.3173828125
positive	0.306640625
positive	0.294921875
positive	0.2705078125
positive	0.3193359375
positive	0.337890625
positive	0.279296875
positive	0.326171875
positive	0.2939453125
positive	0.3095703125
positive	0.2939453125
positive	0.25
positive	0.283203125
positive	0.3056640625
positive	0.341796875
positive	0.271484375
positive	0.251953125
positive	0.310546875
positive	0.2646484375
positive	0.34375
positive	0.3251953125
positive	0.314453125
positive	0.259765625
positive	0.28125
positive	0.275390625
positive	0.28125
positive	0.2587890625
positive	0.287109375
positive	0.271484375
positive	0.2939453125
positive	0.3076171875
positive	0.33203125
positive	0.3193359375
positive	0.30078125
positive	0.3193359375
positive	0.28515625
positive	0.3427734375
positive	0.2802734375
positive	0.3173828125
positive	0.2919921875
positive	0.296875
positive	0.2802734375
positive	0.287109375
positive	0.275390625
positive	0.28515625
positive	0.271484375
positive	0.2783203125
positive	0.2763671875
positive	0.2607421875
positive	0.275390625
positive	0.30859375
positive	0.2919921875
positive	0.2880859375
positive	0.3525390625
positive	0.3046875
positive	0.310546875
positive	0.2998046875
positive	0.3046875
positive	0.3330078125
positive	0.3271484375
positive	0.26953125
positive	0.2578125
positive	0.287109375
positive	0.279296875
positive	0.24609375
positive	0.3349609375
positive	0.2978515625
positive	0.3037109375
positive	0.2919921875
positive	0.27734375
positive	0.31640625
positive	0.3203125
positive	0.279296875
positive	0.2705078125
positive	0.2587890625
positive	0.310546875
positive	0.3037109375
positive	0.326171875
positive	0.2890625
positive	0.3359375
positive	0.318359375
positive	0.306640625
positive	0.306640625
positive	0.279296875
positive	0.2734375
positive	0.294921875
positive	0.3037109375
positive	0.3095703125
positive	0.302734375
positive	0.3095703125
positive	0.3310546875
positive	0.3515625
positive	0.2333984375
positive	0.28515625
positive	0.3134765625
positive	0.310546875
positive	0.3056640625
positive	0.3056640625
positive	0.3359375
positive	0.3837890625
positive	0.41015625
positive	0.24609375
positive	0.2978515625
positive	0.326171875
positive	0.306640625
positive	0.3251953125
positive	0.2783203125
positive	0.28125
positive	0.2783203125
positive	0.3447265625
positive	0.3564453125
positive	0.322265625
positive	0.3701171875
positive	0.3251953125
positive	0.2890625
positive	0.2890625
positive	0.294921875
positive	0.296875
positive	0.3388671875
positive	0.3310546875
positive	0.3330078125
positive	0.2802734375
positive	0.3369140625
positive	0.2958984375
positive	0.3115234375
positive	0.3330078125
positive	0.2841796875
positive	0.2998046875
positive	0.279296875
positive	0.3125
positive	0.3349609375
positive	0.3359375
positive	0.3134765625
positive	0.3251953125
positive	0.2763671875
positive	0.3095703125
positive	0.33984375
positive	0.322265625
positive	0.3271484375
positive	0.2783203125
positive	0.2958984375
positive	0.3056640625
positive	0.2734375
positive	0.291015625
positive	0.3193359375
positive	0.3125
positive	0.287109375
positive	0.2900390625
positive	0.291015625
positive	0.3173828125
positive	0.3583984375
positive	0.337890625
positive	0.26953125
positive	0.27734375
positive	0.2890625
positive	0.3447265625
positive	0.2900390625
positive	0.2724609375
positive	0.314453125
positive	0.248046875
positive	0.3515625
positive	0.2998046875
positive	0.345703125
positive	0.32421875
positive	0.326171875
positive	0.3212890625
positive	0.2587890625
positive	0.3056640625
positive	0.318359375
positive	0.3330078125
positive	0.337890625
positive	0.3330078125
positive	0.353515625
positive	0.3447265625
positive	0.2802734375
positive	0.314453125
positive	0.3505859375
positive	0.296875
positive	0.4111328125
positive	0.255859375
positive	0.2265625
positive	0.31640625
positive	0.322265625
positive	0.326171875
positive	0.314453125
positive	0.322265625
positive	0.3076171875
positive	0.3388671875
positive	0.28125
positive	0.3056640625
positive	0.3017578125
positive	0.3095703125
positive	0.306640625
positive	0.2939453125
positive	0.333984375
positive	0.314453125
positive	0.3408203125
positive	0.3369140625
positive	0.25
positive	0.306640625
positive	0.3369140625
positive	0.3095703125
positive	0.1826171875
positive	0.244140625
positive	0.3037109375
positive	0.3271484375
positive	0.2861328125
positive	0.3232421875
positive	0.3212890625
positive	0.271484375
positive	0.302734375
positive	0.3046875
positive	0.29296875
positive	0.2763671875
positive	0.291015625
positive	0.3369140625
positive	0.2587890625
positive	0.306640625
positive	0.2470703125
positive	0.2333984375
positive	0.3662109375
positive	0.35546875
positive	0.3173828125
positive	0.34375
positive	0.2841796875
positive	0.30078125
positive	0.2903225806
positive	0.2939453125
positive	0.39453125
positive	0.2978515625
positive	0.3330078125
positive	0.31640625
positive	0.3271484375
positive	0.2705078125
positive	0.33984375
positive	0.3603515625
positive	0.3359375
positive	0.263671875
positive	0.3095703125
positive	0.3291015625
positive	0.279296875
positive	0.2880859375
positive	0.30078125
positive	0.31640625
positive	0.2353515625
positive	0.291015625
positive	0.30078125
positive	0.2958984375
positive	0.2666015625
positive	0.2978515625
positive	0.3671875
positive	0.318359375
positive	0.318359375
positive	0.28515625
positive	0.3056640625
positive	0.287109375
positive	0.3330078125
positive	0.3076171875
positive	0.3232421875
positive	0.3046875
positive	0.3125
positive	0.3134765625
positive	0.2998046875
positive	0.28515625
positive	0.30078125
positive	0.3115234375
positive	0.337890625
positive	0.283203125
positive	0.3291015625
positive	0.36328125
positive	0.2900390625
positive	0.3046875
positive	0.2978515625
positive	0.3125
positive	0.3154296875
positive	0.2900390625
positive	0.2919921875
positive	0.232421875
positive	0.2919921875
positive	0.3330078125
positive	0.3408203125
positive	0.337890625
positive	0.3154296875
positive	0.3232421875
positive	0.318359375
positive	0.306640625
positive	0.3251953125
positive	0.3076171875
positive	0.32421875
positive	0.2880859375
positive	0.328125
positive	0.32421875
positive	0.32421875
positive	0.3095703125
positive	0.2998046875
positive	0.28125
positive	0.3095703125
positive	0.2705078125
positive	0.2958984375
positive	0.31640625
positive	0.2734375
positive	0.2626953125
positive	0.31640625
positive	0.3056640625
positive	0.357421875
positive	0.33203125
positive	0.3212890625
positive	0.255859375
positive	0.3330078125
positive	0.3583984375
positive	0.3115234375
positive	0.24609375
positive	0.259765625
positive	0.263671875
positive	0.2734375
positive	0.302734375
positive	0.322265625
positive	0.359375
positive	0.30078125
positive	0.2314453125
positive	0.279296875
positive	0.298828125
positive	0.3330078125
positive	0.32421875
positive	0.271484375
positive	0.34765625
positive	0.33984375
positive	0.3056640625
positive	0.3046875
positive	0.310546875
positive	0.3203125
positive	0.32421875
positive	0.2802734375
positive	0.314453125
positive	0.3203125
positive	0.3505859375
positive	0.29296875
positive	0.330078125
positive	0.3154296875
positive	0.3603515625
positive	0.34375
positive	0.3154296875
positive	0.3095703125
positive	0.330078125
positive	0.390625
positive	0.244140625
positive	0.3515625
positive	0.328125
positive	0.314453125
positive	0.265625
positive	0.3271484375
positive	0.333984375
positive	0.2841796875
positive	0.2958984375
positive	0.298828125
positive	0.3076171875
positive	0.3115234375
positive	0.3173828125
positive	0.3232421875
positive	0.3291015625
positive	0.3291015625
positive	0.2802734375
positive	0.3359375
positive	0.296875
positive	0.2802734375
positive	0.359375
positive	0.2958984375
positive	0.341796875
positive	0.3662109375
positive	0.3037109375
positive	0.310546875
positive	0.33984375
positive	0.28125
positive	0.3271484375
positive	0.3037109375
positive	0.3232421875
positive	0.2763671875
positive	0.357421875
positive	0.3095703125
positive	0.3310546875
positive	0.3525390625
positive	0.34765625
positive	0.302734375
positive	0.2900390625
positive	0.306640625
positive	0.353515625
positive	0.3525390625
positive	0.275390625
positive	0.2744140625
positive	0.2841796875
positive	0.2626953125
positive	0.3056640625
positive	0.298828125
positive	0.3115234375
positive	0.349609375
positive	0.291015625
positive	0.34765625
positive	0.3125
positive	0.2744140625
positive	0.3046875
positive	0.328125
positive	0.3408203125
positive	0.328125
positive	0.3740234375
positive	0.298828125
positive	0.3828125
positive	0.3134765625
positive	0.3125
positive	0.271484375
positive	0.3330078125
positive	0.2890625
positive	0.2607421875
positive	0.330078125
positive	0.3203125
positive	0.318359375
positive	0.291015625
positive	0.2939453125
positive	0.3349609375
positive	0.33203125
positive	0.3125
positive	0.3212890625
positive	0.3017578125
positive	0.2841796875
positive	0.2724609375
positive	0.3291015625
positive	0.302734375
positive	0.3896484375
positive	0.28515625
positive	0.2900390625
positive	0.314453125
positive	0.3125
positive	0.326171875
positive	0.28125
positive	0.2197265625
positive	0.2939453125
positive	0.3310546875
positive	0.3095703125
positive	0.2939453125
positive	0.29296875
positive	0.2880859375
positive	0.3076171875
positive	0.29296875
positive	0.291015625
positive	0.314453125
positive	0.3564453125
positive	0.2919921875
positive	0.255859375
positive	0.2919921875
positive	0.29296875
positive	0.2734375
positive	0.2607421875
positive	0.29296875
positive	0.3056640625
positive	0.2763671875
positive	0.3115234375
positive	0.296875
positive	0.2861328125
positive	0.29296875
positive	0.3271484375
positive	0.3408203125
positive	0.30859375
positive	0.3408203125
positive	0.3017578125
positive	0.27734375
positive	0.28125
positive	0.3251953125
positive	0.28515625
positive	0.2841796875
positive	0.291015625
positive	0.2998046875
positive	0.3271484375
positive	0.28125
positive	0.3134765625
positive	0.326171875
positive	0.31640625
positive	0.3134765625
positive	0.2880859375
positive	0.2626953125
positive	0.3544921875
positive	0.3173828125
positive	0.2978515625
positive	0.314453125
positive	0.2685546875
positive	0.33203125
positive	0.33203125
positive	0.330078125
positive	0.3271484375
positive	0.376953125
positive	0.3193359375
positive	0.3408203125
positive	0.3779296875
positive	0.3642578125
positive	0.27734375
positive	0.2890625
positive	0.33984375
positive	0.3134765625
positive	0.34375
positive	0.28515625
positive	0.2705078125
positive	0.2587890625
positive	0.330078125
positive	0.2578125
positive	0.3115234375
positive	0.3271484375
positive	0.279296875
positive	0.294921875
positive	0.24609375
positive	0.30078125
positive	0.287109375
positive	0.28125
positive	0.2880859375
positive	0.27734375
positive	0.306640625
positive	0.2685546875
positive	0.3056640625
positive	0.353515625
positive	0.31640625
positive	0.306640625
positive	0.3095703125
positive	0.3330078125
positive	0.3251953125
positive	0.2958984375
positive	0.3671875
positive	0.32421875
positive	0.2939453125
positive	0.33984375
positive	0.287109375
positive	0.314453125
positive	0.373046875
positive	0.2265625
positive	0.2705078125
positive	0.333984375
positive	0.2041015625
positive	0.291015625
positive	0.28515625
positive	0.2578125
positive	0.3115234375
positive	0.2646484375
positive	0.3251953125
positive	0.271484375
positive	0.30078125
positive	0.3037109375
positive	0.2890625
positive	0.3056640625
positive	0.27734375
positive	0.27734375
positive	0.3056640625
positive	0.28515625
positive	0.3505859375
positive	0.2548828125
positive	0.3330078125
positive	0.328125
positive	0.2763671875
positive	0.3017578125
positive	0.2890625
positive	0.2607421875
positive	0.28515625
positive	0.2705078125
positive	0.3134765625
positive	0.283203125
positive	0.3349609375
positive	0.3134765625
positive	0.2958984375
positive	0.3466796875
positive	0.32421875
positive	0.3544921875
positive	0.3115234375
positive	0.2734375
positive	0.2841796875
positive	0.361328125
positive	0.2158203125
positive	0.234375
positive	0.310546875
positive	0.302734375
positive	0.2890625
positive	0.265625
positive	0.26953125
positive	0.3173828125
positive	0.3447265625
positive	0.333984375
positive	0.412109375
positive	0.357421875
positive	0.3017578125
positive	0.2626953125
positive	0.32421875
positive	0.310546875
positive	0.3173828125
positive	0.2958984375
positive	0.2685546875
positive	0.3125
positive	0.3271484375
positive	0.328125
positive	0.2783203125
positive	0.2626953125
positive	0.28515625
positive	0.3291015625
positive	0.2392578125
positive	0.287109375
positive	0.29296875
positive	0.2861328125
positive	0.283203125
positive	0.181640625
positive	0.27734375
positive	0.3017578125
positive	0.2783203125
positive	0.3212890625
positive	0.291015625
positive	0.337890625
positive	0.2900390625
positive	0.3310546875
positive	0.369140625
positive	0.1923828125
positive	0.2255859375
positive	0.2236328125
positive	0.4013671875
positive	0.3525390625
positive	0.38671875
positive	0.28515625
positive	0.3525390625
positive	0.234375
positive	0.3466796875
positive	0.3076171875
positive	0.28125
positive	0.328125
positive	0.267578125
positive	0.2919921875
positive	0.28125
positive	0.2587890625
positive	0.2802734375
positive	0.2880859375
positive	0.310546875
positive	0.3154296875
positive	0.2646484375
positive	0.3349609375
positive	0.2900390625
positive	0.30859375
positive	0.3505859375
positive	0.263671875
positive	0.359375
positive	0.330078125
positive	0.244140625
positive	0.244140625
positive	0.30859375
positive	0.287109375
positive	0.349609375
positive	0.361328125
positive	0.30859375
positive	0.2880859375
positive	0.287109375
positive	0.296875
positive	0.3115234375
positive	0.3251953125
positive	0.3466796875
positive	0.345703125
positive	0.3193359375
positive	0.2958984375
positive	0.2978515625
positive	0.283203125
positive	0.3251953125
positive	0.271484375
positive	0.30078125
positive	0.3115234375
positive	0.2763671875
positive	0.341796875
positive	0.330078125
positive	0.3525390625
positive	0.3056640625
positive	0.2880859375
positive	0.2880859375
positive	0.3134765625
positive	0.3134765625
positive	0.3251953125
positive	0.23046875
positive	0.232421875
positive	0.2490234375
positive	0.3115234375
positive	0.322265625
positive	0.328125
positive	0.3017578125
positive	0.25390625
positive	0.3134765625
positive	0.306640625
positive	0.2939453125
positive	0.240234375
positive	0.318359375
positive	0.3203125
positive	0.3203125
positive	0.2021484375
positive	0.3076171875
positive	0.3447265625
positive	0.33203125
positive	0.31640625
positive	0.23828125
positive	0.314453125
positive	0.2939453125
positive	0.30859375
positive	0.296875
positive	0.31640625
positive	0.2939453125
positive	0.333984375
positive	0.30078125
positive	0.3369140625
positive	0.3232421875
positive	0.30859375
positive	0.283203125
positive	0.326171875
positive	0.32421875
positive	0.3134765625
positive	0.3017578125
positive	0.2294921875
positive	0.1962890625
positive	0.1904296875
positive	0.271484375
positive	0.3427734375
positive	0.2998046875
positive	0.1904296875
positive	0.23046875
positive	0.3515625
positive	0.349609375
positive	0.3037109375
positive	0.2783203125
positive	0.2919921875
positive	0.259765625
positive	0.2470703125
positive	0.2744140625
positive	0.30859375
positive	0.2421875
positive	0.306640625
positive	0.267578125
positive	0.2861328125
positive	0.2763671875
positive	0.357421875
positive	0.3125
positive	0.3154296875
positive	0.302734375
positive	0.298828125
positive	0.275390625
positive	0.2734375
positive	0.28515625
positive	0.244140625
positive	0.291015625
positive	0.2978515625
positive	0.287109375
positive	0.3076171875
positive	0.3349609375
positive	0.2998046875
positive	0.330078125
positive	0.298828125
positive	0.3564453125
positive	0.3046875
positive	0.3095703125
positive	0.37109375
positive	0.3369140625
positive	0.2861328125
positive	0.296875
positive	0.3037109375
positive	0.3154296875
positive	0.3232421875
positive	0.2978515625
positive	0.3193359375
positive	0.3017578125
positive	0.28125
positive	0.2978515625
positive	0.3037109375
positive	0.3046875
positive	0.3046875
positive	0.302734375
positive	0.271484375
positive	0.3115234375
positive	0.2685546875
positive	0.2724609375
positive	0.306640625
positive	0.2841796875
positive	0.2734375
positive	0.2861328125
positive	0.3046875
positive	0.3154296875
positive	0.2744140625
positive	0.3359375
positive	0.3115234375
positive	0.4169921875
positive	0.2939453125
positive	0.2939453125
positive	0.3203125
positive	0.2431640625
positive	0.2998046875
positive	0.265625
positive	0.2265625
positive	0.3330078125
positive	0.3046875
positive	0.2880859375
positive	0.2890625
positive	0.3291015625
positive	0.287109375
positive	0.29296875
positive	0.275390625
positive	0.224609375
positive	0.294921875
positive	0.2783203125
positive	0.3115234375
positive	0.2626953125
positive	0.2783203125
positive	0.3154296875
positive	0.267578125
positive	0.2880859375
positive	0.3125
positive	0.4150390625
positive	0.29296875
positive	0.31640625
positive	0.294921875
positive	0.2978515625
positive	0.3427734375
positive	0.2490234375
positive	0.20703125
positive	0.2607421875
positive	0.3486328125
positive	0.2880859375
positive	0.275390625
positive	0.353515625
positive	0.3232421875
positive	0.357421875
positive	0.23828125
positive	0.3154296875
positive	0.37109375
positive	0.3115234375
positive	0.31640625
positive	0.2841796875
positive	0.283203125
positive	0.3544921875
positive	0.30859375
positive	0.3173828125
positive	0.2880859375
positive	0.2861328125
positive	0.3359375
positive	0.251953125
positive	0.3017578125
positive	0.2822265625
positive	0.28125
positive	0.2685546875
positive	0.33203125
positive	0.318359375
positive	0.2890625
positive	0.2783203125
positive	0.2548828125
positive	0.291015625
positive	0.380859375
positive	0.28125
positive	0.296875
positive	0.259765625
positive	0.3173828125
positive	0.33984375
positive	0.33203125
positive	0.255859375
positive	0.25390625
positive	0.2529296875
positive	0.31640625
positive	0.296875
positive	0.32421875
positive	0.2861328125
positive	0.27734375
positive	0.259765625
positive	0.2578125
positive	0.29296875
positive	0.2900390625
positive	0.2802734375
positive	0.248046875
positive	0.298828125
positive	0.2998046875
positive	0.298828125
positive	0.23046875
positive	0.2490234375
positive	0.2548828125
positive	0.2998046875
positive	0.3212890625
positive	0.2841796875
positive	0.287109375
positive	0.2724609375
positive	0.275390625
positive	0.2568359375
positive	0.287109375
positive	0.2724609375
positive	0.265625
positive	0.2587890625
positive	0.2880859375
positive	0.318359375
positive	0.294921875
positive	0.2109375
positive	0.259765625
positive	0.2705078125
positive	0.2666015625
positive	0.318359375
positive	0.3330078125
positive	0.2138671875
positive	0.2666015625
positive	0.2275390625
positive	0.2470703125
positive	0.298828125
positive	0.3037109375
positive	0.29296875
positive	0.240234375
positive	0.2880859375
positive	0.3076171875
positive	0.29296875
positive	0.2705078125
positive	0.287109375
positive	0.3232421875
positive	0.2744140625
positive	0.2646484375
positive	0.2919921875
positive	0.298828125
positive	0.2841796875
positive	0.3359375
positive	0.2607421875
positive	0.2607421875
positive	0.3125
positive	0.2705078125
positive	0.310546875
positive	0.3095703125
positive	0.3310546875
positive	0.3037109375
positive	0.275390625
positive	0.3134765625
positive	0.2900390625
positive	0.3232421875
positive	0.294921875
positive	0.2822265625
positive	0.2939453125
positive	0.2705078125
positive	0.3046875
positive	0.31640625
positive	0.3154296875
positive	0.3037109375
positive	0.31640625
positive	0.2880859375
positive	0.21875
positive	0.23828125
positive	0.2783203125
positive	0.2861328125
positive	0.267578125
positive	0.2890625
positive	0.34375
positive	0.2685546875
positive	0.18359375
positive	0.302734375
positive	0.28515625
positive	0.259765625
positive	0.34765625
positive	0.2822265625
positive	0.2841796875
positive	0.283203125
positive	0.248046875
positive	0.271484375
positive	0.314453125
positive	0.2216796875
positive	0.302734375
positive	0.3291015625
positive	0.265625
positive	0.26953125
positive	0.2978515625
positive	0.2861328125
positive	0.248046875
positive	0.2822265625
positive	0.2822265625
positive	0.2646484375
positive	0.359375
positive	0.3232421875
positive	0.2890625
positive	0.265625
positive	0.2890625
positive	0.287109375
positive	0.2763671875
positive	0.3037109375
positive	0.28125
positive	0.294921875
positive	0.29296875
positive	0.3125
positive	0.3212890625
positive	0.302734375
positive	0.3203125
positive	0.2978515625
positive	0.25
positive	0.3544921875
positive	0.326171875
positive	0.3203125
positive	0.287109375
positive	0.267578125
positive	0.3095703125
positive	0.279296875
positive	0.30859375
positive	0.322265625
positive	0.24609375
positive	0.2666015625
positive	0.3125
positive	0.27734375
positive	0.2724609375
positive	0.318359375
positive	0.3076171875
positive	0.2119140625
positive	0.3486328125
positive	0.2666015625
positive	0.294921875
positive	0.3154296875
positive	0.275390625
positive	0.32421875
positive	0.302734375
positive	0.3173828125
positive	0.2998046875
positive	0.287109375
positive	0.3193359375
positive	0.2607421875
positive	0.2548828125
positive	0.283203125
positive	0.2470703125
positive	0.2431640625
positive	0.24609375
positive	0.2255859375
positive	0.3076171875
positive	0.28125
positive	0.3486328125
positive	0.2626953125
positive	0.3037109375
positive	0.2744140625
positive	0.265625
positive	0.3427734375
positive	0.2607421875
positive	0.263671875
positive	0.28515625
positive	0.296875
positive	0.33203125
positive	0.30078125
positive	0.29296875
positive	0.294921875
positive	0.306640625
positive	0.3056640625
positive	0.2734375
positive	0.2646484375
positive	0.29296875
positive	0.26171875
positive	0.3134765625
positive	0.2861328125
positive	0.2919921875
positive	0.2841796875
positive	0.2802734375
positive	0.3193359375
positive	0.2783203125
positive	0.2431640625
positive	0.2197265625
positive	0.240234375
positive	0.2119140625
positive	0.2841796875
positive	0.248046875
positive	0.212890625
positive	0.263671875
positive	0.326171875
positive	0.296875
positive	0.296875
positive	0.2978515625
positive	0.3330078125
positive	0.2939453125
positive	0.2451171875
positive	0.3037109375
positive	0.3232421875
positive	0.3134765625
positive	0.2998046875
positive	0.283203125
positive	0.26171875
positive	0.275390625
positive	0.2421875
positive	0.3251953125
positive	0.259765625
positive	0.2880859375
positive	0.3095703125
positive	0.171875
positive	0.20703125
positive	0.275390625
positive	0.25
positive	0.236328125
positive	0.3662109375
positive	0.25
positive	0.244140625
positive	0.267578125
positive	0.275390625
positive	0.255859375
positive	0.29296875
positive	0.279296875
positive	0.365234375
positive	0.3125
positive	0.279296875
positive	0.3330078125
positive	0.259765625
positive	0.2783203125
positive	0.26953125
positive	0.2578125
positive	0.2724609375
positive	0.3203125
positive	0.3046875
positive	0.2734375
positive	0.26171875
positive	0.3173828125
positive	0.2587890625
positive	0.2802734375
positive	0.2373046875
positive	0.23828125
positive	0.275390625
positive	0.3251953125
positive	0.322265625
positive	0.3193359375
positive	0.2451171875
positive	0.2841796875
positive	0.275390625
positive	0.294921875
positive	0.251953125
positive	0.359375
positive	0.2578125
positive	0.2333984375
positive	0.3037109375
positive	0.3359375
positive	0.259765625
positive	0.2705078125
positive	0.275390625
positive	0.30078125
positive	0.287109375
positive	0.2958984375
positive	0.28515625
positive	0.265625
positive	0.2060546875
positive	0.1982421875
positive	0.228515625
positive	0.28125
positive	0.29296875
positive	0.2802734375
positive	0.2734375
positive	0.2080078125
positive	0.2197265625
positive	0.3056640625
positive	0.318359375
positive	0.2529296875
positive	0.2490234375
positive	0.2509765625
positive	0.2724609375
positive	0.3603515625
positive	0.275390625
positive	0.2724609375
positive	0.228515625
positive	0.2568359375
positive	0.2822265625
positive	0.2734375
positive	0.296875
positive	0.2939453125
positive	0.2978515625
positive	0.32421875
positive	0.2548828125
positive	0.3046875
positive	0.26953125
positive	0.2412109375
positive	0.2626953125
positive	0.3134765625
positive	0.32421875
positive	0.30078125
positive	0.306640625
positive	0.2294921875
positive	0.275390625
positive	0.2412109375
positive	0.3076171875
positive	0.2470703125
positive	0.26171875
positive	0.2548828125
positive	0.275390625
positive	0.2939453125
positive	0.2646484375
positive	0.2783203125
positive	0.2744140625
positive	0.2421875
positive	0.3369140625
positive	0.3134765625
positive	0.3349609375
positive	0.365234375
positive	0.21875
positive	0.271484375
positive	0.283203125
positive	0.3193359375
positive	0.2705078125
positive	0.27734375
positive	0.263671875
positive	0.25390625
positive	0.2001953125
positive	0.2646484375
positive	0.2724609375
positive	0.2373046875
positive	0.2373046875
positive	0.2412109375
positive	0.2470703125
positive	0.2421875
positive	0.3037109375
positive	0.302734375
positive	0.302734375
positive	0.2333984375
positive	0.3251953125
positive	0.2744140625
positive	0.2236328125
positive	0.318359375
positive	0.3125
positive	0.3076171875
positive	0.3203125
positive	0.298828125
positive	0.24609375
positive	0.2666015625
positive	0.2744140625
positive	0.34765625
positive	0.298828125
positive	0.3447265625
positive	0.2490234375
positive	0.29296875
positive	0.28125
positive	0.2998046875
positive	0.265625
positive	0.2939453125
positive	0.21484375
positive	0.30859375
positive	0.306640625
positive	0.28515625
positive	0.271484375
positive	0.2841796875
positive	0.2119140625
positive	0.220703125
positive	0.330078125
positive	0.2861328125
positive	0.2939453125
positive	0.2919921875
positive	0.2587890625
positive	0.2421875
positive	0.2666015625
positive	0.3466796875
positive	0.234375
positive	0.2060546875
positive	0.2421875
positive	0.259765625
positive	0.2275390625
positive	0.212890625
positive	0.2333984375
positive	0.2880859375
positive	0.26953125
positive	0.205078125
positive	0.2451171875
positive	0.220703125
positive	0.2373046875
positive	0.23046875
positive	0.1884765625
positive	0.28125
positive	0.2705078125
positive	0.25
positive	0.2177734375
positive	0.275390625
positive	0.35546875
positive	0.24609375
positive	0.177734375
positive	0.2060546875
positive	0.2763671875
positive	0.3193359375
positive	0.3251953125
positive	0.3544921875
positive	0.3037109375
positive	0.2841796875
positive	0.2841796875
positive	0.2841796875
positive	0.2294921875
positive	0.2705078125
positive	0.365234375
positive	0.3154296875
positive	0.2978515625
positive	0.2783203125
positive	0.232421875
positive	0.251953125
positive	0.2470703125
positive	0.28515625
positive	0.2783203125
positive	0.2177734375
positive	0.2197265625
positive	0.2177734375
positive	0.2890625
positive	0.1904296875
positive	0.19140625
positive	0.197265625
positive	0.2470703125
positive	0.255859375
positive	0.259765625
positive	0.255859375
positive	0.26171875
positive	0.248046875
positive	0.30078125
positive	0.271484375
positive	0.27734375
positive	0.2841796875
positive	0.2890625
positive	0.306640625
positive	0.2734375
positive	0.2666015625
positive	0.2763671875
positive	0.326171875
positive	0.3720703125
positive	0.3251953125
positive	0.2177734375
positive	0.2958984375
positive	0.2880859375
positive	0.2919921875
positive	0.271484375
positive	0.244140625
positive	0.2744140625
positive	0.3125
positive	0.2314453125
positive	0.2880859375
positive	0.36328125
positive	0.240234375
positive	0.2421875
positive	0.2734375
positive	0.2294921875
positive	0.212890625
positive	0.216796875
positive	0.2880859375
positive	0.3583984375
positive	0.34375
positive	0.2734375
positive	0.291015625
positive	0.255859375
positive	0.2314453125
positive	0.271484375
positive	0.25390625
positive	0.2509765625
positive	0.3271484375
positive	0.2587890625
positive	0.2822265625
positive	0.2890625
positive	0.3076171875
positive	0.3837890625
positive	0.2099609375
positive	0.23046875
positive	0.265625
positive	0.2783203125
positive	0.298828125
positive	0.2861328125
positive	0.208984375
positive	0.2587890625
positive	0.2724609375
positive	0.2197265625
positive	0.26171875
positive	0.2236328125
positive	0.2353515625
positive	0.2529296875
positive	0.205078125
positive	0.26953125
positive	0.2763671875
positive	0.2158203125
positive	0.2783203125
positive	0.3193359375
positive	0.30078125
positive	0.21875
positive	0.21875
positive	0.2265625
positive	0.248046875
positive	0.291015625
positive	0.27734375
positive	0.2314453125
positive	0.2197265625
positive	0.228515625
positive	0.2763671875
positive	0.2373046875
positive	0.228515625
positive	0.3056640625
positive	0.240234375
positive	0.2568359375
positive	0.291015625
positive	0.259765625
positive	0.33984375
positive	0.298828125
positive	0.2080078125
positive	0.2880859375
positive	0.2919921875
positive	0.2294921875
positive	0.2607421875
positive	0.25
positive	0.220703125
positive	0.2216796875
positive	0.24609375
positive	0.24609375
positive	0.2177734375
positive	0.2294921875
positive	0.21875
positive	0.251953125
positive	0.267578125
positive	0.2392578125
positive	0.244140625
positive	0.1796875
positive	0.306640625
positive	0.2412109375
positive	0.2841796875
positive	0.1884765625
positive	0.2666015625
positive	0.2861328125
positive	0.2861328125
positive	0.2333984375
positive	0.2529296875
positive	0.21484375
positive	0.2978515625
positive	0.2607421875
positive	0.2841796875
positive	0.2783203125
positive	0.318359375
positive	0.2177734375
positive	0.3408203125
positive	0.2607421875
positive	0.3095703125
positive	0.279296875
positive	0.283203125
positive	0.26171875
positive	0.21875
positive	0.333984375
positive	0.2060546875
positive	0.294921875
positive	0.2333984375
positive	0.18359375
positive	0.255859375
positive	0.2314453125
positive	0.248046875
positive	0.2138671875
positive	0.2666015625
positive	0.2587890625
positive	0.2744140625
positive	0.3212890625
positive	0.2509765625
positive	0.265625
positive	0.267578125
positive	0.2060546875
positive	0.32421875
positive	0.228515625
positive	0.220703125
positive	0.201171875
positive	0.240234375
positive	0.2685546875
positive	0.2744140625
positive	0.2666015625
positive	0.330078125
positive	0.2236328125
positive	0.3017578125
positive	0.2919921875
positive	0.251953125
positive	0.259765625
positive	0.2646484375
positive	0.2255859375
positive	0.2548828125
positive	0.2587890625
positive	0.275390625
positive	0.23046875
positive	0.22265625
positive	0.2255859375
positive	0.2734375
positive	0.265625
positive	0.2666015625
positive	0.3056640625
positive	0.2236328125
positive	0.2470703125
positive	0.28125
positive	0.3125
positive	0.3583984375
positive	0.296875
positive	0.2919921875
positive	0.302734375
positive	0.275390625
positive	0.287109375
positive	0.26171875
positive	0.25
positive	0.2236328125
positive	0.2783203125
positive	0.2724609375
positive	0.265625
positive	0.208984375
positive	0.25390625
positive	0.353515625
positive	0.2177734375
positive	0.2978515625
positive	0.291015625
positive	0.2548828125
positive	0.3173828125
positive	0.2861328125
positive	0.259765625
positive	0.275390625
positive	0.2392578125
positive	0.275390625
positive	0.3115234375
positive	0.357421875
positive	0.220703125
positive	0.19140625
positive	0.322265625
positive	0.2021484375
positive	0.2021484375
positive	0.259765625
positive	0.345703125
positive	0.2587890625
positive	0.26953125
positive	0.271484375
positive	0.26953125
positive	0.2578125
positive	0.3125
positive	0.287109375
positive	0.3076171875
positive	0.2646484375
positive	0.2255859375
positive	0.3515625
positive	0.2109375
positive	0.244140625
positive	0.244140625
positive	0.2490234375
positive	0.234375
positive	0.26953125
positive	0.2626953125
positive	0.2353515625
positive	0.2216796875
positive	0.236328125
positive	0.2109375
positive	0.2197265625
positive	0.2880859375
positive	0.2548828125
positive	0.2529296875
positive	0.259765625
positive	0.232421875
positive	0.3251953125
positive	0.2783203125
positive	0.2490234375
positive	0.248046875
positive	0.3369140625
positive	0.251953125
positive	0.3193359375
positive	0.2021484375
positive	0.21484375
positive	0.2421875
positive	0.2197265625
positive	0.240234375
positive	0.216796875
positive	0.236328125
positive	0.21484375
positive	0.2392578125
positive	0.2373046875
positive	0.232421875
positive	0.23046875
positive	0.2998046875
positive	0.3056640625
positive	0.25390625
positive	0.2548828125
positive	0.2236328125
positive	0.2470703125
positive	0.2783203125
positive	0.244140625
positive	0.2919921875
positive	0.2314453125
positive	0.2548828125
positive	0.3408203125
positive	0.2763671875
positive	0.265625
positive	0.2314453125
positive	0.212890625
positive	0.2255859375
positive	0.2314453125
positive	0.2734375
positive	0.2978515625
positive	0.224609375
positive	0.2333984375
positive	0.2197265625
positive	0.3046875
positive	0.228515625
positive	0.3056640625
positive	0.259765625
positive	0.2509765625
positive	0.2275390625
positive	0.19921875
positive	0.30859375
positive	0.294921875
positive	0.265625
positive	0.3271484375
positive	0.259765625
positive	0.24609375
positive	0.2939453125
positive	0.3125
positive	0.2998046875
positive	0.2490234375
positive	0.2705078125
positive	0.1845703125
positive	0.19140625
positive	0.248046875
positive	0.2158203125
positive	0.24609375
positive	0.271484375
positive	0.2490234375
positive	0.2568359375
positive	0.2529296875
positive	0.3232421875
positive	0.2041015625
positive	0.2998046875
positive	0.25
positive	0.3212890625
positive	0.3037109375
positive	0.3203125
positive	0.3251953125
positive	0.3134765625
positive	0.330078125
positive	0.236328125
positive	0.2197265625
positive	0.3037109375
positive	0.255859375
positive	0.1982421875
positive	0.3046875
positive	0.306640625
positive	0.2998046875
positive	0.228515625
positive	0.3349609375
positive	0.2470703125
positive	0.310546875
positive	0.255859375
positive	0.267578125
positive	0.279296875
positive	0.2373046875
positive	0.2275390625
positive	0.3212890625
positive	0.2978515625
positive	0.255859375
positive	0.2666015625
positive	0.2060546875
positive	0.291015625
positive	0.27734375
positive	0.2314453125
positive	0.3330078125
positive	0.2353515625
positive	0.25390625
positive	0.3076171875
positive	0.3115234375
positive	0.2958984375
positive	0.2314453125
positive	0.2275390625
positive	0.2509765625
positive	0.224609375
positive	0.244140625
positive	0.2392578125
positive	0.2578125
positive	0.251953125
positive	0.2451171875
positive	0.310546875
positive	0.2705078125
positive	0.2841796875
positive	0.2939453125
positive	0.248046875
positive	0.201171875
positive	0.240234375
positive	0.271484375
positive	0.2685546875
positive	0.265625
positive	0.3193359375
positive	0.25
positive	0.2568359375
positive	0.2431640625
positive	0.26953125
positive	0.283203125
positive	0.26953125
positive	0.2353515625
positive	0.2470703125
positive	0.24609375
positive	0.23828125
positive	0.3447265625
positive	0.333984375
positive	0.2998046875
positive	0.2822265625
positive	0.2392578125
positive	0.306640625
positive	0.224609375
positive	0.2392578125
positive	0.232421875
positive	0.267578125
positive	0.2626953125
positive	0.21484375
positive	0.24609375
positive	0.275390625
positive	0.23828125
positive	0.294921875
positive	0.279296875
positive	0.2490234375
positive	0.232421875
positive	0.3125
positive	0.2041015625
positive	0.2685546875
positive	0.2568359375
positive	0.306640625
positive	0.3828125
positive	0.25
positive	0.2861328125
positive	0.2138671875
positive	0.2666015625
positive	0.2216796875
positive	0.25
positive	0.2666015625
positive	0.2060546875
positive	0.2353515625
positive	0.2421875
positive	0.318359375
positive	0.2177734375
positive	0.263671875
positive	0.28125
positive	0.1884765625
positive	0.3388671875
positive	0.263671875
positive	0.3037109375
positive	0.28515625
positive	0.2861328125
positive	0.2646484375
positive	0.2451171875
positive	0.2587890625
positive	0.2861328125
positive	0.2587890625
positive	0.236328125
positive	0.23828125
positive	0.3173828125
positive	0.28125
positive	0.2900390625
positive	0.2060546875
positive	0.2099609375
positive	0.2783203125
positive	0.310546875
positive	0.25390625
positive	0.205078125
positive	0.3115234375
positive	0.2822265625
positive	0.3017578125
positive	0.2392578125
positive	0.2578125
positive	0.21484375
positive	0.310546875
positive	0.2841796875
positive	0.28515625
positive	0.298828125
positive	0.3720703125
positive	0.2568359375
positive	0.20703125
positive	0.279296875
positive	0.2958984375
positive	0.35546875
positive	0.298828125
positive	0.2685546875
positive	0.2353515625
positive	0.3095703125
positive	0.2451171875
positive	0.2138671875
positive	0.2509765625
positive	0.2392578125
positive	0.275390625
positive	0.1962890625
positive	0.3154296875
positive	0.2197265625
positive	0.2607421875
positive	0.2744140625
positive	0.30859375
positive	0.251953125
positive	0.259765625
positive	0.234375
positive	0.3369140625
positive	0.240234375
positive	0.224609375
positive	0.3056640625
positive	0.314453125
positive	0.294921875
positive	0.2509765625
positive	0.26171875
positive	0.2314453125
positive	0.326171875
positive	0.23046875
positive	0.2138671875
positive	0.3798828125
positive	0.3447265625
positive	0.2509765625
positive	0.2607421875
positive	0.2841796875
positive	0.2802734375
positive	0.26171875
positive	0.28515625
positive	0.2744140625
positive	0.232421875
positive	0.2802734375
positive	0.30859375
positive	0.224609375
positive	0.3203125
positive	0.2919921875
positive	0.2685546875
positive	0.2783203125
positive	0.2490234375
positive	0.2705078125
positive	0.2568359375
positive	0.3408203125
positive	0.21875
positive	0.259765625
positive	0.2431640625
positive	0.2236328125
positive	0.2392578125
positive	0.2265625
positive	0.2822265625
positive	0.1962890625
positive	0.27734375
positive	0.236328125
positive	0.22265625
positive	0.2080078125
positive	0.310546875
positive	0.26953125
positive	0.212890625
positive	0.255859375
positive	0.25
positive	0.2646484375
positive	0.263671875
positive	0.248046875
positive	0.271484375
positive	0.2822265625
positive	0.2314453125
positive	0.318359375
positive	0.2958984375
positive	0.3154296875
positive	0.3232421875
positive	0.2890625
positive	0.3330078125
positive	0.33984375
positive	0.220703125
positive	0.220703125
positive	0.296875
positive	0.2724609375
positive	0.337890625
positive	0.30859375
positive	0.244140625
positive	0.390625
positive	0.2978515625
positive	0.32421875
positive	0.3037109375
positive	0.2626953125
positive	0.2392578125
positive	0.3359375
positive	0.23828125
positive	0.2255859375
positive	0.201171875
positive	0.3017578125
positive	0.2861328125
positive	0.2275390625
positive	0.298828125
positive	0.201171875
positive	0.2724609375
positive	0.3173828125
positive	0.32421875
positive	0.2109375
positive	0.3046875
positive	0.3876953125
positive	0.3505859375
positive	0.3212890625
positive	0.3330078125
positive	0.29296875
positive	0.2919921875
positive	0.2666015625
positive	0.15625
positive	0.224609375
positive	0.318359375
positive	0.2919921875
positive	0.345703125
positive	0.296875
positive	0.3359375
positive	0.2333984375
positive	0.3310546875
positive	0.28125
positive	0.236328125
positive	0.216796875
positive	0.2421875
positive	0.22265625
positive	0.279296875
positive	0.267578125
positive	0.2421875
positive	0.3212890625
positive	0.1845703125
positive	0.287109375
positive	0.2705078125
positive	0.3427734375
positive	0.267578125
positive	0.2744140625
positive	0.3037109375
positive	0.2138671875
positive	0.2880859375
positive	0.21484375
positive	0.2177734375
positive	0.2099609375
positive	0.267578125
positive	0.3076171875
positive	0.3232421875
positive	0.1787109375
positive	0.32421875
positive	0.3359375
positive	0.2978515625
positive	0.2548828125
positive	0.2939453125
positive	0.3212890625
positive	0.2646484375
positive	0.244140625
positive	0.271484375
positive	0.2548828125
positive	0.21875
positive	0.2998046875
positive	0.33203125
positive	0.3046875
positive	0.2998046875
positive	0.322265625
positive	0.359375
positive	0.2890625
positive	0.30078125
positive	0.2666015625
positive	0.2734375
positive	0.3232421875
positive	0.28125
positive	0.2900390625
positive	0.2939453125
positive	0.314453125
positive	0.3212890625
positive	0.32421875
positive	0.2802734375
positive	0.3203125
positive	0.2861328125
positive	0.2685546875
positive	0.251953125
positive	0.2509765625
positive	0.291015625
positive	0.2890625
positive	0.3212890625
positive	0.3369140625
positive	0.2958984375
positive	0.2783203125
positive	0.2333984375
positive	0.25
positive	0.3076171875
positive	0.3017578125
positive	0.2783203125
positive	0.2841796875
positive	0.244140625
positive	0.283203125
positive	0.302734375
positive	0.3076171875
positive	0.3203125
positive	0.2861328125
positive	0.310546875
positive	0.283203125
positive	0.3046875
positive	0.28515625
positive	0.3076171875
positive	0.26171875
positive	0.216796875
positive	0.26171875
positive	0.2705078125
positive	0.31640625
positive	0.19921875
positive	0.341796875
positive	0.30078125
positive	0.255859375
positive	0.2958984375
positive	0.3046875
positive	0.294921875
positive	0.2880859375
positive	0.2783203125
positive	0.33203125
positive	0.3212890625
positive	0.33984375
positive	0.2802734375
positive	0.3056640625
positive	0.3017578125
positive	0.29296875
positive	0.2978515625
positive	0.328125
positive	0.25390625
positive	0.298828125
positive	0.3212890625
positive	0.2392578125
positive	0.2236328125
positive	0.2822265625
positive	0.2958984375
positive	0.265625
positive	0.28125
positive	0.2548828125
positive	0.291015625
positive	0.29296875
positive	0.2392578125
positive	0.2021484375
positive	0.3076171875
positive	0.2724609375
positive	0.2578125
positive	0.2978515625
positive	0.2607421875
positive	0.248046875
positive	0.275390625
positive	0.259765625
positive	0.2578125
positive	0.3349609375
positive	0.2646484375
positive	0.2705078125
positive	0.3056640625
positive	0.271484375
positive	0.26171875
positive	0.3056640625
positive	0.224609375
positive	0.2548828125
positive	0.2666015625
positive	0.2763671875
positive	0.3125
positive	0.2978515625
positive	0.306640625
positive	0.3076171875
positive	0.314453125
positive	0.2763671875
positive	0.37109375
positive	0.2978515625
positive	0.314453125
positive	0.271484375
positive	0.2705078125
positive	0.2734375
positive	0.2919921875
positive	0.279296875
positive	0.275390625
positive	0.328125
positive	0.2353515625
positive	0.24609375
positive	0.333984375
positive	0.3134765625
positive	0.33203125
positive	0.2568359375
positive	0.2958984375
positive	0.3251953125
positive	0.291015625
positive	0.302734375
positive	0.2890625
positive	0.259765625
positive	0.3203125
positive	0.306640625
positive	0.291015625
positive	0.2578125
positive	0.3115234375
positive	0.2783203125
positive	0.3056640625
positive	0.2822265625
positive	0.271484375
positive	0.2900390625
positive	0.3125
positive	0.326171875
positive	0.294921875
positive	0.3076171875
positive	0.2685546875
positive	0.3125
positive	0.30859375
positive	0.2919921875
positive	0.24609375
positive	0.3828125
positive	0.314453125
positive	0.302734375
positive	0.279296875
positive	0.271484375
positive	0.2177734375
positive	0.2177734375
positive	0.24609375
positive	0.2880859375
positive	0.24609375
positive	0.3037109375
positive	0.29296875
positive	0.2919921875
positive	0.3408203125
positive	0.3701171875
positive	0.333984375
positive	0.28515625
positive	0.3095703125
positive	0.283203125
positive	0.349609375
positive	0.34375
positive	0.259765625
positive	0.29296875
positive	0.3359375
positive	0.361328125
positive	0.3388671875
positive	0.2587890625
positive	0.3232421875
positive	0.3076171875
positive	0.33984375
positive	0.2841796875
positive	0.349609375
positive	0.306640625
positive	0.2822265625
positive	0.28515625
positive	0.29296875
positive	0.34375
positive	0.2744140625
positive	0.3125
positive	0.326171875
positive	0.302734375
positive	0.2705078125
positive	0.2978515625
positive	0.2958984375
positive	0.3271484375
positive	0.2333984375
positive	0.23046875
positive	0.255859375
positive	0.248046875
positive	0.21484375
positive	0.2158203125
positive	0.291015625
positive	0.3154296875
positive	0.283203125
positive	0.259765625
positive	0.26171875
positive	0.3076171875
positive	0.2802734375
positive	0.287109375
positive	0.2958984375
positive	0.2861328125
positive	0.2763671875
positive	0.35546875
positive	0.33203125
positive	0.2919921875
positive	0.2734375
positive	0.296875
positive	0.271484375
positive	0.2978515625
positive	0.302734375
positive	0.310546875
positive	0.3134765625
positive	0.279296875
positive	0.234375
positive	0.3642578125
positive	0.279296875
positive	0.310546875
positive	0.33203125
positive	0.3125
positive	0.294921875
positive	0.3251953125
positive	0.2744140625
positive	0.3232421875
positive	0.3720703125
positive	0.349609375
positive	0.3154296875
positive	0.2783203125
positive	0.2685546875
positive	0.271484375
positive	0.365234375
positive	0.33984375
positive	0.3291015625
positive	0.2958984375
positive	0.275390625
positive	0.333984375
positive	0.2783203125
positive	0.302734375
positive	0.3095703125
positive	0.2978515625
positive	0.3310546875
positive	0.330078125
positive	0.2958984375
positive	0.279296875
positive	0.2421875
positive	0.35546875
positive	0.341796875
positive	0.2744140625
positive	0.3134765625
positive	0.3203125
positive	0.3515625
positive	0.31640625
positive	0.3134765625
positive	0.3251953125
positive	0.2939453125
positive	0.2958984375
positive	0.31640625
positive	0.3603515625
positive	0.3154296875
positive	0.3251953125
positive	0.34765625
positive	0.275390625
positive	0.3291015625
positive	0.28515625
positive	0.3974609375
positive	0.2890625
positive	0.337890625
positive	0.2919921875
positive	0.2744140625
positive	0.3212890625
positive	0.3447265625
positive	0.29296875
positive	0.2763671875
positive	0.3037109375
positive	0.3095703125
positive	0.267578125
positive	0.2841796875
positive	0.3134765625
positive	0.3408203125
positive	0.33203125
positive	0.2158203125
positive	0.279296875
positive	0.3388671875
positive	0.3046875
positive	0.2900390625
positive	0.2802734375
positive	0.2939453125
positive	0.33984375
positive	0.310546875
positive	0.267578125
positive	0.302734375
positive	0.2900390625
positive	0.296875
positive	0.3017578125
positive	0.30078125
positive	0.314453125
positive	0.3271484375
positive	0.2900390625
positive	0.326171875
positive	0.28125
positive	0.3251953125
positive	0.3173828125
positive	0.2998046875
positive	0.2763671875
positive	0.2626953125
positive	0.3544921875
positive	0.333984375
positive	0.294921875
positive	0.3076171875
positive	0.2421875
positive	0.3505859375
positive	0.28515625
positive	0.3251953125
positive	0.2763671875
positive	0.3046875
positive	0.3134765625
positive	0.302734375
positive	0.2978515625
positive	0.3251953125
positive	0.302734375
positive	0.2724609375
positive	0.2861328125
positive	0.2529296875
positive	0.30078125
positive	0.3359375
positive	0.2978515625
positive	0.2744140625
positive	0.29296875
positive	0.28515625
positive	0.287109375
positive	0.359375
positive	0.2939453125
positive	0.31640625
positive	0.3193359375
positive	0.302734375
positive	0.318359375
positive	0.30078125
positive	0.3583984375
positive	0.2978515625
positive	0.3388671875
positive	0.2900390625
positive	0.310546875
positive	0.33203125
positive	0.3369140625
positive	0.3212890625
positive	0.3193359375
positive	0.3046875
positive	0.287109375
positive	0.3193359375
positive	0.2900390625
positive	0.3154296875
positive	0.2705078125
positive	0.28125
positive	0.318359375
positive	0.314453125
positive	0.361328125
positive	0.3115234375
positive	0.353515625
positive	0.2822265625
positive	0.326171875
positive	0.2861328125
positive	0.3037109375
positive	0.3349609375
positive	0.3251953125
positive	0.2587890625
positive	0.2822265625
positive	0.2548828125
positive	0.2802734375
positive	0.302734375
positive	0.333984375
positive	0.314453125
positive	0.3154296875
positive	0.2734375
positive	0.30078125
positive	0.3203125
positive	0.1865234375
positive	0.23046875
positive	0.3125
positive	0.3017578125
positive	0.2978515625
positive	0.3505859375
positive	0.3154296875
positive	0.2958984375
positive	0.3193359375
positive	0.328125
positive	0.2978515625
positive	0.3076171875
positive	0.328125
positive	0.2646484375
positive	0.3271484375
positive	0.2646484375
positive	0.29296875
positive	0.3046875
positive	0.294921875
positive	0.2802734375
positive	0.30859375
positive	0.1953125
positive	0.3330078125
positive	0.259765625
positive	0.330078125
positive	0.310546875
positive	0.314453125
positive	0.3095703125
positive	0.306640625
positive	0.296875
positive	0.28125
positive	0.3759765625
positive	0.3330078125
positive	0.32421875
positive	0.279296875
positive	0.3125
positive	0.2548828125
positive	0.306640625
positive	0.2763671875
positive	0.3115234375
positive	0.2734375
positive	0.32421875
positive	0.3154296875
positive	0.2685546875
positive	0.3408203125
positive	0.314453125
positive	0.3076171875
positive	0.328125
positive	0.3310546875
positive	0.310546875
positive	0.3251953125
positive	0.33203125
positive	0.3125
positive	0.29296875
positive	0.2978515625
positive	0.296875
positive	0.2294921875
positive	0.271484375
positive	0.330078125
positive	0.3076171875
positive	0.294921875
positive	0.2822265625
positive	0.3203125
positive	0.302734375
positive	0.26171875
positive	0.287109375
positive	0.3125
positive	0.306640625
positive	0.28515625
positive	0.3779296875
positive	0.3037109375
positive	0.326171875
positive	0.2626953125
positive	0.28515625
positive	0.2978515625
positive	0.3173828125
positive	0.32421875
positive	0.275390625
positive	0.2900390625
positive	0.35546875
positive	0.328125
positive	0.330078125
positive	0.2939453125
positive	0.3193359375
positive	0.3291015625
positive	0.2734375
positive	0.283203125
positive	0.33203125
positive	0.3095703125
positive	0.3037109375
positive	0.296875
positive	0.3173828125
positive	0.3759765625
positive	0.310546875
positive	0.3115234375
positive	0.3115234375
positive	0.341796875
positive	0.2841796875
positive	0.2958984375
positive	0.279296875
positive	0.3017578125
positive	0.3017578125
positive	0.2841796875
positive	0.3408203125
positive	0.30859375
positive	0.3359375
positive	0.3212890625
positive	0.26953125
positive	0.2919921875
positive	0.365234375
positive	0.3076171875
positive	0.2646484375
positive	0.2919921875
positive	0.2939453125
positive	0.2919921875
positive	0.33984375
positive	0.265625
positive	0.27734375
positive	0.2744140625
positive	0.31640625
positive	0.30859375
positive	0.314453125
positive	0.2919921875
positive	0.28515625
positive	0.3203125
positive	0.2685546875
positive	0.33984375
positive	0.306640625
positive	0.3017578125
positive	0.3056640625
positive	0.2958984375
positive	0.275390625
positive	0.3388671875
positive	0.30859375
positive	0.310546875
positive	0.3115234375
positive	0.2890625
positive	0.2744140625
positive	0.3251953125
positive	0.2900390625
positive	0.2890625
positive	0.2802734375
positive	0.26953125
positive	0.275390625
positive	0.2666015625
positive	0.2890625
positive	0.287109375
positive	0.279296875
positive	0.2802734375
positive	0.28125
positive	0.279296875
positive	0.1962890625
positive	0.3056640625
positive	0.28515625
positive	0.2890625
positive	0.34375
positive	0.2470703125
positive	0.2734375
positive	0.3046875
positive	0.30078125
positive	0.3232421875
positive	0.3564453125
positive	0.318359375
positive	0.326171875
positive	0.3896484375
positive	0.2890625
positive	0.322265625
positive	0.2841796875
positive	0.302734375
positive	0.3427734375
positive	0.3515625
positive	0.2421875
positive	0.2880859375
positive	0.2958984375
positive	0.29296875
positive	0.2333984375
positive	0.296875
positive	0.2626953125
positive	0.3046875
positive	0.2919921875
positive	0.3046875
positive	0.2080078125
positive	0.28515625
positive	0.2705078125
positive	0.2783203125
positive	0.33203125
positive	0.34765625
positive	0.234375
positive	0.3212890625
positive	0.2236328125
positive	0.224609375
positive	0.30078125
positive	0.3115234375
positive	0.2587890625
positive	0.3310546875
positive	0.34375
positive	0.3076171875
positive	0.32421875
positive	0.2939453125
positive	0.2958984375
positive	0.3037109375
positive	0.3046875
positive	0.3046875
positive	0.27734375
positive	0.2890625
positive	0.240234375
positive	0.3349609375
positive	0.298828125
positive	0.3251953125
positive	0.30078125
positive	0.30859375
positive	0.26953125
positive	0.298828125
positive	0.3701171875
positive	0.3359375
positive	0.3310546875
positive	0.3154296875
positive	0.2919921875
positive	0.3349609375
positive	0.3623046875
positive	0.3408203125
positive	0.2998046875
positive	0.328125
positive	0.3076171875
positive	0.35546875
positive	0.3427734375
positive	0.333984375
positive	0.328125
positive	0.3271484375
positive	0.3037109375
positive	0.3173828125
positive	0.294921875
positive	0.283203125
positive	0.3193359375
positive	0.310546875
positive	0.3037109375
positive	0.2734375
positive	0.341796875
positive	0.2998046875
positive	0.3134765625
positive	0.291015625
positive	0.2783203125
positive	0.294921875
positive	0.3046875
positive	0.318359375
positive	0.3642578125
positive	0.384765625
positive	0.2705078125
positive	0.263671875
positive	0.3017578125
positive	0.3310546875
positive	0.2783203125
positive	0.24609375
positive	0.3125
positive	0.232421875
positive	0.2685546875
positive	0.2646484375
positive	0.306640625
positive	0.3076171875
positive	0.216796875
positive	0.3271484375
positive	0.287109375
positive	0.2685546875
positive	0.2978515625
positive	0.34375
positive	0.3154296875
positive	0.30078125
positive	0.232421875
positive	0.3271484375
positive	0.296875
positive	0.263671875
positive	0.3369140625
positive	0.28125
positive	0.3076171875
positive	0.3564453125
positive	0.3408203125
positive	0.310546875
positive	0.3779296875
positive	0.306640625
positive	0.279296875
positive	0.3076171875
positive	0.2744140625
positive	0.3125
positive	0.34375
positive	0.3076171875
positive	0.3076171875
positive	0.3154296875
positive	0.2978515625
positive	0.310546875
positive	0.3193359375
positive	0.30078125
positive	0.306640625
positive	0.3037109375
positive	0.328125
positive	0.2822265625
positive	0.2548828125
positive	0.3037109375
positive	0.2919921875
positive	0.3232421875
positive	0.330078125
positive	0.314453125
positive	0.345703125
positive	0.2578125
positive	0.30078125
positive	0.2041015625
positive	0.33203125
positive	0.3330078125
positive	0.3125
positive	0.3203125
positive	0.3046875
positive	0.3251953125
positive	0.29296875
positive	0.2587890625
positive	0.3125
positive	0.345703125
positive	0.3359375
positive	0.3330078125
positive	0.294921875
positive	0.3095703125
positive	0.33984375
positive	0.32421875
positive	0.322265625
positive	0.3212890625
positive	0.236328125
positive	0.2900390625
positive	0.2880859375
positive	0.333984375
positive	0.3134765625
positive	0.310546875
positive	0.365234375
positive	0.298828125
positive	0.28125
positive	0.33203125
positive	0.298828125
positive	0.275390625
positive	0.2802734375
positive	0.3203125
positive	0.34375
positive	0.3212890625
positive	0.3017578125
positive	0.345703125
positive	0.3671875
positive	0.4072265625
positive	0.3427734375
positive	0.2060546875
positive	0.2041015625
positive	0.2041015625
positive	0.298828125
positive	0.2587890625
positive	0.30859375
positive	0.2978515625
positive	0.28125
positive	0.2314453125
positive	0.3046875
positive	0.328125
positive	0.34375
positive	0.3251953125
positive	0.298828125
positive	0.2529296875
positive	0.2509765625
positive	0.365234375
positive	0.2802734375
positive	0.3203125
positive	0.32421875
positive	0.3427734375
positive	0.322265625
positive	0.3359375
positive	0.2919921875
positive	0.3115234375
positive	0.3134765625
positive	0.2744140625
positive	0.2900390625
positive	0.2919921875
positive	0.208984375
positive	0.2568359375
positive	0.29296875
positive	0.205078125
positive	0.2353515625
positive	0.2607421875
positive	0.2724609375
positive	0.232421875
positive	0.28125
positive	0.2841796875
positive	0.33203125
positive	0.220703125
positive	0.322265625
positive	0.2802734375
positive	0.232421875
positive	0.2890625
positive	0.326171875
positive	0.2509765625
positive	0.23828125
positive	0.3037109375
positive	0.251953125
positive	0.1982421875
positive	0.1728515625
positive	0.31640625
positive	0.28125
positive	0.3076171875
positive	0.3232421875
positive	0.2509765625
positive	0.2919921875
positive	0.2373046875
positive	0.32421875
positive	0.2880859375
positive	0.23046875
positive	0.236328125
positive	0.2666015625
positive	0.2421875
positive	0.2998046875
positive	0.3212890625
positive	0.2568359375
positive	0.291015625
positive	0.2392578125
positive	0.21875
positive	0.3203125
positive	0.30078125
positive	0.3232421875
positive	0.2919921875
positive	0.220703125
positive	0.2607421875
positive	0.3203125
positive	0.2724609375
positive	0.25
positive	0.283203125
positive	0.28515625
positive	0.32421875
positive	0.1845703125
positive	0.3037109375
positive	0.2646484375
positive	0.3115234375
positive	0.2783203125
positive	0.28515625
positive	0.3017578125
positive	0.240234375
positive	0.2744140625
positive	0.259765625
positive	0.29296875
positive	0.3173828125
positive	0.2783203125
positive	0.275390625
positive	0.31640625
positive	0.251953125
positive	0.3154296875
positive	0.322265625
positive	0.259765625
positive	0.29296875
positive	0.333984375
positive	0.318359375
positive	0.2763671875
positive	0.3154296875
positive	0.3037109375
positive	0.2578125
positive	0.2626953125
positive	0.2783203125
positive	0.3056640625
positive	0.3330078125
positive	0.2841796875
positive	0.306640625
positive	0.2763671875
positive	0.2783203125
positive	0.296875
positive	0.3056640625
positive	0.2900390625
positive	0.271484375
positive	0.3115234375
positive	0.255859375
positive	0.2998046875
positive	0.2548828125
positive	0.333984375
positive	0.2607421875
positive	0.2294921875
positive	0.361328125
positive	0.306640625
positive	0.3369140625
positive	0.30078125
positive	0.2890625
positive	0.2998046875
positive	0.330078125
positive	0.2607421875
positive	0.302734375
positive	0.2802734375
positive	0.2802734375
positive	0.3037109375
positive	0.3330078125
positive	0.287109375
positive	0.2841796875
positive	0.23828125
positive	0.2822265625
positive	0.251953125
positive	0.2890625
positive	0.2509765625
positive	0.2041015625
positive	0.2109375
positive	0.3076171875
positive	0.2490234375
positive	0.2578125
positive	0.3017578125
positive	0.2744140625
positive	0.2919921875
positive	0.2509765625
positive	0.3076171875
positive	0.275390625
positive	0.2158203125
positive	0.3193359375
positive	0.275390625
positive	0.2861328125
positive	0.3212890625
positive	0.2646484375
positive	0.2822265625
positive	0.2548828125
positive	0.369140625
positive	0.3349609375
positive	0.326171875
positive	0.1875
positive	0.21875
positive	0.3125
positive	0.2802734375
positive	0.3623046875
positive	0.2421875
positive	0.2900390625
positive	0.255859375
positive	0.28515625
positive	0.2431640625
positive	0.2490234375
positive	0.3427734375
positive	0.318359375
positive	0.31640625
positive	0.2822265625
positive	0.34375
positive	0.2607421875
positive	0.2978515625
positive	0.2685546875
positive	0.2451171875
positive	0.328125
positive	0.2978515625
positive	0.3359375
positive	0.33203125
positive	0.2548828125
positive	0.2626953125
positive	0.201171875
positive	0.2451171875
positive	0.2998046875
positive	0.2451171875
positive	0.259765625
positive	0.3134765625
positive	0.3037109375
positive	0.27734375
positive	0.2568359375
positive	0.29296875
positive	0.2734375
positive	0.23828125
positive	0.25
positive	0.2373046875
positive	0.228515625
positive	0.30859375
positive	0.20703125
positive	0.26171875
positive	0.28125
positive	0.2392578125
positive	0.2275390625
positive	0.2470703125
positive	0.212890625
positive	0.2177734375
positive	0.2861328125
positive	0.2119140625
positive	0.2568359375
positive	0.2666015625
positive	0.310546875
positive	0.265625
positive	0.2919921875
positive	0.3115234375
positive	0.2724609375
positive	0.2998046875
positive	0.275390625
positive	0.2490234375
positive	0.2783203125
positive	0.255859375
positive	0.251953125
positive	0.30859375
positive	0.2353515625
positive	0.2861328125
positive	0.2685546875
positive	0.283203125
positive	0.306640625
positive	0.2470703125
positive	0.2412109375
positive	0.302734375
positive	0.2314453125
positive	0.369140625
positive	0.2607421875
positive	0.322265625
positive	0.2373046875
positive	0.2216796875
positive	0.3134765625
positive	0.32421875
positive	0.29296875
positive	0.3203125
positive	0.26953125
positive	0.29296875
positive	0.287109375
positive	0.3359375
positive	0.2626953125
positive	0.2890625
positive	0.2890625
positive	0.21484375
positive	0.2392578125
positive	0.25
positive	0.26171875
positive	0.310546875
positive	0.2841796875
positive	0.2021484375
positive	0.287109375
positive	0.265625
positive	0.240234375
positive	0.3232421875
positive	0.326171875
positive	0.2587890625
positive	0.302734375
positive	0.3203125
positive	0.2626953125
positive	0.287109375
positive	0.2880859375
positive	0.341796875
positive	0.3203125
positive	0.21875
positive	0.17578125
positive	0.21875
positive	0.2666015625
positive	0.2900390625
positive	0.283203125
positive	0.25
positive	0.271484375
positive	0.259765625
positive	0.2939453125
positive	0.28125
positive	0.2978515625
positive	0.33203125
positive	0.259765625
positive	0.357421875
positive	0.2548828125
positive	0.330078125
positive	0.265625
positive	0.2265625
positive	0.2216796875
positive	0.216796875
positive	0.2666015625
positive	0.255859375
positive	0.2685546875
positive	0.2705078125
positive	0.2431640625
positive	0.271484375
positive	0.2705078125
positive	0.2392578125
positive	0.2412109375
positive	0.1884765625
positive	0.2939453125
positive	0.228515625
positive	0.2919921875
positive	0.2265625
positive	0.2490234375
positive	0.22265625
positive	0.2392578125
positive	0.2763671875
positive	0.224609375
positive	0.2255859375
positive	0.2138671875
positive	0.2490234375
positive	0.2314453125
positive	0.2578125
positive	0.2509765625
positive	0.181640625
positive	0.2607421875
positive	0.2109375
positive	0.2392578125
positive	0.2314453125
positive	0.287109375
positive	0.25
positive	0.2685546875
positive	0.2724609375
positive	0.2265625
positive	0.291015625
positive	0.2998046875
positive	0.220703125
positive	0.1962890625
positive	0.2080078125
positive	0.2763671875
positive	0.2255859375
positive	0.248046875
positive	0.189453125
positive	0.294921875
positive	0.349609375
positive	0.232421875
positive	0.2080078125
positive	0.1923828125
positive	0.2998046875
positive	0.2880859375
positive	0.265625
positive	0.2548828125
positive	0.2705078125
positive	0.3466796875
positive	0.27734375
positive	0.2890625
positive	0.2763671875
positive	0.2822265625
positive	0.26171875
positive	0.22265625
positive	0.232421875
positive	0.205078125
positive	0.298828125
positive	0.2333984375
positive	0.17578125
positive	0.1962890625
positive	0.2392578125
positive	0.2177734375
positive	0.2666015625
positive	0.2138671875
positive	0.2373046875
positive	0.283203125
positive	0.3203125
positive	0.2861328125
positive	0.2548828125
positive	0.2451171875
positive	0.2158203125
positive	0.2091886608
positive	0.2277614858
positive	0.2822265625
positive	0.359375
positive	0.2958984375
positive	0.3154296875
positive	0.2294921875
positive	0.21484375
positive	0.287109375
positive	0.2333984375
positive	0.220703125
positive	0.2783203125
positive	0.2333984375
positive	0.2265625
positive	0.228515625
positive	0.224609375
positive	0.255859375
positive	0.3046875
positive	0.2373046875
positive	0.2578125
positive	0.2158203125
positive	0.3076171875
positive	0.2578125
positive	0.2275390625
positive	0.216796875
positive	0.228515625
positive	0.24609375
positive	0.2294921875
positive	0.212890625
positive	0.2578125
positive	0.2861328125
positive	0.244140625
positive	0.2978515625
positive	0.396484375
positive	0.2646484375
positive	0.2685546875
positive	0.228515625
positive	0.302734375
positive	0.2578125
positive	0.291015625
positive	0.3115234375
positive	0.357421875
positive	0.2529296875
positive	0.3037109375
positive	0.23828125
positive	0.2109375
positive	0.26171875
positive	0.23828125
positive	0.2490234375
positive	0.244140625
positive	0.2421875
positive	0.322265625
positive	0.2744140625
positive	0.267578125
positive	0.21484375
positive	0.234375
positive	0.251953125
positive	0.2998046875
positive	0.2373046875
positive	0.310546875
positive	0.2939453125
positive	0.3134765625
positive	0.232421875
positive	0.3134765625
positive	0.298828125
positive	0.2587890625
positive	0.34375
positive	0.2822265625
positive	0.2998046875
positive	0.3193359375
positive	0.240234375
positive	0.3671875
positive	0.232421875
positive	0.2509765625
positive	0.2568359375
positive	0.244140625
positive	0.2626953125
positive	0.322265625
positive	0.275390625
positive	0.244140625
positive	0.2314453125
positive	0.232421875
positive	0.2626953125
positive	0.2470703125
positive	0.24609375
positive	0.296875
positive	0.2529296875
positive	0.2705078125
positive	0.326171875
positive	0.32421875
positive	0.2822265625
positive	0.2529296875
positive	0.23046875
positive	0.2626953125
positive	0.2900390625
positive	0.27734375
positive	0.326171875
positive	0.2919921875
positive	0.2373046875
positive	0.2724609375
positive	0.2353515625
positive	0.2705078125
positive	0.2607421875
positive	0.267578125
positive	0.2509765625
positive	0.2919921875
positive	0.3115234375
positive	0.1865234375
positive	0.19140625
positive	0.2099609375
positive	0.224609375
positive	0.234375
positive	0.2021484375
positive	0.21484375
positive	0.25390625
positive	0.3037109375
positive	0.2607421875
positive	0.236328125
positive	0.2275390625
positive	0.2451171875
positive	0.275390625
positive	0.2763671875
positive	0.3017578125
positive	0.2197265625
positive	0.2880859375
positive	0.3701171875
positive	0.216796875
positive	0.2138671875
positive	0.2412109375
positive	0.28125
positive	0.2607421875
positive	0.23828125
positive	0.2373046875
positive	0.2578125
positive	0.26171875
positive	0.328125
positive	0.2890625
positive	0.29296875
positive	0.267578125
positive	0.2705078125
positive	0.2587890625
positive	0.337890625
positive	0.2431640625
positive	0.2890625
positive	0.2568359375
positive	0.33984375
positive	0.2412109375
positive	0.337890625
positive	0.2880859375
positive	0.2626953125
positive	0.2939453125
positive	0.302734375
positive	0.314453125
positive	0.240234375
positive	0.2998046875
positive	0.3173828125
positive	0.2822265625
positive	0.2353515625
positive	0.2431640625
positive	0.267578125
positive	0.29296875
positive	0.234375
positive	0.259765625
positive	0.2509765625
positive	0.2626953125
positive	0.232421875
positive	0.2412109375
positive	0.26171875
positive	0.3125
positive	0.2822265625
positive	0.2216796875
positive	0.2265625
positive	0.2822265625
positive	0.326171875
positive	0.2919921875
positive	0.375
positive	0.291015625
positive	0.2783203125
positive	0.2607421875
positive	0.2666015625
positive	0.2861328125
positive	0.2470703125
positive	0.2509765625
positive	0.2314453125
positive	0.2939453125
positive	0.2724609375
positive	0.2744140625
positive	0.3056640625
positive	0.3076171875
positive	0.2490234375
positive	0.2451171875
positive	0.3232421875
positive	0.259765625
positive	0.3017578125
positive	0.2626953125
positive	0.228515625
positive	0.224609375
positive	0.31640625
positive	0.2978515625
positive	0.29296875
positive	0.3310546875
positive	0.19140625
positive	0.208984375
positive	0.236328125
positive	0.2412109375
positive	0.298828125
positive	0.2470703125
positive	0.2705078125
positive	0.291015625
positive	0.251953125
positive	0.3095703125
positive	0.31640625
positive	0.283203125
positive	0.2763671875
positive	0.2841796875
positive	0.3525390625
positive	0.294921875
positive	0.26171875
positive	0.2978515625
positive	0.28125
positive	0.26953125
positive	0.2900390625
positive	0.2490234375
positive	0.25390625
positive	0.3271484375
positive	0.3046875
positive	0.3125
positive	0.2333984375
positive	0.2568359375
positive	0.201171875
positive	0.224609375
positive	0.341796875
positive	0.2646484375
positive	0.2392578125
positive	0.25
positive	0.2841796875
positive	0.35546875
positive	0.28125
positive	0.2705078125
positive	0.23828125
positive	0.2470703125
positive	0.2412109375
positive	0.34375
positive	0.3701171875
positive	0.265625
positive	0.2265625
positive	0.2744140625
positive	0.283203125
positive	0.248046875
positive	0.3115234375
positive	0.3173828125
positive	0.3154296875
positive	0.2490234375
positive	0.3681640625
positive	0.2294921875
positive	0.263671875
positive	0.22265625
positive	0.2314453125
positive	0.220703125
positive	0.2265625
positive	0.203125
positive	0.275390625
positive	0.259765625
positive	0.267578125
positive	0.31640625
positive	0.287109375
positive	0.2060546875
positive	0.2626953125
positive	0.2333984375
positive	0.2578125
positive	0.2646484375
positive	0.2783203125
positive	0.2158203125
positive	0.3076171875
positive	0.2783203125
positive	0.3505859375
positive	0.3525390625
positive	0.248046875
positive	0.2958984375
positive	0.26953125
positive	0.265625
positive	0.2626953125
positive	0.2705078125
positive	0.314453125
positive	0.2841796875
positive	0.251953125
positive	0.2822265625
positive	0.2802734375
positive	0.29296875
positive	0.3037109375
positive	0.2666015625
positive	0.291015625
positive	0.2568359375
positive	0.25
positive	0.2275390625
positive	0.25390625
positive	0.291015625
positive	0.271484375
positive	0.349609375
positive	0.2724609375
positive	0.3486328125
positive	0.3330078125
positive	0.2333984375
positive	0.26171875
positive	0.2958984375
positive	0.2900390625
positive	0.318359375
positive	0.28515625
positive	0.2880859375
positive	0.23046875
positive	0.2314453125
positive	0.2275390625
positive	0.2646484375
positive	0.306640625
positive	0.2919921875
positive	0.2763671875
positive	0.2578125
positive	0.2255859375
positive	0.2177734375
positive	0.2509765625
positive	0.2841796875
positive	0.2431640625
positive	0.22265625
positive	0.2529296875
positive	0.216796875
positive	0.2431640625
positive	0.2978515625
positive	0.25390625
positive	0.1953125
positive	0.1923828125
positive	0.361328125
positive	0.3134765625
positive	0.255859375
positive	0.28125
positive	0.27734375
positive	0.263671875
positive	0.265625
positive	0.3076171875
positive	0.2939453125
positive	0.2744140625
positive	0.275390625
positive	0.2744140625
positive	0.3046875
positive	0.2880859375
positive	0.31640625
positive	0.3046875
positive	0.2490234375
positive	0.244140625
positive	0.2734375
positive	0.2763671875
positive	0.1982421875
positive	0.2890625
positive	0.27734375
positive	0.267578125
positive	0.302734375
positive	0.302734375
positive	0.322265625
positive	0.28515625
positive	0.23828125
positive	0.271484375
positive	0.228515625
positive	0.2041015625
positive	0.263671875
positive	0.2529296875
positive	0.2705078125
positive	0.3330078125
positive	0.3134765625
positive	0.296875
positive	0.302734375
positive	0.3291015625
positive	0.2109375
positive	0.2216796875
positive	0.265625
positive	0.24609375
positive	0.3056640625
positive	0.267578125
positive	0.328125
positive	0.306640625
positive	0.33203125
positive	0.21875
positive	0.291015625
positive	0.2958984375
positive	0.3125
positive	0.248046875
positive	0.3994140625
positive	0.251953125
positive	0.259765625
positive	0.28125
positive	0.3134765625
positive	0.2705078125
positive	0.240234375
positive	0.310546875
positive	0.291015625
positive	0.3125
positive	0.376953125
positive	0.3037109375
positive	0.2685546875
positive	0.2626953125
positive	0.263671875
positive	0.2890625
positive	0.3037109375
positive	0.2890625
positive	0.259765625
positive	0.28125
positive	0.3076171875
positive	0.287109375
positive	0.2568359375
positive	0.29296875
positive	0.29296875
positive	0.26171875
positive	0.302734375
positive	0.34765625
positive	0.2880859375
positive	0.2734375
positive	0.271484375
positive	0.3154296875
positive	0.3291015625
positive	0.3095703125
positive	0.333984375
positive	0.212890625
positive	0.3056640625
positive	0.2626953125
positive	0.337890625
positive	0.2822265625
positive	0.2783203125
positive	0.2958984375
positive	0.26171875
positive	0.275390625
positive	0.3173828125
positive	0.2958984375
positive	0.251953125
positive	0.3115234375
positive	0.2744140625
positive	0.31640625
positive	0.3525390625
positive	0.3505859375
positive	0.3525390625
positive	0.296875
positive	0.296875
positive	0.1904296875
positive	0.294921875
positive	0.25
positive	0.23046875
positive	0.2939453125
positive	0.2978515625
positive	0.2451171875
positive	0.2275390625
positive	0.2216796875
positive	0.2939453125
positive	0.29296875
positive	0.306640625
positive	0.2998046875
positive	0.287109375
positive	0.2490234375
positive	0.328125
positive	0.2294921875
positive	0.203125
positive	0.3486328125
positive	0.3017578125
positive	0.27734375
positive	0.3095703125
positive	0.2490234375
positive	0.2275390625
positive	0.298828125
positive	0.29296875
positive	0.244140625
positive	0.2734375
positive	0.283203125
positive	0.2783203125
positive	0.283203125
positive	0.2578125
positive	0.2451171875
positive	0.21484375
positive	0.267578125
positive	0.2666015625
positive	0.3017578125
positive	0.3154296875
positive	0.3203125
positive	0.2900390625
positive	0.330078125
positive	0.32421875
positive	0.2431640625
positive	0.2275390625
positive	0.2763671875
positive	0.2734375
positive	0.2265625
positive	0.2138671875
positive	0.345703125
positive	0.3115234375
positive	0.283203125
positive	0.2705078125
positive	0.28515625
positive	0.2880859375
positive	0.234375
positive	0.3505859375
positive	0.2919921875
positive	0.2783203125
positive	0.3212890625
positive	0.33984375
positive	0.251953125
positive	0.20703125
positive	0.306640625
positive	0.3251953125
positive	0.353515625
positive	0.2470703125
positive	0.236328125
positive	0.4052734375
positive	0.27734375
positive	0.33203125
positive	0.3212890625
positive	0.3125
positive	0.2880859375
positive	0.3134765625
positive	0.3564453125
positive	0.3369140625
positive	0.3515625
positive	0.291015625
positive	0.328125
positive	0.32421875
positive	0.3154296875
positive	0.2822265625
positive	0.3251953125
positive	0.3203125
positive	0.2998046875
positive	0.28515625
positive	0.3349609375
positive	0.2958984375
positive	0.306640625
positive	0.3349609375
positive	0.27734375
positive	0.2646484375
positive	0.2802734375
positive	0.3095703125
positive	0.265625
positive	0.255859375
positive	0.29296875
positive	0.2099609375
positive	0.2900390625
positive	0.267578125
positive	0.3427734375
positive	0.3173828125
positive	0.3330078125
positive	0.3154296875
positive	0.283203125
positive	0.2841796875
positive	0.2705078125
positive	0.3125
positive	0.240234375
positive	0.2998046875
positive	0.2890625
positive	0.3232421875
positive	0.251953125
positive	0.3203125
positive	0.2734375
positive	0.2294921875
positive	0.310546875
positive	0.341796875
positive	0.3291015625
positive	0.2587890625
positive	0.29296875
positive	0.3173828125
positive	0.328125
positive	0.263671875
positive	0.2412109375
positive	0.2958984375
positive	0.310546875
positive	0.3212890625
positive	0.2919921875
positive	0.314453125
positive	0.2080078125
positive	0.306640625
positive	0.3046875
positive	0.3056640625
positive	0.2001953125
positive	0.2958984375
positive	0.3193359375
positive	0.2666015625
positive	0.3076171875
positive	0.2978515625
positive	0.2734375
positive	0.322265625
positive	0.322265625
positive	0.3037109375
positive	0.2880859375
positive	0.2490234375
positive	0.3017578125
positive	0.2890625
positive	0.30859375
positive	0.3037109375
positive	0.3291015625
positive	0.2392578125
positive	0.3115234375
positive	0.27734375
positive	0.3046875
positive	0.3134765625
positive	0.306640625
positive	0.3115234375
positive	0.2998046875
positive	0.291015625
positive	0.2861328125
positive	0.2783203125
positive	0.248046875
positive	0.2314453125
positive	0.2734375
positive	0.294921875
positive	0.3203125
positive	0.3076171875
positive	0.27734375
positive	0.251953125
positive	0.29296875
positive	0.265625
positive	0.2724609375
positive	0.3203125
positive	0.302734375
positive	0.2861328125
positive	0.2724609375
positive	0.2646484375
positive	0.2978515625
positive	0.291015625
positive	0.3369140625
positive	0.2861328125
positive	0.2998046875
positive	0.306640625
positive	0.2939453125
positive	0.28125
positive	0.3125
positive	0.296875
positive	0.3037109375
positive	0.2607421875
positive	0.29296875
positive	0.27734375
positive	0.27734375
positive	0.291015625
positive	0.283203125
positive	0.3076171875
positive	0.296875
positive	0.2607421875
positive	0.2958984375
positive	0.2958984375
positive	0.328125
positive	0.3369140625
positive	0.27734375
positive	0.3154296875
positive	0.3037109375
positive	0.24609375
positive	0.3134765625
positive	0.3212890625
positive	0.3173828125
positive	0.302734375
positive	0.25
positive	0.2705078125
positive	0.306640625
positive	0.326171875
positive	0.3671875
positive	0.2451171875
positive	0.306640625
positive	0.3251953125
positive	0.298828125
positive	0.259765625
positive	0.33203125
positive	0.2822265625
positive	0.3212890625
positive	0.306640625
positive	0.3212890625
positive	0.2666015625
positive	0.322265625
positive	0.3154296875
positive	0.2666015625
positive	0.3466796875
positive	0.240234375
positive	0.220703125
positive	0.2099609375
positive	0.3515625
positive	0.3115234375
positive	0.3046875
positive	0.2490234375
positive	0.28125
positive	0.2734375
positive	0.3212890625
positive	0.2666015625
positive	0.251953125
positive	0.3134765625
positive	0.2802734375
positive	0.2783203125
positive	0.2548828125
positive	0.30859375
positive	0.2802734375
positive	0.2939453125
positive	0.29296875
positive	0.29296875
positive	0.2177734375
positive	0.310546875
positive	0.2919921875
positive	0.2822265625
positive	0.3134765625
positive	0.3076171875
positive	0.3154296875
positive	0.34765625
positive	0.251953125
positive	0.212890625
positive	0.283203125
positive	0.23046875
positive	0.3125
positive	0.3076171875
positive	0.2744140625
positive	0.2666015625
positive	0.2763671875
positive	0.3095703125
positive	0.2998046875
positive	0.2802734375
positive	0.275390625
positive	0.291015625
positive	0.2822265625
positive	0.2978515625
positive	0.318359375
positive	0.25390625
positive	0.2568359375
positive	0.255859375
positive	0.2236328125
positive	0.25
positive	0.1875
positive	0.2509765625
positive	0.2060546875
positive	0.3330078125
positive	0.3203125
positive	0.26171875
positive	0.271484375
positive	0.294921875
positive	0.2998046875
positive	0.28125
positive	0.2763671875
positive	0.294921875
positive	0.287109375
positive	0.2685546875
positive	0.28515625
positive	0.34375
positive	0.244140625
positive	0.240234375
positive	0.349609375
positive	0.333984375
positive	0.31640625
positive	0.275390625
positive	0.2783203125
positive	0.333984375
positive	0.3046875
positive	0.3056640625
positive	0.2685546875
positive	0.275390625
positive	0.265625
positive	0.2373046875
positive	0.30078125
positive	0.3076171875
positive	0.3154296875
positive	0.3037109375
positive	0.2646484375
positive	0.3173828125
positive	0.30859375
positive	0.259765625
positive	0.25
positive	0.2607421875
positive	0.2119140625
positive	0.2978515625
positive	0.28125
positive	0.28515625
positive	0.3095703125
positive	0.3291015625
positive	0.3408203125
positive	0.2939453125
positive	0.2822265625
positive	0.248046875
positive	0.2890625
positive	0.333984375
positive	0.28515625
positive	0.2900390625
positive	0.287109375
positive	0.365234375
positive	0.2861328125
positive	0.30078125
positive	0.2685546875
positive	0.2509765625
positive	0.1953125
positive	0.26171875
positive	0.2177734375
positive	0.26953125
positive	0.2861328125
positive	0.2744140625
positive	0.3134765625
positive	0.302734375
positive	0.3251953125
positive	0.3828125
positive	0.2900390625
positive	0.3076171875
positive	0.279296875
positive	0.2890625
positive	0.3056640625
positive	0.337890625
positive	0.35546875
positive	0.318359375
positive	0.2939453125
positive	0.3056640625
positive	0.3017578125
positive	0.2841796875
positive	0.296875
positive	0.2685546875
positive	0.2939453125
positive	0.314453125
positive	0.2822265625
positive	0.2841796875
positive	0.3125
positive	0.3369140625
positive	0.2890625
positive	0.3466796875
positive	0.248046875
positive	0.26953125
positive	0.27734375
positive	0.3056640625
positive	0.2666015625
positive	0.2392578125
positive	0.2587890625
positive	0.314453125
positive	0.361328125
positive	0.326171875
positive	0.2890625
positive	0.2802734375
positive	0.2841796875
positive	0.330078125
positive	0.2763671875
positive	0.2216796875
positive	0.306640625
positive	0.2978515625
positive	0.302734375
positive	0.326171875
positive	0.3203125
positive	0.3046875
positive	0.287109375
positive	0.265625
positive	0.2880859375
positive	0.30859375
positive	0.29296875
positive	0.25390625
positive	0.3359375
positive	0.2822265625
positive	0.3359375
positive	0.2880859375
positive	0.2900390625
positive	0.298828125
positive	0.3427734375
positive	0.3115234375
positive	0.31640625
positive	0.2802734375
positive	0.2822265625
positive	0.28125
positive	0.26953125
positive	0.3076171875
positive	0.3037109375
positive	0.30859375
positive	0.2451171875
positive	0.3095703125
positive	0.3603515625
positive	0.318359375
positive	0.283203125
positive	0.2392578125
positive	0.2724609375
positive	0.259765625
positive	0.275390625
positive	0.2705078125
positive	0.34765625
positive	0.359375
positive	0.3095703125
positive	0.296875
positive	0.296875
positive	0.3466796875
positive	0.2890625
positive	0.3095703125
positive	0.275390625
positive	0.2548828125
positive	0.2919921875
positive	0.2998046875
positive	0.27734375
positive	0.32421875
positive	0.32421875
positive	0.294921875
positive	0.2861328125
positive	0.330078125
positive	0.3017578125
positive	0.2666015625
positive	0.2939453125
positive	0.2998046875
positive	0.3046875
positive	0.30859375
positive	0.318359375
positive	0.314453125
positive	0.21484375
positive	0.3212890625
positive	0.3017578125
positive	0.2939453125
positive	0.3310546875
positive	0.287109375
positive	0.3037109375
positive	0.25
positive	0.2763671875
positive	0.330078125
positive	0.291015625
positive	0.2841796875
positive	0.3251953125
positive	0.265625
positive	0.3154296875
positive	0.248046875
positive	0.314453125
positive	0.2734375
positive	0.32421875
positive	0.3193359375
positive	0.3271484375
positive	0.2900390625
positive	0.2880859375
positive	0.2978515625
positive	0.2919921875
positive	0.279296875
positive	0.2939453125
positive	0.291015625
positive	0.2978515625
positive	0.3046875
positive	0.314453125
positive	0.3271484375
positive	0.2978515625
positive	0.2705078125
positive	0.3125
positive	0.2529296875
positive	0.30078125
positive	0.3037109375
positive	0.2509765625
positive	0.33984375
positive	0.3115234375
positive	0.30078125
positive	0.2666015625
positive	0.296875
positive	0.3330078125
positive	0.3193359375
positive	0.27734375
positive	0.2998046875
positive	0.3466796875
positive	0.306640625
positive	0.2958984375
positive	0.298828125
positive	0.296875
positive	0.279296875
positive	0.3291015625
positive	0.2890625
positive	0.2802734375
positive	0.251953125
positive	0.2646484375
positive	0.2626953125
positive	0.259765625
positive	0.2766373412
positive	0.3173828125
positive	0.2939453125
positive	0.306640625
positive	0.3125
positive	0.2763671875
positive	0.302734375
positive	0.3271484375
positive	0.2919921875
positive	0.3134765625
positive	0.337890625
positive	0.3095703125
positive	0.240234375
positive	0.2939453125
positive	0.31640625
positive	0.287109375
positive	0.328125
positive	0.30859375
positive	0.2685546875
positive	0.326171875
positive	0.341796875
positive	0.318359375
positive	0.3466796875
positive	0.30859375
positive	0.37890625
positive	0.193359375
positive	0.21875
positive	0.3115234375
positive	0.2529296875
positive	0.3076171875
positive	0.2802734375
positive	0.30078125
positive	0.2763671875
positive	0.31640625
positive	0.353515625
positive	0.3330078125
positive	0.34375
positive	0.30078125
positive	0.310546875
positive	0.33203125
positive	0.3828125
positive	0.3427734375
positive	0.3115234375
positive	0.3154296875
positive	0.3095703125
positive	0.2919921875
positive	0.2919921875
positive	0.3017578125
positive	0.3232421875
positive	0.330078125
positive	0.298828125
positive	0.34765625
positive	0.244140625
positive	0.3056640625
positive	0.3076171875
positive	0.314453125
positive	0.3271484375
positive	0.2861328125
positive	0.3203125
positive	0.3115234375
positive	0.2802734375
positive	0.1982421875
positive	0.2265625
positive	0.310546875
positive	0.2822265625
positive	0.32421875
positive	0.3056640625
positive	0.3193359375
positive	0.3056640625
positive	0.275390625
positive	0.2744140625
positive	0.3046875
positive	0.2919921875
positive	0.271484375
positive	0.2880859375
positive	0.330078125
positive	0.26171875
positive	0.28125
positive	0.30859375
positive	0.3564453125
positive	0.3017578125
positive	0.3056640625
positive	0.375
positive	0.2841796875
positive	0.341796875
positive	0.2998046875
positive	0.35546875
positive	0.29296875
positive	0.279296875
positive	0.322265625
positive	0.2998046875
positive	0.2998046875
positive	0.32421875
positive	0.333984375
positive	0.337890625
positive	0.2958984375
positive	0.2431640625
positive	0.3857421875
positive	0.384765625
positive	0.33203125
positive	0.3330078125
positive	0.375
positive	0.3525390625
positive	0.283203125
positive	0.2939453125
positive	0.3154296875
positive	0.3369140625
positive	0.294921875
positive	0.314453125
positive	0.298828125
positive	0.291015625
positive	0.3212890625
positive	0.345703125
positive	0.2998046875
positive	0.2666015625
positive	0.322265625
positive	0.3125
positive	0.337890625
positive	0.3212890625
positive	0.326171875
positive	0.3017578125
positive	0.3232421875
positive	0.373046875
positive	0.34765625
positive	0.2568359375
positive	0.314453125
positive	0.318359375
positive	0.2841796875
positive	0.33984375
positive	0.3232421875
positive	0.3330078125
positive	0.3642578125
positive	0.353515625
positive	0.2509765625
positive	0.3544921875
positive	0.2939453125
positive	0.267578125
positive	0.3310546875
positive	0.2705078125
positive	0.28515625
positive	0.3251953125
positive	0.2919921875
positive	0.296875
positive	0.35546875
positive	0.333984375
positive	0.330078125
positive	0.2958984375
positive	0.3203125
positive	0.296875
positive	0.3505859375
positive	0.375
positive	0.3408203125
positive	0.265625
positive	0.2685546875
positive	0.283203125
positive	0.2548828125
positive	0.2783203125
positive	0.2802734375
positive	0.2705078125
positive	0.349609375
positive	0.294921875
positive	0.26171875
positive	0.302734375
positive	0.3125
positive	0.2822265625
positive	0.2880859375
positive	0.2900390625
positive	0.267578125
positive	0.2685546875
positive	0.2890625
positive	0.291015625
positive	0.3271484375
positive	0.29296875
positive	0.302734375
positive	0.3056640625
positive	0.2607421875
positive	0.234375
positive	0.248046875
positive	0.3037109375
positive	0.28515625
positive	0.302734375
positive	0.3154296875
positive	0.25390625
positive	0.283203125
positive	0.306640625
positive	0.2880859375
positive	0.29296875
positive	0.2978515625
positive	0.294921875
positive	0.306640625
positive	0.3564453125
positive	0.2783203125
positive	0.30078125
positive	0.25390625
positive	0.2626953125
positive	0.2763671875
positive	0.263671875
positive	0.3134765625
positive	0.3056640625
positive	0.3134765625
positive	0.2822265625
positive	0.3046875
positive	0.27734375
positive	0.2861328125
positive	0.2978515625
positive	0.2724609375
positive	0.2734375
positive	0.29296875
positive	0.2568359375
positive	0.326171875
positive	0.3486328125
positive	0.314453125
positive	0.283203125
positive	0.2490234375
positive	0.326171875
positive	0.2822265625
positive	0.30078125
positive	0.3056640625
positive	0.3125
positive	0.1904296875
positive	0.2255859375
positive	0.224609375
positive	0.2861328125
positive	0.275390625
positive	0.310546875
positive	0.3017578125
positive	0.2587890625
positive	0.3154296875
positive	0.23828125
positive	0.23828125
positive	0.291015625
positive	0.310546875
positive	0.337890625
positive	0.3125
positive	0.3798828125
positive	0.3046875
positive	0.2626953125
positive	0.2783203125
positive	0.3271484375
positive	0.310546875
positive	0.2890625
positive	0.2744140625
positive	0.259765625
positive	0.2978515625
positive	0.271484375
positive	0.3134765625
positive	0.3583984375
positive	0.337890625
positive	0.296875
positive	0.291015625
positive	0.2744140625
positive	0.2841796875
positive	0.3115234375
positive	0.314453125
positive	0.3046875
positive	0.3037109375
positive	0.275390625
positive	0.306640625
positive	0.3154296875
positive	0.2822265625
positive	0.30078125
positive	0.294921875
positive	0.3193359375
positive	0.3095703125
positive	0.310546875
positive	0.2607421875
positive	0.3095703125
positive	0.30859375
positive	0.2978515625
positive	0.306640625
positive	0.279296875
positive	0.2529296875
positive	0.2314453125
positive	0.3173828125
positive	0.318359375
positive	0.3193359375
positive	0.228515625
positive	0.2998046875
positive	0.287109375
positive	0.3017578125
positive	0.29296875
positive	0.306640625
positive	0.2568359375
positive	0.3134765625
positive	0.2861328125
positive	0.2568359375
positive	0.2685546875
positive	0.29296875
positive	0.3369140625
positive	0.2958984375
positive	0.326171875
positive	0.3291015625
positive	0.3095703125
positive	0.267578125
positive	0.32421875
positive	0.3173828125
positive	0.326171875
positive	0.3037109375
positive	0.3232421875
positive	0.3076171875
positive	0.2861328125
positive	0.2880859375
positive	0.2734375
positive	0.3291015625
positive	0.3212890625
positive	0.330078125
positive	0.32421875
positive	0.296875
positive	0.302734375
positive	0.3193359375
positive	0.318359375
positive	0.3037109375
positive	0.3193359375
positive	0.30078125
positive	0.283203125
positive	0.28125
positive	0.3017578125
positive	0.287109375
positive	0.2919921875
positive	0.306640625
positive	0.3125
positive	0.3115234375
positive	0.33203125
positive	0.3369140625
positive	0.326171875
positive	0.3408203125
positive	0.2998046875
positive	0.3134765625
positive	0.3173828125
positive	0.318359375
positive	0.3056640625
positive	0.3076171875
positive	0.302734375
positive	0.3134765625
positive	0.3291015625
positive	0.310546875
positive	0.2958984375
positive	0.283203125
positive	0.29296875
positive	0.3173828125
positive	0.314453125
positive	0.330078125
positive	0.328125
positive	0.3232421875
positive	0.33203125
positive	0.2666015625
positive	0.291015625
positive	0.3310546875
positive	0.287109375
positive	0.291015625
positive	0.3076171875
positive	0.3046875
positive	0.265625
positive	0.2841796875
positive	0.2890625
positive	0.2978515625
positive	0.3359375
positive	0.328125
positive	0.2841796875
positive	0.2822265625
positive	0.2646484375
positive	0.27734375
positive	0.359375
positive	0.28515625
positive	0.3310546875
positive	0.3134765625
positive	0.3076171875
positive	0.341796875
positive	0.3349609375
positive	0.326171875
positive	0.330078125
positive	0.2783203125
positive	0.26953125
positive	0.2861328125
positive	0.306640625
positive	0.2607421875
positive	0.298828125
positive	0.27734375
positive	0.30078125
positive	0.30859375
positive	0.3154296875
positive	0.3134765625
positive	0.318359375
positive	0.314453125
positive	0.2763671875
positive	0.271484375
positive	0.2548828125
positive	0.322265625
positive	0.361328125
positive	0.294921875
positive	0.4609375
positive	0.2509765625
positive	0.359375
positive	0.296875
positive	0.3369140625
positive	0.326171875
positive	0.2880859375
positive	0.287109375
positive	0.2744140625
positive	0.26171875
positive	0.3271484375
positive	0.3076171875
positive	0.2890625
positive	0.28125
positive	0.2392578125
positive	0.2568359375
positive	0.294921875
positive	0.3251953125
positive	0.287109375
positive	0.3056640625
positive	0.302734375
positive	0.318359375
positive	0.34375
positive	0.349609375
positive	0.2890625
positive	0.3408203125
positive	0.302734375
positive	0.2294921875
positive	0.298828125
positive	0.2666015625
positive	0.2705078125
positive	0.3447265625
positive	0.3232421875
positive	0.2529296875
positive	0.2822265625
positive	0.28125
positive	0.2919921875
positive	0.3017578125
positive	0.330078125
positive	0.2685546875
positive	0.298828125
positive	0.2783203125
positive	0.28125
positive	0.306640625
positive	0.32421875
positive	0.2861328125
positive	0.3046875
positive	0.294921875
positive	0.2802734375
positive	0.326171875
positive	0.31640625
positive	0.3154296875
positive	0.3603515625
positive	0.294921875
positive	0.33203125
positive	0.3662109375
positive	0.265625
positive	0.314453125
positive	0.3076171875
positive	0.306640625
positive	0.2802734375
positive	0.2763671875
positive	0.2880859375
positive	0.30859375
positive	0.2822265625
positive	0.2890625
positive	0.3408203125
positive	0.296875
positive	0.298828125
positive	0.2783203125
positive	0.3583984375
positive	0.3115234375
positive	0.3212890625
positive	0.3193359375
positive	0.3037109375
positive	0.2421875
positive	0.3115234375
positive	0.2900390625
positive	0.275390625
positive	0.2919921875
positive	0.3095703125
positive	0.2060546875
positive	0.2421875
positive	0.3232421875
positive	0.3251953125
positive	0.31640625
positive	0.3291015625
positive	0.31640625
positive	0.3447265625
positive	0.296875
positive	0.283203125
positive	0.2919921875
positive	0.3798828125
positive	0.3330078125
positive	0.3251953125
positive	0.328125
positive	0.2685546875
positive	0.3076171875
positive	0.353515625
positive	0.306640625
positive	0.3173828125
positive	0.2744140625
positive	0.263671875
positive	0.291015625
positive	0.306640625
positive	0.2900390625
positive	0.328125
positive	0.3359375
positive	0.310546875
positive	0.2763671875
positive	0.32421875
positive	0.333984375
positive	0.35546875
positive	0.32421875
positive	0.302734375
positive	0.2900390625
positive	0.28125
positive	0.3017578125
positive	0.2998046875
positive	0.3203125
positive	0.28515625
positive	0.31640625
positive	0.265625
positive	0.3056640625
positive	0.2919921875
positive	0.275390625
positive	0.296875
positive	0.3154296875
positive	0.326171875
positive	0.314453125
positive	0.2978515625
positive	0.310546875
positive	0.3203125
positive	0.337890625
positive	0.3349609375
positive	0.2978515625
positive	0.2939453125
positive	0.2900390625
positive	0.3330078125
positive	0.3046875
positive	0.3017578125
positive	0.3154296875
positive	0.3310546875
positive	0.359375
positive	0.306640625
positive	0.31640625
positive	0.345703125
positive	0.33984375
positive	0.322265625
positive	0.31640625
positive	0.349609375
positive	0.30859375
positive	0.27734375
positive	0.33203125
positive	0.28515625
positive	0.294921875
positive	0.3125
positive	0.326171875
positive	0.302734375
positive	0.287109375
positive	0.2802734375
positive	0.28125
positive	0.3017578125
positive	0.369140625
positive	0.3056640625
positive	0.25
positive	0.3056640625
positive	0.255859375
positive	0.2578125
positive	0.265625
positive	0.2509765625
positive	0.28125
positive	0.3203125
positive	0.3134765625
positive	0.3291015625
positive	0.23046875
positive	0.330078125
positive	0.3388671875
positive	0.3837890625
positive	0.328125
positive	0.3330078125
positive	0.29296875
positive	0.333984375
positive	0.2900390625
positive	0.359375
positive	0.3369140625
positive	0.291015625
positive	0.3046875
positive	0.310546875
positive	0.2890625
positive	0.3173828125
positive	0.3876953125
positive	0.31640625
positive	0.2919921875
positive	0.2763671875
positive	0.271484375
positive	0.306640625
positive	0.3369140625
positive	0.28515625
positive	0.283203125
positive	0.2783203125
positive	0.2958984375
positive	0.3359375
positive	0.2802734375
positive	0.31640625
positive	0.29296875
positive	0.27734375
positive	0.328125
positive	0.2685546875
positive	0.2841796875
positive	0.271484375
positive	0.234375
positive	0.2880859375
positive	0.302734375
positive	0.2880859375
positive	0.29296875
positive	0.2822265625
positive	0.283203125
positive	0.34375
positive	0.3212890625
positive	0.2958984375
positive	0.32421875
positive	0.27734375
positive	0.244140625
positive	0.357421875
positive	0.2978515625
positive	0.359375
positive	0.3095703125
positive	0.3984375
positive	0.32421875
positive	0.2490234375
positive	0.2900390625
positive	0.3076171875
positive	0.322265625
positive	0.2861328125
positive	0.306640625
positive	0.2177734375
positive	0.2607421875
positive	0.2822265625
positive	0.2939453125
positive	0.32421875
positive	0.3203125
positive	0.3056640625
positive	0.28515625
positive	0.2880859375
positive	0.296875
positive	0.3125
positive	0.3046875
positive	0.3134765625
positive	0.3359375
positive	0.33203125
positive	0.3193359375
positive	0.2841796875
positive	0.294921875
positive	0.3056640625
positive	0.302734375
positive	0.271484375
positive	0.2724609375
positive	0.33984375
positive	0.2998046875
positive	0.32421875
positive	0.294921875
positive	0.3291015625
positive	0.3125
positive	0.2900390625
positive	0.291015625
positive	0.3173828125
positive	0.2978515625
positive	0.2998046875
positive	0.341796875
positive	0.2734375
positive	0.28125
positive	0.2724609375
positive	0.296875
positive	0.271484375
positive	0.216796875
positive	0.2587890625
positive	0.3046875
positive	0.3017578125
positive	0.3154296875
positive	0.291015625
positive	0.2978515625
positive	0.26953125
positive	0.28125
positive	0.2978515625
positive	0.2099609375
positive	0.3173828125
positive	0.291015625
positive	0.341796875
positive	0.296875
positive	0.2861328125
positive	0.35546875
positive	0.302734375
positive	0.2919921875
positive	0.337890625
positive	0.2646484375
positive	0.3369140625
positive	0.3232421875
positive	0.32421875
positive	0.2900390625
positive	0.2861328125
positive	0.271484375
positive	0.423828125
positive	0.353515625
positive	0.3076171875
positive	0.302734375
positive	0.28515625
positive	0.287109375
positive	0.3134765625
positive	0.2705078125
positive	0.2822265625
positive	0.234375
positive	0.26953125
positive	0.3271484375
positive	0.2509765625
positive	0.3115234375
positive	0.2998046875
positive	0.3369140625
positive	0.29296875
positive	0.265625
positive	0.3330078125
positive	0.328125
positive	0.3095703125
positive	0.302734375
positive	0.3115234375
positive	0.271484375
positive	0.296875
positive	0.3095703125
positive	0.318359375
positive	0.3251953125
positive	0.314453125
positive	0.30859375
positive	0.310546875
positive	0.31640625
positive	0.291015625
positive	0.3115234375
positive	0.2822265625
positive	0.3115234375
positive	0.326171875
positive	0.3505859375
positive	0.267578125
positive	0.3408203125
positive	0.29296875
positive	0.3125
positive	0.318359375
positive	0.33203125
positive	0.2802734375
positive	0.3037109375
positive	0.291015625
positive	0.326171875
positive	0.2978515625
positive	0.3095703125
positive	0.30078125
positive	0.2880859375
positive	0.283203125
positive	0.3115234375
positive	0.3173828125
positive	0.298828125
positive	0.314453125
positive	0.2919921875
positive	0.30078125
positive	0.298828125
positive	0.2958984375
positive	0.2685546875
positive	0.2587890625
positive	0.2802734375
positive	0.28515625
positive	0.29296875
positive	0.30859375
positive	0.30859375
positive	0.2978515625
positive	0.2900390625
positive	0.3369140625
positive	0.3046875
positive	0.29296875
positive	0.296875
positive	0.2900390625
positive	0.26953125
positive	0.2783203125
positive	0.2958984375
positive	0.3095703125
positive	0.32421875
positive	0.3095703125
positive	0.3095703125
positive	0.2822265625
positive	0.2802734375
positive	0.3173828125
positive	0.279296875
positive	0.3349609375
positive	0.25390625
positive	0.275390625
positive	0.3466796875
positive	0.3134765625
positive	0.318359375
positive	0.306640625
positive	0.3115234375
positive	0.3115234375
positive	0.2919921875
positive	0.322265625
positive	0.3466796875
positive	0.373046875
positive	0.2841796875
positive	0.33203125
positive	0.3125
positive	0.3369140625
positive	0.2802734375
positive	0.2890625
positive	0.28515625
positive	0.2626953125
positive	0.2607421875
positive	0.27734375
positive	0.2568359375
positive	0.291015625
positive	0.3076171875
positive	0.2587890625
positive	0.216796875
positive	0.31640625
positive	0.3623046875
positive	0.310546875
positive	0.359375
positive	0.3359375
positive	0.3125
positive	0.3203125
positive	0.2958984375
positive	0.287109375
positive	0.279296875
positive	0.283203125
positive	0.3115234375
positive	0.3662109375
positive	0.30859375
positive	0.2998046875
positive	0.306640625
positive	0.328125
positive	0.3310546875
positive	0.2900390625
positive	0.2705078125
positive	0.3369140625
positive	0.3212890625
positive	0.3544921875
positive	0.298828125
positive	0.275390625
positive	0.3125
positive	0.251953125
positive	0.265625
positive	0.279296875
positive	0.23828125
positive	0.337890625
positive	0.3232421875
positive	0.2998046875
positive	0.2939453125
positive	0.2607421875
positive	0.3212890625
positive	0.2841796875
positive	0.2900390625
positive	0.333984375
positive	0.2978515625
positive	0.2626953125
positive	0.25390625
positive	0.2470703125
positive	0.2578125
positive	0.3037109375
positive	0.30078125
positive	0.2734375
positive	0.2802734375
positive	0.302734375
positive	0.3125
positive	0.32421875
positive	0.3095703125
positive	0.2998046875
positive	0.2568359375
positive	0.2626953125
positive	0.32421875
positive	0.306640625
positive	0.3193359375
positive	0.3232421875
positive	0.29296875
positive	0.3408203125
positive	0.3095703125
positive	0.30859375
positive	0.322265625
positive	0.3369140625
positive	0.3115234375
positive	0.3095703125
positive	0.3466796875
positive	0.3232421875
positive	0.318359375
positive	0.314453125
positive	0.30859375
positive	0.298828125
positive	0.263671875
positive	0.2978515625
positive	0.26953125
positive	0.306640625
positive	0.353515625
positive	0.306640625
positive	0.32421875
positive	0.3232421875
positive	0.2880859375
positive	0.2841796875
positive	0.298828125
positive	0.28125
positive	0.28515625
positive	0.298828125
positive	0.345703125
positive	0.3173828125
positive	0.3037109375
positive	0.2939453125
positive	0.30859375
positive	0.3154296875
positive	0.3173828125
positive	0.294921875
positive	0.2822265625
positive	0.3408203125
positive	0.3154296875
positive	0.3056640625
positive	0.2978515625
positive	0.296875
positive	0.302734375
positive	0.3408203125
positive	0.2978515625
positive	0.2958984375
positive	0.25390625
positive	0.353515625
positive	0.365234375
positive	0.33984375
positive	0.1796875
positive	0.2998046875
positive	0.4013671875
positive	0.3486328125
positive	0.251953125
positive	0.20703125
positive	0.296875
positive	0.365234375
positive	0.2822265625
positive	0.3544921875
positive	0.3310546875
positive	0.3251953125
positive	0.2861328125
positive	0.3447265625
positive	0.3017578125
positive	0.326171875
positive	0.3115234375
positive	0.2734375
positive	0.26953125
positive	0.279296875
positive	0.3095703125
positive	0.30078125
positive	0.3056640625
positive	0.30078125
positive	0.3134765625
positive	0.298828125
positive	0.298828125
positive	0.2998046875
positive	0.34375
positive	0.3671875
positive	0.376953125
positive	0.3251953125
positive	0.287109375
positive	0.2744140625
positive	0.291015625
positive	0.2685546875
positive	0.298828125
positive	0.3466796875
positive	0.322265625
positive	0.341796875
positive	0.3037109375
positive	0.3427734375
positive	0.31640625
positive	0.32421875
positive	0.3095703125
positive	0.3173828125
positive	0.2958984375
positive	0.33203125
positive	0.2998046875
positive	0.2998046875
positive	0.3125
positive	0.3046875
positive	0.28125
positive	0.2978515625
positive	0.220703125
positive	0.2822265625
positive	0.28515625
positive	0.3154296875
positive	0.2578125
positive	0.2763671875
positive	0.2802734375
positive	0.26953125
positive	0.3134765625
positive	0.3076171875
positive	0.2998046875
positive	0.275390625
positive	0.3505859375
positive	0.3662109375
positive	0.287109375
positive	0.271484375
positive	0.287109375
positive	0.2978515625
positive	0.3154296875
positive	0.2822265625
positive	0.30859375
positive	0.3134765625
positive	0.2958984375
positive	0.2919921875
positive	0.3046875
positive	0.2939453125
positive	0.2763671875
positive	0.2802734375
positive	0.2958984375
positive	0.2880859375
positive	0.287109375
positive	0.2734375
positive	0.2958984375
positive	0.302734375
positive	0.29296875
positive	0.337890625
positive	0.314453125
positive	0.2900390625
positive	0.2890625
positive	0.294921875
positive	0.298828125
positive	0.296875
positive	0.3203125
positive	0.3359375
positive	0.29296875
positive	0.3173828125
positive	0.3193359375
positive	0.2958984375
positive	0.294921875
positive	0.283203125
positive	0.3408203125
positive	0.1904296875
positive	0.2900390625
positive	0.306640625
positive	0.21484375
positive	0.2890625
positive	0.322265625
positive	0.2998046875
positive	0.298828125
positive	0.322265625
positive	0.3115234375
positive	0.263671875
positive	0.3173828125
positive	0.3046875
positive	0.31640625
positive	0.2109375
positive	0.2236328125
positive	0.2998046875
positive	0.279296875
positive	0.3330078125
positive	0.294921875
positive	0.296875
positive	0.294921875
positive	0.3232421875
positive	0.3212890625
positive	0.326171875
positive	0.275390625
positive	0.30078125
positive	0.3466796875
positive	0.2294921875
positive	0.3330078125
positive	0.3251953125
positive	0.3349609375
positive	0.296875
positive	0.2880859375
positive	0.294921875
positive	0.267578125
positive	0.3564453125
positive	0.2802734375
positive	0.2685546875
positive	0.283203125
positive	0.302734375
positive	0.20703125
positive	0.255859375
positive	0.271484375
positive	0.318359375
positive	0.322265625
positive	0.267578125
positive	0.2890625
positive	0.3017578125
positive	0.322265625
positive	0.2841796875
positive	0.306640625
positive	0.2978515625
positive	0.298828125
positive	0.3505859375
positive	0.27734375
positive	0.3369140625
positive	0.2841796875
positive	0.3232421875
positive	0.390625
positive	0.30859375
positive	0.2841796875
positive	0.2890625
positive	0.275390625
positive	0.3759765625
positive	0.3310546875
positive	0.23828125
positive	0.2880859375
positive	0.2822265625
positive	0.2998046875
positive	0.31640625
positive	0.279296875
positive	0.1865234375
positive	0.306640625
positive	0.306640625
positive	0.2783203125
positive	0.3037109375
positive	0.3486328125
positive	0.3095703125
positive	0.3134765625
positive	0.2958984375
positive	0.287109375
positive	0.2568359375
positive	0.3076171875
positive	0.26171875
positive	0.31640625
positive	0.2939453125
positive	0.333984375
positive	0.3056640625
positive	0.3388671875
positive	0.3154296875
positive	0.28125
positive	0.30859375
positive	0.3056640625
positive	0.2841796875
positive	0.275390625
positive	0.28515625
positive	0.31640625
positive	0.3251953125
positive	0.28125
positive	0.2529296875
positive	0.31640625
positive	0.251953125
positive	0.287109375
positive	0.3173828125
positive	0.3193359375
positive	0.306640625
positive	0.2783203125
positive	0.3037109375
positive	0.2998046875
positive	0.27734375
positive	0.318359375
positive	0.328125
positive	0.255859375
positive	0.25
positive	0.25390625
positive	0.2919921875
positive	0.25390625
positive	0.3427734375
positive	0.287109375
positive	0.2587890625
positive	0.3056640625
positive	0.328125
positive	0.30859375
positive	0.2802734375
positive	0.263671875
positive	0.255859375
positive	0.2802734375
positive	0.267578125
positive	0.2861328125
positive	0.3466796875
positive	0.3193359375
positive	0.322265625
positive	0.3408203125
positive	0.34765625
positive	0.296875
positive	0.3037109375
positive	0.3125
positive	0.3232421875
positive	0.2783203125
positive	0.3349609375
positive	0.2646484375
positive	0.3046875
positive	0.24609375
positive	0.4326171875
positive	0.2578125
positive	0.265625
positive	0.2734375
positive	0.328125
positive	0.2890625
positive	0.30859375
positive	0.2490234375
positive	0.326171875
positive	0.322265625
positive	0.3212890625
positive	0.318359375
positive	0.3466796875
positive	0.333984375
positive	0.3310546875
positive	0.302734375
positive	0.3037109375
positive	0.2646484375
positive	0.240234375
positive	0.3232421875
positive	0.328125
positive	0.3115234375
positive	0.3095703125
positive	0.3310546875
positive	0.26171875
positive	0.3173828125
positive	0.2705078125
positive	0.2958984375
positive	0.3984375
positive	0.248046875
positive	0.24609375
positive	0.29296875
positive	0.310546875
positive	0.31640625
positive	0.2939453125
positive	0.30859375
positive	0.2841796875
positive	0.2802734375
positive	0.3330078125
positive	0.2421875
positive	0.3544921875
positive	0.296875
positive	0.3486328125
positive	0.2763671875
positive	0.3212890625
positive	0.3076171875
positive	0.337890625
positive	0.3232421875
positive	0.3232421875
positive	0.365234375
positive	0.2802734375
positive	0.3330078125
positive	0.3046875
positive	0.2861328125
positive	0.2646484375
positive	0.2880859375
positive	0.326171875
positive	0.2607421875
positive	0.3349609375
positive	0.314453125
positive	0.2890625
positive	0.2958984375
positive	0.3046875
positive	0.2861328125
positive	0.3173828125
positive	0.3037109375
positive	0.3271484375
positive	0.373046875
positive	0.2685546875
positive	0.2666015625
positive	0.341796875
positive	0.3134765625
positive	0.3203125
positive	0.3232421875
positive	0.3466796875
positive	0.26953125
positive	0.3193359375
positive	0.3251953125
positive	0.3134765625
positive	0.2880859375
positive	0.3525390625
positive	0.3408203125
positive	0.302734375
positive	0.33984375
positive	0.275390625
positive	0.3310546875
positive	0.31640625
positive	0.2919921875
positive	0.306640625
positive	0.3134765625
positive	0.3154296875
positive	0.3330078125
positive	0.2880859375
positive	0.3095703125
positive	0.275390625
positive	0.3125
positive	0.296875
positive	0.3076171875
positive	0.3173828125
positive	0.3369140625
positive	0.357421875
positive	0.314453125
positive	0.3076171875
positive	0.255859375
positive	0.2841796875
positive	0.240234375
positive	0.310546875
positive	0.3330078125
positive	0.3017578125
positive	0.31640625
positive	0.2958984375
positive	0.3291015625
positive	0.3388671875
positive	0.3115234375
positive	0.2880859375
positive	0.265625
positive	0.28125
positive	0.310546875
positive	0.3486328125
positive	0.3154296875
positive	0.3154296875
positive	0.3203125
positive	0.28125
positive	0.2470703125
positive	0.31640625
positive	0.328125
positive	0.3125
positive	0.328125
positive	0.322265625
positive	0.296875
positive	0.294921875
positive	0.2861328125
positive	0.298828125
positive	0.3037109375
positive	0.3525390625
positive	0.32421875
positive	0.3232421875
positive	0.3330078125
positive	0.3544921875
positive	0.3515625
positive	0.3115234375
positive	0.3232421875
positive	0.296875
positive	0.3134765625
positive	0.28125
positive	0.3271484375
positive	0.30078125
positive	0.291015625
positive	0.314453125
positive	0.3271484375
positive	0.3662109375
positive	0.3095703125
positive	0.306640625
positive	0.310546875
positive	0.330078125
positive	0.29296875
positive	0.314453125
positive	0.2998046875
positive	0.2158203125
positive	0.2607421875
positive	0.3740234375
positive	0.3203125
positive	0.3076171875
positive	0.3564453125
positive	0.283203125
positive	0.296875
positive	0.2373046875
positive	0.318359375
positive	0.3388671875
positive	0.287109375
positive	0.3017578125
positive	0.365234375
positive	0.369140625
positive	0.265625
positive	0.310546875
positive	0.314453125
positive	0.3193359375
positive	0.287109375
positive	0.3115234375
positive	0.345703125
positive	0.2919921875
positive	0.2646484375
positive	0.23046875
positive	0.26953125
positive	0.2216796875
positive	0.23828125
positive	0.244140625
positive	0.2109375
positive	0.30859375
positive	0.294921875
positive	0.28125
positive	0.3330078125
positive	0.2841796875
positive	0.291015625
positive	0.279296875
positive	0.2607421875
positive	0.2998046875
positive	0.228515625
positive	0.2138671875
positive	0.2099609375
positive	0.4638671875
positive	0.4365234375
positive	0.3740234375
positive	0.3017578125
positive	0.3125
positive	0.3203125
positive	0.27734375
positive	0.275390625
positive	0.2900390625
positive	0.3046875
positive	0.3046875
positive	0.3251953125
positive	0.265625
positive	0.263671875
positive	0.3173828125
positive	0.326171875
positive	0.236328125
positive	0.30078125
positive	0.2998046875
positive	0.3515625
positive	0.3330078125
positive	0.3388671875
positive	0.2734375
positive	0.306640625
positive	0.251953125
positive	0.2783203125
positive	0.294921875
positive	0.26953125
positive	0.2705078125
positive	0.302734375
positive	0.287109375
positive	0.3310546875
positive	0.2646484375
positive	0.3095703125
positive	0.298828125
positive	0.3017578125
positive	0.314453125
positive	0.2978515625
positive	0.361328125
positive	0.3115234375
positive	0.26953125
positive	0.291015625
positive	0.3662109375
positive	0.2880859375
positive	0.298828125
positive	0.3525390625
positive	0.3017578125
positive	0.3388671875
positive	0.33984375
positive	0.2900390625
positive	0.2841796875
positive	0.263671875
positive	0.2666015625
positive	0.2666015625
positive	0.2685546875
positive	0.3134765625
positive	0.2392578125
positive	0.205078125
positive	0.19921875
positive	0.232421875
positive	0.2890625
positive	0.3125
positive	0.2216796875
positive	0.291015625
positive	0.3330078125
positive	0.3359375
positive	0.2705078125
positive	0.3232421875
positive	0.2724609375
positive	0.259765625
positive	0.3681640625
positive	0.3232421875
positive	0.2353515625
positive	0.3359375
positive	0.310546875
positive	0.314453125
positive	0.2939453125
positive	0.2734375
positive	0.2197265625
positive	0.232421875
positive	0.234375
positive	0.30078125
positive	0.30859375
positive	0.265625
positive	0.2939453125
positive	0.2568359375
positive	0.30078125
positive	0.3017578125
positive	0.2998046875
positive	0.283203125
positive	0.3203125
positive	0.3271484375
positive	0.314453125
positive	0.322265625
positive	0.2685546875
positive	0.296875
positive	0.2236328125
positive	0.328125
positive	0.2861328125
positive	0.2236328125
positive	0.318359375
positive	0.3291015625
positive	0.3173828125
positive	0.2900390625
positive	0.2978515625
positive	0.302734375
positive	0.3369140625
positive	0.318359375
positive	0.2958984375
positive	0.32421875
positive	0.29296875
positive	0.3212890625
positive	0.30078125
positive	0.2822265625
positive	0.2919921875
positive	0.2646484375
positive	0.2275390625
positive	0.2890625
positive	0.30078125
positive	0.2880859375
positive	0.279296875
positive	0.3203125
positive	0.2255859375
positive	0.3388671875
positive	0.29296875
positive	0.2763671875
positive	0.3154296875
positive	0.28515625
positive	0.2646484375
positive	0.2646484375
positive	0.2705078125
positive	0.2861328125
positive	0.326171875
positive	0.2763671875
positive	0.208984375
positive	0.2802734375
positive	0.314453125
positive	0.27734375
positive	0.3134765625
positive	0.314453125
positive	0.2861328125
positive	0.3046875
positive	0.3251953125
positive	0.2607421875
positive	0.3564453125
positive	0.2880859375
positive	0.318359375
positive	0.3408203125
positive	0.26171875
positive	0.28515625
positive	0.3310546875
positive	0.341796875
positive	0.265625
positive	0.275390625
positive	0.373046875
positive	0.2978515625
positive	0.2822265625
positive	0.275390625
positive	0.2421875
positive	0.2734375
positive	0.302734375
positive	0.279296875
positive	0.341796875
positive	0.3212890625
positive	0.2431640625
positive	0.287109375
positive	0.34765625
positive	0.2822265625
positive	0.28515625
positive	0.353515625
positive	0.267578125
positive	0.26953125
positive	0.29296875
positive	0.34375
positive	0.3154296875
positive	0.3349609375
positive	0.3193359375
positive	0.30078125
positive	0.291015625
positive	0.314453125
positive	0.2958984375
positive	0.296875
positive	0.3486328125
positive	0.287109375
positive	0.326171875
positive	0.2705078125
positive	0.3046875
positive	0.2431640625
positive	0.244140625
positive	0.2568359375
positive	0.2900390625
positive	0.3232421875
positive	0.2919921875
positive	0.3466796875
positive	0.296875
positive	0.3466796875
positive	0.240234375
positive	0.2109375
positive	0.3310546875
positive	0.2880859375
positive	0.296875
positive	0.2568359375
positive	0.326171875
positive	0.390625
positive	0.2724609375
positive	0.330078125
positive	0.33203125
positive	0.294921875
positive	0.291015625
positive	0.3173828125
positive	0.265625
positive	0.2978515625
positive	0.3369140625
positive	0.3818359375
positive	0.3291015625
positive	0.32421875
positive	0.2861328125
positive	0.298828125
positive	0.271484375
positive	0.2734375
positive	0.3251953125
positive	0.2890625
positive	0.32421875
positive	0.287109375
positive	0.3056640625
positive	0.2998046875
positive	0.271484375
positive	0.2509765625
positive	0.3046875
positive	0.3056640625
positive	0.27734375
positive	0.3203125
positive	0.3017578125
positive	0.2421875
positive	0.3193359375
positive	0.2783203125
positive	0.189453125
positive	0.31640625
positive	0.3125
positive	0.2490234375
positive	0.248046875
positive	0.265625
positive	0.26171875
positive	0.267578125
positive	0.2958984375
positive	0.291015625
positive	0.326171875
positive	0.2900390625
positive	0.2890625
positive	0.31640625
positive	0.3115234375
positive	0.3037109375
positive	0.251953125
positive	0.2978515625
positive	0.306640625
positive	0.2890625
positive	0.3017578125
positive	0.2744140625
positive	0.31640625
positive	0.3203125
positive	0.2958984375
positive	0.2802734375
positive	0.2783203125
positive	0.3515625
positive	0.3037109375
positive	0.28125
positive	0.2724609375
positive	0.3173828125
positive	0.2880859375
positive	0.2783203125
positive	0.271484375
positive	0.3701171875
positive	0.3330078125
positive	0.337890625
positive	0.279296875
positive	0.2802734375
positive	0.2705078125
positive	0.2919921875
positive	0.3203125
positive	0.3056640625
positive	0.2216796875
positive	0.1875
positive	0.2138671875
positive	0.3095703125
positive	0.3037109375
positive	0.3056640625
positive	0.3271484375
positive	0.3095703125
positive	0.296875
positive	0.2763671875
positive	0.23828125
positive	0.298828125
positive	0.28515625
positive	0.2294921875
positive	0.2568359375
positive	0.2451171875
positive	0.3369140625
positive	0.27734375
positive	0.3447265625
positive	0.318359375
positive	0.2958984375
positive	0.296875
positive	0.2919921875
positive	0.2666015625
positive	0.2861328125
positive	0.3388671875
positive	0.2431640625
positive	0.2783203125
positive	0.26171875
positive	0.3125
positive	0.2646484375
positive	0.236328125
positive	0.2490234375
positive	0.21484375
positive	0.2744140625
positive	0.265625
positive	0.2373046875
positive	0.265625
positive	0.2841796875
positive	0.3359375
positive	0.2978515625
positive	0.251953125
positive	0.310546875
positive	0.2919921875
positive	0.2783203125
positive	0.2802734375
positive	0.26171875
positive	0.32421875
positive	0.3046875
positive	0.30078125
positive	0.2900390625
positive	0.2998046875
positive	0.287109375
positive	0.330078125
positive	0.25390625
positive	0.267578125
positive	0.2763671875
positive	0.283203125
positive	0.279296875
positive	0.294921875
positive	0.275390625
positive	0.2890625
positive	0.3388671875
positive	0.3076171875
positive	0.3330078125
positive	0.3046875
positive	0.2646484375
positive	0.279296875
positive	0.2138671875
positive	0.296875
positive	0.2666015625
positive	0.2919921875
positive	0.28515625
positive	0.3427734375
positive	0.2626953125
positive	0.3056640625
positive	0.271484375
positive	0.279296875
positive	0.2841796875
positive	0.328125
positive	0.265625
positive	0.2548828125
positive	0.240234375
positive	0.2744140625
positive	0.2529296875
positive	0.279296875
positive	0.2783203125
positive	0.248046875
positive	0.2919921875
positive	0.263671875
positive	0.2890625
positive	0.2734375
positive	0.298828125
positive	0.2197265625
positive	0.2607421875
positive	0.2666015625
positive	0.271484375
positive	0.2158203125
positive	0.22265625
positive	0.32421875
positive	0.2724609375
positive	0.25390625
positive	0.2763671875
positive	0.2763671875
positive	0.2607421875
positive	0.310546875
positive	0.3017578125
positive	0.2958984375
positive	0.3388671875
positive	0.203125
positive	0.3115234375
positive	0.220703125
positive	0.326171875
positive	0.2041015625
positive	0.25390625
positive	0.26171875
positive	0.2783203125
positive	0.26171875
positive	0.3046875
positive	0.31640625
positive	0.2392578125
positive	0.2734375
positive	0.2861328125
positive	0.3134765625
positive	0.26171875
positive	0.2490234375
positive	0.2568359375
positive	0.2431640625
positive	0.28515625
positive	0.2802734375
positive	0.2666015625
positive	0.3369140625
positive	0.2939453125
positive	0.2685546875
positive	0.2900390625
positive	0.29296875
positive	0.2978515625
positive	0.2900390625
positive	0.28125
positive	0.267578125
positive	0.3232421875
positive	0.365234375
positive	0.2978515625
positive	0.3154296875
positive	0.2763671875
positive	0.2900390625
positive	0.3369140625
positive	0.3134765625
positive	0.2509765625
positive	0.2431640625
positive	0.2763671875
positive	0.322265625
positive	0.32421875
positive	0.2373046875
positive	0.2724609375
positive	0.29296875
positive	0.298828125
positive	0.279296875
positive	0.2939453125
positive	0.2861328125
positive	0.39453125
positive	0.328125
positive	0.2607421875
positive	0.3203125
positive	0.318359375
positive	0.2490234375
positive	0.275390625
positive	0.220703125
positive	0.2646484375
positive	0.330078125
positive	0.2880859375
positive	0.2841796875
positive	0.3017578125
positive	0.32421875
positive	0.265625
positive	0.3017578125
positive	0.296875
positive	0.30859375
positive	0.30859375
positive	0.294921875
positive	0.26953125
positive	0.3154296875
positive	0.2783203125
positive	0.2978515625
positive	0.2626953125
positive	0.33203125
positive	0.2158203125
positive	0.27734375
positive	0.302734375
positive	0.2734375
positive	0.3173828125
positive	0.3037109375
positive	0.2685546875
positive	0.314453125
positive	0.33203125
positive	0.287109375
positive	0.298828125
positive	0.2685546875
positive	0.2314453125
positive	0.2568359375
positive	0.2978515625
positive	0.22265625
positive	0.208984375
positive	0.2900390625
positive	0.259765625
positive	0.26953125
positive	0.3037109375
positive	0.3232421875
positive	0.337890625
positive	0.3271484375
positive	0.3291015625
positive	0.2939453125
positive	0.2734375
positive	0.3076171875
positive	0.216796875
positive	0.2939453125
positive	0.2529296875
positive	0.2744140625
positive	0.2890625
positive	0.2578125
positive	0.27734375
positive	0.2744140625
positive	0.2587890625
positive	0.2978515625
positive	0.28125
positive	0.2626953125
positive	0.3154296875
positive	0.2744140625
positive	0.3271484375
positive	0.3095703125
positive	0.322265625
positive	0.341796875
positive	0.255859375
positive	0.1982421875
positive	0.2177734375
positive	0.3779296875
positive	0.2783203125
positive	0.2861328125
positive	0.279296875
positive	0.2587890625
positive	0.19140625
positive	0.2587890625
positive	0.37109375
positive	0.232421875
positive	0.3154296875
positive	0.2998046875
positive	0.224609375
positive	0.220703125
positive	0.3408203125
positive	0.2626953125
positive	0.3642578125
positive	0.2490234375
positive	0.2109375
positive	0.234375
positive	0.25
positive	0.28125
positive	0.296875
positive	0.21484375
positive	0.25
positive	0.2373046875
positive	0.2666015625
positive	0.3115234375
positive	0.2763671875
positive	0.2548828125
positive	0.232421875
positive	0.2119140625
positive	0.240234375
positive	0.2734375
positive	0.2548828125
positive	0.2421875
positive	0.205078125
positive	0.2001953125
positive	0.2880859375
positive	0.2705078125
positive	0.267578125
positive	0.28125
positive	0.2724609375
positive	0.21875
positive	0.2998046875
positive	0.2568359375
positive	0.32421875
positive	0.326171875
positive	0.294921875
positive	0.1865234375
positive	0.2685546875
positive	0.3251953125
positive	0.263671875
positive	0.2734375
positive	0.296875
positive	0.326171875
positive	0.306640625
positive	0.3046875
positive	0.302734375
positive	0.259765625
positive	0.2783203125
positive	0.2275390625
positive	0.2578125
positive	0.2373046875
positive	0.2138671875
positive	0.1884765625
positive	0.2490234375
positive	0.2392578125
positive	0.306640625
positive	0.2861328125
positive	0.333984375
positive	0.3173828125
positive	0.287109375
positive	0.2099609375
positive	0.2607421875
positive	0.2099609375
positive	0.287109375
positive	0.279296875
positive	0.2509765625
positive	0.2646484375
positive	0.2509765625
positive	0.27734375
positive	0.3759765625
positive	0.3759765625
positive	0.2685546875
positive	0.20703125
positive	0.2880859375
positive	0.2998046875
positive	0.267578125
positive	0.2568359375
positive	0.20703125
positive	0.21484375
positive	0.197265625
positive	0.2177734375
positive	0.2158203125
positive	0.22265625
positive	0.2353515625
positive	0.3251953125
positive	0.3203125
positive	0.2421875
positive	0.2568359375
positive	0.2763671875
positive	0.2626953125
positive	0.2880859375
positive	0.2041015625
positive	0.27734375
positive	0.283203125
positive	0.2470703125
positive	0.3017578125
positive	0.228515625
positive	0.2431640625
positive	0.283203125
positive	0.232421875
positive	0.3046875
positive	0.21875
positive	0.21875
positive	0.2587890625
positive	0.28125
positive	0.21484375
positive	0.1982421875
positive	0.2431640625
positive	0.2294921875
positive	0.287109375
positive	0.2236328125
positive	0.3154296875
positive	0.2548828125
positive	0.2568359375
positive	0.189453125
positive	0.298828125
positive	0.3046875
positive	0.330078125
positive	0.3076171875
positive	0.2861328125
positive	0.2724609375
positive	0.248046875
positive	0.2119140625
positive	0.3193359375
positive	0.3291015625
positive	0.24609375
positive	0.25
positive	0.2353515625
positive	0.2197265625
positive	0.2158203125
positive	0.3486328125
positive	0.2333984375
positive	0.234375
positive	0.2177734375
positive	0.2109375
positive	0.2919921875
positive	0.29296875
positive	0.33203125
positive	0.41796875
positive	0.310546875
positive	0.26171875
positive	0.2470703125
positive	0.216796875
positive	0.26171875
positive	0.28515625
positive	0.365234375
positive	0.240234375
positive	0.30859375
positive	0.2353515625
positive	0.2041015625
positive	0.224609375
positive	0.3154296875
positive	0.267578125
positive	0.251953125
positive	0.2607421875
positive	0.2587890625
positive	0.2255859375
positive	0.26953125
positive	0.30859375
positive	0.1884765625
positive	0.26171875
positive	0.2822265625
positive	0.1533203125
positive	0.26953125
positive	0.2421875
positive	0.2939453125
positive	0.298828125
positive	0.2822265625
positive	0.23828125
positive	0.2177734375
positive	0.2783203125
positive	0.296875
positive	0.25
positive	0.2734375
positive	0.2333984375
positive	0.3056640625
positive	0.2314453125
positive	0.3310546875
positive	0.3037109375
positive	0.2666015625
positive	0.302734375
positive	0.330078125
positive	0.205078125
positive	0.2001953125
positive	0.255859375
positive	0.2890625
positive	0.2568359375
positive	0.3232421875
positive	0.2958984375
positive	0.373046875
positive	0.2705078125
positive	0.1904296875
positive	0.259765625
positive	0.29296875
positive	0.337890625
positive	0.2998046875
positive	0.3046875
positive	0.3349609375
positive	0.2470703125
positive	0.216796875
positive	0.275390625
positive	0.2021484375
positive	0.3076171875
positive	0.220703125
positive	0.32421875
positive	0.271484375
positive	0.2421875
positive	0.25390625
positive	0.294921875
positive	0.2783203125
positive	0.2705078125
positive	0.3125
positive	0.302734375
positive	0.2998046875
positive	0.2578125
positive	0.25
positive	0.2158203125
positive	0.25
positive	0.224609375
positive	0.2548828125
positive	0.26953125
positive	0.25
positive	0.2333984375
positive	0.244140625
positive	0.2626953125
positive	0.29296875
positive	0.3359375
positive	0.359375
positive	0.298828125
positive	0.3017578125
positive	0.248046875
positive	0.2763671875
positive	0.2939453125
positive	0.3408203125
positive	0.1787109375
positive	0.3046875
positive	0.3427734375
positive	0.3369140625
positive	0.28125
positive	0.2822265625
positive	0.212890625
positive	0.2080078125
positive	0.2373046875
positive	0.16796875
positive	0.2783203125
positive	0.2646484375
positive	0.2705078125
positive	0.3173828125
positive	0.2900390625
positive	0.298828125
positive	0.314453125
positive	0.251953125
positive	0.255859375
positive	0.2646484375
positive	0.291015625
positive	0.3125
positive	0.2587890625
positive	0.212890625
positive	0.2392578125
positive	0.306640625
positive	0.1962890625
positive	0.2421875
positive	0.208984375
positive	0.18359375
positive	0.2802734375
positive	0.2177734375
positive	0.2431640625
positive	0.259765625
positive	0.296875
positive	0.2255859375
positive	0.294921875
positive	0.251953125
positive	0.2265625
positive	0.22265625
positive	0.2734375
positive	0.2578125
positive	0.255859375
positive	0.2099609375
positive	0.236328125
positive	0.224609375
positive	0.2138671875
positive	0.2958984375
positive	0.291015625
positive	0.26171875
positive	0.2939453125
positive	0.22265625
positive	0.2236328125
positive	0.294921875
positive	0.2421875
positive	0.2353515625
positive	0.23046875
positive	0.203125
positive	0.265625
positive	0.2861328125
positive	0.2509765625
positive	0.2216796875
positive	0.28515625
positive	0.1962890625
positive	0.2646484375
positive	0.2470703125
positive	0.2138671875
positive	0.271484375
positive	0.2841796875
positive	0.271484375
positive	0.263671875
positive	0.333984375
positive	0.234375
positive	0.173828125
positive	0.3115234375
positive	0.26171875
positive	0.302734375
positive	0.25390625
positive	0.2080078125
positive	0.212890625
positive	0.2578125
positive	0.302734375
positive	0.28125
positive	0.291015625
positive	0.26953125
positive	0.306640625
positive	0.259765625
positive	0.2822265625
positive	0.212890625
positive	0.212890625
positive	0.24609375
positive	0.2119140625
positive	0.1884765625
positive	0.3212890625
positive	0.205078125
positive	0.2265625
positive	0.2001953125
positive	0.2216796875
positive	0.2490234375
positive	0.22265625
positive	0.302734375
positive	0.2646484375
positive	0.2568359375
positive	0.271484375
positive	0.25390625
positive	0.2724609375
positive	0.2060546875
positive	0.1962890625
positive	0.21484375
positive	0.2509765625
positive	0.3056640625
positive	0.26953125
positive	0.27734375
positive	0.26171875
positive	0.3232421875
positive	0.228515625
positive	0.2333984375
positive	0.2021484375
positive	0.279296875
positive	0.19140625
positive	0.2626953125
positive	0.2041015625
positive	0.240234375
positive	0.2890625
positive	0.216796875
positive	0.205078125
positive	0.2802734375
positive	0.2666015625
positive	0.224609375
positive	0.2314453125
positive	0.2265625
positive	0.25
positive	0.2353515625
positive	0.197265625
positive	0.2587890625
positive	0.2177734375
positive	0.267578125
positive	0.3154296875
positive	0.3076171875
positive	0.330078125
positive	0.2314453125
positive	0.28125
positive	0.208984375
positive	0.2724609375
positive	0.271484375
positive	0.2490234375
positive	0.22265625
positive	0.1943359375
positive	0.2255859375
positive	0.2734375
positive	0.2314453125
positive	0.19140625
positive	0.267578125
positive	0.2451171875
positive	0.2890625
positive	0.30078125
positive	0.2705078125
positive	0.2578125
positive	0.34375
positive	0.2666015625
positive	0.28125
positive	0.2978515625
positive	0.302734375
positive	0.201171875
positive	0.2216796875
positive	0.28515625
positive	0.228515625
positive	0.2431640625
positive	0.251953125
positive	0.2197265625
positive	0.2197265625
positive	0.1904296875
positive	0.3212890625
positive	0.248046875
positive	0.2158203125
positive	0.25390625
positive	0.234375
positive	0.283203125
positive	0.3037109375
positive	0.279296875
positive	0.28515625
positive	0.2353515625
positive	0.2275390625
positive	0.2265625
positive	0.2060546875
positive	0.2197265625
positive	0.2578125
positive	0.26171875
positive	0.2021484375
positive	0.21484375
positive	0.2578125
positive	0.2255859375
positive	0.224609375
positive	0.19921875
positive	0.1953125
positive	0.2744140625
positive	0.2822265625
positive	0.2724609375
positive	0.283203125
positive	0.232421875
positive	0.255859375
positive	0.2119140625
positive	0.23046875
positive	0.203125
positive	0.302734375
positive	0.2216796875
positive	0.255859375
positive	0.2509765625
positive	0.2802734375
positive	0.2666015625
positive	0.224609375
positive	0.20703125
positive	0.240234375
positive	0.234375
positive	0.24609375
positive	0.2529296875
positive	0.244140625
positive	0.208984375
positive	0.21875
positive	0.251953125
positive	0.234375
positive	0.2841796875
positive	0.2763671875
positive	0.2236328125
positive	0.248046875
positive	0.244140625
positive	0.2646484375
positive	0.1875
positive	0.291015625
positive	0.36328125
positive	0.271484375
positive	0.2685546875
positive	0.224609375
positive	0.2099609375
positive	0.2333984375
positive	0.3203125
positive	0.3056640625
positive	0.3203125
positive	0.283203125
positive	0.2666015625
positive	0.2841796875
positive	0.3515625
positive	0.2353515625
positive	0.2509765625
positive	0.2255859375
positive	0.2275390625
positive	0.2724609375
positive	0.232421875
positive	0.220703125
positive	0.2353515625
positive	0.25390625
positive	0.2548828125
positive	0.2568359375
positive	0.18359375
positive	0.216796875
positive	0.2236328125
positive	0.310546875
positive	0.2177734375
positive	0.2265625
positive	0.2373046875
positive	0.1982421875
positive	0.302734375
positive	0.37109375
positive	0.29296875
positive	0.283203125
positive	0.3154296875
positive	0.2783203125
positive	0.2861328125
positive	0.279296875
positive	0.2763671875
positive	0.2744140625
positive	0.3388671875
positive	0.2294921875
positive	0.2373046875
positive	0.2060546875
positive	0.3251953125
positive	0.2353515625
positive	0.244140625
positive	0.201171875
positive	0.2822265625
positive	0.302734375
positive	0.2431640625
positive	0.2392578125
positive	0.2724609375
positive	0.2587890625
positive	0.306640625
positive	0.263671875
positive	0.2451171875
positive	0.296875
positive	0.2802734375
positive	0.349609375
positive	0.2529296875
positive	0.2490234375
positive	0.22265625
positive	0.2646484375
positive	0.33203125
positive	0.2431640625
positive	0.2607421875
positive	0.2626953125
positive	0.2421875
positive	0.2568359375
positive	0.2431640625
positive	0.3037109375
positive	0.24609375
positive	0.2890625
positive	0.3203125
positive	0.2978515625
positive	0.2548828125
positive	0.271484375
positive	0.271484375
positive	0.26953125
positive	0.2470703125
positive	0.2431640625
positive	0.2626953125
positive	0.2998046875
positive	0.357421875
positive	0.2685546875
positive	0.2919921875
positive	0.302734375
positive	0.267578125
positive	0.2314453125
positive	0.1875
positive	0.248046875
positive	0.314453125
positive	0.3046875
positive	0.2783203125
positive	0.2880859375
positive	0.2890625
positive	0.296875
positive	0.2451171875
positive	0.2919921875
positive	0.27734375
positive	0.228515625
positive	0.267578125
positive	0.2412109375
positive	0.2958984375
positive	0.236328125
positive	0.2138671875
positive	0.1953125
positive	0.2099609375
positive	0.248046875
positive	0.2763671875
positive	0.234375
positive	0.2861328125
positive	0.203125
positive	0.2138671875
positive	0.255859375
positive	0.3203125
positive	0.212890625
positive	0.232421875
positive	0.1953125
positive	0.275390625
positive	0.203125
positive	0.21484375
positive	0.25390625
positive	0.361328125
positive	0.3251953125
positive	0.3076171875
positive	0.279296875
positive	0.3173828125
positive	0.306640625
positive	0.28125
positive	0.310546875
positive	0.3310546875
positive	0.345703125
positive	0.2802734375
positive	0.2578125
positive	0.26953125
positive	0.2333984375
positive	0.2158203125
positive	0.26171875
positive	0.2509765625
positive	0.2841796875
positive	0.3046875
positive	0.2841796875
positive	0.2119140625
positive	0.2001953125
positive	0.205078125
positive	0.251953125
positive	0.2705078125
positive	0.294921875
positive	0.2880859375
positive	0.197265625
positive	0.23046875
positive	0.275390625
positive	0.251953125
positive	0.2978515625
positive	0.279296875
positive	0.197265625
positive	0.2841796875
positive	0.2734375
positive	0.30078125
positive	0.3330078125
positive	0.2626953125
positive	0.3427734375
positive	0.388671875
positive	0.236328125
positive	0.212890625
positive	0.2841796875
positive	0.296875
positive	0.3291015625
positive	0.263671875
positive	0.33984375
positive	0.384765625
positive	0.2197265625
positive	0.20703125
positive	0.279296875
positive	0.3212890625
positive	0.2724609375
positive	0.255859375
positive	0.2841796875
positive	0.259765625
positive	0.2978515625
positive	0.3115234375
positive	0.2333984375
positive	0.244140625
positive	0.3203125
positive	0.275390625
positive	0.2744140625
positive	0.2578125
positive	0.279296875
positive	0.318359375
positive	0.3046875
positive	0.267578125
positive	0.3212890625
positive	0.2587890625
positive	0.267578125
positive	0.30078125
positive	0.380859375
positive	0.328125
positive	0.2685546875
positive	0.2392578125
positive	0.2744140625
positive	0.248046875
positive	0.3388671875
positive	0.3466796875
positive	0.2880859375
positive	0.275390625
positive	0.2783203125
positive	0.28515625
positive	0.271484375
positive	0.234375
positive	0.2314453125
positive	0.2587890625
positive	0.26953125
positive	0.2998046875
positive	0.2646484375
positive	0.265625
positive	0.3427734375
positive	0.2763671875
positive	0.2451171875
positive	0.2236328125
positive	0.2646484375
positive	0.3671875
positive	0.2333984375
positive	0.341796875
positive	0.2744140625
positive	0.291015625
positive	0.2333984375
positive	0.2392578125
positive	0.3251953125
positive	0.2890625
positive	0.310546875
positive	0.3173828125
positive	0.318359375
positive	0.27734375
positive	0.279296875
positive	0.2138671875
positive	0.2333984375
positive	0.26171875
positive	0.310546875
positive	0.33984375
positive	0.322265625
positive	0.2705078125
positive	0.25390625
positive	0.2646484375
positive	0.2900390625
positive	0.251953125
positive	0.2734375
positive	0.2998046875
positive	0.283203125
positive	0.275390625
positive	0.2919921875
positive	0.26171875
positive	0.2333984375
positive	0.2978515625
positive	0.3388671875
positive	0.302734375
positive	0.3271484375
positive	0.33984375
positive	0.2890625
positive	0.20703125
positive	0.2119140625
positive	0.296875
positive	0.3212890625
positive	0.23828125
positive	0.2158203125
positive	0.294921875
positive	0.2529296875
positive	0.2744140625
positive	0.2841796875
positive	0.259765625
positive	0.2734375
positive	0.2685546875
positive	0.26953125
positive	0.2685546875
positive	0.279296875
positive	0.2802734375
positive	0.263671875
positive	0.2880859375
positive	0.2216796875
positive	0.2333984375
positive	0.294921875
positive	0.265625
positive	0.197265625
positive	0.2392578125
positive	0.3125
positive	0.25
positive	0.2861328125
positive	0.3095703125
positive	0.3046875
positive	0.2607421875
positive	0.3486328125
positive	0.296875
positive	0.3037109375
positive	0.2880859375
positive	0.255859375
positive	0.2919921875
positive	0.2939453125
positive	0.28125
positive	0.3544921875
positive	0.2373046875
positive	0.3115234375
positive	0.294921875
positive	0.2529296875
positive	0.271484375
positive	0.2734375
positive	0.3212890625
positive	0.2822265625
positive	0.2646484375
positive	0.25390625
positive	0.3349609375
positive	0.294921875
positive	0.24609375
positive	0.21484375
positive	0.3349609375
positive	0.2646484375
positive	0.2900390625
positive	0.283203125
positive	0.279296875
positive	0.2900390625
positive	0.248046875
positive	0.2568359375
positive	0.2998046875
positive	0.3115234375
positive	0.3076171875
positive	0.318359375
positive	0.2958984375
positive	0.2978515625
positive	0.3505859375
positive	0.3134765625
positive	0.2529296875
positive	0.2412109375
positive	0.2744140625
positive	0.3046875
positive	0.3017578125
positive	0.2890625
positive	0.248046875
positive	0.2587890625
positive	0.2724609375
positive	0.2509765625
positive	0.2724609375
positive	0.2861328125
positive	0.2919921875
positive	0.2646484375
positive	0.28125
positive	0.259765625
positive	0.2822265625
positive	0.2734375
positive	0.267578125
positive	0.2646484375
positive	0.271484375
positive	0.2548828125
positive	0.2978515625
positive	0.2822265625
positive	0.2900390625
positive	0.306640625
positive	0.302734375
positive	0.318359375
positive	0.310546875
positive	0.3056640625
positive	0.234375
positive	0.2294921875
positive	0.337890625
positive	0.302734375
positive	0.29296875
positive	0.291015625
positive	0.291015625
positive	0.3447265625
positive	0.2939453125
positive	0.3408203125
positive	0.3828125
positive	0.328125
positive	0.26171875
positive	0.228515625
positive	0.2216796875
positive	0.2919921875
positive	0.302734375
positive	0.33984375
positive	0.279296875
positive	0.2294921875
positive	0.23828125
positive	0.3369140625
positive	0.25
positive	0.28125
positive	0.287109375
positive	0.2744140625
positive	0.236328125
positive	0.2763671875
positive	0.2548828125
positive	0.32421875
positive	0.3154296875
positive	0.2529296875
positive	0.3310546875
positive	0.3349609375
positive	0.3310546875
positive	0.2177734375
positive	0.2646484375
positive	0.3037109375
positive	0.2705078125
positive	0.2890625
positive	0.2255859375
positive	0.228515625
positive	0.2490234375
positive	0.2216796875
positive	0.3134765625
positive	0.2109375
positive	0.2138671875
positive	0.23046875
positive	0.1982421875
positive	0.279296875
positive	0.283203125
positive	0.283203125
positive	0.232421875
positive	0.2724609375
positive	0.3779296875
positive	0.3056640625
positive	0.2294921875
positive	0.2646484375
positive	0.2841796875
positive	0.3115234375
positive	0.2119140625
positive	0.240234375
positive	0.2578125
positive	0.22265625
positive	0.291015625
positive	0.2861328125
positive	0.26171875
positive	0.279296875
positive	0.267578125
positive	0.294921875
positive	0.3681640625
positive	0.2373046875
positive	0.310546875
positive	0.2958984375
positive	0.2763671875
positive	0.2509765625
positive	0.2158203125
positive	0.2939453125
positive	0.30859375
positive	0.2705078125
positive	0.2646484375
positive	0.291015625
positive	0.3037109375
positive	0.2900390625
positive	0.2578125
positive	0.296875
positive	0.2880859375
positive	0.2763671875
positive	0.30078125
positive	0.3095703125
positive	0.390625
positive	0.2734375
positive	0.2890625
positive	0.279296875
positive	0.2939453125
positive	0.2939453125
positive	0.28515625
positive	0.3046875
positive	0.294921875
positive	0.2783203125
positive	0.2822265625
positive	0.1953125
positive	0.2158203125
positive	0.2998046875
positive	0.2724609375
positive	0.3056640625
positive	0.2626953125
positive	0.2255859375
positive	0.2294921875
positive	0.2998046875
positive	0.291015625
positive	0.2939453125
positive	0.3427734375
positive	0.2294921875
positive	0.240234375
positive	0.3193359375
positive	0.3544921875
positive	0.29296875
positive	0.2724609375
positive	0.2919921875
positive	0.279296875
positive	0.3515625
positive	0.30859375
positive	0.2509765625
positive	0.3134765625
positive	0.3544921875
positive	0.287109375
positive	0.3095703125
positive	0.1943359375
positive	0.2763671875
positive	0.3193359375
positive	0.3076171875
positive	0.2880859375
positive	0.2763671875
positive	0.267578125
positive	0.275390625
positive	0.322265625
positive	0.265625
positive	0.25390625
positive	0.2685546875
positive	0.2734375
positive	0.328125
positive	0.2705078125
positive	0.2294921875
positive	0.2431640625
positive	0.251953125
positive	0.2724609375
positive	0.2763671875
positive	0.2158203125
positive	0.2197265625
positive	0.2451171875
positive	0.2255859375
positive	0.3515625
positive	0.283203125
positive	0.2890625
positive	0.2607421875
positive	0.2626953125
positive	0.2822265625
positive	0.2880859375
positive	0.255859375
positive	0.259765625
positive	0.2802734375
positive	0.2998046875
positive	0.2626953125
positive	0.2666015625
positive	0.3154296875
positive	0.267578125
positive	0.2783203125
positive	0.3486328125
positive	0.3125
positive	0.2626953125
positive	0.2939453125
positive	0.353515625
positive	0.3173828125
positive	0.271484375
positive	0.28125
positive	0.2158203125
positive	0.267578125
positive	0.2568359375
positive	0.271484375
positive	0.2939453125
positive	0.29296875
positive	0.275390625
positive	0.271484375
positive	0.2646484375
positive	0.2861328125
positive	0.2822265625
positive	0.294921875
positive	0.263671875
positive	0.2421875
positive	0.2724609375
positive	0.275390625
positive	0.2470703125
positive	0.2880859375
positive	0.236328125
positive	0.2607421875
positive	0.267578125
positive	0.2783203125
positive	0.32421875
positive	0.291015625
positive	0.2880859375
positive	0.3056640625
positive	0.296875
positive	0.20703125
positive	0.3046875
positive	0.23828125
positive	0.3203125
positive	0.26171875
positive	0.3017578125
positive	0.27734375
positive	0.3037109375
positive	0.2861328125
positive	0.24609375
positive	0.2548828125
positive	0.30078125
positive	0.296875
positive	0.2958984375
positive	0.2802734375
positive	0.30859375
positive	0.283203125
positive	0.271484375
positive	0.2587890625
positive	0.2822265625
positive	0.2822265625
positive	0.310546875
positive	0.2861328125
positive	0.29296875
positive	0.265625
positive	0.2802734375
positive	0.275390625
positive	0.2939453125
positive	0.3447265625
positive	0.2646484375
positive	0.3125
positive	0.302734375
positive	0.27734375
positive	0.2880859375
positive	0.2861328125
positive	0.3359375
positive	0.3291015625
positive	0.318359375
positive	0.291015625
positive	0.275390625
positive	0.3212890625
positive	0.2900390625
positive	0.3251953125
positive	0.244140625
positive	0.224609375
positive	0.3271484375
positive	0.244140625
positive	0.2138671875
positive	0.2763671875
positive	0.291015625
positive	0.3017578125
positive	0.255859375
positive	0.30859375
positive	0.2548828125
positive	0.279296875
positive	0.318359375
positive	0.24609375
positive	0.32421875
positive	0.30859375
positive	0.259765625
positive	0.275390625
positive	0.29296875
positive	0.2919921875
positive	0.30859375
positive	0.28125
positive	0.26953125
positive	0.2548828125
positive	0.298828125
positive	0.279296875
positive	0.310546875
positive	0.2646484375
positive	0.271484375
positive	0.2890625
positive	0.2734375
positive	0.2568359375
positive	0.2646484375
positive	0.326171875
positive	0.271484375
positive	0.3359375
positive	0.27734375
positive	0.2705078125
positive	0.2900390625
positive	0.30078125
positive	0.298828125
positive	0.314453125
positive	0.306640625
positive	0.2421875
positive	0.2724609375
positive	0.2314453125
positive	0.310546875
positive	0.3076171875
positive	0.267578125
positive	0.2900390625
positive	0.2744140625
positive	0.2490234375
positive	0.3046875
positive	0.232421875
positive	0.236328125
positive	0.2490234375
positive	0.2958984375
positive	0.3046875
positive	0.294921875
positive	0.30078125
positive	0.296875
positive	0.326171875
positive	0.318359375
positive	0.3408203125
positive	0.3515625
positive	0.353515625
positive	0.3486328125
positive	0.3310546875
positive	0.2744140625
positive	0.310546875
positive	0.31640625
positive	0.1875
positive	0.2353515625
positive	0.212890625
positive	0.2314453125
positive	0.2900390625
positive	0.2861328125
positive	0.2646484375
positive	0.2880859375
positive	0.3388671875
positive	0.2607421875
positive	0.349609375
positive	0.318359375
positive	0.2470703125
positive	0.2431640625
positive	0.2822265625
positive	0.2626953125
positive	0.2431640625
positive	0.2802734375
positive	0.255859375
positive	0.2763671875
positive	0.2841796875
positive	0.2236328125
positive	0.341796875
positive	0.2275390625
positive	0.2509765625
positive	0.2939453125
positive	0.2138671875
positive	0.2265625
positive	0.2861328125
positive	0.2978515625
positive	0.251953125
positive	0.3017578125
positive	0.28125
positive	0.3056640625
positive	0.294921875
positive	0.3779296875
positive	0.294921875
positive	0.3056640625
positive	0.353515625
positive	0.32421875
positive	0.322265625
positive	0.2861328125
positive	0.2998046875
positive	0.26171875
positive	0.3046875
positive	0.337890625
positive	0.271484375
positive	0.30078125
positive	0.2431640625
positive	0.326171875
positive	0.271484375
positive	0.2822265625
positive	0.388671875
positive	0.271484375
positive	0.21875
positive	0.1953125
positive	0.20703125
positive	0.30078125
positive	0.25
positive	0.2783203125
positive	0.2255859375
positive	0.3115234375
positive	0.2919921875
positive	0.2724609375
positive	0.2177734375
positive	0.2705078125
positive	0.294921875
positive	0.32421875
positive	0.2734375
positive	0.3154296875
positive	0.26953125
positive	0.2578125
positive	0.2978515625
positive	0.259765625
positive	0.3876953125
positive	0.271484375
positive	0.326171875
positive	0.3603515625
positive	0.3056640625
positive	0.236328125
positive	0.310546875
positive	0.29296875
positive	0.2822265625
positive	0.3173828125
positive	0.3173828125
positive	0.24609375
positive	0.3017578125
positive	0.322265625
positive	0.3134765625
positive	0.248046875
positive	0.28515625
positive	0.3115234375
positive	0.2919921875
positive	0.2490234375
positive	0.2919921875
positive	0.2900390625
positive	0.2890625
positive	0.283203125
positive	0.259765625
positive	0.306640625
positive	0.3076171875
positive	0.32421875
positive	0.328125
positive	0.380859375
positive	0.3095703125
positive	0.298828125
positive	0.2919921875
positive	0.2763671875
positive	0.33203125
positive	0.29296875
positive	0.291015625
positive	0.287109375
positive	0.306640625
positive	0.3486328125
positive	0.3203125
positive	0.3466796875
positive	0.345703125
positive	0.2841796875
positive	0.28125
positive	0.322265625
positive	0.23046875
positive	0.2431640625
positive	0.2353515625
positive	0.212890625
positive	0.232421875
positive	0.3134765625
positive	0.2861328125
positive	0.3466796875
positive	0.302734375
positive	0.3134765625
positive	0.2744140625
positive	0.275390625
positive	0.302734375
positive	0.2392578125
positive	0.2958984375
positive	0.3076171875
positive	0.28515625
positive	0.2880859375
positive	0.2705078125
positive	0.2509765625
positive	0.26171875
positive	0.2978515625
positive	0.2666015625
positive	0.302734375
positive	0.333984375
positive	0.271484375
positive	0.314453125
positive	0.2744140625
positive	0.259765625
positive	0.2841796875
positive	0.3515625
positive	0.3193359375
positive	0.3173828125
positive	0.2744140625
positive	0.3173828125
positive	0.2978515625
positive	0.2509765625
positive	0.212890625
positive	0.265625
positive	0.279296875
positive	0.2783203125
positive	0.263671875
positive	0.2705078125
positive	0.279296875
positive	0.24609375
positive	0.3134765625
positive	0.259765625
positive	0.287109375
positive	0.2314453125
positive	0.2099609375
positive	0.2880859375
positive	0.3173828125
positive	0.36328125
positive	0.3046875
positive	0.26953125
positive	0.3017578125
positive	0.287109375
positive	0.2509765625
positive	0.21875
positive	0.427734375
positive	0.2939453125
positive	0.3017578125
positive	0.30859375
positive	0.314453125
positive	0.31640625
positive	0.3310546875
positive	0.3017578125
positive	0.3271484375
positive	0.31640625
positive	0.3544921875
positive	0.296875
positive	0.3017578125
positive	0.265625
positive	0.3046875
positive	0.2744140625
positive	0.2939453125
positive	0.2333984375
positive	0.294921875
positive	0.2666015625
positive	0.3134765625
positive	0.3388671875
positive	0.2939453125
positive	0.291015625
positive	0.31640625
positive	0.326171875
positive	0.2734375
positive	0.255859375
positive	0.275390625
positive	0.2939453125
positive	0.3291015625
positive	0.28125
positive	0.2744140625
positive	0.240234375
positive	0.3681640625
positive	0.318359375
positive	0.30859375
positive	0.28125
positive	0.271484375
positive	0.28515625
positive	0.294921875
positive	0.3173828125
positive	0.328125
positive	0.3017578125
positive	0.2958984375
positive	0.291015625
positive	0.26171875
positive	0.2705078125
positive	0.3330078125
positive	0.3125
positive	0.2890625
positive	0.310546875
positive	0.2783203125
positive	0.28515625
positive	0.2958984375
positive	0.30859375
positive	0.2900390625
positive	0.306640625
positive	0.3125
positive	0.298828125
positive	0.294921875
positive	0.2919921875
positive	0.2880859375
positive	0.30859375
positive	0.326171875
positive	0.263671875
positive	0.2880859375
positive	0.328125
positive	0.2626953125
positive	0.30078125
positive	0.2822265625
positive	0.259765625
positive	0.2919921875
positive	0.3154296875
positive	0.3154296875
positive	0.2783203125
positive	0.318359375
positive	0.2861328125
positive	0.3203125
positive	0.29296875
positive	0.3271484375
positive	0.34375
positive	0.3291015625
positive	0.3232421875
positive	0.259765625
positive	0.2880859375
positive	0.2822265625
positive	0.2744140625
positive	0.3037109375
positive	0.322265625
positive	0.3310546875
positive	0.306640625
positive	0.302734375
positive	0.3125
positive	0.2978515625
positive	0.3115234375
positive	0.2978515625
positive	0.28125
positive	0.3017578125
positive	0.306640625
positive	0.26171875
positive	0.2802734375
positive	0.2587890625
positive	0.2724609375
positive	0.2529296875
positive	0.263671875
positive	0.275390625
positive	0.2900390625
positive	0.279296875
positive	0.310546875
positive	0.2802734375
positive	0.33203125
positive	0.2421875
positive	0.328125
positive	0.298828125
positive	0.287109375
positive	0.2998046875
positive	0.3076171875
positive	0.265625
positive	0.3291015625
positive	0.333984375
positive	0.333984375
positive	0.2705078125
positive	0.2978515625
positive	0.3310546875
positive	0.3193359375
positive	0.3056640625
positive	0.31640625
positive	0.265625
positive	0.2890625
positive	0.2275390625
positive	0.23046875
positive	0.279296875
positive	0.2890625
positive	0.33984375
positive	0.3076171875
positive	0.2939453125
positive	0.345703125
positive	0.271484375
positive	0.2744140625
positive	0.267578125
positive	0.291015625
positive	0.291015625
positive	0.2607421875
positive	0.29296875
positive	0.2958984375
positive	0.2783203125
positive	0.2802734375
positive	0.2919921875
positive	0.28515625
positive	0.2841796875
positive	0.2890625
positive	0.2841796875
positive	0.2958984375
positive	0.2861328125
positive	0.2197265625
positive	0.3388671875
positive	0.328125
positive	0.296875
positive	0.314453125
positive	0.3359375
positive	0.3056640625
positive	0.306640625
positive	0.271484375
positive	0.2900390625
positive	0.271484375
positive	0.2802734375
positive	0.3056640625
positive	0.3740234375
positive	0.31640625
positive	0.3056640625
positive	0.3203125
positive	0.3203125
positive	0.28125
positive	0.2998046875
positive	0.279296875
positive	0.328125
positive	0.34375
positive	0.3271484375
positive	0.3115234375
positive	0.2265625
positive	0.259765625
positive	0.3125
positive	0.296875
positive	0.314453125
positive	0.2822265625
positive	0.296875
positive	0.3173828125
positive	0.27734375
positive	0.3408203125
positive	0.271484375
positive	0.2451171875
positive	0.2978515625
positive	0.2939453125
positive	0.2666015625
positive	0.2998046875
positive	0.3193359375
positive	0.3076171875
positive	0.287109375
positive	0.2578125
positive	0.2373046875
positive	0.2841796875
positive	0.310546875
positive	0.330078125
positive	0.3232421875
positive	0.302734375
positive	0.2939453125
positive	0.2998046875
positive	0.2734375
positive	0.3857421875
positive	0.3330078125
positive	0.2529296875
positive	0.2880859375
positive	0.3505859375
positive	0.251953125
positive	0.318359375
positive	0.267578125
positive	0.2568359375
positive	0.33984375
positive	0.2939453125
positive	0.3271484375
positive	0.3095703125
positive	0.3310546875
positive	0.3515625
positive	0.2900390625
positive	0.2744140625
positive	0.298828125
positive	0.2763671875
positive	0.2626953125
positive	0.3271484375
positive	0.31640625
positive	0.3173828125
positive	0.2724609375
positive	0.248046875
positive	0.283203125
positive	0.296875
positive	0.30078125
positive	0.310546875
positive	0.287109375
positive	0.2724609375
positive	0.28515625
positive	0.2841796875
positive	0.2333984375
positive	0.2958984375
positive	0.294921875
positive	0.2578125
positive	0.2998046875
positive	0.28125
positive	0.2548828125
positive	0.28515625
positive	0.25
positive	0.3388671875
positive	0.3203125
positive	0.2900390625
positive	0.310546875
positive	0.2392578125
positive	0.271484375
positive	0.2783203125
positive	0.3095703125
positive	0.2705078125
positive	0.22265625
positive	0.287109375
positive	0.2822265625
positive	0.2939453125
positive	0.2890625
positive	0.279296875
positive	0.232421875
positive	0.2900390625
positive	0.30859375
positive	0.2939453125
positive	0.3017578125
positive	0.2998046875
positive	0.2890625
positive	0.2822265625
positive	0.33984375
positive	0.30078125
positive	0.33203125
positive	0.294921875
positive	0.275390625
positive	0.27734375
positive	0.296875
positive	0.2822265625
positive	0.2919921875
positive	0.251953125
positive	0.287109375
positive	0.2998046875
positive	0.3076171875
positive	0.2783203125
positive	0.30859375
positive	0.296875
positive	0.3232421875
positive	0.279296875
positive	0.31640625
positive	0.3134765625
positive	0.3017578125
positive	0.2802734375
positive	0.3212890625
positive	0.3125
positive	0.3212890625
positive	0.30859375
positive	0.2822265625
positive	0.3173828125
positive	0.291015625
positive	0.279296875
positive	0.3427734375
positive	0.2841796875
positive	0.3125
positive	0.298828125
positive	0.296875
positive	0.28515625
positive	0.2724609375
positive	0.2705078125
positive	0.28515625
positive	0.2724609375
positive	0.31640625
positive	0.2861328125
positive	0.3154296875
positive	0.3154296875
positive	0.3134765625
positive	0.2802734375
positive	0.30859375
positive	0.318359375
positive	0.3154296875
positive	0.265625
positive	0.263671875
positive	0.2861328125
positive	0.302734375
positive	0.2841796875
positive	0.2724609375
positive	0.3134765625
positive	0.3095703125
positive	0.3154296875
positive	0.2939453125
positive	0.3115234375
positive	0.30078125
positive	0.318359375
positive	0.27734375
positive	0.287109375
positive	0.29296875
positive	0.2998046875
positive	0.2783203125
positive	0.2802734375
positive	0.2958984375
positive	0.291015625
positive	0.2744140625
positive	0.275390625
positive	0.28125
positive	0.3095703125
positive	0.2900390625
positive	0.3251953125
positive	0.3369140625
positive	0.30078125
positive	0.3037109375
positive	0.3271484375
positive	0.330078125
positive	0.326171875
positive	0.298828125
positive	0.33203125
positive	0.29296875
positive	0.330078125
positive	0.267578125
positive	0.2900390625
positive	0.380859375
positive	0.3232421875
positive	0.3271484375
positive	0.39453125
positive	0.3115234375
positive	0.333984375
positive	0.310546875
positive	0.306640625
positive	0.2958984375
positive	0.2978515625
positive	0.291015625
positive	0.318359375
positive	0.3046875
positive	0.326171875
positive	0.328125
positive	0.2685546875
positive	0.30078125
positive	0.2802734375
positive	0.294921875
positive	0.2734375
positive	0.302734375
positive	0.298828125
positive	0.294921875
positive	0.2939453125
positive	0.31640625
positive	0.2734375
positive	0.2978515625
positive	0.2626953125
positive	0.2646484375
positive	0.328125
positive	0.3447265625
positive	0.3037109375
positive	0.2861328125
positive	0.294921875
positive	0.24609375
positive	0.265625
positive	0.306640625
positive	0.275390625
positive	0.3076171875
positive	0.3193359375
positive	0.296875
positive	0.294921875
positive	0.31640625
positive	0.2861328125
positive	0.380859375
positive	0.369140625
positive	0.3232421875
positive	0.3291015625
positive	0.298828125
positive	0.3173828125
positive	0.32421875
positive	0.328125
positive	0.296875
positive	0.30078125
positive	0.2939453125
positive	0.3076171875
positive	0.3154296875
positive	0.2958984375
positive	0.3330078125
positive	0.294921875
positive	0.283203125
positive	0.228515625
positive	0.220703125
positive	0.326171875
positive	0.3349609375
positive	0.3017578125
positive	0.2900390625
positive	0.2939453125
positive	0.3125
positive	0.29296875
positive	0.2919921875
positive	0.3369140625
positive	0.3427734375
positive	0.3173828125
positive	0.248046875
positive	0.2685546875
positive	0.2919921875
positive	0.2939453125
positive	0.2763671875
positive	0.26953125
positive	0.302734375
positive	0.3349609375
positive	0.3095703125
positive	0.326171875
positive	0.3720703125
positive	0.2958984375
positive	0.2890625
positive	0.259765625
positive	0.279296875
positive	0.2861328125
positive	0.2919921875
positive	0.2861328125
positive	0.3125
positive	0.298828125
positive	0.2919921875
positive	0.31640625
positive	0.3056640625
positive	0.2919921875
positive	0.296875
positive	0.322265625
positive	0.2919921875
positive	0.2919921875
positive	0.302734375
positive	0.2861328125
positive	0.3056640625
positive	0.234375
positive	0.287109375
positive	0.3193359375
positive	0.3876953125
positive	0.39453125
positive	0.34765625
positive	0.318359375
positive	0.306640625
positive	0.3271484375
positive	0.2734375
positive	0.296875
positive	0.3017578125
positive	0.27734375
positive	0.333984375
positive	0.3193359375
positive	0.32421875
positive	0.2421875
positive	0.30859375
positive	0.27734375
positive	0.283203125
positive	0.2802734375
positive	0.267578125
positive	0.310546875
positive	0.291015625
positive	0.275390625
positive	0.314453125
positive	0.306640625
positive	0.3173828125
positive	0.2724609375
positive	0.330078125
positive	0.3037109375
positive	0.291015625
positive	0.2900390625
positive	0.310546875
positive	0.2685546875
positive	0.287109375
positive	0.2998046875
positive	0.2890625
positive	0.27734375
positive	0.2890625
positive	0.2900390625
positive	0.3447265625
positive	0.3369140625
positive	0.267578125
positive	0.2822265625
positive	0.2880859375
positive	0.2763671875
positive	0.2958984375
positive	0.3505859375
positive	0.333984375
positive	0.287109375
positive	0.3251953125
positive	0.345703125
positive	0.291015625
positive	0.310546875
positive	0.34765625
positive	0.26953125
positive	0.2744140625
positive	0.3037109375
positive	0.3046875
positive	0.2939453125
positive	0.2978515625
positive	0.310546875
positive	0.3193359375
positive	0.3037109375
positive	0.26171875
positive	0.318359375
positive	0.291015625
positive	0.3125
positive	0.2978515625
positive	0.298828125
positive	0.361328125
positive	0.2724609375
positive	0.2958984375
positive	0.3115234375
positive	0.2802734375
positive	0.2958984375
positive	0.30078125
positive	0.306640625
positive	0.28515625
positive	0.322265625
positive	0.35546875
positive	0.2783203125
positive	0.318359375
positive	0.2939453125
positive	0.2705078125
positive	0.2890625
positive	0.291015625
positive	0.2939453125
positive	0.2705078125
positive	0.2890625
positive	0.283203125
positive	0.2802734375
positive	0.271484375
positive	0.3359375
positive	0.330078125
positive	0.294921875
positive	0.3125
positive	0.3046875
positive	0.2802734375
positive	0.275390625
positive	0.2119140625
positive	0.240234375
positive	0.310546875
positive	0.294921875
positive	0.328125
positive	0.306640625
positive	0.2978515625
positive	0.2978515625
positive	0.2802734375
positive	0.3056640625
positive	0.3232421875
positive	0.3447265625
positive	0.3037109375
positive	0.3203125
positive	0.283203125
positive	0.330078125
positive	0.310546875
positive	0.3154296875
positive	0.2978515625
positive	0.3251953125
positive	0.330078125
positive	0.302734375
positive	0.2919921875
positive	0.3046875
positive	0.3056640625
positive	0.3056640625
positive	0.2880859375
positive	0.3671875
positive	0.302734375
positive	0.345703125
positive	0.291015625
positive	0.291015625
positive	0.2880859375
positive	0.263671875
positive	0.2607421875
positive	0.2841796875
positive	0.2841796875
positive	0.306640625
positive	0.27734375
positive	0.2509765625
positive	0.30859375
positive	0.3046875
positive	0.3251953125
positive	0.3466796875
positive	0.3056640625
positive	0.302734375
positive	0.287109375
positive	0.2880859375
positive	0.2861328125
positive	0.2958984375
positive	0.3232421875
positive	0.271484375
positive	0.2734375
positive	0.3076171875
positive	0.3125
positive	0.3037109375
positive	0.2451171875
positive	0.2783203125
positive	0.26953125
positive	0.3115234375
positive	0.310546875
positive	0.2978515625
positive	0.30859375
positive	0.3046875
positive	0.2880859375
positive	0.2880859375
positive	0.2607421875
positive	0.3125
positive	0.2958984375
positive	0.349609375
positive	0.322265625
positive	0.3203125
positive	0.2978515625
positive	0.21484375
positive	0.2744140625
positive	0.271484375
positive	0.2470703125
positive	0.29296875
positive	0.3447265625
positive	0.32421875
positive	0.310546875
positive	0.365234375
positive	0.3662109375
positive	0.2841796875
positive	0.287109375
positive	0.330078125
positive	0.33203125
positive	0.2861328125
positive	0.291015625
positive	0.306640625
positive	0.388671875
positive	0.265625
positive	0.267578125
positive	0.283203125
positive	0.306640625
positive	0.3203125
positive	0.2880859375
positive	0.275390625
positive	0.2568359375
positive	0.3388671875
positive	0.30859375
positive	0.3203125
positive	0.3623046875
positive	0.361328125
positive	0.3310546875
positive	0.302734375
positive	0.2978515625
positive	0.3564453125
positive	0.3447265625
positive	0.294921875
positive	0.283203125
positive	0.2861328125
positive	0.298828125
positive	0.2958984375
positive	0.28515625
positive	0.216796875
positive	0.294921875
positive	0.3125
positive	0.306640625
positive	0.29296875
positive	0.296875
positive	0.2548828125
positive	0.287109375
positive	0.2939453125
positive	0.3271484375
positive	0.3037109375
positive	0.31640625
positive	0.28515625
positive	0.2841796875
positive	0.3310546875
positive	0.3271484375
positive	0.3291015625
positive	0.27734375
positive	0.29296875
positive	0.2978515625
positive	0.3134765625
positive	0.3203125
positive	0.291015625
positive	0.26953125
positive	0.314453125
positive	0.328125
positive	0.3037109375
positive	0.29296875
positive	0.322265625
positive	0.3037109375
positive	0.2998046875
positive	0.2900390625
positive	0.296875
positive	0.328125
positive	0.3359375
positive	0.318359375
positive	0.326171875
positive	0.3310546875
positive	0.28125
positive	0.326171875
positive	0.3212890625
positive	0.3349609375
positive	0.353515625
positive	0.306640625
positive	0.287109375
positive	0.2734375
positive	0.291015625
positive	0.279296875
positive	0.287109375
positive	0.302734375
positive	0.30859375
positive	0.328125
positive	0.3076171875
positive	0.263671875
positive	0.2998046875
positive	0.3095703125
positive	0.333984375
positive	0.3193359375
positive	0.32421875
positive	0.34765625
positive	0.3642578125
positive	0.3505859375
positive	0.3837890625
positive	0.3271484375
positive	0.412109375
positive	0.296875
positive	0.306640625
positive	0.326171875
positive	0.3076171875
positive	0.2880859375
positive	0.33203125
positive	0.345703125
positive	0.296875
positive	0.28125
positive	0.287109375
positive	0.2685546875
positive	0.3232421875
positive	0.2978515625
positive	0.30859375
positive	0.318359375
positive	0.3134765625
positive	0.2880859375
positive	0.3193359375
positive	0.2822265625
positive	0.263671875
positive	0.349609375
positive	0.3173828125
positive	0.294921875
positive	0.3095703125
positive	0.2958984375
positive	0.27734375
positive	0.3046875
positive	0.2578125
positive	0.345703125
positive	0.2890625
positive	0.3046875
positive	0.3359375
positive	0.3408203125
positive	0.3125
positive	0.2958984375
positive	0.2890625
positive	0.3056640625
positive	0.306640625
positive	0.2822265625
positive	0.2890625
positive	0.3505859375
positive	0.3251953125
positive	0.2705078125
positive	0.3017578125
positive	0.3046875
positive	0.287109375
positive	0.29296875
positive	0.322265625
positive	0.3115234375
positive	0.3134765625
positive	0.3193359375
positive	0.3408203125
positive	0.2421875
positive	0.3037109375
positive	0.3291015625
positive	0.3115234375
positive	0.2275390625
positive	0.2216796875
positive	0.2841796875
positive	0.3359375
positive	0.287109375
positive	0.310546875
positive	0.3515625
positive	0.2724609375
positive	0.3203125
positive	0.30859375
positive	0.2998046875
positive	0.3173828125
positive	0.318359375
positive	0.34375
positive	0.34765625
selected	0.1724137931
selected	0.1728515625
selected	0.1953125
selected	0.1953125
selected	0.1953125
selected	0.1962890625
selected	0.1962890625
selected	0.1982421875
selected	0.197265625
selected	0.1962890625
selected	0.1962890625
selected	0.19921875
selected	0.197265625
selected	0.197265625
selected	0.197265625
selected	0.197265625
selected	0.1982421875
selected	0.1982421875
selected	0.1982421875
selected	0.1982421875
selected	0.1982421875
selected	0.19921875
selected	0.19921875
selected	0.19921875
selected	0.19921875
selected	0.1875
selected	0.189453125
selected	0.189453125
selected	0.1875
selected	0.205078125
selected	0.208984375
selected	0.2080078125
selected	0.2080078125
selected	0.208984375
selected	0.208984375
selected	0.20703125
selected	0.20703125
selected	0.2060546875
selected	0.20703125
selected	0.2060546875
selected	0.208984375
selected	0.2060546875
selected	0.2099609375
selected	0.2080078125
selected	0.2060546875
selected	0.2060546875
selected	0.208984375
selected	0.20703125
selected	0.20703125
selected	0.20703125
selected	0.20703125
selected	0.20703125
selected	0.20703125
selected	0.20703125
selected	0.20703125
selected	0.20703125
selected	0.20703125
selected	0.2099609375
selected	0.2080078125
selected	0.2099609375
selected	0.2080078125
selected	0.208984375
selected	0.2060546875
selected	0.2080078125
selected	0.208984375
selected	0.208984375
selected	0.208984375
selected	0.2099609375
selected	0.208984375
selected	0.208984375
selected	0.208984375
selected	0.208984375
selected	0.208984375
selected	0.2099609375
selected	0.2099609375
selected	0.2099609375
selected	0.2119140625
selected	0.2138671875
selected	0.21484375
selected	0.2142857143
selected	0.2142857143
selected	0.212890625
selected	0.2119140625
selected	0.2109375
selected	0.2138671875
selected	0.212890625
selected	0.2109375
selected	0.2109375
selected	0.2119140625
selected	0.2119140625
selected	0.2119140625
selected	0.2119140625
selected	0.21484375
selected	0.21484375
selected	0.2119140625
selected	0.2138671875
selected	0.2119140625
selected	0.2138671875
selected	0.21484375
selected	0.21484375
selected	0.212890625
selected	0.21484375
selected	0.21484375
selected	0.212890625
selected	0.21484375
selected	0.21484375
selected	0.212890625
selected	0.2
selected	0.2
selected	0.21875
selected	0.216796875
selected	0.21875
selected	0.2158203125
selected	0.2177734375
selected	0.216796875
selected	0.216796875
selected	0.2197265625
selected	0.2158203125
selected	0.21875
selected	0.2197265625
selected	0.2197265625
selected	0.2197265625
selected	0.2177734375
selected	0.216796875
selected	0.21875
selected	0.2177734375
selected	0.2197265625
selected	0.2197265625
selected	0.2216796875
selected	0.22265625
selected	0.2236328125
selected	0.2216796875
selected	0.22265625
selected	0.2236328125
selected	0.22265625
selected	0.22265625
selected	0.224609375
selected	0.2236328125
selected	0.224609375
selected	0.220703125
selected	0.224609375
selected	0.22265625
selected	0.2236328125
selected	0.2222222222
selected	0.224609375
selected	0.22265625
selected	0.2236328125
selected	0.22265625
selected	0.22265625
selected	0.2216796875
selected	0.224609375
selected	0.2216796875
selected	0.22265625
selected	0.22265625
selected	0.224609375
selected	0.2236328125
selected	0.2236328125
selected	0.224609375
selected	0.2216796875
selected	0.224609375
selected	0.2216796875
selected	0.22265625
selected	0.22265625
selected	0.2236328125
selected	0.2236328125
selected	0.22265625
selected	0.224609375
selected	0.2236328125
selected	0.224609375
selected	0.22265625
selected	0.224609375
selected	0.2236328125
selected	0.2255859375
selected	0.228515625
selected	0.2275390625
selected	0.2255859375
selected	0.2275390625
selected	0.2294921875
selected	0.2265625
selected	0.2265625
selected	0.2275390625
selected	0.2255859375
selected	0.2265625
selected	0.2275390625
selected	0.2294921875
selected	0.2275390625
selected	0.2275390625
selected	0.2294921875
selected	0.2265625
selected	0.2294921875
selected	0.228515625
selected	0.228515625
selected	0.228515625
selected	0.2294921875
selected	0.2265625
selected	0.2294921875
selected	0.2265625
selected	0.2294921875
selected	0.228515625
selected	0.2275390625
selected	0.228515625
selected	0.228515625
selected	0.2275390625
selected	0.2275390625
selected	0.2275390625
selected	0.2275390625
selected	0.2294921875
selected	0.2275390625
selected	0.228515625
selected	0.228515625
selected	0.2275390625
selected	0.2294921875
selected	0.2294921875
selected	0.2275390625
selected	0.2275390625
selected	0.2275390625
selected	0.234375
selected	0.234375
selected	0.234375
selected	0.2314453125
selected	0.234375
selected	0.23046875
selected	0.23046875
selected	0.232421875
selected	0.232421875
selected	0.2333984375
selected	0.232421875
selected	0.23046875
selected	0.234375
selected	0.2333984375
selected	0.232421875
selected	0.2314453125
selected	0.2314453125
selected	0.2314453125
selected	0.232421875
selected	0.232421875
selected	0.2314453125
selected	0.2314453125
selected	0.2333984375
selected	0.2314453125
selected	0.2333984375
selected	0.232421875
selected	0.2314453125
selected	0.2333984375
selected	0.232421875
selected	0.2333984375
selected	0.2314453125
selected	0.2333984375
selected	0.2314453125
selected	0.2314453125
selected	0.2314453125
selected	0.2314453125
selected	0.2314453125
selected	0.2333984375
selected	0.232421875
selected	0.2333984375
selected	0.234375
selected	0.234375
selected	0.232421875
selected	0.232421875
selected	0.2333984375
selected	0.232421875
selected	0.2333984375
selected	0.232421875
selected	0.232421875
selected	0.2333984375
selected	0.2333984375
selected	0.2333984375
selected	0.2333984375
selected	0.232421875
selected	0.234375
selected	0.232421875
selected	0.2333984375
selected	0.2392578125
selected	0.2392578125
selected	0.2392578125
selected	0.23828125
selected	0.2353515625
selected	0.2353515625
selected	0.236328125
selected	0.2373046875
selected	0.2353515625
selected	0.2392578125
selected	0.2353515625
selected	0.236328125
selected	0.23828125
selected	0.23828125
selected	0.2373046875
selected	0.2392578125
selected	0.236328125
selected	0.2392578125
selected	0.236328125
selected	0.2373046875
selected	0.236328125
selected	0.236328125
selected	0.23828125
selected	0.23828125
selected	0.2392578125
selected	0.2392578125
selected	0.2392578125
selected	0.23828125
selected	0.236328125
selected	0.236328125
selected	0.236328125
selected	0.2373046875
selected	0.236328125
selected	0.23828125
selected	0.236328125
selected	0.236328125
selected	0.23828125
selected	0.2373046875
selected	0.2373046875
selected	0.2373046875
selected	0.23828125
selected	0.2392578125
selected	0.23828125
selected	0.2392578125
selected	0.2373046875
selected	0.2373046875
selected	0.2392578125
selected	0.2392578125
selected	0.2392578125
selected	0.23828125
selected	0.2373046875
selected	0.2373046875
selected	0.2373046875
selected	0.23828125
selected	0.23828125
selected	0.2392578125
selected	0.23828125
selected	0.2392578125
selected	0.23828125
selected	0.23828125
selected	0.2392578125
selected	0.23828125
selected	0.23828125
selected	0.2392578125
selected	0.23828125
selected	0.23828125
selected	0.23828125
selected	0.2392578125
selected	0.23828125
selected	0.23828125
selected	0.2421875
selected	0.244140625
selected	0.240234375
selected	0.2421875
selected	0.2431640625
selected	0.244140625
selected	0.2421875
selected	0.2412109375
selected	0.2431640625
selected	0.240234375
selected	0.2413793103
selected	0.2421875
selected	0.2431640625
selected	0.2412109375
selected	0.2412109375
selected	0.2412109375
selected	0.2412109375
selected	0.244140625
selected	0.2421875
selected	0.2412109375
selected	0.2421875
selected	0.240234375
selected	0.244140625
selected	0.2412109375
selected	0.2412109375
selected	0.2412109375
selected	0.2412109375
selected	0.2431640625
selected	0.2412109375
selected	0.2412109375
selected	0.2412109375
selected	0.244140625
selected	0.2421875
selected	0.2421875
selected	0.244140625
selected	0.2421875
selected	0.2412109375
selected	0.244140625
selected	0.2431640625
selected	0.2421875
selected	0.2421875
selected	0.244140625
selected	0.2421875
selected	0.2431640625
selected	0.2431640625
selected	0.2431640625
selected	0.2421875
selected	0.2431640625
selected	0.2421875
selected	0.2421875
selected	0.244140625
selected	0.2431640625
selected	0.244140625
selected	0.2421875
selected	0.244140625
selected	0.2421875
selected	0.244140625
selected	0.2431640625
selected	0.2421875
selected	0.2421875
selected	0.2421875
selected	0.2421875
selected	0.2421875
selected	0.2431640625
selected	0.2431640625
selected	0.2431640625
selected	0.2431640625
selected	0.2431640625
selected	0.2431640625
selected	0.244140625
selected	0.2431640625
selected	0.244140625
selected	0.2431640625
selected	0.25
selected	0.25390625
selected	0.25
selected	0.2509765625
selected	0.25390625
selected	0.25390625
selected	0.25
selected	0.25
selected	0.25
selected	0.25
selected	0.2529296875
selected	0.25390625
selected	0.2548828125
selected	0.25390625
selected	0.251953125
selected	0.2529296875
selected	0.25
selected	0.2548828125
selected	0.2509765625
selected	0.25
selected	0.2529296875
selected	0.25
selected	0.25
selected	0.25390625
selected	0.25
selected	0.25390625
selected	0.25
selected	0.2509765625
selected	0.2512562814
selected	0.2509765625
selected	0.2509765625
selected	0.2509765625
selected	0.2509765625
selected	0.2509765625
selected	0.2509765625
selected	0.251953125
selected	0.2509765625
selected	0.2509765625
selected	0.2529296875
selected	0.2509765625
selected	0.2509765625
selected	0.2509765625
selected	0.251953125
selected	0.2548828125
selected	0.2509765625
selected	0.251953125
selected	0.2509765625
selected	0.2509765625
selected	0.2509765625
selected	0.2509765625
selected	0.2509765625
selected	0.2529296875
selected	0.2509765625
selected	0.2509765625
selected	0.2509765625
selected	0.2509765625
selected	0.2509765625
selected	0.2548828125
selected	0.2509765625
selected	0.2548828125
selected	0.25390625
selected	0.251953125
selected	0.251953125
selected	0.251953125
selected	0.251953125
selected	0.2548828125
selected	0.251953125
selected	0.251953125
selected	0.2529296875
selected	0.251953125
selected	0.25390625
selected	0.251953125
selected	0.251953125
selected	0.251953125
selected	0.251953125
selected	0.251953125
selected	0.251953125
selected	0.251953125
selected	0.251953125
selected	0.251953125
selected	0.251953125
selected	0.251953125
selected	0.251953125
selected	0.251953125
selected	0.251953125
selected	0.251953125
selected	0.2529296875
selected	0.25390625
selected	0.2529296875
selected	0.2548828125
selected	0.2529296875
selected	0.25390625
selected	0.25390625
selected	0.2529296875
selected	0.2529296875
selected	0.2548828125
selected	0.2529296875
selected	0.2548828125
selected	0.2529296875
selected	0.2529296875
selected	0.2529296875
selected	0.2548828125
selected	0.2529296875
selected	0.2529296875
selected	0.2529296875
selected	0.2529296875
selected	0.2529296875
selected	0.2529296875
selected	0.2529296875
selected	0.25390625
selected	0.25390625
selected	0.25390625
selected	0.25390625
selected	0.2548828125
selected	0.25390625
selected	0.2548828125
selected	0.25390625
selected	0.25390625
selected	0.2529296875
selected	0.25390625
selected	0.25390625
selected	0.25390625
selected	0.2548828125
selected	0.25390625
selected	0.25390625
selected	0.25390625
selected	0.25390625
selected	0.25390625
selected	0.2548828125
selected	0.251953125
selected	0.25390625
selected	0.25390625
selected	0.25390625
selected	0.2548828125
selected	0.25390625
selected	0.25390625
selected	0.25390625
selected	0.2548828125
selected	0.2548828125
selected	0.2548828125
selected	0.2548828125
selected	0.2548828125
selected	0.2548828125
selected	0.2548828125
selected	0.2548828125
selected	0.2548828125
selected	0.2548828125
selected	0.2548828125
selected	0.2548828125
selected	0.2548828125
selected	0.2548828125
selected	0.2548828125
selected	0.2548828125
selected	0.2548828125
selected	0.2548828125
selected	0.2548828125
selected	0.2548828125
selected	0.2548828125
selected	0.2548828125
selected	0.2548828125
selected	0.2548828125
selected	0.2548828125
selected	0.2548828125
selected	0.2548828125
selected	0.2451171875
selected	0.2490234375
selected	0.24609375
selected	0.24609375
selected	0.24609375
selected	0.248046875
selected	0.2451171875
selected	0.2470703125
selected	0.2470703125
selected	0.248046875
selected	0.2470703125
selected	0.24609375
selected	0.2470703125
selected	0.2470703125
selected	0.248046875
selected	0.2470703125
selected	0.248046875
selected	0.248046875
selected	0.248046875
selected	0.248046875
selected	0.24609375
selected	0.2470703125
selected	0.248046875
selected	0.248046875
selected	0.2470703125
selected	0.248046875
selected	0.2470703125
selected	0.2490234375
selected	0.24609375
selected	0.24609375
selected	0.24609375
selected	0.24609375
selected	0.2490234375
selected	0.2490234375
selected	0.2490234375
selected	0.2490234375
selected	0.248046875
selected	0.248046875
selected	0.2490234375
selected	0.2490234375
selected	0.2470703125
selected	0.2470703125
selected	0.2490234375
selected	0.2490234375
selected	0.2470703125
selected	0.2490234375
selected	0.2490234375
selected	0.248046875
selected	0.2490234375
selected	0.248046875
selected	0.2490234375
selected	0.259765625
selected	0.259765625
selected	0.259765625
selected	0.2587890625
selected	0.2587890625
selected	0.2578125
selected	0.2568359375
selected	0.255859375
selected	0.2568359375
selected	0.2568359375
selected	0.2568359375
selected	0.2587890625
selected	0.2568359375
selected	0.2578125
selected	0.2568359375
selected	0.2578125
selected	0.2587890625
selected	0.2587890625
selected	0.2587890625
selected	0.259765625
selected	0.2578125
selected	0.2568359375
selected	0.259765625
selected	0.2568359375
selected	0.2568359375
selected	0.2568359375
selected	0.2587890625
selected	0.2578125
selected	0.259765625
selected	0.259765625
selected	0.259765625
selected	0.2587890625
selected	0.2587890625
selected	0.2578125
selected	0.2587890625
selected	0.2568359375
selected	0.2568359375
selected	0.2568359375
selected	0.2587890625
selected	0.2587890625
selected	0.2578125
selected	0.259765625
selected	0.2568359375
selected	0.2568359375
selected	0.2578125
selected	0.2568359375
selected	0.259765625
selected	0.2568359375
selected	0.2568359375
selected	0.2568359375
selected	0.2578125
selected	0.2578125
selected	0.2578125
selected	0.2568359375
selected	0.2568359375
selected	0.2587890625
selected	0.259765625
selected	0.259765625
selected	0.2568359375
selected	0.2568359375
selected	0.2578125
selected	0.2578125
selected	0.2578125
selected	0.2578125
selected	0.2578125
selected	0.2578125
selected	0.2578125
selected	0.259765625
selected	0.2578125
selected	0.2578125
selected	0.2578125
selected	0.259765625
selected	0.259765625
selected	0.2587890625
selected	0.2578125
selected	0.259765625
selected	0.2578125
selected	0.2578125
selected	0.2587890625
selected	0.2587890625
selected	0.2578125
selected	0.2578125
selected	0.259765625
selected	0.2578125
selected	0.2578125
selected	0.259765625
selected	0.2578125
selected	0.2578125
selected	0.2587890625
selected	0.2578125
selected	0.2587890625
selected	0.259765625
selected	0.2578125
selected	0.259765625
selected	0.2587890625
selected	0.2587890625
selected	0.259765625
selected	0.259765625
selected	0.259765625
selected	0.2587322122
selected	0.2587890625
selected	0.2587890625
selected	0.2587890625
selected	0.259765625
selected	0.2587890625
selected	0.2587890625
selected	0.2587890625
selected	0.2587890625
selected	0.2587890625
selected	0.259765625
selected	0.2587890625
selected	0.2587890625
selected	0.2587890625
selected	0.2587890625
selected	0.2587890625
selected	0.2587890625
selected	0.2587890625
selected	0.2587890625
selected	0.2587890625
selected	0.2587890625
selected	0.2587890625
selected	0.2587890625
selected	0.2587890625
selected	0.2587890625
selected	0.2586206897
selected	0.2587890625
selected	0.259765625
selected	0.259765625
selected	0.259765625
selected	0.259765625
selected	0.259765625
selected	0.259765625
selected	0.259765625
selected	0.259765625
selected	0.259765625
selected	0.259765625
selected	0.259765625
selected	0.259765625
selected	0.259765625
selected	0.259765625
selected	0.259765625
selected	0.259765625
selected	0.259765625
selected	0.259765625
selected	0.259765625
selected	0.259765625
selected	0.259765625
selected	0.259765625
selected	0.259765625
selected	0.259765625
selected	0.259765625
selected	0.259765625
selected	0.259765625
selected	0.259765625
selected	0.259765625
selected	0.259765625
selected	0.259765625
selected	0.259765625
selected	0.259765625
selected	0.259765625
selected	0.259765625
selected	0.259765625
selected	0.259765625
selected	0.263671875
selected	0.2626953125
selected	0.26171875
selected	0.263671875
selected	0.2646484375
selected	0.2646484375
selected	0.2607421875
selected	0.263671875
selected	0.2646484375
selected	0.2646484375
selected	0.2646484375
selected	0.263671875
selected	0.263671875
selected	0.2626953125
selected	0.2626953125
selected	0.2626953125
selected	0.26171875
selected	0.2607421875
selected	0.263671875
selected	0.2626953125
selected	0.2646484375
selected	0.263671875
selected	0.26171875
selected	0.2646484375
selected	0.2626953125
selected	0.2626953125
selected	0.26171875
selected	0.2626953125
selected	0.26171875
selected	0.2607421875
selected	0.2646484375
selected	0.26171875
selected	0.263671875
selected	0.26171875
selected	0.2626953125
selected	0.2646484375
selected	0.26171875
selected	0.26171875
selected	0.2646484375
selected	0.2646484375
selected	0.2646484375
selected	0.2626953125
selected	0.26171875
selected	0.26171875
selected	0.263671875
selected	0.2646484375
selected	0.26171875
selected	0.2646484375
selected	0.26171875
selected	0.2626953125
selected	0.26171875
selected	0.26171875
selected	0.2626953125
selected	0.26171875
selected	0.2626953125
selected	0.26171875
selected	0.26171875
selected	0.26171875
selected	0.2646484375
selected	0.26171875
selected	0.26171875
selected	0.26171875
selected	0.263671875
selected	0.263671875
selected	0.26171875
selected	0.2646484375
selected	0.263671875
selected	0.26171875
selected	0.263671875
selected	0.2626953125
selected	0.26171875
selected	0.26171875
selected	0.263671875
selected	0.263671875
selected	0.26171875
selected	0.2626953125
selected	0.2626953125
selected	0.2626953125
selected	0.2626953125
selected	0.2626953125
selected	0.2626953125
selected	0.2646484375
selected	0.2626953125
selected	0.263671875
selected	0.2626953125
selected	0.2626953125
selected	0.2626953125
selected	0.2626953125
selected	0.263671875
selected	0.263671875
selected	0.2626953125
selected	0.2626953125
selected	0.2646484375
selected	0.2626953125
selected	0.2646484375
selected	0.2646484375
selected	0.2626953125
selected	0.263671875
selected	0.2646484375
selected	0.2646484375
selected	0.263671875
selected	0.2626953125
selected	0.2626953125
selected	0.2626953125
selected	0.263671875
selected	0.263671875
selected	0.263671875
selected	0.2626953125
selected	0.263671875
selected	0.2626953125
selected	0.2626953125
selected	0.2626953125
selected	0.2646484375
selected	0.2626953125
selected	0.263671875
selected	0.263671875
selected	0.2646484375
selected	0.263671875
selected	0.263671875
selected	0.263671875
selected	0.263671875
selected	0.263671875
selected	0.263671875
selected	0.263671875
selected	0.263671875
selected	0.263671875
selected	0.263671875
selected	0.2646484375
selected	0.2646484375
selected	0.2646484375
selected	0.263671875
selected	0.263671875
selected	0.263671875
selected	0.263671875
selected	0.263671875
selected	0.263671875
selected	0.263671875
selected	0.263671875
selected	0.263671875
selected	0.263671875
selected	0.263671875
selected	0.2646484375
selected	0.263671875
selected	0.2646484375
selected	0.263671875
selected	0.263671875
selected	0.263671875
selected	0.263671875
selected	0.2646484375
selected	0.2646484375
selected	0.2646484375
selected	0.2646484375
selected	0.2646484375
selected	0.2646484375
selected	0.2646484375
selected	0.2646484375
selected	0.2646484375
selected	0.2646484375
selected	0.2646484375
selected	0.2646484375
selected	0.2646484375
selected	0.2646484375
selected	0.2646484375
selected	0.2646484375
selected	0.2646484375
selected	0.2646484375
selected	0.2646484375
selected	0.2646484375
selected	0.2646484375
selected	0.2646484375
selected	0.2646484375
selected	0.2646484375
selected	0.2646484375
selected	0.2646484375
selected	0.2646484375
selected	0.2646484375
selected	0.2646484375
selected	0.2646484375
selected	0.2646484375
selected	0.2646484375
selected	0.2646484375
selected	0.2646484375
selected	0.2646484375
selected	0.2646484375
selected	0.2646484375
selected	0.2646484375
selected	0.2646484375
selected	0.2646484375
selected	0.2646484375
selected	0.2685546875
selected	0.2666015625
selected	0.26953125
selected	0.2685546875
selected	0.2685546875
selected	0.2685546875
selected	0.2685546875
selected	0.26953125
selected	0.265625
selected	0.2666015625
selected	0.26953125
selected	0.26953125
selected	0.267578125
selected	0.2685546875
selected	0.26953125
selected	0.2666015625
selected	0.267578125
selected	0.267578125
selected	0.265625
selected	0.26953125
selected	0.267578125
selected	0.2685546875
selected	0.2666015625
selected	0.267578125
selected	0.2666015625
selected	0.265625
selected	0.26953125
selected	0.265625
selected	0.26953125
selected	0.267578125
selected	0.26953125
selected	0.267578125
selected	0.2685546875
selected	0.265625
selected	0.26953125
selected	0.265625
selected	0.267578125
selected	0.2666015625
selected	0.26953125
selected	0.2666015625
selected	0.267578125
selected	0.26953125
selected	0.2666015625
selected	0.2666015625
selected	0.2685546875
selected	0.26953125
selected	0.2685546875
selected	0.2685546875
selected	0.2666015625
selected	0.2666015625
selected	0.2685546875
selected	0.2666015625
selected	0.26953125
selected	0.267578125
selected	0.26953125
selected	0.2685546875
selected	0.2666015625
selected	0.26953125
selected	0.2685546875
selected	0.2666015625
selected	0.2666015625
selected	0.2666015625
selected	0.2666015625
selected	0.267578125
selected	0.2685546875
selected	0.2666015625
selected	0.26953125
selected	0.2666015625
selected	0.2666015625
selected	0.26953125
selected	0.2685546875
selected	0.2685546875
selected	0.267578125
selected	0.2685546875
selected	0.26953125
selected	0.2666015625
selected	0.2666015625
selected	0.26953125
selected	0.267578125
selected	0.267578125
selected	0.2685546875
selected	0.267578125
selected	0.267578125
selected	0.267578125
selected	0.26953125
selected	0.267578125
selected	0.26953125
selected	0.267578125
selected	0.267578125
selected	0.267578125
selected	0.267578125
selected	0.2685546875
selected	0.2685546875
selected	0.267578125
selected	0.26953125
selected	0.26953125
selected	0.267578125
selected	0.2685546875
selected	0.26953125
selected	0.267578125
selected	0.267578125
selected	0.2685546875
selected	0.267578125
selected	0.26953125
selected	0.2685546875
selected	0.267578125
selected	0.2685546875
selected	0.267578125
selected	0.267578125
selected	0.267578125
selected	0.267578125
selected	0.267578125
selected	0.267578125
selected	0.267578125
selected	0.267578125
selected	0.267578125
selected	0.267578125
selected	0.2685546875
selected	0.267578125
selected	0.267578125
selected	0.2685546875
selected	0.2685546875
selected	0.26953125
selected	0.2685546875
selected	0.26953125
selected	0.26953125
selected	0.26953125
selected	0.26953125
selected	0.2685546875
selected	0.26953125
selected	0.2685546875
selected	0.2685546875
selected	0.2685546875
selected	0.2685546875
selected	0.2685546875
selected	0.26953125
selected	0.2685546875
selected	0.2685546875
selected	0.2685546875
selected	0.26953125
selected	0.2685546875
selected	0.2685546875
selected	0.2685546875
selected	0.2685546875
selected	0.2685546875
selected	0.2685546875
selected	0.2685546875
selected	0.26953125
selected	0.2685546875
selected	0.2685546875
selected	0.2685546875
selected	0.2685546875
selected	0.2685546875
selected	0.2685546875
selected	0.2685546875
selected	0.2685546875
selected	0.26953125
selected	0.26953125
selected	0.26953125
selected	0.2685546875
selected	0.26953125
selected	0.2685546875
selected	0.2685546875
selected	0.26953125
selected	0.26953125
selected	0.26953125
selected	0.26953125
selected	0.26953125
selected	0.26953125
selected	0.26953125
selected	0.26953125
selected	0.26953125
selected	0.26953125
selected	0.26953125
selected	0.26953125
selected	0.26953125
selected	0.26953125
selected	0.26953125
selected	0.26953125
selected	0.26953125
selected	0.26953125
selected	0.26953125
selected	0.26953125
selected	0.26953125
selected	0.26953125
selected	0.26953125
selected	0.26953125
selected	0.26953125
selected	0.26953125
selected	0.26953125
selected	0.26953125
selected	0.26953125
selected	0.26953125
selected	0.26953125
selected	0.26953125
selected	0.26953125
selected	0.26953125
selected	0.26953125
selected	0.26953125
selected	0.26953125
selected	0.26953125
selected	0.26953125
selected	0.26953125
selected	0.26953125
selected	0.26953125
selected	0.26953125
selected	0.2744140625
selected	0.2705078125
selected	0.2724609375
selected	0.2705078125
selected	0.2724609375
selected	0.2734375
selected	0.2744140625
selected	0.2744140625
selected	0.271484375
selected	0.2734375
selected	0.2724609375
selected	0.2734375
selected	0.2724609375
selected	0.271484375
selected	0.2724609375
selected	0.2734375
selected	0.2744140625
selected	0.2705078125
selected	0.2734375
selected	0.2724609375
selected	0.2724609375
selected	0.2724609375
selected	0.2734375
selected	0.2724609375
selected	0.2734375
selected	0.2734375
selected	0.271484375
selected	0.2744140625
selected	0.2705078125
selected	0.271484375
selected	0.2734375
selected	0.2705078125
selected	0.2734375
selected	0.2705078125
selected	0.2724609375
selected	0.2744140625
selected	0.2724609375
selected	0.2734375
selected	0.2724609375
selected	0.2734375
selected	0.2724609375
selected	0.271484375
selected	0.2705078125
selected	0.2705078125
selected	0.2744140625
selected	0.2724609375
selected	0.2724609375
selected	0.271484375
selected	0.2744140625
selected	0.2705078125
selected	0.271484375
selected	0.2734375
selected	0.2724609375
selected	0.2744140625
selected	0.271484375
selected	0.271484375
selected	0.2744140625
selected	0.2724609375
selected	0.2734375
selected	0.2724609375
selected	0.2734375
selected	0.2734375
selected	0.271484375
selected	0.271484375
selected	0.2744140625
selected	0.2734375
selected	0.271484375
selected	0.271484375
selected	0.2724609375
selected	0.2724609375
selected	0.2734375
selected	0.2724609375
selected	0.271484375
selected	0.271484375
selected	0.2744140625
selected	0.271484375
selected	0.2724609375
selected	0.2734375
selected	0.271484375
selected	0.271484375
selected	0.2734375
selected	0.271484375
selected	0.271484375
selected	0.2734375
selected	0.271484375
selected	0.2744140625
selected	0.2744140625
selected	0.271484375
selected	0.2744140625
selected	0.271484375
selected	0.271484375
selected	0.2724609375
selected	0.271484375
selected	0.271484375
selected	0.2744140625
selected	0.2744140625
selected	0.2724609375
selected	0.2744140625
selected	0.2744140625
selected	0.2734375
selected	0.2734375
selected	0.2734375
selected	0.2744140625
selected	0.2724609375
selected	0.271484375
selected	0.2744140625
selected	0.2724609375
selected	0.2724609375
selected	0.2734375
selected	0.2734375
selected	0.2724609375
selected	0.2724609375
selected	0.2744140625
selected	0.2724609375
selected	0.2734375
selected	0.2734375
selected	0.2724609375
selected	0.2724609375
selected	0.2724609375
selected	0.2724609375
selected	0.2734375
selected	0.2744140625
selected	0.2724609375
selected	0.2734375
selected	0.2724609375
selected	0.2724609375
selected	0.2744140625
selected	0.2724609375
selected	0.2724609375
selected	0.2734375
selected	0.2744140625
selected	0.2724609375
selected	0.2734375
selected	0.2724609375
selected	0.2744140625
selected	0.2734375
selected	0.2744140625
selected	0.2734375
selected	0.2724609375
selected	0.2734375
selected	0.2734375
selected	0.2744140625
selected	0.2724609375
selected	0.2734375
selected	0.2724609375
selected	0.2734375
selected	0.2734375
selected	0.2734375
selected	0.2734375
selected	0.2724609375
selected	0.2734375
selected	0.2734375
selected	0.2734375
selected	0.2734375
selected	0.2734375
selected	0.2734375
selected	0.2744140625
selected	0.2744140625
selected	0.2734375
selected	0.2734375
selected	0.2734375
selected	0.2734375
selected	0.2734375
selected	0.2734375
selected	0.2744140625
selected	0.2734375
selected	0.2734375
selected	0.2734375
selected	0.2734375
selected	0.2734375
selected	0.2734375
selected	0.2744140625
selected	0.2744140625
selected	0.2734375
selected	0.2734375
selected	0.2734375
selected	0.2734375
selected	0.2734375
selected	0.2734375
selected	0.2734375
selected	0.2734375
selected	0.2734375
selected	0.2734375
selected	0.2744140625
selected	0.2744140625
selected	0.2734375
selected	0.2744140625
selected	0.2734375
selected	0.2744140625
selected	0.2734375
selected	0.2744140625
selected	0.2734375
selected	0.2734375
selected	0.2734375
selected	0.2734375
selected	0.2734375
selected	0.2744140625
selected	0.2734375
selected	0.2744140625
selected	0.2744140625
selected	0.2744140625
selected	0.2744140625
selected	0.2744140625
selected	0.2744140625
selected	0.2744140625
selected	0.2744140625
selected	0.2744140625
selected	0.2744140625
selected	0.2744140625
selected	0.2744140625
selected	0.2744140625
selected	0.2744140625
selected	0.2744140625
selected	0.2744140625
selected	0.2744140625
selected	0.2744140625
selected	0.2744140625
selected	0.2744140625
selected	0.2744140625
selected	0.2744140625
selected	0.2744140625
selected	0.2744140625
selected	0.2744140625
selected	0.2744140625
selected	0.2744140625
selected	0.2744140625
selected	0.2744140625
selected	0.2744140625
selected	0.2744140625
selected	0.2744140625
selected	0.2744140625
selected	0.2744140625
selected	0.2744140625
selected	0.2744140625
selected	0.2744140625
selected	0.2744140625
selected	0.2744140625
selected	0.2744140625
selected	0.2744140625
selected	0.2744140625
selected	0.2744140625
selected	0.2744140625
selected	0.2744140625
selected	0.2744140625
selected	0.2744140625
selected	0.2744140625
selected	0.275390625
selected	0.2763671875
selected	0.279296875
selected	0.2783203125
selected	0.279296875
selected	0.275390625
selected	0.275390625
selected	0.2783203125
selected	0.275390625
selected	0.27734375
selected	0.2783203125
selected	0.2783203125
selected	0.2763671875
selected	0.2783203125
selected	0.2783203125
selected	0.279296875
selected	0.2763671875
selected	0.275390625
selected	0.27734375
selected	0.2783203125
selected	0.275390625
selected	0.27734375
selected	0.27734375
selected	0.2763671875
selected	0.2763671875
selected	0.2783203125
selected	0.275390625
selected	0.27734375
selected	0.275390625
selected	0.27734375
selected	0.275390625
selected	0.27734375
selected	0.275390625
selected	0.2763671875
selected	0.2783203125
selected	0.275390625
selected	0.2783203125
selected	0.2783203125
selected	0.2783203125
selected	0.2783203125
selected	0.2763671875
selected	0.275390625
selected	0.275390625
selected	0.2783203125
selected	0.2783203125
selected	0.2752203722
selected	0.27734375
selected	0.275390625
selected	0.279296875
selected	0.2783203125
selected	0.279296875
selected	0.2783203125
selected	0.2783203125
selected	0.2763671875
selected	0.27734375
selected	0.2763671875
selected	0.2763671875
selected	0.2763671875
selected	0.27734375
selected	0.27734375
selected	0.2763671875
selected	0.2783203125
selected	0.27734375
selected	0.2763671875
selected	0.279296875
selected	0.2763671875
selected	0.2763671875
selected	0.2783203125
selected	0.27734375
selected	0.2763671875
selected	0.279296875
selected	0.2763671875
selected	0.279296875
selected	0.2763671875
selected	0.2783203125
selected	0.2763671875
selected	0.27734375
selected	0.2763671875
selected	0.2763671875
selected	0.2763671875
selected	0.2763671875
selected	0.27734375
selected	0.2763671875
selected	0.2783203125
selected	0.2763671875
selected	0.2783203125
selected	0.2763671875
selected	0.279296875
selected	0.27734375
selected	0.27734375
selected	0.27734375
selected	0.27734375
selected	0.2763671875
selected	0.27734375
selected	0.2783203125
selected	0.279296875
selected	0.279296875
selected	0.2783203125
selected	0.27734375
selected	0.2763671875
selected	0.2763671875
selected	0.27734375
selected	0.2763671875
selected	0.2763671875
selected	0.2763671875
selected	0.27734375
selected	0.2783203125
selected	0.27734375
selected	0.27734375
selected	0.2783203125
selected	0.27734375
selected	0.27734375
selected	0.2783203125
selected	0.27734375
selected	0.279296875
selected	0.27734375
selected	0.27734375
selected	0.279296875
selected	0.27734375
selected	0.279296875
selected	0.279296875
selected	0.2783203125
selected	0.27734375
selected	0.27734375
selected	0.27734375
selected	0.2783203125
selected	0.2783203125
selected	0.279296875
selected	0.27734375
selected	0.279296875
selected	0.279296875
selected	0.27734375
selected	0.279296875
selected	0.279296875
selected	0.279296875
selected	0.27734375
selected	0.27734375
selected	0.27734375
selected	0.27734375
selected	0.27734375
selected	0.27734375
selected	0.27734375
selected	0.279296875
selected	0.279296875
selected	0.279296875
selected	0.27734375
selected	0.279296875
selected	0.27734375
selected	0.279296875
selected	0.27734375
selected	0.27734375
selected	0.27734375
selected	0.279296875
selected	0.27734375
selected	0.2783203125
selected	0.27734375
selected	0.27734375
selected	0.2783203125
selected	0.27734375
selected	0.2783203125
selected	0.2783203125
selected	0.2783203125
selected	0.2783203125
selected	0.2783203125
selected	0.2783203125
selected	0.2783203125
selected	0.279296875
selected	0.2783203125
selected	0.279296875
selected	0.2783203125
selected	0.2783203125
selected	0.2783203125
selected	0.2783203125
selected	0.2783203125
selected	0.2783203125
selected	0.2783203125
selected	0.279296875
selected	0.279296875
selected	0.279296875
selected	0.2783203125
selected	0.2783203125
selected	0.2783203125
selected	0.2783203125
selected	0.2783203125
selected	0.2783203125
selected	0.2783203125
selected	0.2783203125
selected	0.2783203125
selected	0.2783203125
selected	0.2783203125
selected	0.2783203125
selected	0.2783203125
selected	0.279296875
selected	0.2783203125
selected	0.2783203125
selected	0.2783203125
selected	0.2783203125
selected	0.2783203125
selected	0.2783203125
selected	0.2783203125
selected	0.2783203125
selected	0.2783203125
selected	0.2783203125
selected	0.2783203125
selected	0.2783203125
selected	0.2783203125
selected	0.2783203125
selected	0.2783203125
selected	0.2783203125
selected	0.2783203125
selected	0.2783203125
selected	0.2783203125
selected	0.279296875
selected	0.2783203125
selected	0.279296875
selected	0.2783203125
selected	0.279296875
selected	0.2783203125
selected	0.2783203125
selected	0.279296875
selected	0.279296875
selected	0.279296875
selected	0.279296875
selected	0.279296875
selected	0.279296875
selected	0.279296875
selected	0.279296875
selected	0.279296875
selected	0.279296875
selected	0.279296875
selected	0.279296875
selected	0.279296875
selected	0.279296875
selected	0.279296875
selected	0.279296875
selected	0.279296875
selected	0.279296875
selected	0.279296875
selected	0.279296875
selected	0.279296875
selected	0.279296875
selected	0.279296875
selected	0.279296875
selected	0.279296875
selected	0.279296875
selected	0.279296875
selected	0.279296875
selected	0.279296875
selected	0.279296875
selected	0.279296875
selected	0.279296875
selected	0.279296875
selected	0.279296875
selected	0.279296875
selected	0.279296875
selected	0.279296875
selected	0.279296875
selected	0.279296875
selected	0.279296875
selected	0.279296875
selected	0.279296875
selected	0.279296875
selected	0.279296875
selected	0.279296875
selected	0.279296875
selected	0.279296875
selected	0.279296875
selected	0.279296875
selected	0.279296875
selected	0.279296875
selected	0.279296875
selected	0.279296875
selected	0.279296875
selected	0.279296875
selected	0.279296875
selected	0.283203125
selected	0.2802734375
selected	0.283203125
selected	0.283203125
selected	0.2822265625
selected	0.283203125
selected	0.283203125
selected	0.28125
selected	0.28125
selected	0.28125
selected	0.283203125
selected	0.2841796875
selected	0.2841796875
selected	0.283203125
selected	0.283203125
selected	0.2822265625
selected	0.2822265625
selected	0.2802734375
selected	0.28125
selected	0.283203125
selected	0.283203125
selected	0.2841796875
selected	0.2802734375
selected	0.2822265625
selected	0.28125
selected	0.28125
selected	0.2841796875
selected	0.2802734375
selected	0.2822265625
selected	0.28125
selected	0.2841796875
selected	0.2822265625
selected	0.2841796875
selected	0.283203125
selected	0.283203125
selected	0.283203125
selected	0.283203125
selected	0.28125
selected	0.283203125
selected	0.2822265625
selected	0.283203125
selected	0.283203125
selected	0.2822265625
selected	0.2841796875
selected	0.2822265625
selected	0.283203125
selected	0.2822265625
selected	0.283203125
selected	0.2802734375
selected	0.2841796875
selected	0.2841796875
selected	0.2802734375
selected	0.2841796875
selected	0.2802734375
selected	0.2841796875
selected	0.2802734375
selected	0.28125
selected	0.2841796875
selected	0.2802734375
selected	0.2802734375
selected	0.28125
selected	0.28125
selected	0.28125
selected	0.28125
selected	0.2841796875
selected	0.2841796875
selected	0.28125
selected	0.28125
selected	0.28125
selected	0.2822265625
selected	0.2841796875
selected	0.28125
selected	0.2841796875
selected	0.283203125
selected	0.2822265625
selected	0.2841796875
selected	0.28125
selected	0.28125
selected	0.28125
selected	0.28125
selected	0.2841796875
selected	0.2822265625
selected	0.28125
selected	0.28125
selected	0.283203125
selected	0.2822265625
selected	0.2822265625
selected	0.28125
selected	0.2822265625
selected	0.283203125
selected	0.2822265625
selected	0.2841796875
selected	0.28125
selected	0.2822265625
selected	0.2841796875
selected	0.2841796875
selected	0.2822265625
selected	0.28125
selected	0.283203125
selected	0.283203125
selected	0.2822265625
selected	0.283203125
selected	0.283203125
selected	0.2822265625
selected	0.283203125
selected	0.2841796875
selected	0.28125
selected	0.2841796875
selected	0.28125
selected	0.283203125
selected	0.283203125
selected	0.283203125
selected	0.2822265625
selected	0.2841796875
selected	0.2841796875
selected	0.2822265625
selected	0.2841796875
selected	0.2822265625
selected	0.28125
selected	0.28125
selected	0.28125
selected	0.2841796875
selected	0.283203125
selected	0.283203125
selected	0.2841796875
selected	0.2822265625
selected	0.283203125
selected	0.2822265625
selected	0.283203125
selected	0.2841796875
selected	0.2841796875
selected	0.2822265625
selected	0.2822265625
selected	0.2841796875
selected	0.2822265625
selected	0.2822265625
selected	0.2822265625
selected	0.283203125
selected	0.2822265625
selected	0.283203125
selected	0.2841796875
selected	0.2822265625
selected	0.2822265625
selected	0.2822265625
selected	0.2822265625
selected	0.2822265625
selected	0.2822265625
selected	0.2841796875
selected	0.283203125
selected	0.2822265625
selected	0.283203125
selected	0.2841796875
selected	0.283203125
selected	0.283203125
selected	0.2822265625
selected	0.2841796875
selected	0.2822265625
selected	0.2822265625
selected	0.2822265625
selected	0.2841796875
selected	0.2822265625
selected	0.2841796875
selected	0.2822265625
selected	0.2841796875
selected	0.2841796875
selected	0.283203125
selected	0.2822265625
selected	0.2822265625
selected	0.283203125
selected	0.2822265625
selected	0.2822265625
selected	0.2822265625
selected	0.2822265625
selected	0.2822265625
selected	0.2822265625
selected	0.2822265625
selected	0.283203125
selected	0.2841796875
selected	0.2822265625
selected	0.2822265625
selected	0.283203125
selected	0.2841796875
selected	0.283203125
selected	0.2841796875
selected	0.283203125
selected	0.283203125
selected	0.283203125
selected	0.283203125
selected	0.283203125
selected	0.2841796875
selected	0.283203125
selected	0.283203125
selected	0.283203125
selected	0.283203125
selected	0.2841796875
selected	0.283203125
selected	0.283203125
selected	0.283203125
selected	0.2841796875
selected	0.283203125
selected	0.283203125
selected	0.283203125
selected	0.283203125
selected	0.283203125
selected	0.283203125
selected	0.2841796875
selected	0.2841796875
selected	0.283203125
selected	0.283203125
selected	0.2841796875
selected	0.283203125
selected	0.283203125
selected	0.283203125
selected	0.2841796875
selected	0.283203125
selected	0.283203125
selected	0.283203125
selected	0.2841796875
selected	0.283203125
selected	0.283203125
selected	0.283203125
selected	0.283203125
selected	0.2841796875
selected	0.2841796875
selected	0.2841796875
selected	0.283203125
selected	0.283203125
selected	0.283203125
selected	0.283203125
selected	0.2841796875
selected	0.283203125
selected	0.283203125
selected	0.2841796875
selected	0.283203125
selected	0.2841796875
selected	0.283203125
selected	0.283203125
selected	0.283203125
selected	0.283203125
selected	0.283203125
selected	0.283203125
selected	0.2841796875
selected	0.2841796875
selected	0.2841796875
selected	0.2841796875
selected	0.2841796875
selected	0.2841796875
selected	0.2841796875
selected	0.2841796875
selected	0.2841796875
selected	0.2841796875
selected	0.2841796875
selected	0.2841796875
selected	0.2841796875
selected	0.2841796875
selected	0.2841796875
selected	0.2841796875
selected	0.2841796875
selected	0.2841796875
selected	0.2841796875
selected	0.2841796875
selected	0.2841796875
selected	0.2841796875
selected	0.2841796875
selected	0.2841796875
selected	0.283203125
selected	0.2841796875
selected	0.2841796875
selected	0.2841796875
selected	0.2841796875
selected	0.2841796875
selected	0.2841796875
selected	0.2841796875
selected	0.2841796875
selected	0.2841796875
selected	0.2841796875
selected	0.2841796875
selected	0.28125
selected	0.2841796875
selected	0.2841796875
selected	0.2841796875
selected	0.2841796875
selected	0.2841796875
selected	0.2841796875
selected	0.2841796875
selected	0.2841796875
selected	0.2841796875
selected	0.2841796875
selected	0.2841796875
selected	0.2841796875
selected	0.2841796875
selected	0.2841796875
selected	0.2841796875
selected	0.2841796875
selected	0.2841796875
selected	0.2841796875
selected	0.2841796875
selected	0.2841796875
selected	0.2841796875
selected	0.2841796875
selected	0.2841796875
selected	0.2841796875
selected	0.2841796875
selected	0.29296875
selected	0.2900390625
selected	0.2900390625
selected	0.2900390625
selected	0.2900390625
selected	0.2900390625
selected	0.2919921875
selected	0.2900390625
selected	0.2900390625
selected	0.2900390625
selected	0.291015625
selected	0.2900390625
selected	0.294921875
selected	0.291015625
selected	0.2919921875
selected	0.2900390625
selected	0.2900390625
selected	0.2900390625
selected	0.2900390625
selected	0.2900390625
selected	0.2900390625
selected	0.2919921875
selected	0.29296875
selected	0.294921875
selected	0.2900390625
selected	0.2900390625
selected	0.2900390625
selected	0.2900390625
selected	0.2939453125
selected	0.2900390625
selected	0.2900390625
selected	0.2900390625
selected	0.2900390625
selected	0.2939453125
selected	0.2900390625
selected	0.2900390625
selected	0.29296875
selected	0.2900390625
selected	0.291015625
selected	0.2900390625
selected	0.2900390625
selected	0.2900390625
selected	0.2919921875
selected	0.29296875
selected	0.2900390625
selected	0.2919921875
selected	0.2939453125
selected	0.2900390625
selected	0.2900390625
selected	0.2900390625
selected	0.2900390625
selected	0.2900390625
selected	0.2900390625
selected	0.2939453125
selected	0.2900390625
selected	0.291015625
selected	0.2900390625
selected	0.2900390625
selected	0.2900390625
selected	0.294921875
selected	0.2900390625
selected	0.291015625
selected	0.2919921875
selected	0.2939453125
selected	0.291015625
selected	0.291015625
selected	0.291015625
selected	0.291015625
selected	0.2939453125
selected	0.2939453125
selected	0.2919921875
selected	0.291015625
selected	0.2919921875
selected	0.291015625
selected	0.291015625
selected	0.294921875
selected	0.291015625
selected	0.291015625
selected	0.291015625
selected	0.291015625
selected	0.291015625
selected	0.2939453125
selected	0.291015625
selected	0.291015625
selected	0.291015625
selected	0.291015625
selected	0.291015625
selected	0.2946058091
selected	0.29296875
selected	0.2939453125
selected	0.2939453125
selected	0.291015625
selected	0.29296875
selected	0.294921875
selected	0.2939453125
selected	0.291015625
selected	0.291015625
selected	0.294921875
selected	0.291015625
selected	0.291015625
selected	0.291015625
selected	0.291015625
selected	0.291015625
selected	0.291015625
selected	0.291015625
selected	0.2939453125
selected	0.291015625
selected	0.291015625
selected	0.2919921875
selected	0.291015625
selected	0.291015625
selected	0.29296875
selected	0.291015625
selected	0.2919921875
selected	0.291015625
selected	0.291015625
selected	0.291015625
selected	0.2939453125
selected	0.291015625
selected	0.291015625
selected	0.291015625
selected	0.291015625
selected	0.291015625
selected	0.294921875
selected	0.29296875
selected	0.291015625
selected	0.29296875
selected	0.2939453125
selected	0.2939453125
selected	0.2919921875
selected	0.2919921875
selected	0.2919921875
selected	0.2919921875
selected	0.2919921875
selected	0.294921875
selected	0.2919921875
selected	0.2919921875
selected	0.2919921875
selected	0.2919921875
selected	0.2919921875
selected	0.2919921875
selected	0.2919921875
selected	0.2919921875
selected	0.2919921875
selected	0.2919921875
selected	0.2919921875
selected	0.2919921875
selected	0.2919921875
selected	0.2919921875
selected	0.2919921875
selected	0.2919921875
selected	0.2919921875
selected	0.2919921875
selected	0.2919921875
selected	0.2919921875
selected	0.2919921875
selected	0.2919921875
selected	0.29296875
selected	0.2919921875
selected	0.29296875
selected	0.2919921875
selected	0.2919921875
selected	0.2919921875
selected	0.2919921875
selected	0.29296875
selected	0.2919921875
selected	0.29296875
selected	0.29296875
selected	0.2919921875
selected	0.2919921875
selected	0.2919921875
selected	0.2919921875
selected	0.2919921875
selected	0.2919921875
selected	0.2919921875
selected	0.2919921875
selected	0.2919921875
selected	0.2919921875
selected	0.2919921875
selected	0.2919921875
selected	0.2919921875
selected	0.2919921875
selected	0.29296875
selected	0.2919921875
selected	0.2919921875
selected	0.2919921875
selected	0.2919921875
selected	0.2919921875
selected	0.2919921875
selected	0.2919921875
selected	0.2919921875
selected	0.2919921875
selected	0.2919921875
selected	0.2939453125
selected	0.2919921875
selected	0.2919921875
selected	0.2939453125
selected	0.2919921875
selected	0.2919921875
selected	0.294921875
selected	0.29296875
selected	0.29296875
selected	0.29296875
selected	0.29296875
selected	0.29296875
selected	0.29296875
selected	0.29296875
selected	0.29296875
selected	0.29296875
selected	0.29296875
selected	0.29296875
selected	0.2939453125
selected	0.29296875
selected	0.29296875
selected	0.29296875
selected	0.29296875
selected	0.29296875
selected	0.29296875
selected	0.29296875
selected	0.29296875
selected	0.29296875
selected	0.29296875
selected	0.29296875
selected	0.29296875
selected	0.29296875
selected	0.294921875
selected	0.2939453125
selected	0.2939453125
selected	0.29296875
selected	0.29296875
selected	0.29296875
selected	0.29296875
selected	0.29296875
selected	0.29296875
selected	0.29296875
selected	0.294921875
selected	0.294921875
selected	0.29296875
selected	0.29296875
selected	0.29296875
selected	0.29296875
selected	0.29296875
selected	0.29296875
selected	0.29296875
selected	0.29296875
selected	0.29296875
selected	0.29296875
selected	0.294921875
selected	0.29296875
selected	0.29296875
selected	0.294921875
selected	0.294921875
selected	0.29296875
selected	0.29296875
selected	0.29296875
selected	0.29296875
selected	0.29296875
selected	0.2939453125
selected	0.29296875
selected	0.29296875
selected	0.29296875
selected	0.29296875
selected	0.29296875
selected	0.29296875
selected	0.29296875
selected	0.29296875
selected	0.29296875
selected	0.29296875
selected	0.29296875
selected	0.29296875
selected	0.2939453125
selected	0.2939453125
selected	0.2939453125
selected	0.2939453125
selected	0.2939453125
selected	0.2939453125
selected	0.2939453125
selected	0.2939453125
selected	0.2939453125
selected	0.294921875
selected	0.2939453125
selected	0.294921875
selected	0.2939453125
selected	0.2939453125
selected	0.2939453125
selected	0.2939453125
selected	0.2939453125
selected	0.2939453125
selected	0.2939453125
selected	0.294921875
selected	0.2939453125
selected	0.2939453125
selected	0.2939453125
selected	0.2939453125
selected	0.2939453125
selected	0.2939453125
selected	0.2939453125
selected	0.2939453125
selected	0.2939453125
selected	0.2939453125
selected	0.294921875
selected	0.2939453125
selected	0.2939453125
selected	0.2939453125
selected	0.294921875
selected	0.2939453125
selected	0.2939453125
selected	0.2939453125
selected	0.2939453125
selected	0.2939453125
selected	0.294921875
selected	0.2939453125
selected	0.2939453125
selected	0.2939453125
selected	0.2939453125
selected	0.2939453125
selected	0.2939453125
selected	0.2939453125
selected	0.294921875
selected	0.2939453125
selected	0.2939453125
selected	0.2939453125
selected	0.2939453125
selected	0.2939453125
selected	0.2939453125
selected	0.2939453125
selected	0.2939453125
selected	0.2939453125
selected	0.2939453125
selected	0.2939453125
selected	0.2939453125
selected	0.2939453125
selected	0.2939453125
selected	0.2939453125
selected	0.2939453125
selected	0.2939453125
selected	0.2939453125
selected	0.294921875
selected	0.294921875
selected	0.294921875
selected	0.294921875
selected	0.294921875
selected	0.294921875
selected	0.294921875
selected	0.2939453125
selected	0.294921875
selected	0.294921875
selected	0.294921875
selected	0.294921875
selected	0.294921875
selected	0.294921875
selected	0.294921875
selected	0.294921875
selected	0.294921875
selected	0.294921875
selected	0.294921875
selected	0.294921875
selected	0.294921875
selected	0.294921875
selected	0.294921875
selected	0.294921875
selected	0.294921875
selected	0.294921875
selected	0.294921875
selected	0.294921875
selected	0.294921875
selected	0.294921875
selected	0.294921875
selected	0.294921875
selected	0.294921875
selected	0.294921875
selected	0.294921875
selected	0.294921875
selected	0.294921875
selected	0.294921875
selected	0.294921875
selected	0.294921875
selected	0.294921875
selected	0.294921875
selected	0.294921875
selected	0.294921875
selected	0.294921875
selected	0.294921875
selected	0.294921875
selected	0.294921875
selected	0.294921875
selected	0.294921875
selected	0.294921875
selected	0.294921875
selected	0.294921875
selected	0.294921875
selected	0.294921875
selected	0.294921875
selected	0.294921875
selected	0.294921875
selected	0.294921875
selected	0.28515625
selected	0.2890625
selected	0.28515625
selected	0.28515625
selected	0.287109375
selected	0.28515625
selected	0.2880859375
selected	0.287109375
selected	0.2861328125
selected	0.2861328125
selected	0.2890625
selected	0.2890625
selected	0.2861328125
selected	0.2880859375
selected	0.28515625
selected	0.287109375
selected	0.2861328125
selected	0.28515625
selected	0.2861328125
selected	0.2890625
selected	0.2890625
selected	0.2861328125
selected	0.2861328125
selected	0.2880859375
selected	0.2861328125
selected	0.287109375
selected	0.2890625
selected	0.2890625
selected	0.2880859375
selected	0.2880859375
selected	0.28515625
selected	0.2890625
selected	0.28515625
selected	0.2861328125
selected	0.28515625
selected	0.28515625
selected	0.2880859375
selected	0.28515625
selected	0.2890625
selected	0.28515625
selected	0.2890625
selected	0.2880859375
selected	0.2861328125
selected	0.2861328125
selected	0.2861328125
selected	0.287109375
selected	0.2890625
selected	0.28515625
selected	0.28515625
selected	0.28515625
selected	0.2890625
selected	0.2890625
selected	0.2880859375
selected	0.2861328125
selected	0.2861328125
selected	0.2861328125
selected	0.2861328125
selected	0.2861328125
selected	0.2880859375
selected	0.2861328125
selected	0.2861328125
selected	0.2880859375
selected	0.2890625
selected	0.2861328125
selected	0.2890625
selected	0.287109375
selected	0.287109375
selected	0.2880859375
selected	0.2880859375
selected	0.2880859375
selected	0.2861328125
selected	0.287109375
selected	0.2861328125
selected	0.2861328125
selected	0.2890625
selected	0.2890625
selected	0.2861328125
selected	0.2861328125
selected	0.2890625
selected	0.2861328125
selected	0.287109375
selected	0.2880859375
selected	0.287109375
selected	0.2861328125
selected	0.2861328125
selected	0.2861328125
selected	0.2861328125
selected	0.2861328125
selected	0.2880859375
selected	0.2861328125
selected	0.2890625
selected	0.2861328125
selected	0.2890625
selected	0.2890625
selected	0.2890625
selected	0.2861328125
selected	0.2890625
selected	0.287109375
selected	0.287109375
selected	0.2890625
selected	0.287109375
selected	0.2861328125
selected	0.287109375
selected	0.2880859375
selected	0.2861328125
selected	0.2861328125
selected	0.287109375
selected	0.2880859375
selected	0.2861328125
selected	0.287109375
selected	0.287109375
selected	0.287109375
selected	0.2890625
selected	0.2861328125
selected	0.2861328125
selected	0.287109375
selected	0.287109375
selected	0.2890625
selected	0.2861328125
selected	0.2861328125
selected	0.287109375
selected	0.287109375
selected	0.287109375
selected	0.287109375
selected	0.287109375
selected	0.2890625
selected	0.287109375
selected	0.287109375
selected	0.287109375
selected	0.2880859375
selected	0.287109375
selected	0.287109375
selected	0.2890625
selected	0.2890625
selected	0.2880859375
selected	0.2880859375
selected	0.287109375
selected	0.287109375
selected	0.2890625
selected	0.287109375
selected	0.287109375
selected	0.287109375
selected	0.287109375
selected	0.2890625
selected	0.2890625
selected	0.287109375
selected	0.2880859375
selected	0.2880859375
selected	0.287109375
selected	0.287109375
selected	0.287109375
selected	0.2890625
selected	0.2880859375
selected	0.2890625
selected	0.287109375
selected	0.2880859375
selected	0.287109375
selected	0.287109375
selected	0.287109375
selected	0.287109375
selected	0.287109375
selected	0.287109375
selected	0.2890625
selected	0.287109375
selected	0.2890625
selected	0.287109375
selected	0.287109375
selected	0.287109375
selected	0.287109375
selected	0.287109375
selected	0.287109375
selected	0.287109375
selected	0.287109375
selected	0.287109375
selected	0.287109375
selected	0.287109375
selected	0.287109375
selected	0.287109375
selected	0.287109375
selected	0.287109375
selected	0.287109375
selected	0.287109375
selected	0.287109375
selected	0.2880859375
selected	0.2880859375
selected	0.2880859375
selected	0.2880859375
selected	0.2880859375
selected	0.2880859375
selected	0.2890625
selected	0.2880859375
selected	0.2880859375
selected	0.2880859375
selected	0.2880859375
selected	0.2880859375
selected	0.2880859375
selected	0.2880859375
selected	0.2880859375
selected	0.2880859375
selected	0.2880859375
selected	0.2880859375
selected	0.2880859375
selected	0.2880859375
selected	0.2880859375
selected	0.2880859375
selected	0.2880859375
selected	0.2880859375
selected	0.2880859375
selected	0.2880859375
selected	0.2880859375
selected	0.2880859375
selected	0.2880859375
selected	0.2880859375
selected	0.2880859375
selected	0.2880859375
selected	0.2880859375
selected	0.2880859375
selected	0.2880859375
selected	0.2880859375
selected	0.2880859375
selected	0.2880859375
selected	0.2880859375
selected	0.2890625
selected	0.2880859375
selected	0.2880859375
selected	0.2890625
selected	0.2880859375
selected	0.2890625
selected	0.2880859375
selected	0.2880859375
selected	0.2880859375
selected	0.2880859375
selected	0.2880859375
selected	0.2880859375
selected	0.2880859375
selected	0.2880859375
selected	0.2880859375
selected	0.2880859375
selected	0.2880859375
selected	0.2880859375
selected	0.2880859375
selected	0.2880859375
selected	0.2890625
selected	0.2880859375
selected	0.2890625
selected	0.2880859375
selected	0.2880859375
selected	0.2880859375
selected	0.2880859375
selected	0.2880859375
selected	0.2890625
selected	0.2880859375
selected	0.2880859375
selected	0.2890625
selected	0.2890625
selected	0.2890625
selected	0.2890625
selected	0.2890625
selected	0.2890625
selected	0.2890625
selected	0.2890625
selected	0.2890625
selected	0.2890625
selected	0.2890625
selected	0.2890625
selected	0.2857142857
selected	0.2890625
selected	0.2890625
selected	0.2890625
selected	0.2890625
selected	0.2890625
selected	0.2890625
selected	0.2890625
selected	0.2890625
selected	0.2890625
selected	0.2890625
selected	0.2890625
selected	0.2890625
selected	0.2890625
selected	0.2890625
selected	0.2890625
selected	0.2890625
selected	0.2890625
selected	0.2890625
selected	0.2890625
selected	0.2890625
selected	0.2890625
selected	0.2890625
selected	0.2890625
selected	0.2890625
selected	0.2890625
selected	0.2890625
selected	0.2890625
selected	0.2890625
selected	0.2890625
selected	0.2890625
selected	0.2890625
selected	0.2890625
selected	0.2890625
selected	0.2890625
selected	0.2890625
selected	0.2890625
selected	0.2890625
selected	0.2890625
selected	0.2890625
selected	0.2890625
selected	0.2890625
selected	0.2890625
selected	0.2890625
selected	0.2890625
selected	0.2890625
selected	0.2890625
selected	0.2890625
selected	0.2890625
selected	0.2890625
selected	0.2890625
selected	0.2890625
selected	0.2890625
selected	0.2890625
selected	0.2890625
selected	0.296875
selected	0.2998046875
selected	0.2998046875
selected	0.298828125
selected	0.2958984375
selected	0.2998046875
selected	0.298828125
selected	0.298828125
selected	0.2978515625
selected	0.296875
selected	0.2958984375
selected	0.298828125
selected	0.296875
selected	0.296875
selected	0.296875
selected	0.2998046875
selected	0.2978515625
selected	0.2998046875
selected	0.2958984375
selected	0.298828125
selected	0.298828125
selected	0.298828125
selected	0.2958984375
selected	0.296875
selected	0.298828125
selected	0.2978515625
selected	0.298828125
selected	0.298828125
selected	0.298828125
selected	0.296875
selected	0.2958984375
selected	0.2978515625
selected	0.2978515625
selected	0.2958984375
selected	0.298828125
selected	0.2958984375
selected	0.298828125
selected	0.2958984375
selected	0.296875
selected	0.296875
selected	0.2958984375
selected	0.2978515625
selected	0.2978515625
selected	0.2978515625
selected	0.2978515625
selected	0.2958984375
selected	0.296875
selected	0.2978515625
selected	0.2978515625
selected	0.296875
selected	0.298828125
selected	0.2998046875
selected	0.298828125
selected	0.298828125
selected	0.2974358974
selected	0.298828125
selected	0.2990196078
selected	0.298828125
selected	0.298828125
selected	0.2978515625
selected	0.298828125
selected	0.2998046875
selected	0.2978515625
selected	0.2958984375
selected	0.296875
selected	0.2998046875
selected	0.2998046875
selected	0.2998046875
selected	0.2998046875
selected	0.2998046875
selected	0.296875
selected	0.296875
selected	0.2998046875
selected	0.296875
selected	0.298828125
selected	0.2998046875
selected	0.2978515625
selected	0.2978515625
selected	0.2998046875
selected	0.296875
selected	0.2978515625
selected	0.296875
selected	0.2998046875
selected	0.296875
selected	0.296875
selected	0.298828125
selected	0.298828125
selected	0.2978515625
selected	0.2998046875
selected	0.296875
selected	0.2978515625
selected	0.296875
selected	0.2978515625
selected	0.296875
selected	0.2998046875
selected	0.2978515625
selected	0.298828125
selected	0.296875
selected	0.2998046875
selected	0.296875
selected	0.296875
selected	0.296875
selected	0.298828125
selected	0.296875
selected	0.2978515625
selected	0.296875
selected	0.296875
selected	0.298828125
selected	0.2998046875
selected	0.2978515625
selected	0.2998046875
selected	0.2978515625
selected	0.2978515625
selected	0.296875
selected	0.2998046875
selected	0.296875
selected	0.2978515625
selected	0.296875
selected	0.298828125
selected	0.296875
selected	0.2978515625
selected	0.2978515625
selected	0.298828125
selected	0.2978515625
selected	0.2978515625
selected	0.296875
selected	0.2978515625
selected	0.296875
selected	0.296875
selected	0.296875
selected	0.298828125
selected	0.2978515625
selected	0.298828125
selected	0.2978515625
selected	0.2978515625
selected	0.2978515625
selected	0.2978515625
selected	0.2978515625
selected	0.2978515625
selected	0.2978515625
selected	0.2998046875
selected	0.298828125
selected	0.2978515625
selected	0.298828125
selected	0.2978515625
selected	0.2998046875
selected	0.2978515625
selected	0.2978515625
selected	0.2978515625
selected	0.2998046875
selected	0.298828125
selected	0.2998046875
selected	0.2978515625
selected	0.2998046875
selected	0.2978515625
selected	0.2978515625
selected	0.2978515625
selected	0.2978515625
selected	0.2978515625
selected	0.2998046875
selected	0.2998046875
selected	0.2978515625
selected	0.2998046875
selected	0.2978515625
selected	0.298828125
selected	0.2978515625
selected	0.2998046875
selected	0.298828125
selected	0.2998046875
selected	0.298828125
selected	0.2978515625
selected	0.2978515625
selected	0.2978515625
selected	0.2978515625
selected	0.298828125
selected	0.2978515625
selected	0.2978515625
selected	0.2978515625
selected	0.298828125
selected	0.2978515625
selected	0.298828125
selected	0.298828125
selected	0.298828125
selected	0.2978515625
selected	0.298828125
selected	0.2978515625
selected	0.2998046875
selected	0.298828125
selected	0.2978515625
selected	0.2978515625
selected	0.2978515625
selected	0.2978515625
selected	0.298828125
selected	0.2978515625
selected	0.2978515625
selected	0.298828125
selected	0.2978515625
selected	0.2978515625
selected	0.2978515625
selected	0.2998046875
selected	0.298828125
selected	0.298828125
selected	0.298828125
selected	0.298828125
selected	0.298828125
selected	0.298828125
selected	0.298828125
selected	0.298828125
selected	0.298828125
selected	0.2958984375
selected	0.298828125
selected	0.298828125
selected	0.298828125
selected	0.2998046875
selected	0.298828125
selected	0.298828125
selected	0.298828125
selected	0.298828125
selected	0.298828125
selected	0.298828125
selected	0.298828125
selected	0.298828125
selected	0.298828125
selected	0.298828125
selected	0.298828125
selected	0.298828125
selected	0.298828125
selected	0.298828125
selected	0.298828125
selected	0.298828125
selected	0.298828125
selected	0.298828125
selected	0.298828125
selected	0.298828125
selected	0.298828125
selected	0.298828125
selected	0.298828125
selected	0.2998046875
selected	0.298828125
selected	0.298828125
selected	0.2958984375
selected	0.298828125
selected	0.298828125
selected	0.298828125
selected	0.298828125
selected	0.298828125
selected	0.298828125
selected	0.298828125
selected	0.298828125
selected	0.2998046875
selected	0.298828125
selected	0.298828125
selected	0.298828125
selected	0.298828125
selected	0.298828125
selected	0.298828125
selected	0.298828125
selected	0.298828125
selected	0.2998046875
selected	0.298828125
selected	0.298828125
selected	0.298828125
selected	0.298828125
selected	0.298828125
selected	0.298828125
selected	0.2998046875
selected	0.2998046875
selected	0.2998046875
selected	0.2998046875
selected	0.2998046875
selected	0.2998046875
selected	0.2998046875
selected	0.2998046875
selected	0.2998046875
selected	0.2998046875
selected	0.2998046875
selected	0.2998046875
selected	0.2998046875
selected	0.2998046875
selected	0.2998046875
selected	0.2998046875
selected	0.2998046875
selected	0.2998046875
selected	0.2998046875
selected	0.2998046875
selected	0.2998046875
selected	0.2998046875
selected	0.2998046875
selected	0.2998046875
selected	0.2998046875
selected	0.2998046875
selected	0.2998046875
selected	0.2998046875
selected	0.2998046875
selected	0.2998046875
selected	0.2998046875
selected	0.2998046875
selected	0.2998046875
selected	0.2998046875
selected	0.2998046875
selected	0.2998046875
selected	0.2998046875
selected	0.2998046875
selected	0.2998046875
selected	0.2998046875
selected	0.2998046875
selected	0.2998046875
selected	0.2998046875
selected	0.2998046875
selected	0.2998046875
selected	0.2998046875
selected	0.2998046875
selected	0.2998046875
selected	0.2998046875
selected	0.2998046875
selected	0.2998046875
selected	0.2998046875
selected	0.2998046875
selected	0.2998046875
selected	0.2998046875
selected	0.2998046875
selected	0.2998046875
selected	0.2998046875
selected	0.2998046875
selected	0.2998046875
selected	0.2998046875
selected	0.2998046875
selected	0.2998046875
selected	0.2998046875
selected	0.2998046875
selected	0.2998046875
selected	0.2998046875
selected	0.2998046875
selected	0.2998046875
selected	0.2998046875
selected	0.2998046875
selected	0.2998046875
selected	0.302734375
selected	0.3017578125
selected	0.302734375
selected	0.30078125
selected	0.30078125
selected	0.3046875
selected	0.302734375
selected	0.3046875
selected	0.3017578125
selected	0.3017578125
selected	0.3037109375
selected	0.3037109375
selected	0.30078125
selected	0.30078125
selected	0.3037109375
selected	0.3017578125
selected	0.3046875
selected	0.3037109375
selected	0.302734375
selected	0.30078125
selected	0.3017578125
selected	0.3046875
selected	0.302734375
selected	0.3046875
selected	0.3046875
selected	0.3017578125
selected	0.3037109375
selected	0.3046875
selected	0.3037109375
selected	0.302734375
selected	0.302734375
selected	0.302734375
selected	0.302734375
selected	0.3037109375
selected	0.302734375
selected	0.30078125
selected	0.3046875
selected	0.30078125
selected	0.3017578125
selected	0.3037109375
selected	0.3046875
selected	0.30078125
selected	0.3037109375
selected	0.3037109375
selected	0.302734375
selected	0.302734375
selected	0.3037109375
selected	0.3046875
selected	0.302734375
selected	0.3037109375
selected	0.3037109375
selected	0.302734375
selected	0.3017578125
selected	0.3037109375
selected	0.3041289023
selected	0.3046875
selected	0.30078125
selected	0.3037109375
selected	0.3046875
selected	0.3017578125
selected	0.3037109375
selected	0.3017578125
selected	0.3037109375
selected	0.302734375
selected	0.3017578125
selected	0.302734375
selected	0.3046875
selected	0.3017578125
selected	0.3037109375
selected	0.302734375
selected	0.3046875
selected	0.3046875
selected	0.302734375
selected	0.3017578125
selected	0.302734375
selected	0.3017578125
selected	0.3017578125
selected	0.3017578125
selected	0.3017578125
selected	0.3017578125
selected	0.302734375
selected	0.3037109375
selected	0.3017578125
selected	0.3017578125
selected	0.302734375
selected	0.3017578125
selected	0.3017578125
selected	0.3017578125
selected	0.3017578125
selected	0.3046875
selected	0.3046875
selected	0.3017578125
selected	0.3017578125
selected	0.3037109375
selected	0.3017578125
selected	0.302734375
selected	0.3046875
selected	0.3037109375
selected	0.3017578125
selected	0.3017578125
selected	0.3017578125
selected	0.3017578125
selected	0.3037109375
selected	0.302734375
selected	0.302734375
selected	0.3046875
selected	0.3046875
selected	0.3037109375
selected	0.3017578125
selected	0.302734375
selected	0.3017578125
selected	0.3017578125
selected	0.302734375
selected	0.302734375
selected	0.3037109375
selected	0.3017578125
selected	0.3017578125
selected	0.3017578125
selected	0.3017578125
selected	0.3037109375
selected	0.3017578125
selected	0.3017578125
selected	0.3017578125
selected	0.3046875
selected	0.3046875
selected	0.302734375
selected	0.302734375
selected	0.3037109375
selected	0.302734375
selected	0.302734375
selected	0.3046875
selected	0.302734375
selected	0.302734375
selected	0.302734375
selected	0.3037109375
selected	0.3037109375
selected	0.302734375
selected	0.3046875
selected	0.302734375
selected	0.3037109375
selected	0.3037109375
selected	0.3046875
selected	0.302734375
selected	0.302734375
selected	0.3046875
selected	0.3046875
selected	0.3037109375
selected	0.3037109375
selected	0.3046875
selected	0.302734375
selected	0.3046875
selected	0.302734375
selected	0.302734375
selected	0.302734375
selected	0.3046875
selected	0.302734375
selected	0.302734375
selected	0.302734375
selected	0.302734375
selected	0.302734375
selected	0.302734375
selected	0.3037109375
selected	0.3046875
selected	0.3046875
selected	0.3046875
selected	0.302734375
selected	0.302734375
selected	0.302734375
selected	0.302734375
selected	0.302734375
selected	0.3037109375
selected	0.3037109375
selected	0.302734375
selected	0.302734375
selected	0.302734375
selected	0.302734375
selected	0.302734375
selected	0.302734375
selected	0.3046875
selected	0.302734375
selected	0.302734375
selected	0.3046875
selected	0.302734375
selected	0.302734375
selected	0.3046875
selected	0.3037109375
selected	0.302734375
selected	0.302734375
selected	0.302734375
selected	0.302734375
selected	0.3046875
selected	0.3037109375
selected	0.302734375
selected	0.3046875
selected	0.3046875
selected	0.3037109375
selected	0.3046875
selected	0.3046875
selected	0.3037109375
selected	0.3037109375
selected	0.3037109375
selected	0.3037109375
selected	0.3037109375
selected	0.3037109375
selected	0.3046875
selected	0.3037109375
selected	0.3037109375
selected	0.3037109375
selected	0.3037109375
selected	0.3037109375
selected	0.3037109375
selected	0.3037109375
selected	0.3037109375
selected	0.3037109375
selected	0.3037109375
selected	0.3046875
selected	0.3037109375
selected	0.3037109375
selected	0.3037109375
selected	0.3037109375
selected	0.3046875
selected	0.3037109375
selected	0.3037109375
selected	0.3037109375
selected	0.3046875
selected	0.3037109375
selected	0.3037109375
selected	0.3037109375
selected	0.3037109375
selected	0.3037109375
selected	0.3046875
selected	0.3046875
selected	0.3037109375
selected	0.3037109375
selected	0.3037109375
selected	0.3037109375
selected	0.3037109375
selected	0.3037109375
selected	0.3046875
selected	0.3037109375
selected	0.3037109375
selected	0.3037109375
selected	0.3037109375
selected	0.3037109375
selected	0.3037109375
selected	0.3037109375
selected	0.3046875
selected	0.3037109375
selected	0.3037109375
selected	0.3037109375
selected	0.3037109375
selected	0.3037109375
selected	0.3037109375
selected	0.3037109375
selected	0.3037109375
selected	0.3037109375
selected	0.3037109375
selected	0.3037109375
selected	0.3037109375
selected	0.3046875
selected	0.3046875
selected	0.3037109375
selected	0.3037109375
selected	0.3037109375
selected	0.3046875
selected	0.3046875
selected	0.3046875
selected	0.3046875
selected	0.3046875
selected	0.3046875
selected	0.3046875
selected	0.3046875
selected	0.3046875
selected	0.3046875
selected	0.3046875
selected	0.3046875
selected	0.3046875
selected	0.3046875
selected	0.3046875
selected	0.3046875
selected	0.3046875
selected	0.3046875
selected	0.3046875
selected	0.3046875
selected	0.3046875
selected	0.3046875
selected	0.3046875
selected	0.3046875
selected	0.3046875
selected	0.3046875
selected	0.3046875
selected	0.3046875
selected	0.3046875
selected	0.3046875
selected	0.3046875
selected	0.3046875
selected	0.3046875
selected	0.3046875
selected	0.3046875
selected	0.3046875
selected	0.3046875
selected	0.3046875
selected	0.3046875
selected	0.3046875
selected	0.3046875
selected	0.3046875
selected	0.3046875
selected	0.3046875
selected	0.3046875
selected	0.3046875
selected	0.3046875
selected	0.3046875
selected	0.3046875
selected	0.3046875
selected	0.3046875
selected	0.3046875
selected	0.3046875
selected	0.3046875
selected	0.3046875
selected	0.3046875
selected	0.3046875
selected	0.3046875
selected	0.3046875
selected	0.3046875
selected	0.3046875
selected	0.3046875
selected	0.3046875
selected	0.3046875
selected	0.3046875
selected	0.3046875
selected	0.3046875
selected	0.3046875
selected	0.3046875
selected	0.3046875
selected	0.3046875
selected	0.3046875
selected	0.3046875
selected	0.3046875
selected	0.3046875
selected	0.3095703125
selected	0.306640625
selected	0.3056640625
selected	0.3056640625
selected	0.3076171875
selected	0.3095703125
selected	0.3076171875
selected	0.3095703125
selected	0.3056640625
selected	0.3056640625
selected	0.3095703125
selected	0.3095703125
selected	0.30859375
selected	0.306640625
selected	0.3076171875
selected	0.3095703125
selected	0.3095703125
selected	0.30859375
selected	0.30859375
selected	0.3076171875
selected	0.3056640625
selected	0.30859375
selected	0.30859375
selected	0.3056640625
selected	0.306640625
selected	0.3095703125
selected	0.3056640625
selected	0.3095703125
selected	0.306640625
selected	0.3095703125
selected	0.30859375
selected	0.3056640625
selected	0.3095703125
selected	0.30859375
selected	0.30859375
selected	0.3076171875
selected	0.3056640625
selected	0.3095703125
selected	0.30859375
selected	0.306640625
selected	0.30859375
selected	0.3095703125
selected	0.3095703125
selected	0.30859375
selected	0.3076171875
selected	0.3095703125
selected	0.3076171875
selected	0.3056640625
selected	0.306640625
selected	0.3061630219
selected	0.3076171875
selected	0.3095703125
selected	0.306640625
selected	0.3095703125
selected	0.306640625
selected	0.3076171875
selected	0.306640625
selected	0.3095703125
selected	0.3076171875
selected	0.3056640625
selected	0.306640625
selected	0.306640625
selected	0.3076171875
selected	0.3095703125
selected	0.30859375
selected	0.306640625
selected	0.30859375
selected	0.3076171875
selected	0.30859375
selected	0.3076171875
selected	0.30859375
selected	0.30859375
selected	0.3076171875
selected	0.3076171875
selected	0.306640625
selected	0.3076171875
selected	0.306640625
selected	0.3076171875
selected	0.3076171875
selected	0.306640625
selected	0.30859375
selected	0.3076171875
selected	0.3076171875
selected	0.30859375
selected	0.3076171875
selected	0.3076171875
selected	0.3076171875
selected	0.306640625
selected	0.30859375
selected	0.30859375
selected	0.306640625
selected	0.306640625
selected	0.306640625
selected	0.30859375
selected	0.3076171875
selected	0.306640625
selected	0.3095703125
selected	0.30859375
selected	0.3076171875
selected	0.3095703125
selected	0.3076171875
selected	0.3095703125
selected	0.306640625
selected	0.3095703125
selected	0.306640625
selected	0.306640625
selected	0.30859375
selected	0.30859375
selected	0.306640625
selected	0.3095703125
selected	0.30859375
selected	0.3095703125
selected	0.306640625
selected	0.3095703125
selected	0.306640625
selected	0.3095703125
selected	0.3095703125
selected	0.3076171875
selected	0.3095703125
selected	0.306640625
selected	0.306640625
selected	0.30859375
selected	0.306640625
selected	0.306640625
selected	0.3076171875
selected	0.306640625
selected	0.30859375
selected	0.30859375
selected	0.3076171875
selected	0.3076171875
selected	0.306640625
selected	0.306640625
selected	0.3076171875
selected	0.306640625
selected	0.3076171875
selected	0.3076171875
selected	0.306640625
selected	0.306640625
selected	0.3095703125
selected	0.3076171875
selected	0.3076171875
selected	0.30859375
selected	0.30859375
selected	0.3076171875
selected	0.3076171875
selected	0.3076171875
selected	0.3076171875
selected	0.3076171875
selected	0.3076171875
selected	0.30859375
selected	0.3095703125
selected	0.3076171875
selected	0.3076171875
selected	0.3076171875
selected	0.3076171875
selected	0.3076171875
selected	0.3076171875
selected	0.30859375
selected	0.3095703125
selected	0.3076171875
selected	0.3095703125
selected	0.3076171875
selected	0.30859375
selected	0.3095703125
selected	0.3076171875
selected	0.30859375
selected	0.3095703125
selected	0.3076171875
selected	0.3076171875
selected	0.3076171875
selected	0.3095703125
selected	0.3076171875
selected	0.3076171875
selected	0.3076171875
selected	0.3076171875
selected	0.30859375
selected	0.30859375
selected	0.3076171875
selected	0.30859375
selected	0.30859375
selected	0.3076171875
selected	0.30859375
selected	0.3076171875
selected	0.3095703125
selected	0.3076171875
selected	0.30859375
selected	0.3076171875
selected	0.3076171875
selected	0.3076171875
selected	0.3095703125
selected	0.30859375
selected	0.30859375
selected	0.3076171875
selected	0.30859375
selected	0.3076171875
selected	0.30859375
selected	0.3076171875
selected	0.3076171875
selected	0.3076171875
selected	0.3076171875
selected	0.3076171875
selected	0.3095703125
selected	0.30859375
selected	0.30859375
selected	0.30859375
selected	0.30859375
selected	0.30859375
selected	0.30859375
selected	0.30859375
selected	0.30859375
selected	0.30859375
selected	0.30859375
selected	0.30859375
selected	0.30859375
selected	0.30859375
selected	0.30859375
selected	0.30859375
selected	0.30859375
selected	0.30859375
selected	0.30859375
selected	0.30859375
selected	0.30859375
selected	0.30859375
selected	0.3095703125
selected	0.30859375
selected	0.30859375
selected	0.30859375
selected	0.30859375
selected	0.30859375
selected	0.3095703125
selected	0.30859375
selected	0.30859375
selected	0.30859375
selected	0.30859375
selected	0.30859375
selected	0.30859375
selected	0.30859375
selected	0.30859375
selected	0.30859375
selected	0.30859375
selected	0.30859375
selected	0.3095703125
selected	0.30859375
selected	0.30859375
selected	0.30859375
selected	0.30859375
selected	0.3095703125
selected	0.30859375
selected	0.30859375
selected	0.30859375
selected	0.30859375
selected	0.3095703125
selected	0.30859375
selected	0.30859375
selected	0.30859375
selected	0.30859375
selected	0.30859375
selected	0.30859375
selected	0.3095703125
selected	0.30859375
selected	0.3095703125
selected	0.30859375
selected	0.30859375
selected	0.30859375
selected	0.3095703125
selected	0.3095703125
selected	0.3095703125
selected	0.3095703125
selected	0.3095703125
selected	0.3095703125
selected	0.3095703125
selected	0.3095703125
selected	0.3095703125
selected	0.3095703125
selected	0.3095703125
selected	0.3095703125
selected	0.3095703125
selected	0.3095703125
selected	0.3095703125
selected	0.3095703125
selected	0.3095703125
selected	0.3095703125
selected	0.3095703125
selected	0.3095703125
selected	0.3095703125
selected	0.3095703125
selected	0.3095703125
selected	0.3095703125
selected	0.3095703125
selected	0.3095703125
selected	0.3095703125
selected	0.3095703125
selected	0.3095703125
selected	0.3095703125
selected	0.3095703125
selected	0.3095703125
selected	0.3095703125
selected	0.3095703125
selected	0.3095703125
selected	0.3095703125
selected	0.3095703125
selected	0.3095703125
selected	0.3095703125
selected	0.3095703125
selected	0.3095703125
selected	0.3095703125
selected	0.3095703125
selected	0.3095703125
selected	0.3095703125
selected	0.3095703125
selected	0.3095703125
selected	0.3095703125
selected	0.3095703125
selected	0.3095703125
selected	0.3095703125
selected	0.3095703125
selected	0.3095703125
selected	0.3095703125
selected	0.3095703125
selected	0.3095703125
selected	0.3115234375
selected	0.3115234375
selected	0.3134765625
selected	0.314453125
selected	0.3134765625
selected	0.3115234375
selected	0.3134765625
selected	0.314453125
selected	0.310546875
selected	0.3125
selected	0.3125
selected	0.3125
selected	0.314453125
selected	0.3115234375
selected	0.3115234375
selected	0.3125
selected	0.3125
selected	0.310546875
selected	0.310546875
selected	0.314453125
selected	0.3125
selected	0.3134765625
selected	0.3134765625
selected	0.3134765625
selected	0.3125
selected	0.3125
selected	0.3134765625
selected	0.3115234375
selected	0.310546875
selected	0.3134765625
selected	0.310546875
selected	0.3115234375
selected	0.3134765625
selected	0.3134765625
selected	0.310546875
selected	0.310546875
selected	0.3125
selected	0.314453125
selected	0.314453125
selected	0.310546875
selected	0.3125
selected	0.314453125
selected	0.3125
selected	0.3115234375
selected	0.3116883117
selected	0.310546875
selected	0.3134765625
selected	0.3115234375
selected	0.310546875
selected	0.310546875
selected	0.3115234375
selected	0.310546875
selected	0.3125
selected	0.3125
selected	0.310546875
selected	0.310546875
selected	0.3134765625
selected	0.3115234375
selected	0.3145869947
selected	0.3125
selected	0.3115234375
selected	0.3115234375
selected	0.3115234375
selected	0.3115234375
selected	0.3115234375
selected	0.3115234375
selected	0.314453125
selected	0.314453125
selected	0.3115234375
selected	0.314453125
selected	0.3125
selected	0.3125
selected	0.3125
selected	0.314453125
selected	0.314453125
selected	0.3134765625
selected	0.3115234375
selected	0.3115234375
selected	0.3115234375
selected	0.314453125
selected	0.3125
selected	0.3115234375
selected	0.3115234375
selected	0.3115234375
selected	0.3125
selected	0.3115234375
selected	0.3134765625
selected	0.314453125
selected	0.3115234375
selected	0.314453125
selected	0.314453125
selected	0.3115234375
selected	0.3125
selected	0.314453125
selected	0.3115234375
selected	0.3115234375
selected	0.3115234375
selected	0.3115234375
selected	0.314453125
selected	0.3115234375
selected	0.3115234375
selected	0.3115234375
selected	0.314453125
selected	0.314453125
selected	0.3134765625
selected	0.3115234375
selected	0.314453125
selected	0.3115234375
selected	0.3115234375
selected	0.3134765625
selected	0.3125
selected	0.314453125
selected	0.3115234375
selected	0.3125
selected	0.3125
selected	0.3125
selected	0.3134765625
selected	0.3125
selected	0.3125
selected	0.3125
selected	0.3125
selected	0.3125
selected	0.3125
selected	0.3125
selected	0.3134765625
selected	0.314453125
selected	0.3125
selected	0.314453125
selected	0.314453125
selected	0.3134765625
selected	0.3125
selected	0.3125
selected	0.3134765625
selected	0.314453125
selected	0.3125
selected	0.3125
selected	0.3134765625
selected	0.3125
selected	0.3125
selected	0.3125
selected	0.3125
selected	0.3125
selected	0.3125
selected	0.3125
selected	0.3125
selected	0.314453125
selected	0.3134765625
selected	0.3134765625
selected	0.314453125
selected	0.314453125
selected	0.3125
selected	0.3125
selected	0.3125
selected	0.3125
selected	0.3125
selected	0.3125
selected	0.314453125
selected	0.3125
selected	0.3125
selected	0.3125
selected	0.3125
selected	0.3125
selected	0.314453125
selected	0.3134765625
selected	0.314453125
selected	0.3125
selected	0.3125
selected	0.3134765625
selected	0.314453125
selected	0.3125
selected	0.3125
selected	0.3125
selected	0.3125
selected	0.314453125
selected	0.3125
selected	0.314453125
selected	0.3125
selected	0.3134765625
selected	0.3134765625
selected	0.3134765625
selected	0.3134765625
selected	0.3134765625
selected	0.3134765625
selected	0.3134765625
selected	0.314453125
selected	0.3134765625
selected	0.314453125
selected	0.3134765625
selected	0.3134765625
selected	0.314453125
selected	0.3134765625
selected	0.3134765625
selected	0.3134765625
selected	0.3134765625
selected	0.3134765625
selected	0.3134765625
selected	0.3134765625
selected	0.314453125
selected	0.3134765625
selected	0.3134765625
selected	0.314453125
selected	0.3134765625
selected	0.3134765625
selected	0.314453125
selected	0.3134765625
selected	0.3134765625
selected	0.3134765625
selected	0.3134765625
selected	0.3134765625
selected	0.314453125
selected	0.3134765625
selected	0.3134765625
selected	0.3134765625
selected	0.314453125
selected	0.3134765625
selected	0.3134765625
selected	0.314453125
selected	0.3134765625
selected	0.3134765625
selected	0.3134765625
selected	0.3134765625
selected	0.3134765625
selected	0.3134765625
selected	0.3134765625
selected	0.314453125
selected	0.314453125
selected	0.314453125
selected	0.3134765625
selected	0.314453125
selected	0.3134765625
selected	0.3134765625
selected	0.3134765625
selected	0.3134765625
selected	0.3134765625
selected	0.3134765625
selected	0.3134765625
selected	0.3134765625
selected	0.3134765625
selected	0.3134765625
selected	0.314453125
selected	0.314453125
selected	0.314453125
selected	0.314453125
selected	0.314453125
selected	0.314453125
selected	0.314453125
selected	0.314453125
selected	0.314453125
selected	0.314453125
selected	0.314453125
selected	0.314453125
selected	0.314453125
selected	0.314453125
selected	0.314453125
selected	0.314453125
selected	0.314453125
selected	0.314453125
selected	0.314453125
selected	0.314453125
selected	0.314453125
selected	0.314453125
selected	0.314453125
selected	0.314453125
selected	0.314453125
selected	0.314453125
selected	0.314453125
selected	0.314453125
selected	0.314453125
selected	0.314453125
selected	0.314453125
selected	0.314453125
selected	0.314453125
selected	0.314453125
selected	0.314453125
selected	0.314453125
selected	0.314453125
selected	0.314453125
selected	0.314453125
selected	0.314453125
selected	0.314453125
selected	0.314453125
selected	0.314453125
selected	0.314453125
selected	0.314453125
selected	0.314453125
selected	0.314453125
selected	0.314453125
selected	0.314453125
selected	0.3173828125
selected	0.3173828125
selected	0.3193359375
selected	0.3154296875
selected	0.318359375
selected	0.3154296875
selected	0.3154296875
selected	0.3193359375
selected	0.3154296875
selected	0.31640625
selected	0.3154296875
selected	0.3154296875
selected	0.3154296875
selected	0.31640625
selected	0.3173828125
selected	0.3193359375
selected	0.3154296875
selected	0.3154296875
selected	0.31640625
selected	0.318359375
selected	0.318359375
selected	0.31640625
selected	0.318359375
selected	0.31640625
selected	0.3154296875
selected	0.3193359375
selected	0.31640625
selected	0.31640625
selected	0.3173828125
selected	0.31640625
selected	0.3193359375
selected	0.3154296875
selected	0.31640625
selected	0.3154296875
selected	0.31640625
selected	0.3193359375
selected	0.31640625
selected	0.318359375
selected	0.31640625
selected	0.3193359375
selected	0.31640625
selected	0.3154296875
selected	0.3173828125
selected	0.3154296875
selected	0.3193359375
selected	0.3193359375
selected	0.3154296875
selected	0.3173828125
selected	0.3154296875
selected	0.3154296875
selected	0.3173828125
selected	0.318359375
selected	0.3193359375
selected	0.3173828125
selected	0.318359375
selected	0.3193359375
selected	0.318359375
selected	0.3173828125
selected	0.318359375
selected	0.3193359375
selected	0.3173828125
selected	0.3173828125
selected	0.31640625
selected	0.3186619718
selected	0.3173828125
selected	0.318359375
selected	0.31640625
selected	0.318359375
selected	0.318359375
selected	0.318359375
selected	0.31640625
selected	0.3193359375
selected	0.318359375
selected	0.31640625
selected	0.318359375
selected	0.318359375
selected	0.318359375
selected	0.3173828125
selected	0.31640625
selected	0.31640625
selected	0.3173828125
selected	0.3173828125
selected	0.3193359375
selected	0.31640625
selected	0.31640625
selected	0.318359375
selected	0.3173828125
selected	0.3193359375
selected	0.31640625
selected	0.31640625
selected	0.3193359375
selected	0.3193359375
selected	0.3193359375
selected	0.31640625
selected	0.31640625
selected	0.3173828125
selected	0.318359375
selected	0.3173828125
selected	0.31640625
selected	0.31640625
selected	0.31640625
selected	0.3193359375
selected	0.3173828125
selected	0.3193359375
selected	0.3193359375
selected	0.318359375
selected	0.3193359375
selected	0.3173828125
selected	0.3193359375
selected	0.318359375
selected	0.3173828125
selected	0.3173828125
selected	0.3173828125
selected	0.3193359375
selected	0.3173828125
selected	0.3173828125
selected	0.3173828125
selected	0.3173828125
selected	0.3193359375
selected	0.318359375
selected	0.3173828125
selected	0.3173828125
selected	0.318359375
selected	0.3173828125
selected	0.3173828125
selected	0.3173828125
selected	0.3173828125
selected	0.3173828125
selected	0.3193359375
selected	0.3173828125
selected	0.3193359375
selected	0.3193359375
selected	0.318359375
selected	0.318359375
selected	0.318359375
selected	0.3173828125
selected	0.3193359375
selected	0.318359375
selected	0.3173828125
selected	0.3173828125
selected	0.3173828125
selected	0.3193359375
selected	0.3173828125
selected	0.3173828125
selected	0.318359375
selected	0.318359375
selected	0.3173828125
selected	0.3173828125
selected	0.3173828125
selected	0.3173828125
selected	0.318359375
selected	0.318359375
selected	0.3193359375
selected	0.318359375
selected	0.318359375
selected	0.318359375
selected	0.318359375
selected	0.318359375
selected	0.318359375
selected	0.3193359375
selected	0.318359375
selected	0.3193359375
selected	0.3193359375
selected	0.318359375
selected	0.318359375
selected	0.3193359375
selected	0.318359375
selected	0.318359375
selected	0.318359375
selected	0.318359375
selected	0.318359375
selected	0.318359375
selected	0.3193359375
selected	0.318359375
selected	0.318359375
selected	0.318359375
selected	0.318359375
selected	0.318359375
selected	0.318359375
selected	0.318359375
selected	0.318359375
selected	0.318359375
selected	0.318359375
selected	0.318359375
selected	0.318359375
selected	0.3193359375
selected	0.3193359375
selected	0.318359375
selected	0.318359375
selected	0.318359375
selected	0.318359375
selected	0.318359375
selected	0.318359375
selected	0.318359375
selected	0.318359375
selected	0.318359375
selected	0.3193359375
selected	0.3193359375
selected	0.3193359375
selected	0.3193359375
selected	0.3193359375
selected	0.3193359375
selected	0.3193359375
selected	0.3193359375
selected	0.3193359375
selected	0.3193359375
selected	0.3193359375
selected	0.3193359375
selected	0.3193359375
selected	0.3193359375
selected	0.3193359375
selected	0.3193359375
selected	0.3193359375
selected	0.3193359375
selected	0.3193359375
selected	0.3193359375
selected	0.3193359375
selected	0.3193359375
selected	0.3193359375
selected	0.3193359375
selected	0.3203125
selected	0.322265625
selected	0.3232421875
selected	0.3212890625
selected	0.322265625
selected	0.3232421875
selected	0.3232421875
selected	0.322265625
selected	0.3212890625
selected	0.322265625
selected	0.3232421875
selected	0.3212890625
selected	0.322265625
selected	0.3232421875
selected	0.32421875
selected	0.3232421875
selected	0.322265625
selected	0.3203125
selected	0.32421875
selected	0.322265625
selected	0.32421875
selected	0.3203125
selected	0.322265625
selected	0.322265625
selected	0.3212890625
selected	0.32421875
selected	0.3203125
selected	0.322265625
selected	0.3232421875
selected	0.32421875
selected	0.32421875
selected	0.3232421875
selected	0.3232421875
selected	0.3203125
selected	0.3212890625
selected	0.3212890625
selected	0.3203125
selected	0.322265625
selected	0.3232421875
selected	0.3203125
selected	0.32421875
selected	0.322265625
selected	0.322265625
selected	0.3232421875
selected	0.3212890625
selected	0.3212890625
selected	0.322265625
selected	0.322265625
selected	0.3212890625
selected	0.3203125
selected	0.322265625
selected	0.3232421875
selected	0.32421875
selected	0.3212890625
selected	0.322265625
selected	0.3212890625
selected	0.3212890625
selected	0.3212890625
selected	0.32421875
selected	0.3212890625
selected	0.3212890625
selected	0.322265625
selected	0.3212890625
selected	0.3212890625
selected	0.322265625
selected	0.32421875
selected	0.3212890625
selected	0.3212890625
selected	0.32421875
selected	0.32421875
selected	0.3212890625
selected	0.322265625
selected	0.3232421875
selected	0.3212890625
selected	0.3232421875
selected	0.3212890625
selected	0.32421875
selected	0.322265625
selected	0.322265625
selected	0.3232421875
selected	0.3212890625
selected	0.3232421875
selected	0.32421875
selected	0.3232421875
selected	0.3212890625
selected	0.322265625
selected	0.3212890625
selected	0.32421875
selected	0.3212890625
selected	0.322265625
selected	0.3232421875
selected	0.3212890625
selected	0.3212890625
selected	0.32421875
selected	0.32421875
selected	0.322265625
selected	0.322265625
selected	0.3232421875
selected	0.322265625
selected	0.322265625
selected	0.322265625
selected	0.3232421875
selected	0.3232421875
selected	0.322265625
selected	0.322265625
selected	0.32421875
selected	0.322265625
selected	0.322265625
selected	0.322265625
selected	0.322265625
selected	0.322265625
selected	0.322265625
selected	0.322265625
selected	0.32421875
selected	0.322265625
selected	0.322265625
selected	0.322265625
selected	0.322265625
selected	0.32421875
selected	0.3232421875
selected	0.3232421875
selected	0.322265625
selected	0.3232421875
selected	0.322265625
selected	0.322265625
selected	0.322265625
selected	0.322265625
selected	0.322265625
selected	0.322265625
selected	0.322265625
selected	0.322265625
selected	0.322265625
selected	0.3232421875
selected	0.32421875
selected	0.3232421875
selected	0.3232421875
selected	0.3232421875
selected	0.3232421875
selected	0.3232421875
selected	0.3232421875
selected	0.3232421875
selected	0.3237997957
selected	0.32421875
selected	0.3232421875
selected	0.3232421875
selected	0.32421875
selected	0.32421875
selected	0.3232421875
selected	0.3232421875
selected	0.3232421875
selected	0.32421875
selected	0.32421875
selected	0.32421875
selected	0.3232421875
selected	0.3232421875
selected	0.3232421875
selected	0.3232421875
selected	0.3232421875
selected	0.3232421875
selected	0.32421875
selected	0.3232421875
selected	0.3232421875
selected	0.3232421875
selected	0.3232421875
selected	0.3232421875
selected	0.3232421875
selected	0.3232421875
selected	0.3232421875
selected	0.3232421875
selected	0.3232421875
selected	0.3232421875
selected	0.32421875
selected	0.3232421875
selected	0.32421875
selected	0.3236514523
selected	0.3232421875
selected	0.3232421875
selected	0.32421875
selected	0.3232421875
selected	0.3232421875
selected	0.3232421875
selected	0.32421875
selected	0.32421875
selected	0.32421875
selected	0.32421875
selected	0.32421875
selected	0.32421875
selected	0.32421875
selected	0.32421875
selected	0.32421875
selected	0.32421875
selected	0.32421875
selected	0.32421875
selected	0.32421875
selected	0.32421875
selected	0.32421875
selected	0.32421875
selected	0.32421875
selected	0.32421875
selected	0.32421875
selected	0.32421875
selected	0.32421875
selected	0.32421875
selected	0.32421875
selected	0.32421875
selected	0.32421875
selected	0.32421875
selected	0.32421875
selected	0.32421875
selected	0.32421875
selected	0.3271484375
selected	0.3251953125
selected	0.3291015625
selected	0.328125
selected	0.328125
selected	0.328125
selected	0.3271484375
selected	0.3251953125
selected	0.3271484375
selected	0.3251953125
selected	0.3291015625
selected	0.3271484375
selected	0.3251953125
selected	0.328125
selected	0.3251953125
selected	0.328125
selected	0.328125
selected	0.328125
selected	0.3271484375
selected	0.3271484375
selected	0.328125
selected	0.3251953125
selected	0.3271484375
selected	0.328125
selected	0.3291015625
selected	0.3291015625
selected	0.328125
selected	0.328125
selected	0.3291015625
selected	0.328125
selected	0.3291015625
selected	0.328125
selected	0.3251953125
selected	0.3251953125
selected	0.3251953125
selected	0.3271484375
selected	0.3251953125
selected	0.3291015625
selected	0.3251953125
selected	0.326171875
selected	0.328125
selected	0.3291015625
selected	0.3271484375
selected	0.326171875
selected	0.3298755187
selected	0.3271484375
selected	0.326171875
selected	0.326171875
selected	0.3271484375
selected	0.326171875
selected	0.328125
selected	0.3291015625
selected	0.3271484375
selected	0.3291015625
selected	0.3271484375
selected	0.326171875
selected	0.3271484375
selected	0.326171875
selected	0.326171875
selected	0.326171875
selected	0.328125
selected	0.326171875
selected	0.326171875
selected	0.3271484375
selected	0.3291015625
selected	0.326171875
selected	0.328125
selected	0.3291015625
selected	0.3291015625
selected	0.326171875
selected	0.326171875
selected	0.328125
selected	0.3271484375
selected	0.328125
selected	0.328125
selected	0.3271484375
selected	0.328125
selected	0.326171875
selected	0.3271484375
selected	0.3271484375
selected	0.3271484375
selected	0.328125
selected	0.3271484375
selected	0.3271484375
selected	0.3271484375
selected	0.3271484375
selected	0.3271484375
selected	0.328125
selected	0.3271484375
selected	0.3291015625
selected	0.328125
selected	0.328125
selected	0.3291015625
selected	0.3271484375
selected	0.3271484375
selected	0.328125
selected	0.3271484375
selected	0.3271484375
selected	0.328125
selected	0.3271484375
selected	0.3271484375
selected	0.3271484375
selected	0.3271484375
selected	0.328125
selected	0.3271484375
selected	0.3291015625
selected	0.328125
selected	0.3291015625
selected	0.3271484375
selected	0.3291015625
selected	0.3271484375
selected	0.328125
selected	0.328125
selected	0.328125
selected	0.328125
selected	0.328125
selected	0.3291015625
selected	0.328125
selected	0.328125
selected	0.328125
selected	0.328125
selected	0.3291015625
selected	0.328125
selected	0.328125
selected	0.328125
selected	0.3291015625
selected	0.328125
selected	0.328125
selected	0.328125
selected	0.328125
selected	0.328125
selected	0.3291015625
selected	0.328125
selected	0.328125
selected	0.328125
selected	0.3291015625
selected	0.328125
selected	0.328125
selected	0.328125
selected	0.328125
selected	0.3291015625
selected	0.3278688525
selected	0.328125
selected	0.328125
selected	0.328125
selected	0.328125
selected	0.328125
selected	0.328125
selected	0.328125
selected	0.328125
selected	0.328125
selected	0.3291015625
selected	0.3291015625
selected	0.3291015625
selected	0.3291015625
selected	0.3291015625
selected	0.3291015625
selected	0.3291015625
selected	0.3291015625
selected	0.3291015625
selected	0.3291015625
selected	0.3291015625
selected	0.3291015625
selected	0.3291015625
selected	0.3291015625
selected	0.3291015625
selected	0.3291015625
selected	0.33203125
selected	0.3310546875
selected	0.3310546875
selected	0.3349609375
selected	0.3349609375
selected	0.3330078125
selected	0.3330078125
selected	0.3310546875
selected	0.33203125
selected	0.3310546875
selected	0.3330078125
selected	0.3310546875
selected	0.3310546875
selected	0.3310546875
selected	0.3310546875
selected	0.3310546875
selected	0.333984375
selected	0.33203125
selected	0.330078125
selected	0.33203125
selected	0.333984375
selected	0.330078125
selected	0.333984375
selected	0.3330078125
selected	0.3349609375
selected	0.3330078125
selected	0.33203125
selected	0.330078125
selected	0.333984375
selected	0.330078125
selected	0.333984375
selected	0.3310546875
selected	0.330078125
selected	0.333984375
selected	0.3310546875
selected	0.3310546875
selected	0.3349609375
selected	0.3349609375
selected	0.3349609375
selected	0.3310546875
selected	0.3310546875
selected	0.333984375
selected	0.3330078125
selected	0.33203125
selected	0.33203125
selected	0.3310546875
selected	0.333984375
selected	0.33203125
selected	0.3310546875
selected	0.33203125
selected	0.3330078125
selected	0.3310546875
selected	0.3330078125
selected	0.33203125
selected	0.3330078125
selected	0.33203125
selected	0.3310546875
selected	0.3310546875
selected	0.3349609375
selected	0.3330078125
selected	0.3333333333
selected	0.3349609375
selected	0.33203125
selected	0.3349609375
selected	0.3349609375
selected	0.3330078125
selected	0.3330078125
selected	0.333984375
selected	0.33203125
selected	0.3349609375
selected	0.3349609375
selected	0.3330078125
selected	0.33203125
selected	0.3330078125
selected	0.33203125
selected	0.333984375
selected	0.3349609375
selected	0.3349609375
selected	0.3330078125
selected	0.33203125
selected	0.33203125
selected	0.3330078125
selected	0.33203125
selected	0.333984375
selected	0.33203125
selected	0.33203125
selected	0.3349609375
selected	0.33203125
selected	0.33203125
selected	0.33203125
selected	0.33203125
selected	0.3330078125
selected	0.33203125
selected	0.3330078125
selected	0.33203125
selected	0.333984375
selected	0.3330078125
selected	0.3330078125
selected	0.3330078125
selected	0.3330078125
selected	0.3330078125
selected	0.3330078125
selected	0.3330078125
selected	0.3330078125
selected	0.3330078125
selected	0.3330078125
selected	0.3330078125
selected	0.333984375
selected	0.333984375
selected	0.3330078125
selected	0.3330078125
selected	0.3330078125
selected	0.3330078125
selected	0.333984375
selected	0.3330078125
selected	0.3330078125
selected	0.3330078125
selected	0.3330078125
selected	0.333984375
selected	0.3330078125
selected	0.3330078125
selected	0.3330078125
selected	0.3349609375
selected	0.3330078125
selected	0.3330078125
selected	0.33203125
selected	0.3330078125
selected	0.3330078125
selected	0.333984375
selected	0.333984375
selected	0.333984375
selected	0.3349609375
selected	0.333984375
selected	0.3349609375
selected	0.3349609375
selected	0.3349609375
selected	0.333984375
selected	0.333984375
selected	0.333984375
selected	0.333984375
selected	0.3349609375
selected	0.3349609375
selected	0.333984375
selected	0.333984375
selected	0.333984375
selected	0.333984375
selected	0.333984375
selected	0.333984375
selected	0.3349609375
selected	0.333984375
selected	0.333984375
selected	0.333984375
selected	0.333984375
selected	0.3349609375
selected	0.3349609375
selected	0.3349609375
selected	0.3349609375
selected	0.3349609375
selected	0.3349609375
selected	0.3349609375
selected	0.3349609375
selected	0.33984375
selected	0.337890625
selected	0.3388671875
selected	0.33984375
selected	0.3369140625
selected	0.3388671875
selected	0.33984375
selected	0.3388671875
selected	0.3388671875
selected	0.3388671875
selected	0.3369140625
selected	0.3388671875
selected	0.337890625
selected	0.3359375
selected	0.3388671875
selected	0.3369140625
selected	0.3369140625
selected	0.33984375
selected	0.337890625
selected	0.337890625
selected	0.3369140625
selected	0.33984375
selected	0.33984375
selected	0.3388671875
selected	0.33984375
selected	0.3369140625
selected	0.337890625
selected	0.3369140625
selected	0.33984375
selected	0.3388671875
selected	0.3369140625
selected	0.337890625
selected	0.33984375
selected	0.337890625
selected	0.337890625
selected	0.33984375
selected	0.3369140625
selected	0.33984375
selected	0.337890625
selected	0.3388671875
selected	0.337890625
selected	0.33984375
selected	0.3388671875
selected	0.337890625
selected	0.337890625
selected	0.3388671875
selected	0.33984375
selected	0.3369140625
selected	0.3369140625
selected	0.33984375
selected	0.33984375
selected	0.33984375
selected	0.337890625
selected	0.33984375
selected	0.3388671875
selected	0.337890625
selected	0.3388671875
selected	0.3388671875
selected	0.33984375
selected	0.337890625
selected	0.337890625
selected	0.33984375
selected	0.33984375
selected	0.337890625
selected	0.337890625
selected	0.337890625
selected	0.337890625
selected	0.337890625
selected	0.3388671875
selected	0.337890625
selected	0.3388671875
selected	0.3388671875
selected	0.3388671875
selected	0.3388671875
selected	0.3388671875
selected	0.3388671875
selected	0.3388671875
selected	0.3388671875
selected	0.3388671875
selected	0.3388671875
selected	0.3388671875
selected	0.3388671875
selected	0.3388671875
selected	0.3388671875
selected	0.3388671875
selected	0.3388671875
selected	0.3388671875
selected	0.33984375
selected	0.33984375
selected	0.33984375
selected	0.33984375
selected	0.33984375
selected	0.33984375
selected	0.33984375
selected	0.33984375
selected	0.33984375
selected	0.33984375
selected	0.33984375
selected	0.33984375
selected	0.3447265625
selected	0.34375
selected	0.341796875
selected	0.34375
selected	0.341796875
selected	0.3427734375
selected	0.341796875
selected	0.341796875
selected	0.34375
selected	0.341796875
selected	0.3447265625
selected	0.3408203125
selected	0.341796875
selected	0.341796875
selected	0.341796875
selected	0.3447265625
selected	0.341796875
selected	0.34375
selected	0.3427734375
selected	0.3408203125
selected	0.3408203125
selected	0.3447265625
selected	0.3427734375
selected	0.3408203125
selected	0.341796875
selected	0.3447265625
selected	0.3427734375
selected	0.3427734375
selected	0.3427734375
selected	0.3447265625
selected	0.34375
selected	0.341796875
selected	0.34375
selected	0.341796875
selected	0.341796875
selected	0.341796875
selected	0.341796875
selected	0.3447265625
selected	0.3447265625
selected	0.341796875
selected	0.34375
selected	0.3447265625
selected	0.3427734375
selected	0.34375
selected	0.3427734375
selected	0.34375
selected	0.34375
selected	0.34375
selected	0.34375
selected	0.3427734375
selected	0.3427734375
selected	0.34375
selected	0.3427734375
selected	0.3427734375
selected	0.3427734375
selected	0.3427734375
selected	0.3447265625
selected	0.34375
selected	0.34375
selected	0.34375
selected	0.34375
selected	0.34375
selected	0.34375
selected	0.34375
selected	0.34375
selected	0.34375
selected	0.3447265625
selected	0.34375
selected	0.3447265625
selected	0.34375
selected	0.3447265625
selected	0.3447265625
selected	0.34375
selected	0.34375
selected	0.34375
selected	0.34375
selected	0.3447265625
selected	0.3447265625
selected	0.3447265625
selected	0.3447265625
selected	0.3447265625
selected	0.3447265625
selected	0.3447265625
selected	0.3486328125
selected	0.3466796875
selected	0.349609375
selected	0.3486328125
selected	0.34765625
selected	0.3486328125
selected	0.3466796875
selected	0.34765625
selected	0.3466796875
selected	0.349609375
selected	0.3466796875
selected	0.34765625
selected	0.34765625
selected	0.34765625
selected	0.345703125
selected	0.34765625
selected	0.3486328125
selected	0.3486328125
selected	0.34765625
selected	0.3466796875
selected	0.34765625
selected	0.3486328125
selected	0.3486328125
selected	0.34765625
selected	0.34765625
selected	0.3466796875
selected	0.34765625
selected	0.3486328125
selected	0.3486328125
selected	0.3466796875
selected	0.3486328125
selected	0.3466796875
selected	0.34765625
selected	0.34765625
selected	0.34765625
selected	0.34765625
selected	0.34765625
selected	0.349609375
selected	0.34765625
selected	0.34765625
selected	0.34765625
selected	0.34765625
selected	0.349609375
selected	0.34765625
selected	0.349609375
selected	0.34765625
selected	0.34765625
selected	0.349609375
selected	0.3486328125
selected	0.3486328125
selected	0.3486328125
selected	0.3486328125
selected	0.3486328125
selected	0.3486328125
selected	0.3486328125
selected	0.3486328125
selected	0.3486328125
selected	0.3486328125
selected	0.3486328125
selected	0.3486328125
selected	0.3486328125
selected	0.349609375
selected	0.349609375
selected	0.349609375
selected	0.349609375
selected	0.349609375
selected	0.349609375
selected	0.349609375
selected	0.353515625
selected	0.3515625
selected	0.353515625
selected	0.353515625
selected	0.3505859375
selected	0.3525390625
selected	0.3544921875
selected	0.353515625
selected	0.3505859375
selected	0.3544921875
selected	0.3544921875
selected	0.3515625
selected	0.353515625
selected	0.3544921875
selected	0.3515625
selected	0.3515625
selected	0.3515625
selected	0.3544921875
selected	0.3544921875
selected	0.3515625
selected	0.3544921875
selected	0.3525390625
selected	0.3544921875
selected	0.3515625
selected	0.3544921875
selected	0.353515625
selected	0.3515625
selected	0.353515625
selected	0.3515625
selected	0.353515625
selected	0.3544921875
selected	0.3525390625
selected	0.353515625
selected	0.3525390625
selected	0.3525390625
selected	0.3525390625
selected	0.3525390625
selected	0.3525390625
selected	0.3525390625
selected	0.3525390625
selected	0.353515625
selected	0.353515625
selected	0.353515625
selected	0.353515625
selected	0.353515625
selected	0.3544921875
selected	0.353515625
selected	0.353515625
selected	0.353515625
selected	0.353515625
selected	0.353515625
selected	0.353515625
selected	0.3544921875
selected	0.3544921875
selected	0.3544921875
selected	0.3544921875
selected	0.3544921875
selected	0.3544921875
selected	0.35546875
selected	0.357421875
selected	0.3583984375
selected	0.357421875
selected	0.359375
selected	0.35546875
selected	0.357421875
selected	0.357421875
selected	0.3564453125
selected	0.357421875
selected	0.3564453125
selected	0.3564453125
selected	0.3564453125
selected	0.3564453125
selected	0.359375
selected	0.3564453125
selected	0.3564453125
selected	0.357421875
selected	0.3564453125
selected	0.359375
selected	0.357421875
selected	0.357421875
selected	0.357421875
selected	0.3583984375
selected	0.357421875
selected	0.357421875
selected	0.357421875
selected	0.357421875
selected	0.3583984375
selected	0.3583984375
selected	0.3583984375
selected	0.3583984375
selected	0.3583984375
selected	0.3583984375
selected	0.3583984375
selected	0.359375
selected	0.359375
selected	0.359375
selected	0.359375
selected	0.361328125
selected	0.3623046875
selected	0.36328125
selected	0.3642578125
selected	0.3603515625
selected	0.36328125
selected	0.3642578125
selected	0.361328125
selected	0.3642578125
selected	0.361328125
selected	0.361328125
selected	0.361328125
selected	0.361328125
selected	0.3642578125
selected	0.3623046875
selected	0.3623046875
selected	0.3642578125
selected	0.3623046875
selected	0.3642578125
selected	0.3642578125
selected	0.36328125
selected	0.36328125
selected	0.36328125
selected	0.36328125
selected	0.3642578125
selected	0.3642578125
selected	0.3642578125
selected	0.365234375
selected	0.365234375
selected	0.3681640625
selected	0.369140625
selected	0.3681640625
selected	0.3671875
selected	0.3662109375
selected	0.3671875
selected	0.3662109375
selected	0.3681640625
selected	0.3681640625
selected	0.3681640625
selected	0.3662109375
selected	0.3662109375
selected	0.369140625
selected	0.3671875
selected	0.3671875
selected	0.3681640625
selected	0.3671875
selected	0.3681640625
selected	0.3681640625
selected	0.369140625
selected	0.3681640625
selected	0.3681640625
selected	0.369140625
selected	0.369140625
selected	0.373046875
selected	0.3720703125
selected	0.37109375
selected	0.3740234375
selected	0.373046875
selected	0.3720703125
selected	0.373046875
selected	0.37109375
selected	0.3740234375
selected	0.373046875
selected	0.373046875
selected	0.3740234375
selected	0.3740234375
selected	0.3720703125
selected	0.3720703125
selected	0.373046875
selected	0.373046875
selected	0.373046875
selected	0.3740234375
selected	0.3740234375
selected	0.380859375
selected	0.380859375
selected	0.380859375
selected	0.3837890625
selected	0.3837890625
selected	0.3837890625
selected	0.3828125
selected	0.3828125
selected	0.3828125
selected	0.3837890625
selected	0.3837890625
selected	0.3837890625
selected	0.384765625
selected	0.384765625
selected	0.3798828125
selected	0.375
selected	0.3798828125
selected	0.3779296875
selected	0.37890625
selected	0.3798828125
selected	0.3798828125
selected	0.3779296875
selected	0.3779296875
selected	0.37890625
selected	0.3798828125
selected	0.37890625
selected	0.37890625
selected	0.38671875
selected	0.3896484375
selected	0.388671875
selected	0.3876953125
selected	0.3876953125
selected	0.388671875
selected	0.388671875
selected	0.388671875
selected	0.3896484375
selected	0.390625
selected	0.392578125
selected	0.3935546875
selected	0.3935546875
selected	0.39453125
selected	0.4072265625
selected	0.40625
selected	0.408203125
selected	0.4619140625
selected	0.3984375
selected	0.3984375
selected	0.3994140625
selected	0.412109375
selected	0.4140625
selected	0.4013671875
selected	0.4326171875
selected	0.427734375
selected	0.4169921875
