tss_id	chromosome	strand	tss_position_0based	summit_position_0based	summit_score	window_center_position_0based	genomic_shift_center_minus_summit	genomic_offset_center_minus_tss	strand_oriented_offset	genomic_offset_summit_minus_tss	strand_oriented_offset_summit_minus_tss	absolute_summit_tss_distance
CAGE_TSS_4792	1	-	37778	38014	26.39915085	38014	0	236	-236	236	-236	236
CAGE_TSS_4804	1	-	59126	59288	26.67810059	59288	0	162	-162	162	-162	162
CAGE_TSS_4807	1	-	67624	67807	15.68325043	67807	0	183	-183	183	-183	183
CAGE_TSS_4811	1	-	79160	79423	10.2674799	79423	0	263	-263	263	-263	263
CAGE_TSS_4824	1	-	149813	149924	8.474809647	149924	0	111	-111	111	-111	111
CAGE_TSS_4825	1	-	156054	156351	25.78212929	156351	0	297	-297	297	-297	297
CAGE_TSS_4841	1	-	227235	227418	34.04779053	227418	0	183	-183	183	-183	183
CAGE_TSS_4843	1	-	232480	232688	14.76780987	232688	0	208	-208	208	-208	208
CAGE_TSS_4844	1	-	237744	237941	63.74715042	237941	0	197	-197	197	-197	197
CAGE_TSS_4847	1	-	248374	248610	12.54815006	248610	0	236	-236	236	-236	236
CAGE_TSS_4877	1	-	442933	443138	5.522270203	443138	0	205	-205	205	-205	205
CAGE_TSS_4882	1	-	452727	452917	12.52939987	452917	0	190	-190	190	-190	190
CAGE_TSS_4887	1	-	464544	464624	3.172580004	464624	0	80	-80	80	-80	80
CAGE_TSS_4888	1	-	464923	465206	14.99164009	465206	0	283	-283	283	-283	283
CAGE_TSS_4893	1	-	467754	467883	41.64065933	467883	0	129	-129	129	-129	129
CAGE_TSS_4895	1	-	471504	471599	20.37208939	471599	0	95	-95	95	-95	95
CAGE_TSS_4906	1	-	606692	606946	31.76972961	606946	0	254	-254	254	-254	254
CAGE_TSS_4917	1	-	644531	644675	128.7204132	644675	0	144	-144	144	-144	144
CAGE_TSS_4930	1	-	687327	687553	152.9800568	687553	0	226	-226	226	-226	226
CAGE_TSS_4938	1	-	737995	738225	171.8103638	738225	0	230	-230	230	-230	230
CAGE_TSS_4950	1	-	819413	819481	12.02842045	819481	0	68	-68	68	-68	68
CAGE_TSS_4952	1	-	844165	844359	11.47692013	844359	0	194	-194	194	-194	194
CAGE_TSS_4967	1	-	880181	880276	10.11435986	880276	0	95	-95	95	-95	95
CAGE_TSS_4973	1	-	896527	896575	193.9742432	896575	0	48	-48	48	-48	48
CAGE_TSS_4976	1	-	899825	900014	106.2328568	900014	0	189	-189	189	-189	189
CAGE_TSS_4983	1	-	931652	931805	74.10639191	931805	0	153	-153	153	-153	153
CAGE_TSS_4984	1	-	937580	937704	5.093810081	937704	0	124	-124	124	-124	124
CAGE_TSS_4985	1	-	943375	943659	49.66543961	943659	0	284	-284	284	-284	284
CAGE_TSS_4993	1	-	977760	977891	44.64530182	977891	0	131	-131	131	-131	131
CAGE_TSS_4997	1	-	981865	982098	154.9506073	982098	0	233	-233	233	-233	233
CAGE_TSS_4999	1	-	983403	983587	92.60829163	983587	0	184	-184	184	-184	184
CAGE_TSS_5003	1	-	1028270	1028528	7.548500061	1028528	0	258	-258	258	-258	258
CAGE_TSS_5004	1	-	1029106	1028989	7.991139889	1028989	0	-117	117	-117	117	117
CAGE_TSS_5010	1	-	1043863	1044029	16.78348923	1044029	0	166	-166	166	-166	166
CAGE_TSS_5011	1	-	1049775	1050063	8.218520164	1050063	0	288	-288	288	-288	288
CAGE_TSS_5016	1	-	1108658	1108761	7.098889828	1108761	0	103	-103	103	-103	103
CAGE_TSS_5018	1	-	1129414	1129659	68.30503845	1129659	0	245	-245	245	-245	245
CAGE_TSS_5022	1	-	1143038	1143228	25.11440086	1143228	0	190	-190	190	-190	190
CAGE_TSS_5025	1	-	1146685	1146736	37.25468826	1146736	0	51	-51	51	-51	51
CAGE_TSS_5027	1	-	1148381	1148571	17.46080017	1148571	0	190	-190	190	-190	190
CAGE_TSS_5040	1	-	1188340	1188416	35.76646042	1188416	0	76	-76	76	-76	76
CAGE_TSS_5054	1	-	1239039	1239169	8.976349831	1239169	0	130	-130	130	-130	130
CAGE_TSS_5057	1	-	1286559	1286707	6.882120132	1286707	0	148	-148	148	-148	148
CAGE_TSS_5077	1	-	1358374	1358478	16.17349052	1358478	0	104	-104	104	-104	104
CAGE_TSS_5096	1	-	1421803	1421898	37.05126953	1421898	0	95	-95	95	-95	95
CAGE_TSS_5105	1	-	1455319	1455301	15.04092026	1455301	0	-18	18	-18	18	18
CAGE_TSS_5108	1	-	1476098	1476383	6.253210068	1476383	0	285	-285	285	-285	285
CAGE_TSS_5114	1	-	1480829	1481019	22.83608055	1481019	0	190	-190	190	-190	190
CAGE_TSS_5115	1	-	1486940	1487100	25.63467979	1487100	0	160	-160	160	-160	160
CAGE_TSS_5118	1	-	1501788	1501887	7.98597002	1501887	0	99	-99	99	-99	99
CAGE_TSS_5126	1	-	1518801	1518940	24.33156013	1518940	0	139	-139	139	-139	139
CAGE_TSS_5135	1	-	1559755	1559954	124.8272476	1559954	0	199	-199	199	-199	199
CAGE_TSS_5145	1	-	1597883	1598019	23.06151009	1598019	0	136	-136	136	-136	136
CAGE_TSS_5146	1	-	1605003	1605102	68.65000153	1605102	0	99	-99	99	-99	99
CAGE_TSS_5152	1	-	1647146	1647227	11.24308968	1647227	0	81	-81	81	-81	81
CAGE_TSS_5154	1	-	1659439	1659549	16.78463936	1659549	0	110	-110	110	-110	110
CAGE_TSS_5155	1	-	1662186	1662440	112.9782791	1662440	0	254	-254	254	-254	254
CAGE_TSS_5156	1	-	1696091	1696220	18.70245934	1696220	0	129	-129	129	-129	129
CAGE_TSS_5168	1	-	1766278	1766544	42.57661819	1766544	0	266	-266	266	-266	266
CAGE_TSS_5178	1	-	1807648	1807667	78.90016174	1807667	0	19	-19	19	-19	19
CAGE_TSS_5180	1	-	1815498	1815652	14.04959011	1815652	0	154	-154	154	-154	154
CAGE_TSS_5182	1	-	1817301	1817551	6.807730198	1817551	0	250	-250	250	-250	250
CAGE_TSS_5188	1	-	1829805	1830072	29.19215965	1830072	0	267	-267	267	-267	267
CAGE_TSS_5190	1	-	1832490	1832680	44.49235916	1832680	0	190	-190	190	-190	190
CAGE_TSS_5192	1	-	1837638	1837825	187.6427765	1837825	0	187	-187	187	-187	187
CAGE_TSS_5206	1	-	1940462	1940651	88.84757996	1940651	0	189	-189	189	-189	189
CAGE_TSS_5224	1	-	2013514	2013710	42.0675087	2013710	0	196	-196	196	-196	196
CAGE_TSS_5227	1	-	2035509	2035579	5.390999794	2035579	0	70	-70	70	-70	70
CAGE_TSS_5241	1	-	2091453	2091552	199.54216	2091552	0	99	-99	99	-99	99
CAGE_TSS_5245	1	-	2103290	2103513	5.073249817	2103513	0	223	-223	223	-223	223
CAGE_TSS_5265	1	-	2174913	2175086	83.35958099	2175086	0	173	-173	173	-173	173
CAGE_TSS_5267	1	-	2188530	2188560	15.77285004	2188560	0	30	-30	30	-30	30
CAGE_TSS_5275	1	-	2195795	2195918	51.26428986	2195918	0	123	-123	123	-123	123
CAGE_TSS_5276	1	-	2212421	2212579	21.53211975	2212579	0	158	-158	158	-158	158
CAGE_TSS_5279	1	-	2224500	2224544	7.543889999	2224544	0	44	-44	44	-44	44
CAGE_TSS_5282	1	-	2229225	2229322	29.46468925	2229322	0	97	-97	97	-97	97
CAGE_TSS_5294	1	-	2260087	2260076	28.16628075	2260076	0	-11	11	-11	11	11
CAGE_TSS_5299	1	-	2269059	2269349	6.094590187	2269349	0	290	-290	290	-290	290
CAGE_TSS_5300	1	-	2282827	2282908	74.5956192	2282908	0	81	-81	81	-81	81
CAGE_TSS_5304	1	-	2299464	2299611	72.5150528	2299611	0	147	-147	147	-147	147
CAGE_TSS_5306	1	-	2305056	2305210	180.0027161	2305210	0	154	-154	154	-154	154
CAGE_TSS_5308	1	-	2316449	2316623	15.91248989	2316623	0	174	-174	174	-174	174
CAGE_TSS_5322	1	-	2366531	2366644	20.31374931	2366644	0	113	-113	113	-113	113
CAGE_TSS_5324	1	-	2374539	2374793	183.2977753	2374793	0	254	-254	254	-254	254
CAGE_TSS_5329	1	-	2405941	2406152	38.63626099	2406152	0	211	-211	211	-211	211
CAGE_TSS_5353	1	-	2498660	2498825	7.311029911	2498825	0	165	-165	165	-165	165
CAGE_TSS_5365	1	-	2565141	2565412	6.730830193	2565412	0	271	-271	271	-271	271
CAGE_TSS_5367	1	-	2576692	2576781	281.4952698	2576781	0	89	-89	89	-89	89
CAGE_TSS_5369	1	-	2580608	2580668	31.81343079	2580668	0	60	-60	60	-60	60
CAGE_TSS_5372	1	-	2590272	2590335	8.900019646	2590335	0	63	-63	63	-63	63
CAGE_TSS_5375	1	-	2621496	2621708	13.3646698	2621708	0	212	-212	212	-212	212
CAGE_TSS_5410	1	-	2759727	2759908	325.1042175	2759908	0	181	-181	181	-181	181
CAGE_TSS_5429	1	-	2899370	2899469	61.18336105	2899469	0	99	-99	99	-99	99
CAGE_TSS_5447	1	-	2955689	2955848	5.952690125	2955848	0	159	-159	159	-159	159
CAGE_TSS_5451	1	-	2972198	2972496	5.677810192	2972496	0	298	-298	298	-298	298
CAGE_TSS_5454	1	-	2976698	2976991	172.7223358	2976991	0	293	-293	293	-293	293
CAGE_TSS_5457	1	-	2982581	2982785	35.26762009	2982785	0	204	-204	204	-204	204
CAGE_TSS_5466	1	-	3038387	3038497	71.33721161	3038497	0	110	-110	110	-110	110
CAGE_TSS_5470	1	-	3057141	3057275	207.3096771	3057275	0	134	-134	134	-134	134
CAGE_TSS_5485	1	-	3140249	3140508	20.62451935	3140508	0	259	-259	259	-259	259
CAGE_TSS_5490	1	-	3167868	3168032	138.7440796	3168032	0	164	-164	164	-164	164
CAGE_TSS_5491	1	-	3180375	3180519	8.52737999	3180519	0	144	-144	144	-144	144
CAGE_TSS_5492	1	-	3184187	3184467	5.072559834	3184467	0	280	-280	280	-280	280
CAGE_TSS_5494	1	-	3194961	3195251	6.910379887	3195251	0	290	-290	290	-290	290
CAGE_TSS_5500	1	-	3239343	3239589	40.93154907	3239589	0	246	-246	246	-246	246
CAGE_TSS_5506	1	-	3278708	3278766	78.05034637	3278766	0	58	-58	58	-58	58
CAGE_TSS_5508	1	-	3296101	3296398	102.5524597	3296398	0	297	-297	297	-297	297
CAGE_TSS_5514	1	-	3323547	3323641	187.3861084	3323641	0	94	-94	94	-94	94
CAGE_TSS_5524	1	-	3369103	3369278	9.684329987	3369278	0	175	-175	175	-175	175
CAGE_TSS_5531	1	-	3396850	3396989	78.91480255	3396989	0	139	-139	139	-139	139
CAGE_TSS_5544	1	-	3443836	3444058	59.51578903	3444058	0	222	-222	222	-222	222
CAGE_TSS_5548	1	-	3461419	3461463	70.34628296	3461463	0	44	-44	44	-44	44
CAGE_TSS_5549	1	-	3472672	3472787	186.4083862	3472787	0	115	-115	115	-115	115
CAGE_TSS_5565	1	-	3545144	3544897	33.82209015	3544897	0	-247	247	-247	247	247
CAGE_TSS_5566	1	-	3545472	3545728	24.48110008	3545728	0	256	-256	256	-256	256
CAGE_TSS_5568	1	-	3550779	3550966	8.875289917	3550966	0	187	-187	187	-187	187
CAGE_TSS_5569	1	-	3570670	3570937	57.02381134	3570937	0	267	-267	267	-267	267
CAGE_TSS_5574	1	-	3590570	3590683	35.29203033	3590683	0	113	-113	113	-113	113
CAGE_TSS_5587	1	-	3637172	3637435	37.09976959	3637435	0	263	-263	263	-263	263
CAGE_TSS_5591	1	-	3658539	3658566	69.7665863	3658566	0	27	-27	27	-27	27
CAGE_TSS_5594	1	-	3671144	3671175	15.91670036	3671175	0	31	-31	31	-31	31
CAGE_TSS_5598	1	-	3709591	3709778	34.38367081	3709778	0	187	-187	187	-187	187
CAGE_TSS_5600	1	-	3752772	3752969	29.82995987	3752969	0	197	-197	197	-197	197
CAGE_TSS_5602	1	-	3756997	3757242	45.79563141	3757242	0	245	-245	245	-245	245
CAGE_TSS_5603	1	-	3761199	3761418	5.808370113	3761418	0	219	-219	219	-219	219
CAGE_TSS_5610	1	-	3790813	3791042	36.66403961	3791042	0	229	-229	229	-229	229
CAGE_TSS_5615	1	-	3804030	3804248	19.79084969	3804248	0	218	-218	218	-218	218
CAGE_TSS_5623	1	-	3866919	3867058	9.74312973	3867058	0	139	-139	139	-139	139
CAGE_TSS_5626	1	-	3896931	3897179	22.08818054	3897179	0	248	-248	248	-248	248
CAGE_TSS_5628	1	-	3931586	3931711	137.039444	3931711	0	125	-125	125	-125	125
CAGE_TSS_5629	1	-	3947015	3947303	43.58322144	3947303	0	288	-288	288	-288	288
CAGE_TSS_5631	1	-	3963623	3963799	27.69174957	3963799	0	176	-176	176	-176	176
CAGE_TSS_5634	1	-	3973285	3973468	14.19999027	3973468	0	183	-183	183	-183	183
CAGE_TSS_5651	1	-	4020982	4021179	35.15602875	4021179	0	197	-197	197	-197	197
CAGE_TSS_5652	1	-	4034060	4034238	6.541069984	4034238	0	178	-178	178	-178	178
CAGE_TSS_5660	1	-	4066341	4066585	5.075099945	4066585	0	244	-244	244	-244	244
CAGE_TSS_5665	1	-	4090646	4090814	6.500219822	4090814	0	168	-168	168	-168	168
CAGE_TSS_5669	1	-	4117394	4117465	87.40904999	4117465	0	71	-71	71	-71	71
CAGE_TSS_5684	1	-	4229127	4229238	55.39799881	4229238	0	111	-111	111	-111	111
CAGE_TSS_5695	1	-	4280810	4280976	6.92884016	4280976	0	166	-166	166	-166	166
CAGE_TSS_5700	1	-	4328546	4328572	86.24729156	4328572	0	26	-26	26	-26	26
CAGE_TSS_5703	1	-	4348326	4348388	194.4928131	4348388	0	62	-62	62	-62	62
CAGE_TSS_5711	1	-	4371268	4371494	51.14527893	4371494	0	226	-226	226	-226	226
CAGE_TSS_5714	1	-	4379408	4379577	17.53372955	4379577	0	169	-169	169	-169	169
CAGE_TSS_5727	1	-	4439372	4439668	5.352389812	4439668	0	296	-296	296	-296	296
CAGE_TSS_5734	1	-	4513937	4514103	23.75345039	4514103	0	166	-166	166	-166	166
CAGE_TSS_5736	1	-	4526064	4526307	119.1314316	4526307	0	243	-243	243	-243	243
CAGE_TSS_5737	1	-	4530062	4530342	156.457901	4530342	0	280	-280	280	-280	280
CAGE_TSS_5738	1	-	4548545	4548783	6.478569984	4548783	0	238	-238	238	-238	238
CAGE_TSS_5743	1	-	4577584	4577371	6.653460026	4577371	0	-213	213	-213	213	213
CAGE_TSS_5744	1	-	4577904	4578100	139.6902313	4578100	0	196	-196	196	-196	196
CAGE_TSS_5748	1	-	4593607	4593703	198.0964813	4593703	0	96	-96	96	-96	96
CAGE_TSS_5758	1	-	4610464	4610604	52.16622925	4610604	0	140	-140	140	-140	140
CAGE_TSS_5763	1	-	4635147	4635220	8.117819786	4635220	0	73	-73	73	-73	73
CAGE_TSS_5766	1	-	4642039	4642030	6.918330193	4642030	0	-9	9	-9	9	9
CAGE_TSS_5767	1	-	4644347	4644417	108.1764832	4644417	0	70	-70	70	-70	70
CAGE_TSS_5774	1	-	4679810	4679924	5.421740055	4679924	0	114	-114	114	-114	114
CAGE_TSS_5776	1	-	4681522	4681680	29.87915039	4681680	0	158	-158	158	-158	158
CAGE_TSS_5780	1	-	4696498	4696532	23.71405029	4696532	0	34	-34	34	-34	34
CAGE_TSS_5785	1	-	4746910	4747171	39.63911057	4747171	0	261	-261	261	-261	261
CAGE_TSS_5796	1	-	4801840	4801940	53.12779999	4801940	0	100	-100	100	-100	100
CAGE_TSS_5800	1	-	4820429	4820722	5.448750019	4820722	0	293	-293	293	-293	293
CAGE_TSS_5801	1	-	4827434	4827603	49.23416138	4827603	0	169	-169	169	-169	169
CAGE_TSS_5804	1	-	4835088	4835142	211.8033295	4835142	0	54	-54	54	-54	54
CAGE_TSS_5807	1	-	4837604	4837684	223.8773804	4837684	0	80	-80	80	-80	80
CAGE_TSS_5811	1	-	4845812	4845984	19.39874077	4845984	0	172	-172	172	-172	172
CAGE_TSS_5814	1	-	4858025	4857954	6.894480228	4857954	0	-71	71	-71	71	71
CAGE_TSS_5817	1	-	4879210	4879445	19.10817909	4879445	0	235	-235	235	-235	235
CAGE_TSS_5818	1	-	4881949	4882099	222.3529358	4882099	0	150	-150	150	-150	150
CAGE_TSS_5837	1	-	4948344	4948560	6.302780151	4948560	0	216	-216	216	-216	216
CAGE_TSS_5842	1	-	4970136	4970415	92.48223877	4970415	0	279	-279	279	-279	279
CAGE_TSS_5843	1	-	4973715	4973987	19.57060051	4973987	0	272	-272	272	-272	272
CAGE_TSS_5848	1	-	5003506	5003806	203.3145599	5003806	0	300	-300	300	-300	300
CAGE_TSS_5855	1	-	5048482	5048764	7.805480003	5048764	0	282	-282	282	-282	282
CAGE_TSS_5856	1	-	5055255	5055396	27.85909081	5055396	0	141	-141	141	-141	141
CAGE_TSS_5874	1	-	5104688	5104867	43.70817184	5104867	0	179	-179	179	-179	179
CAGE_TSS_5882	1	-	5129521	5129669	16.82873917	5129669	0	148	-148	148	-148	148
CAGE_TSS_5911	1	-	5220134	5220178	20.76672935	5220178	0	44	-44	44	-44	44
CAGE_TSS_5912	1	-	5223706	5223555	6.456739902	5223555	0	-151	151	-151	151	151
CAGE_TSS_5914	1	-	5224114	5224117	25.53010941	5224117	0	3	-3	3	-3	3
CAGE_TSS_5916	1	-	5231052	5231261	18.98432922	5231261	0	209	-209	209	-209	209
CAGE_TSS_5917	1	-	5236791	5236942	208.079361	5236942	0	151	-151	151	-151	151
CAGE_TSS_5918	1	-	5241539	5241520	30.1626091	5241520	0	-19	19	-19	19	19
CAGE_TSS_5928	1	-	5271972	5272066	6.200860023	5272066	0	94	-94	94	-94	94
CAGE_TSS_5931	1	-	5277630	5277713	52.02500916	5277713	0	83	-83	83	-83	83
CAGE_TSS_5932	1	-	5279876	5280037	90.27889252	5280037	0	161	-161	161	-161	161
CAGE_TSS_5934	1	-	5296863	5297067	8.996359825	5297067	0	204	-204	204	-204	204
CAGE_TSS_5940	1	-	5303380	5303508	12.17724991	5303508	0	128	-128	128	-128	128
CAGE_TSS_5944	1	-	5323865	5323948	10.36423016	5323948	0	83	-83	83	-83	83
CAGE_TSS_5946	1	-	5341989	5342245	38.63803101	5342245	0	256	-256	256	-256	256
CAGE_TSS_5948	1	-	5346164	5346275	24.4072094	5346275	0	111	-111	111	-111	111
CAGE_TSS_5952	1	-	5409960	5410235	5.860070229	5410235	0	275	-275	275	-275	275
CAGE_TSS_5955	1	-	5436548	5436754	9.476819992	5436754	0	206	-206	206	-206	206
CAGE_TSS_5957	1	-	5443682	5443792	29.13019943	5443792	0	110	-110	110	-110	110
CAGE_TSS_5963	1	-	5481013	5480818	18.36173058	5480818	0	-195	195	-195	195	195
CAGE_TSS_5973	1	-	5539755	5539987	36.52532959	5539987	0	232	-232	232	-232	232
CAGE_TSS_5977	1	-	5562108	5562349	5.251440048	5562349	0	241	-241	241	-241	241
CAGE_TSS_5985	1	-	5622569	5622658	7.297870159	5622658	0	89	-89	89	-89	89
CAGE_TSS_5987	1	-	5630891	5631102	10.89326954	5631102	0	211	-211	211	-211	211
CAGE_TSS_5988	1	-	5645273	5645442	5.020870209	5645442	0	169	-169	169	-169	169
CAGE_TSS_6005	1	-	5764072	5764142	6.174890041	5764142	0	70	-70	70	-70	70
CAGE_TSS_6006	1	-	5765647	5765768	69.62677002	5765768	0	121	-121	121	-121	121
CAGE_TSS_6019	1	-	5805797	5805881	15.84757996	5805881	0	84	-84	84	-84	84
CAGE_TSS_6022	1	-	5841565	5841806	182.5105743	5841806	0	241	-241	241	-241	241
CAGE_TSS_6023	1	-	5842890	5842992	42.9799614	5842992	0	102	-102	102	-102	102
CAGE_TSS_6026	1	-	5858444	5858625	67.9046402	5858625	0	181	-181	181	-181	181
CAGE_TSS_6028	1	-	5864002	5864212	68.93901062	5864212	0	210	-210	210	-210	210
CAGE_TSS_6030	1	-	5884751	5884851	55.07593918	5884851	0	100	-100	100	-100	100
CAGE_TSS_6040	1	-	5954877	5955104	50.15867996	5955104	0	227	-227	227	-227	227
CAGE_TSS_6042	1	-	5969942	5970095	13.74077988	5970095	0	153	-153	153	-153	153
CAGE_TSS_6046	1	-	5996906	5997062	6.177529812	5997062	0	156	-156	156	-156	156
CAGE_TSS_6054	1	-	6038667	6038885	220.7224884	6038885	0	218	-218	218	-218	218
CAGE_TSS_6067	1	-	6098337	6098540	7.663119793	6098540	0	203	-203	203	-203	203
CAGE_TSS_6069	1	-	6127477	6127478	23.6175499	6127478	0	1	-1	1	-1	1
CAGE_TSS_6084	1	-	6155748	6155965	7.021289825	6155965	0	217	-217	217	-217	217
CAGE_TSS_6092	1	-	6185605	6185886	11.06379032	6185886	0	281	-281	281	-281	281
CAGE_TSS_6094	1	-	6209498	6209588	6.821559906	6209588	0	90	-90	90	-90	90
CAGE_TSS_6100	1	-	6218318	6218388	55.2670517	6218388	0	70	-70	70	-70	70
CAGE_TSS_6104	1	-	6247659	6247824	16.78348923	6247824	0	165	-165	165	-165	165
CAGE_TSS_6108	1	-	6266771	6266912	13.06424046	6266912	0	141	-141	141	-141	141
CAGE_TSS_6110	1	-	6268827	6269111	36.33454895	6269111	0	284	-284	284	-284	284
CAGE_TSS_6121	1	-	6319388	6319446	6.202020168	6319446	0	58	-58	58	-58	58
CAGE_TSS_6122	1	-	6324301	6324460	119.0678787	6324460	0	159	-159	159	-159	159
CAGE_TSS_6124	1	-	6360127	6360267	96.01959991	6360267	0	140	-140	140	-140	140
CAGE_TSS_6128	1	-	6384395	6384597	13.52326012	6384597	0	202	-202	202	-202	202
CAGE_TSS_6137	1	-	6452958	6453196	264.0272217	6453196	0	238	-238	238	-238	238
CAGE_TSS_6139	1	-	6459718	6459758	2.990190029	6459758	0	40	-40	40	-40	40
CAGE_TSS_6144	1	-	6483595	6483859	19.51597977	6483859	0	264	-264	264	-264	264
CAGE_TSS_6152	1	-	6506420	6506720	12.96207047	6506720	0	300	-300	300	-300	300
CAGE_TSS_6153	1	-	6525960	6526132	8.544249535	6526132	0	172	-172	172	-172	172
CAGE_TSS_6154	1	-	6538059	6538302	30.69811058	6538302	0	243	-243	243	-243	243
CAGE_TSS_6160	1	-	6562779	6562985	49.45264816	6562985	0	206	-206	206	-206	206
CAGE_TSS_6162	1	-	6579065	6579348	18.50062943	6579348	0	283	-283	283	-283	283
CAGE_TSS_6165	1	-	6612465	6612581	6.640299797	6612581	0	116	-116	116	-116	116
CAGE_TSS_6169	1	-	6633073	6633095	34.5280304	6633095	0	22	-22	22	-22	22
CAGE_TSS_6170	1	-	6650419	6650557	13.66059017	6650557	0	138	-138	138	-138	138
CAGE_TSS_6172	1	-	6672571	6672673	45.24555969	6672673	0	102	-102	102	-102	102
CAGE_TSS_6173	1	-	6677643	6677760	72.01421356	6677760	0	117	-117	117	-117	117
CAGE_TSS_6174	1	-	6683487	6683756	15.19890022	6683756	0	269	-269	269	-269	269
CAGE_TSS_6175	1	-	6692428	6692664	5.956910133	6692664	0	236	-236	236	-236	236
CAGE_TSS_6181	1	-	6714532	6714456	7.649680138	6714456	0	-76	76	-76	76	76
CAGE_TSS_6185	1	-	6734880	6735122	31.23195076	6735122	0	242	-242	242	-242	242
CAGE_TSS_6192	1	-	6774454	6774558	288.5805969	6774558	0	104	-104	104	-104	104
CAGE_TSS_6196	1	-	6799757	6799885	10.69637012	6799885	0	128	-128	128	-128	128
CAGE_TSS_6208	1	-	6804969	6805136	209.2661133	6805136	0	167	-167	167	-167	167
CAGE_TSS_6212	1	-	6811982	6812006	11.10037994	6812006	0	24	-24	24	-24	24
CAGE_TSS_6213	1	-	6812616	6812902	107.679039	6812902	0	286	-286	286	-286	286
CAGE_TSS_6218	1	-	6824191	6824246	6.677750111	6824246	0	55	-55	55	-55	55
CAGE_TSS_6222	1	-	6894697	6894864	9.899169922	6894864	0	167	-167	167	-167	167
CAGE_TSS_6232	1	-	6932814	6932877	8.495120049	6932877	0	63	-63	63	-63	63
CAGE_TSS_6236	1	-	6940584	6940808	124.2870636	6940808	0	224	-224	224	-224	224
CAGE_TSS_6244	1	-	6999750	6999911	42.40721893	6999911	0	161	-161	161	-161	161
CAGE_TSS_6254	1	-	7040121	7040321	19.61256027	7040321	0	200	-200	200	-200	200
CAGE_TSS_6259	1	-	7082543	7082659	70.34628296	7082659	0	116	-116	116	-116	116
CAGE_TSS_6263	1	-	7085771	7085970	36.68471146	7085970	0	199	-199	199	-199	199
CAGE_TSS_6272	1	-	7121770	7121847	14.09724045	7121847	0	77	-77	77	-77	77
CAGE_TSS_6279	1	-	7168006	7168117	112.8473816	7168117	0	111	-111	111	-111	111
CAGE_TSS_6287	1	-	7248434	7248523	26.01107025	7248523	0	89	-89	89	-89	89
CAGE_TSS_6289	1	-	7261512	7261637	25.78212929	7261637	0	125	-125	125	-125	125
CAGE_TSS_6294	1	-	7294743	7294812	5.311860085	7294812	0	69	-69	69	-69	69
CAGE_TSS_6304	1	-	7382333	7382586	99.36356354	7382586	0	253	-253	253	-253	253
CAGE_TSS_6308	1	-	7391550	7391658	13.45425987	7391658	0	108	-108	108	-108	108
CAGE_TSS_6309	1	-	7396770	7397024	18.72083092	7397024	0	254	-254	254	-254	254
CAGE_TSS_6328	1	-	7469806	7470096	5.732619762	7470096	0	290	-290	290	-290	290
CAGE_TSS_6332	1	-	7488686	7488905	26.13511086	7488905	0	219	-219	219	-219	219
CAGE_TSS_6333	1	-	7490582	7490781	86.23612976	7490781	0	199	-199	199	-199	199
CAGE_TSS_6347	1	-	7565801	7565937	38.4025116	7565937	0	136	-136	136	-136	136
CAGE_TSS_6358	1	-	7661804	7661973	90.53845978	7661973	0	169	-169	169	-169	169
CAGE_TSS_6368	1	-	7706134	7706366	35.45711136	7706366	0	232	-232	232	-232	232
CAGE_TSS_6372	1	-	7781516	7781690	44.24488068	7781690	0	174	-174	174	-174	174
CAGE_TSS_6377	1	-	7836997	7837201	5.85367012	7837201	0	204	-204	204	-204	204
CAGE_TSS_6379	1	-	7847603	7847859	26.69696045	7847859	0	256	-256	256	-256	256
CAGE_TSS_6385	1	-	7881147	7881431	8.501420021	7881431	0	284	-284	284	-284	284
CAGE_TSS_6387	1	-	7887678	7887836	20.16437912	7887836	0	158	-158	158	-158	158
CAGE_TSS_6388	1	-	7894543	7894484	6.92031002	7894484	0	-59	59	-59	59	59
CAGE_TSS_6392	1	-	7897718	7897751	152.8808136	7897751	0	33	-33	33	-33	33
CAGE_TSS_6394	1	-	7900103	7900120	11.73719978	7900120	0	17	-17	17	-17	17
CAGE_TSS_6397	1	-	7906665	7906919	50.48286819	7906919	0	254	-254	254	-254	254
CAGE_TSS_6401	1	-	7952664	7952797	17.71784973	7952797	0	133	-133	133	-133	133
CAGE_TSS_6403	1	-	7954381	7954560	43.81671906	7954560	0	179	-179	179	-179	179
CAGE_TSS_6406	1	-	7958379	7958560	8.658229828	7958560	0	181	-181	181	-181	181
CAGE_TSS_6407	1	-	7968649	7968725	193.7161865	7968725	0	76	-76	76	-76	76
CAGE_TSS_6409	1	-	7978724	7978875	26.25772095	7978875	0	151	-151	151	-151	151
CAGE_TSS_6410	1	-	7991619	7991854	83.10614014	7991854	0	235	-235	235	-235	235
CAGE_TSS_6411	1	-	8002828	8003041	19.46105003	8003041	0	213	-213	213	-213	213
CAGE_TSS_6413	1	-	8007224	8007474	14.95942974	8007474	0	250	-250	250	-250	250
CAGE_TSS_6427	1	-	8127248	8127273	20.5876503	8127273	0	25	-25	25	-25	25
CAGE_TSS_6433	1	-	8153635	8153698	7.29392004	8153698	0	63	-63	63	-63	63
CAGE_TSS_6435	1	-	8169270	8169429	49.54967117	8169429	0	159	-159	159	-159	159
CAGE_TSS_6437	1	-	8172928	8173062	31.55534935	8173062	0	134	-134	134	-134	134
CAGE_TSS_6439	1	-	8181278	8181408	78.12467957	8181408	0	130	-130	130	-130	130
CAGE_TSS_6442	1	-	8183575	8183670	13.57896996	8183670	0	95	-95	95	-95	95
CAGE_TSS_6443	1	-	8189030	8189051	26.00246048	8189051	0	21	-21	21	-21	21
CAGE_TSS_6465	1	-	8271720	8271984	17.7390995	8271984	0	264	-264	264	-264	264
CAGE_TSS_6466	1	-	8282226	8282259	64.15727997	8282259	0	33	-33	33	-33	33
CAGE_TSS_6469	1	-	8302679	8302875	25.82291985	8302875	0	196	-196	196	-196	196
CAGE_TSS_6472	1	-	8310647	8310779	34.85976028	8310779	0	132	-132	132	-132	132
CAGE_TSS_6487	1	-	8427089	8427342	195.4923401	8427342	0	253	-253	253	-253	253
CAGE_TSS_6492	1	-	8471398	8471467	42.44358826	8471467	0	69	-69	69	-69	69
CAGE_TSS_6508	1	-	8527081	8527151	260.2524414	8527151	0	70	-70	70	-70	70
CAGE_TSS_6509	1	-	8532193	8532401	27.24072075	8532401	0	208	-208	208	-208	208
CAGE_TSS_6514	1	-	8556345	8556580	14.72889042	8556580	0	235	-235	235	-235	235
CAGE_TSS_6531	1	-	8675249	8675466	10.23954964	8675466	0	217	-217	217	-217	217
CAGE_TSS_6539	1	-	8724590	8724857	7.725599766	8724857	0	267	-267	267	-267	267
CAGE_TSS_6541	1	-	8727104	8727236	133.4928131	8727236	0	132	-132	132	-132	132
CAGE_TSS_6545	1	-	8839499	8839633	214.6262054	8839633	0	134	-134	134	-134	134
CAGE_TSS_6547	1	-	8842312	8842438	142.4026031	8842438	0	126	-126	126	-126	126
CAGE_TSS_6552	1	-	8899102	8899220	21.04187965	8899220	0	118	-118	118	-118	118
CAGE_TSS_6555	1	-	8912400	8912492	37.81945038	8912492	0	92	-92	92	-92	92
CAGE_TSS_6565	1	-	8957991	8958003	208.7858124	8958003	0	12	-12	12	-12	12
CAGE_TSS_6574	1	-	8983035	8983203	114.855629	8983203	0	168	-168	168	-168	168
CAGE_TSS_6579	1	-	8999866	8999928	15.59724045	8999928	0	62	-62	62	-62	62
CAGE_TSS_6591	1	-	9043661	9043945	66.55506134	9043945	0	284	-284	284	-284	284
CAGE_TSS_6597	1	-	9061085	9061373	10.88479042	9061373	0	288	-288	288	-288	288
CAGE_TSS_6601	1	-	9072196	9072246	7.952670097	9072246	0	50	-50	50	-50	50
CAGE_TSS_6603	1	-	9076736	9076960	5.028540134	9076960	0	224	-224	224	-224	224
CAGE_TSS_6612	1	-	9143319	9143618	25.35187912	9143618	0	299	-299	299	-299	299
CAGE_TSS_6614	1	-	9146020	9146102	14.09123039	9146102	0	82	-82	82	-82	82
CAGE_TSS_6620	1	-	9199602	9199813	26.13442993	9199813	0	211	-211	211	-211	211
CAGE_TSS_6623	1	-	9225722	9225789	82.70635223	9225789	0	67	-67	67	-67	67
CAGE_TSS_6626	1	-	9251639	9251844	9.351860046	9251844	0	205	-205	205	-205	205
CAGE_TSS_6627	1	-	9275120	9275319	10.66670036	9275319	0	199	-199	199	-199	199
CAGE_TSS_6629	1	-	9286204	9286344	13.58611965	9286344	0	140	-140	140	-140	140
CAGE_TSS_6646	1	-	9406248	9406480	7.725599766	9406480	0	232	-232	232	-232	232
CAGE_TSS_6648	1	-	9408631	9408867	37.13903046	9408867	0	236	-236	236	-236	236
CAGE_TSS_6649	1	-	9411139	9411274	6.478889942	9411274	0	135	-135	135	-135	135
CAGE_TSS_6650	1	-	9415946	9416142	9.426460266	9416142	0	196	-196	196	-196	196
CAGE_TSS_6654	1	-	9451700	9451967	69.46063995	9451967	0	267	-267	267	-267	267
CAGE_TSS_6656	1	-	9458027	9458069	26.67333984	9458069	0	42	-42	42	-42	42
CAGE_TSS_6658	1	-	9482681	9482738	15.31075954	9482738	0	57	-57	57	-57	57
CAGE_TSS_6667	1	-	9507317	9507463	9.331330299	9507463	0	146	-146	146	-146	146
CAGE_TSS_6689	1	-	9628495	9628591	50.6365509	9628591	0	96	-96	96	-96	96
CAGE_TSS_6691	1	-	9641900	9641910	49.63845062	9641910	0	10	-10	10	-10	10
CAGE_TSS_6693	1	-	9649072	9649239	129.5539246	9649239	0	167	-167	167	-167	167
CAGE_TSS_6696	1	-	9676286	9676300	16.24316025	9676300	0	14	-14	14	-14	14
CAGE_TSS_6703	1	-	9732479	9732654	60.40235138	9732654	0	175	-175	175	-175	175
CAGE_TSS_6708	1	-	9777812	9777820	129.5213165	9777820	0	8	-8	8	-8	8
CAGE_TSS_6709	1	-	9806891	9807098	5.377930164	9807098	0	207	-207	207	-207	207
CAGE_TSS_6720	1	-	9852331	9852517	48.06164932	9852517	0	186	-186	186	-186	186
CAGE_TSS_6728	1	-	9887507	9887608	77.38815308	9887608	0	101	-101	101	-101	101
CAGE_TSS_6734	1	-	9913860	9913868	60.07756042	9913868	0	8	-8	8	-8	8
CAGE_TSS_6738	1	-	9934350	9934537	12.25395966	9934537	0	187	-187	187	-187	187
CAGE_TSS_6745	1	-	9971473	9971678	22.71039963	9971678	0	205	-205	205	-205	205
CAGE_TSS_6750	1	-	9979182	9979441	19.59535027	9979441	0	259	-259	259	-259	259
CAGE_TSS_6751	1	-	10014072	10014258	213.6756287	10014258	0	186	-186	186	-186	186
CAGE_TSS_6755	1	-	10044111	10044237	13.24773026	10044237	0	126	-126	126	-126	126
CAGE_TSS_6759	1	-	10046429	10046601	251.7613525	10046601	0	172	-172	172	-172	172
CAGE_TSS_6764	1	-	10055680	10055878	7.693270206	10055878	0	198	-198	198	-198	198
CAGE_TSS_6765	1	-	10057811	10057922	10.92949009	10057922	0	111	-111	111	-111	111
CAGE_TSS_6766	1	-	10073386	10073648	56.57643127	10073648	0	262	-262	262	-262	262
CAGE_TSS_6771	1	-	10111649	10111774	200.0902557	10111774	0	125	-125	125	-125	125
CAGE_TSS_6773	1	-	10126918	10127044	209.1884155	10127044	0	126	-126	126	-126	126
CAGE_TSS_6777	1	-	10139123	10139297	10.54493046	10139297	0	174	-174	174	-174	174
CAGE_TSS_6779	1	-	10184396	10184528	23.44099045	10184528	0	132	-132	132	-132	132
CAGE_TSS_6780	1	-	10195182	10195432	16.72430038	10195432	0	250	-250	250	-250	250
CAGE_TSS_6781	1	-	10203359	10203468	81.94895172	10203468	0	109	-109	109	-109	109
CAGE_TSS_6787	1	-	10249560	10249660	163.4326172	10249660	0	100	-100	100	-100	100
CAGE_TSS_6789	1	-	10261110	10261370	243.1589661	10261370	0	260	-260	260	-260	260
CAGE_TSS_6798	1	-	10289577	10289747	47.93775177	10289747	0	170	-170	170	-170	170
CAGE_TSS_6805	1	-	10294516	10294639	9.318610191	10294639	0	123	-123	123	-123	123
CAGE_TSS_6807	1	-	10302002	10302202	6.484280109	10302202	0	200	-200	200	-200	200
CAGE_TSS_6811	1	-	10308142	10308343	5.301620007	10308343	0	201	-201	201	-201	201
CAGE_TSS_6816	1	-	10326769	10326920	6.633039951	10326920	0	151	-151	151	-151	151
CAGE_TSS_6818	1	-	10356481	10356664	33.37879181	10356664	0	183	-183	183	-183	183
CAGE_TSS_6820	1	-	10382036	10382140	14.00597954	10382140	0	104	-104	104	-104	104
CAGE_TSS_6858	1	-	10561429	10561576	12.49779034	10561576	0	147	-147	147	-147	147
CAGE_TSS_6860	1	-	10586501	10586698	163.6716614	10586698	0	197	-197	197	-197	197
CAGE_TSS_6867	1	-	10664667	10664967	59.68159103	10664967	0	300	-300	300	-300	300
CAGE_TSS_6888	1	-	10809914	10810034	5.841179848	10810034	0	120	-120	120	-120	120
CAGE_TSS_6907	1	-	10909569	10909837	7.594029903	10909837	0	268	-268	268	-268	268
CAGE_TSS_6914	1	-	10949431	10949705	6.360270023	10949705	0	274	-274	274	-274	274
CAGE_TSS_6921	1	-	11072292	11072412	6.722420216	11072412	0	120	-120	120	-120	120
CAGE_TSS_6928	1	-	11116020	11116143	47.62020874	11116143	0	123	-123	123	-123	123
CAGE_TSS_6936	1	-	11163481	11163490	25.25079918	11163490	0	9	-9	9	-9	9
CAGE_TSS_6937	1	-	11164923	11165176	9.988470078	11165176	0	253	-253	253	-253	253
CAGE_TSS_6944	1	-	11219455	11219576	5.439680099	11219576	0	121	-121	121	-121	121
CAGE_TSS_6945	1	-	11222786	11222842	43.98574066	11222842	0	56	-56	56	-56	56
CAGE_TSS_6949	1	-	11258674	11258965	213.8152771	11258965	0	291	-291	291	-291	291
CAGE_TSS_6957	1	-	11297233	11297484	67.17751312	11297484	0	251	-251	251	-251	251
CAGE_TSS_6961	1	-	11311712	11311859	115.2103577	11311859	0	147	-147	147	-147	147
CAGE_TSS_6967	1	-	11372072	11372297	4.810709953	11372297	0	225	-225	225	-225	225
CAGE_TSS_6977	1	-	11412197	11412394	72.38342285	11412394	0	197	-197	197	-197	197
CAGE_TSS_6983	1	-	11420962	11420963	23.16959	11420963	0	1	-1	1	-1	1
CAGE_TSS_6991	1	-	11463725	11463814	26.95601082	11463814	0	89	-89	89	-89	89
CAGE_TSS_6993	1	-	11472651	11472691	21.97109032	11472691	0	40	-40	40	-40	40
CAGE_TSS_7004	1	-	11539798	11540017	5.954269886	11540017	0	219	-219	219	-219	219
CAGE_TSS_7014	1	-	11605052	11605096	211.7319031	11605096	0	44	-44	44	-44	44
CAGE_TSS_7020	1	-	11641870	11642168	7.452320099	11642168	0	298	-298	298	-298	298
CAGE_TSS_7023	1	-	11668689	11668871	32.56438828	11668871	0	182	-182	182	-182	182
CAGE_TSS_7027	1	-	11691455	11691720	27.06856918	11691720	0	265	-265	265	-265	265
CAGE_TSS_7032	1	-	11719969	11720074	22.79987907	11720074	0	105	-105	105	-105	105
CAGE_TSS_7039	1	-	11752087	11752039	11.2743597	11752039	0	-48	48	-48	48	48
CAGE_TSS_7047	1	-	11797132	11797199	10.02340984	11797199	0	67	-67	67	-67	67
CAGE_TSS_7050	1	-	11800601	11800386	61.93325043	11800386	0	-215	215	-215	215	215
CAGE_TSS_7052	1	-	11800986	11801090	198.7176056	11801090	0	104	-104	104	-104	104
CAGE_TSS_7054	1	-	11821730	11821867	190.084198	11821867	0	137	-137	137	-137	137
CAGE_TSS_7055	1	-	11834273	11834400	43.76979065	11834400	0	127	-127	127	-127	127
CAGE_TSS_7059	1	-	11872851	11873055	6.523280144	11873055	0	204	-204	204	-204	204
CAGE_TSS_7063	1	-	11908927	11909091	5.86097002	11909091	0	164	-164	164	-164	164
CAGE_TSS_7074	1	-	11971017	11971158	10.86077976	11971158	0	141	-141	141	-141	141
CAGE_TSS_7087	1	-	12056270	12056274	114.5250931	12056274	0	4	-4	4	-4	4
CAGE_TSS_7110	1	-	12214186	12214348	61.93064117	12214348	0	162	-162	162	-162	162
CAGE_TSS_7148	1	-	12590199	12590337	12.79800987	12590337	0	138	-138	138	-138	138
CAGE_TSS_7149	1	-	12617029	12617218	7.849440098	12617218	0	189	-189	189	-189	189
CAGE_TSS_7152	1	-	12688520	12688684	6.897789955	12688684	0	164	-164	164	-164	164
CAGE_TSS_7155	1	-	12738087	12738191	18.63314056	12738191	0	104	-104	104	-104	104
CAGE_TSS_7159	1	-	12878722	12878938	246.6667328	12878938	0	216	-216	216	-216	216
CAGE_TSS_7160	1	-	12897401	12897395	5.457509995	12897395	0	-6	6	-6	6	6
CAGE_TSS_7162	1	-	12936330	12936562	60.00418854	12936562	0	232	-232	232	-232	232
CAGE_TSS_7165	1	-	12937791	12937977	139.8251495	12937977	0	186	-186	186	-186	186
CAGE_TSS_7174	1	-	12984644	12984837	89.21154022	12984837	0	193	-193	193	-193	193
CAGE_TSS_7178	1	-	13031127	13031197	53.42161179	13031197	0	70	-70	70	-70	70
CAGE_TSS_7182	1	-	13125262	13125521	10.17860031	13125521	0	259	-259	259	-259	259
CAGE_TSS_7194	1	-	13280254	13280460	89.23561096	13280460	0	206	-206	206	-206	206
CAGE_TSS_7222	1	-	13703558	13703712	14.01718998	13703712	0	154	-154	154	-154	154
CAGE_TSS_7294	1	-	16137505	16137600	62.18130112	16137600	0	95	-95	95	-95	95
CAGE_TSS_7313	1	-	16446851	16446957	18.89575958	16446957	0	106	-106	106	-106	106
CAGE_TSS_7314	1	-	16488383	16488586	105.1111679	16488586	0	203	-203	203	-203	203
CAGE_TSS_7323	1	-	16657656	16657846	8.024959564	16657846	0	190	-190	190	-190	190
CAGE_TSS_7325	1	-	16689580	16689695	29.17696953	16689695	0	115	-115	115	-115	115
CAGE_TSS_7332	1	-	16765748	16766005	17.07061958	16766005	0	257	-257	257	-257	257
CAGE_TSS_7339	1	-	16838272	16838310	216.0979156	16838310	0	38	-38	38	-38	38
CAGE_TSS_7346	1	-	16851195	16851338	73.35617828	16851338	0	143	-143	143	-143	143
CAGE_TSS_7352	1	-	16913613	16913691	171.1944733	16913691	0	78	-78	78	-78	78
CAGE_TSS_7358	1	-	16984436	16984661	19.25917053	16984661	0	225	-225	225	-225	225
CAGE_TSS_7361	1	-	17076318	17076530	262.5325623	17076530	0	212	-212	212	-212	212
CAGE_TSS_7363	1	-	17090506	17090695	200.2639923	17090695	0	189	-189	189	-189	189
CAGE_TSS_7364	1	-	17091333	17091603	26.32057953	17091603	0	270	-270	270	-270	270
CAGE_TSS_7387	1	-	17285668	17285874	13.79061985	17285874	0	206	-206	206	-206	206
CAGE_TSS_7388	1	-	17296461	17296501	72.25966644	17296501	0	40	-40	40	-40	40
CAGE_TSS_7390	1	-	17298774	17299009	9.20524025	17299009	0	235	-235	235	-235	235
CAGE_TSS_7398	1	-	17376041	17376151	11.11651039	17376151	0	110	-110	110	-110	110
CAGE_TSS_7421	1	-	17651661	17651827	25.66941071	17651827	0	166	-166	166	-166	166
CAGE_TSS_7434	1	-	17721840	17721886	35.35034943	17721886	0	46	-46	46	-46	46
CAGE_TSS_7443	1	-	17811894	17812102	29.52717972	17812102	0	208	-208	208	-208	208
CAGE_TSS_7446	1	-	17830326	17830567	11.99588966	17830567	0	241	-241	241	-241	241
CAGE_TSS_7458	1	-	17892567	17892812	55.10255051	17892812	0	245	-245	245	-245	245
CAGE_TSS_7469	1	-	17976332	17976581	47.25978851	17976581	0	249	-249	249	-249	249
CAGE_TSS_7475	1	-	18009987	18010194	9.107480049	18010194	0	207	-207	207	-207	207
CAGE_TSS_7492	1	-	18104795	18104920	5.947589874	18104920	0	125	-125	125	-125	125
CAGE_TSS_7494	1	-	18117564	18117734	12.52939987	18117734	0	170	-170	170	-170	170
CAGE_TSS_7495	1	-	18124142	18124383	18.95812035	18124383	0	241	-241	241	-241	241
CAGE_TSS_7496	1	-	18138844	18138845	49.84909821	18138845	0	1	-1	1	-1	1
CAGE_TSS_7497	1	-	18148956	18149255	5.161359787	18149255	0	299	-299	299	-299	299
CAGE_TSS_7500	1	-	18176205	18176124	5.161359787	18176124	0	-81	81	-81	81	81
CAGE_TSS_7504	1	-	18182348	18182472	95.08673096	18182472	0	124	-124	124	-124	124
CAGE_TSS_7509	1	-	18269458	18269584	13.14006996	18269584	0	126	-126	126	-126	126
CAGE_TSS_7516	1	-	18316386	18316631	21.2589798	18316631	0	245	-245	245	-245	245
CAGE_TSS_7518	1	-	18322281	18322407	174.4737091	18322407	0	126	-126	126	-126	126
CAGE_TSS_7529	1	-	18378552	18378677	133.2584839	18378677	0	125	-125	125	-125	125
CAGE_TSS_7535	1	-	18393781	18393983	61.11669922	18393983	0	202	-202	202	-202	202
CAGE_TSS_7541	1	-	18430338	18430446	11.83197975	18430446	0	108	-108	108	-108	108
CAGE_TSS_7561	1	-	18550012	18550261	8.316749573	18550261	0	249	-249	249	-249	249
CAGE_TSS_7564	1	-	18560273	18560557	8.491849899	18560557	0	284	-284	284	-284	284
CAGE_TSS_7575	1	-	18626394	18626392	15.83738041	18626392	0	-2	2	-2	2	2
CAGE_TSS_7581	1	-	18639507	18639526	9.358659744	18639526	0	19	-19	19	-19	19
CAGE_TSS_7602	1	-	18753583	18753778	8.662899971	18753778	0	195	-195	195	-195	195
CAGE_TSS_7603	1	-	18758395	18758517	44.33517075	18758517	0	122	-122	122	-122	122
CAGE_TSS_7629	1	-	19053734	19053701	223.1078491	19053701	0	-33	33	-33	33	33
CAGE_TSS_7632	1	-	19066914	19067086	91.4065094	19067086	0	172	-172	172	-172	172
CAGE_TSS_7636	1	-	19101269	19101246	10.98886013	19101246	0	-23	23	-23	23	23
CAGE_TSS_7662	1	-	19250214	19250265	5.587560177	19250265	0	51	-51	51	-51	51
CAGE_TSS_7669	1	-	19299141	19299254	80.21788788	19299254	0	113	-113	113	-113	113
CAGE_TSS_7682	1	-	19349023	19349115	53.80683899	19349115	0	92	-92	92	-92	92
CAGE_TSS_7695	1	-	19385532	19385821	74.0748291	19385821	0	289	-289	289	-289	289
CAGE_TSS_7698	1	-	19408253	19408352	10.55482006	19408352	0	99	-99	99	-99	99
CAGE_TSS_7700	1	-	19414701	19414818	28.26231003	19414818	0	117	-117	117	-117	117
CAGE_TSS_7705	1	-	19443425	19443708	18.54056931	19443708	0	283	-283	283	-283	283
CAGE_TSS_7710	1	-	19459685	19459808	86.67060089	19459808	0	123	-123	123	-123	123
CAGE_TSS_7721	1	-	19492768	19492983	20.9426899	19492983	0	215	-215	215	-215	215
CAGE_TSS_7727	1	-	19572090	19572252	34.30117035	19572252	0	162	-162	162	-162	162
CAGE_TSS_7745	1	-	19673640	19673818	25.98785973	19673818	0	178	-178	178	-178	178
CAGE_TSS_7747	1	-	19689733	19689812	5.995490074	19689812	0	79	-79	79	-79	79
CAGE_TSS_7752	1	-	19740780	19740935	28.06321907	19740935	0	155	-155	155	-155	155
CAGE_TSS_7761	1	-	19762543	19762809	23.40724945	19762809	0	266	-266	266	-266	266
CAGE_TSS_7768	1	-	19822149	19822348	9.543180466	19822348	0	199	-199	199	-199	199
CAGE_TSS_7772	1	-	19851937	19852016	36.33924103	19852016	0	79	-79	79	-79	79
CAGE_TSS_7780	1	-	19893426	19893523	179.767395	19893523	0	97	-97	97	-97	97
CAGE_TSS_7781	1	-	19900965	19901143	65.19455719	19901143	0	178	-178	178	-178	178
CAGE_TSS_7782	1	-	19915011	19915292	223.3078156	19915292	0	281	-281	281	-281	281
CAGE_TSS_7790	1	-	19969619	19969759	136.1103973	19969759	0	140	-140	140	-140	140
CAGE_TSS_7792	1	-	19974318	19974606	66.26992035	19974606	0	288	-288	288	-288	288
CAGE_TSS_7795	1	-	19985980	19986076	80.06815338	19986076	0	96	-96	96	-96	96
CAGE_TSS_7799	1	-	19993238	19993254	81.70107269	19993254	0	16	-16	16	-16	16
CAGE_TSS_7803	1	-	20009349	20009633	9.310139656	20009633	0	284	-284	284	-284	284
CAGE_TSS_7805	1	-	20011943	20012163	6.417140007	20012163	0	220	-220	220	-220	220
CAGE_TSS_7806	1	-	20014922	20014963	66.08895874	20014963	0	41	-41	41	-41	41
CAGE_TSS_7817	1	-	20068463	20068563	84.46882629	20068563	0	100	-100	100	-100	100
CAGE_TSS_7819	1	-	20073730	20073801	25.40612984	20073801	0	71	-71	71	-71	71
CAGE_TSS_7822	1	-	20081462	20081563	49.66543961	20081563	0	101	-101	101	-101	101
CAGE_TSS_7829	1	-	20156415	20156556	17.41758919	20156556	0	141	-141	141	-141	141
CAGE_TSS_7830	1	-	20160639	20160361	53.5467186	20160361	0	-278	278	-278	278	278
CAGE_TSS_7831	1	-	20160811	20160977	197.8951721	20160977	0	166	-166	166	-166	166
CAGE_TSS_7840	1	-	20187022	20187095	9.289640427	20187095	0	73	-73	73	-73	73
CAGE_TSS_7842	1	-	20198969	20199181	241.8661652	20199181	0	212	-212	212	-212	212
CAGE_TSS_7844	1	-	20219354	20219582	23.58324051	20219582	0	228	-228	228	-228	228
CAGE_TSS_7847	1	-	20225946	20226090	5.71201992	20226090	0	144	-144	144	-144	144
CAGE_TSS_7852	1	-	20277949	20278221	9.793979645	20278221	0	272	-272	272	-272	272
CAGE_TSS_7855	1	-	20303782	20304023	68.31301117	20304023	0	241	-241	241	-241	241
CAGE_TSS_7858	1	-	20310662	20310773	14.53553009	20310773	0	111	-111	111	-111	111
CAGE_TSS_7863	1	-	20357722	20357881	61.43716049	20357881	0	159	-159	159	-159	159
CAGE_TSS_7864	1	-	20362588	20362816	13.90353012	20362816	0	228	-228	228	-228	228
CAGE_TSS_7867	1	-	20385338	20385548	6.169380188	20385548	0	210	-210	210	-210	210
CAGE_TSS_7873	1	-	20402987	20403117	6.236519814	20403117	0	130	-130	130	-130	130
CAGE_TSS_7887	1	-	20563158	20563312	6.776219845	20563312	0	154	-154	154	-154	154
CAGE_TSS_7895	1	-	20598672	20598858	240.0869751	20598858	0	186	-186	186	-186	186
CAGE_TSS_7897	1	-	20620135	20620219	26.90790939	20620219	0	84	-84	84	-84	84
CAGE_TSS_7902	1	-	20648890	20648991	18.60119057	20648991	0	101	-101	101	-101	101
CAGE_TSS_7903	1	-	20665015	20665139	17.77321053	20665139	0	124	-124	124	-124	124
CAGE_TSS_7905	1	-	20668737	20668973	51.87059021	20668973	0	236	-236	236	-236	236
CAGE_TSS_7918	1	-	20719162	20719355	10.6393404	20719355	0	193	-193	193	-193	193
CAGE_TSS_7923	1	-	20731249	20731325	56.85977173	20731325	0	76	-76	76	-76	76
CAGE_TSS_7924	1	-	20733992	20734089	5.461460114	20734089	0	97	-97	97	-97	97
CAGE_TSS_7971	1	-	20979324	20979489	49.70439911	20979489	0	165	-165	165	-165	165
CAGE_TSS_7977	1	-	21007794	21007996	16.38653946	21007996	0	202	-202	202	-202	202
CAGE_TSS_7979	1	-	21013986	21014105	51.10144043	21014105	0	119	-119	119	-119	119
CAGE_TSS_7994	1	-	21080325	21080505	43.24084091	21080505	0	180	-180	180	-180	180
CAGE_TSS_8000	1	-	21088546	21088732	87.56194305	21088732	0	186	-186	186	-186	186
CAGE_TSS_8007	1	-	21092655	21092856	19.06641006	21092856	0	201	-201	201	-201	201
CAGE_TSS_8012	1	-	21188104	21188278	96.173172	21188278	0	174	-174	174	-174	174
CAGE_TSS_8021	1	-	21235136	21235185	8.527079582	21235185	0	49	-49	49	-49	49
CAGE_TSS_8028	1	-	21311492	21311493	25.44973946	21311493	0	1	-1	1	-1	1
CAGE_TSS_8030	1	-	21334726	21334748	187.6427765	21334748	0	22	-22	22	-22	22
CAGE_TSS_8037	1	-	21364640	21364770	43.89017868	21364770	0	130	-130	130	-130	130
CAGE_TSS_8040	1	-	21405924	21406195	8.307229996	21406195	0	271	-271	271	-271	271
CAGE_TSS_8048	1	-	21440826	21440818	64.56842804	21440818	0	-8	8	-8	8	8
CAGE_TSS_8060	1	-	21468419	21468516	15.57894993	21468516	0	97	-97	97	-97	97
CAGE_TSS_8066	1	-	21507450	21507625	241.1735229	21507625	0	175	-175	175	-175	175
CAGE_TSS_8068	1	-	21514029	21514329	84.9254837	21514329	0	300	-300	300	-300	300
CAGE_TSS_8069	1	-	21518189	21518396	7.346710205	21518396	0	207	-207	207	-207	207
CAGE_TSS_8072	1	-	21531519	21531766	7.900730133	21531766	0	247	-247	247	-247	247
CAGE_TSS_8075	1	-	21539796	21539930	53.68949127	21539930	0	134	-134	134	-134	134
CAGE_TSS_8080	1	-	21553147	21553254	285.949646	21553254	0	107	-107	107	-107	107
CAGE_TSS_8082	1	-	21580714	21580761	5.12665987	21580761	0	47	-47	47	-47	47
CAGE_TSS_8088	1	-	21614116	21614280	226.2766724	21614280	0	164	-164	164	-164	164
CAGE_TSS_8098	1	-	21626199	21626344	132.4659576	21626344	0	145	-145	145	-145	145
CAGE_TSS_8104	1	-	21717291	21717424	38.30884933	21717424	0	133	-133	133	-133	133
CAGE_TSS_8105	1	-	21743919	21744165	8.093669891	21744165	0	246	-246	246	-246	246
CAGE_TSS_8111	1	-	21941708	21941970	7.337910175	21941970	0	262	-262	262	-262	262
CAGE_TSS_8112	1	-	21953455	21953718	158.234787	21953718	0	263	-263	263	-263	263
CAGE_TSS_8120	1	-	22057194	22057351	108.3616409	22057351	0	157	-157	157	-157	157
CAGE_TSS_8136	1	-	22096568	22096583	264.6224976	22096583	0	15	-15	15	-15	15
CAGE_TSS_8142	1	-	22180842	22181141	132.7739258	22181141	0	299	-299	299	-299	299
CAGE_TSS_8144	1	-	22191436	22191587	8.037599564	22191587	0	151	-151	151	-151	151
CAGE_TSS_8147	1	-	22221400	22221487	132.8532104	22221487	0	87	-87	87	-87	87
CAGE_TSS_8148	1	-	22224285	22224402	86.24729156	22224402	0	117	-117	117	-117	117
CAGE_TSS_8161	1	-	22308198	22308322	132.7215576	22308322	0	124	-124	124	-124	124
CAGE_TSS_8166	1	-	22330297	22330428	19.39874077	22330428	0	131	-131	131	-131	131
CAGE_TSS_8177	1	-	22356651	22356756	18.3572197	22356756	0	105	-105	105	-105	105
CAGE_TSS_8190	1	-	22387566	22387589	14.74503994	22387589	0	23	-23	23	-23	23
CAGE_TSS_8196	1	-	22410218	22410471	6.718430042	22410471	0	253	-253	253	-253	253
CAGE_TSS_8197	1	-	22417245	22417497	28.73571014	22417497	0	252	-252	252	-252	252
CAGE_TSS_8203	1	-	22441968	22442215	29.54603958	22442215	0	247	-247	247	-247	247
CAGE_TSS_8213	1	-	22491450	22491536	262.1199646	22491536	0	86	-86	86	-86	86
CAGE_TSS_8217	1	-	22512185	22512365	66.6780777	22512365	0	180	-180	180	-180	180
CAGE_TSS_8218	1	-	22540862	22541046	21.40560913	22541046	0	184	-184	184	-184	184
CAGE_TSS_8226	1	-	22641049	22641230	26.6299305	22641230	0	181	-181	181	-181	181
CAGE_TSS_8228	1	-	22645214	22645302	141.0574646	22645302	0	88	-88	88	-88	88
CAGE_TSS_8229	1	-	22649460	22649644	16.3235302	22649644	0	184	-184	184	-184	184
CAGE_TSS_8230	1	-	22658452	22658444	17.17907906	22658444	0	-8	8	-8	8	8
CAGE_TSS_8235	1	-	22677735	22677928	86.360672	22677928	0	193	-193	193	-193	193
CAGE_TSS_8239	1	-	22712145	22712353	56.39669037	22712353	0	208	-208	208	-208	208
CAGE_TSS_8244	1	-	22749197	22749300	26.90249062	22749300	0	103	-103	103	-103	103
CAGE_TSS_8248	1	-	22756294	22756498	36.01258087	22756498	0	204	-204	204	-204	204
CAGE_TSS_8254	1	-	22801091	22801314	12.01041985	22801314	0	223	-223	223	-223	223
CAGE_TSS_8262	1	-	22871276	22871398	99.54315186	22871398	0	122	-122	122	-122	122
CAGE_TSS_8268	1	-	22939021	22939156	39.74121094	22939156	0	135	-135	135	-135	135
CAGE_TSS_8280	1	-	22984358	22984587	48.52001953	22984587	0	229	-229	229	-229	229
CAGE_TSS_8292	1	-	23029313	23029334	5.899960041	23029334	0	21	-21	21	-21	21
CAGE_TSS_8294	1	-	23039711	23039978	190.2759705	23039978	0	267	-267	267	-267	267
CAGE_TSS_8300	1	-	23101029	23101197	58.56032181	23101197	0	168	-168	168	-168	168
CAGE_TSS_8304	1	-	23109457	23109474	144.1089935	23109474	0	17	-17	17	-17	17
CAGE_TSS_8311	1	-	23226915	23227160	71.63723755	23227160	0	245	-245	245	-245	245
CAGE_TSS_8321	1	-	23246874	23246946	3.382100105	23246946	0	72	-72	72	-72	72
CAGE_TSS_8324	1	-	23251108	23251302	142.772583	23251302	0	194	-194	194	-194	194
CAGE_TSS_8325	1	-	23257260	23257541	95.16873169	23257541	0	281	-281	281	-281	281
CAGE_TSS_8326	1	-	23261776	23261887	68.67424011	23261887	0	111	-111	111	-111	111
CAGE_TSS_8332	1	-	23286805	23287053	64.42735291	23287053	0	248	-248	248	-248	248
CAGE_TSS_8336	1	-	23320265	23320265	8.194979668	23320265	0	0	0	0	0	0
CAGE_TSS_8340	1	-	23352045	23352022	189.0426331	23352022	0	-23	23	-23	23	23
CAGE_TSS_8346	1	-	23392847	23392912	11.74882984	23392912	0	65	-65	65	-65	65
CAGE_TSS_8348	1	-	23410738	23410956	5.031640053	23410956	0	218	-218	218	-218	218
CAGE_TSS_8350	1	-	23411149	23411080	6.752580166	23411080	0	-69	69	-69	69	69
CAGE_TSS_8354	1	-	23458618	23458682	28.15169907	23458682	0	64	-64	64	-64	64
CAGE_TSS_8389	1	-	23667342	23667452	33.78976822	23667452	0	110	-110	110	-110	110
CAGE_TSS_8393	1	-	23668905	23669064	8.174750328	23669064	0	159	-159	159	-159	159
CAGE_TSS_8398	1	-	23690560	23690591	10.91798019	23690591	0	31	-31	31	-31	31
CAGE_TSS_8401	1	-	23706021	23706136	35.93087006	23706136	0	115	-115	115	-115	115
CAGE_TSS_8406	1	-	23740362	23740411	9.146389961	23740411	0	49	-49	49	-49	49
CAGE_TSS_8409	1	-	23801778	23802046	5.576429844	23802046	0	268	-268	268	-268	268
CAGE_TSS_8411	1	-	23807158	23807262	58.47195816	23807262	0	104	-104	104	-104	104
CAGE_TSS_8412	1	-	23812674	23812847	95.53318787	23812847	0	173	-173	173	-173	173
CAGE_TSS_8417	1	-	23830063	23830178	256.8819275	23830178	0	115	-115	115	-115	115
CAGE_TSS_8423	1	-	23919833	23919914	6.882120132	23919914	0	81	-81	81	-81	81
CAGE_TSS_8435	1	-	24001339	24001524	60.50220108	24001524	0	185	-185	185	-185	185
CAGE_TSS_8439	1	-	24023167	24023380	68.82559204	24023380	0	213	-213	213	-213	213
CAGE_TSS_8440	1	-	24026388	24026525	10.24981022	24026525	0	137	-137	137	-137	137
CAGE_TSS_8442	1	-	24033543	24033687	8.78470993	24033687	0	144	-144	144	-144	144
CAGE_TSS_8456	1	-	24062633	24062765	5.487659931	24062765	0	132	-132	132	-132	132
CAGE_TSS_8462	1	-	24136059	24136084	11.13319969	24136084	0	25	-25	25	-25	25
CAGE_TSS_8466	1	-	24139271	24139398	90.4595871	24139398	0	127	-127	127	-127	127
CAGE_TSS_8469	1	-	24146109	24146407	42.67164993	24146407	0	298	-298	298	-298	298
CAGE_TSS_8474	1	-	24163620	24163734	49.95634079	24163734	0	114	-114	114	-114	114
CAGE_TSS_8476	1	-	24171542	24171636	42.39493179	24171636	0	94	-94	94	-94	94
CAGE_TSS_8486	1	-	24259358	24259559	14.09724045	24259559	0	201	-201	201	-201	201
CAGE_TSS_8493	1	-	24306234	24306351	47.81000137	24306351	0	117	-117	117	-117	117
CAGE_TSS_8499	1	-	24362031	24361863	14.18305016	24361863	0	-168	168	-168	168	168
CAGE_TSS_8501	1	-	24366417	24366525	17.3574791	24366525	0	108	-108	108	-108	108
CAGE_TSS_8504	1	-	24383996	24384037	39.6147995	24384037	0	41	-41	41	-41	41
CAGE_TSS_8506	1	-	24395359	24395469	7.978680134	24395469	0	110	-110	110	-110	110
CAGE_TSS_8511	1	-	24421291	24421315	8.016949654	24421315	0	24	-24	24	-24	24
CAGE_TSS_8512	1	-	24432972	24433110	10.23954964	24433110	0	138	-138	138	-138	138
CAGE_TSS_8517	1	-	24493793	24493968	31.5862999	24493968	0	175	-175	175	-175	175
CAGE_TSS_8518	1	-	24502737	24502831	233.3843689	24502831	0	94	-94	94	-94	94
CAGE_TSS_8519	1	-	24514658	24514741	139.2297211	24514741	0	83	-83	83	-83	83
CAGE_TSS_8521	1	-	24529293	24529363	5.914800167	24529363	0	70	-70	70	-70	70
CAGE_TSS_8530	1	-	24568859	24569025	23.50083923	24569025	0	166	-166	166	-166	166
CAGE_TSS_8535	1	-	24606536	24606706	152.3624115	24606706	0	170	-170	170	-170	170
CAGE_TSS_8540	1	-	24653849	24654042	60.8365097	24654042	0	193	-193	193	-193	193
CAGE_TSS_8547	1	-	24657609	24657732	22.86222076	24657732	0	123	-123	123	-123	123
CAGE_TSS_8550	1	-	24687326	24687491	123.0537415	24687491	0	165	-165	165	-165	165
CAGE_TSS_8558	1	-	24703035	24703238	16.02141953	24703238	0	203	-203	203	-203	203
CAGE_TSS_8561	1	-	24709779	24710022	213.214035	24710022	0	243	-243	243	-243	243
CAGE_TSS_8564	1	-	24771370	24771573	25.70088005	24771573	0	203	-203	203	-203	203
CAGE_TSS_8566	1	-	24775863	24775967	14.74503994	24775967	0	104	-104	104	-104	104
CAGE_TSS_8569	1	-	24812649	24812743	78.21224976	24812743	0	94	-94	94	-94	94
CAGE_TSS_8573	1	-	24854151	24854317	26.39915085	24854317	0	166	-166	166	-166	166
CAGE_TSS_8580	1	-	24874756	24875002	13.06709957	24875002	0	246	-246	246	-246	246
CAGE_TSS_8587	1	-	24955445	24955649	122.9938278	24955649	0	204	-204	204	-204	204
CAGE_TSS_8591	1	-	24974721	24974836	10.76331043	24974836	0	115	-115	115	-115	115
CAGE_TSS_8600	1	-	25029787	25029989	39.35744095	25029989	0	202	-202	202	-202	202
CAGE_TSS_8620	1	-	25156281	25156328	119.9955978	25156328	0	47	-47	47	-47	47
CAGE_TSS_8623	1	-	25176197	25176324	102.9718475	25176324	0	127	-127	127	-127	127
CAGE_TSS_8626	1	-	25190639	25190906	13.04191017	25190906	0	267	-267	267	-267	267
CAGE_TSS_8628	1	-	25197084	25197157	160.5592957	25197157	0	73	-73	73	-73	73
CAGE_TSS_8629	1	-	25203036	25203216	191.1740265	25203216	0	180	-180	180	-180	180
CAGE_TSS_8636	1	-	25238089	25238230	67.28661346	25238230	0	141	-141	141	-141	141
CAGE_TSS_8654	1	-	25337623	25337775	12.03038979	25337775	0	152	-152	152	-152	152
CAGE_TSS_8665	1	-	25425160	25425368	19.56208038	25425368	0	208	-208	208	-208	208
CAGE_TSS_8673	1	-	25455747	25455888	168.4015656	25455888	0	141	-141	141	-141	141
CAGE_TSS_8676	1	-	25472440	25472525	11.60251045	25472525	0	85	-85	85	-85	85
CAGE_TSS_8682	1	-	25486387	25486620	13.2453804	25486620	0	233	-233	233	-233	233
CAGE_TSS_8688	1	-	25540925	25541053	7.93118	25541053	0	128	-128	128	-128	128
CAGE_TSS_8695	1	-	25599317	25599372	30.95369911	25599372	0	55	-55	55	-55	55
CAGE_TSS_8697	1	-	25622480	25622542	9.589710236	25622542	0	62	-62	62	-62	62
CAGE_TSS_8698	1	-	25634753	25634891	18.94068909	25634891	0	138	-138	138	-138	138
CAGE_TSS_8701	1	-	25652863	25652994	14.37388992	25652994	0	131	-131	131	-131	131
CAGE_TSS_8703	1	-	25662238	25662401	25.99387932	25662401	0	163	-163	163	-163	163
CAGE_TSS_8713	1	-	25714803	25714930	31.96299934	25714930	0	127	-127	127	-127	127
CAGE_TSS_8715	1	-	25727417	25727483	10.84442043	25727483	0	66	-66	66	-66	66
CAGE_TSS_8725	1	-	25764088	25764238	5.207129955	25764238	0	150	-150	150	-150	150
CAGE_TSS_8733	1	-	25798887	25799004	7.032360077	25799004	0	117	-117	117	-117	117
CAGE_TSS_8746	1	-	25870174	25870341	19.7244091	25870341	0	167	-167	167	-167	167
CAGE_TSS_8763	1	-	25962416	25962635	7.196450233	25962635	0	219	-219	219	-219	219
CAGE_TSS_8779	1	-	26051980	26052146	5.831270218	26052146	0	166	-166	166	-166	166
CAGE_TSS_8782	1	-	26058080	26058212	13.96313	26058212	0	132	-132	132	-132	132
CAGE_TSS_8784	1	-	26076253	26076353	59.35985947	26076353	0	100	-100	100	-100	100
CAGE_TSS_8786	1	-	26110120	26110340	233.2287292	26110340	0	220	-220	220	-220	220
CAGE_TSS_8792	1	-	26117864	26118008	5.504310131	26118008	0	144	-144	144	-144	144
CAGE_TSS_8796	1	-	26163327	26163465	27.24645996	26163465	0	138	-138	138	-138	138
CAGE_TSS_8803	1	-	26210620	26210741	65.39363861	26210741	0	121	-121	121	-121	121
CAGE_TSS_8809	1	-	26240705	26240873	149.1088104	26240873	0	168	-168	168	-168	168
CAGE_TSS_8810	1	-	26253584	26253736	7.034120083	26253736	0	152	-152	152	-152	152
CAGE_TSS_8812	1	-	26276262	26276308	76.25263214	26276308	0	46	-46	46	-46	46
CAGE_TSS_8813	1	-	26279200	26279406	36.47039032	26279406	0	206	-206	206	-206	206
CAGE_TSS_8815	1	-	26293050	26293279	22.69161987	26293279	0	229	-229	229	-229	229
CAGE_TSS_8821	1	-	26324539	26324757	278.4145813	26324757	0	218	-218	218	-218	218
CAGE_TSS_8822	1	-	26327843	26328036	14.18072987	26328036	0	193	-193	193	-193	193
CAGE_TSS_8824	1	-	26335567	26335712	6.667809963	26335712	0	145	-145	145	-145	145
CAGE_TSS_8830	1	-	26354459	26354739	6.826129913	26354739	0	280	-280	280	-280	280
CAGE_TSS_8835	1	-	26394162	26394394	20.65217018	26394394	0	232	-232	232	-232	232
CAGE_TSS_8847	1	-	26474745	26474856	114.0943222	26474856	0	111	-111	111	-111	111
CAGE_TSS_8848	1	-	26480096	26480252	5.049799919	26480252	0	156	-156	156	-156	156
CAGE_TSS_8849	1	-	26481555	26481428	11.89943027	26481428	0	-127	127	-127	127	127
CAGE_TSS_8852	1	-	26487411	26487560	14.59171009	26487560	0	149	-149	149	-149	149
CAGE_TSS_8862	1	-	26534772	26534997	48.99382019	26534997	0	225	-225	225	-225	225
CAGE_TSS_8863	1	-	26535378	26535559	9.46243	26535559	0	181	-181	181	-181	181
CAGE_TSS_8864	1	-	26536689	26536948	40.9565506	26536948	0	259	-259	259	-259	259
CAGE_TSS_8865	1	-	26537551	26537647	11.79535007	26537647	0	96	-96	96	-96	96
CAGE_TSS_8873	1	-	26565805	26566100	15.44089985	26566100	0	295	-295	295	-295	295
CAGE_TSS_8875	1	-	26587408	26587640	32.34899139	26587640	0	232	-232	232	-232	232
CAGE_TSS_8876	1	-	26591571	26591779	64.28768158	26591779	0	208	-208	208	-208	208
CAGE_TSS_8884	1	-	26675900	26676030	151.8500977	26676030	0	130	-130	130	-130	130
CAGE_TSS_8885	1	-	26683203	26683321	57.99863052	26683321	0	118	-118	118	-118	118
CAGE_TSS_8896	1	-	26716778	26716949	13.67088985	26716949	0	171	-171	171	-171	171
CAGE_TSS_8899	1	-	26725256	26725465	25.37428093	26725465	0	209	-209	209	-209	209
CAGE_TSS_8901	1	-	26726543	26726676	10.75121021	26726676	0	133	-133	133	-133	133
CAGE_TSS_8904	1	-	26768024	26768274	138.1632233	26768274	0	250	-250	250	-250	250
CAGE_TSS_8906	1	-	26793177	26793364	13.12263012	26793364	0	187	-187	187	-187	187
CAGE_TSS_8909	1	-	26796503	26796653	25.60771942	26796653	0	150	-150	150	-150	150
CAGE_TSS_8914	1	-	26809501	26809762	29.38241005	26809762	0	261	-261	261	-261	261
CAGE_TSS_8915	1	-	26811768	26811960	147.5283966	26811960	0	192	-192	192	-192	192
CAGE_TSS_8919	1	-	26837412	26837543	7.102089882	26837543	0	131	-131	131	-131	131
CAGE_TSS_8924	1	-	26887377	26887609	22.33745003	26887609	0	232	-232	232	-232	232
CAGE_TSS_8929	1	-	26894801	26895050	7.926640034	26895050	0	249	-249	249	-249	249
CAGE_TSS_8931	1	-	26917708	26917788	6.28275013	26917788	0	80	-80	80	-80	80
CAGE_TSS_8933	1	-	26930328	26930578	7.208340168	26930578	0	250	-250	250	-250	250
CAGE_TSS_8934	1	-	26942950	26943118	6.206230164	26943118	0	168	-168	168	-168	168
CAGE_TSS_8938	1	-	26981030	26981168	117.5238113	26981168	0	138	-138	138	-138	138
CAGE_TSS_8946	1	-	27035181	27035241	10.78767014	27035241	0	60	-60	60	-60	60
CAGE_TSS_8947	1	-	27081553	27081753	13.08246994	27081753	0	200	-200	200	-200	200
CAGE_TSS_8948	1	-	27088247	27088311	42.74238968	27088311	0	64	-64	64	-64	64
CAGE_TSS_8952	1	-	27110385	27110448	36.33924103	27110448	0	63	-63	63	-63	63
CAGE_TSS_8954	1	-	27114365	27114592	270.243103	27114592	0	227	-227	227	-227	227
CAGE_TSS_8956	1	-	27119679	27119854	10.91973972	27119854	0	175	-175	175	-175	175
CAGE_TSS_8966	1	-	27171324	27171344	23.52841949	27171344	0	20	-20	20	-20	20
CAGE_TSS_8974	1	-	27233019	27233241	15.59451962	27233241	0	222	-222	222	-222	222
CAGE_TSS_8980	1	-	27260288	27260321	57.0567894	27260321	0	33	-33	33	-33	33
CAGE_TSS_8984	1	-	27273734	27273973	40.67081833	27273973	0	239	-239	239	-239	239
CAGE_TSS_8990	1	-	27298615	27298758	24.47673035	27298758	0	143	-143	143	-143	143
CAGE_TSS_8998	1	-	27358849	27359001	18.28251076	27359001	0	152	-152	152	-152	152
CAGE_TSS_9003	1	-	27382847	27383060	7.936709881	27383060	0	213	-213	213	-213	213
CAGE_TSS_9008	1	-	27426116	27426286	35.39717102	27426286	0	170	-170	170	-170	170
CAGE_TSS_9017	1	-	27473524	27473660	5.461460114	27473660	0	136	-136	136	-136	136
CAGE_TSS_9020	1	-	27497952	27498108	28.57165909	27498108	0	156	-156	156	-156	156
CAGE_TSS_9021	1	-	27506128	27506249	210.4510345	27506249	0	121	-121	121	-121	121
CAGE_TSS_9026	1	-	27530855	27531133	48.02394104	27531133	0	278	-278	278	-278	278
CAGE_TSS_9037	1	-	27555346	27555512	89.0381012	27555512	0	166	-166	166	-166	166
CAGE_TSS_9040	1	-	27565203	27565378	7.587240219	27565378	0	175	-175	175	-175	175
CAGE_TSS_9042	1	-	27568215	27568385	72.14257812	27568385	0	170	-170	170	-170	170
CAGE_TSS_9044	1	-	27577279	27577457	5.045599937	27577457	0	178	-178	178	-178	178
CAGE_TSS_9046	1	-	27588402	27588661	9.706809998	27588661	0	259	-259	259	-259	259
CAGE_TSS_9051	1	-	27629893	27630060	11.31770992	27630060	0	167	-167	167	-167	167
CAGE_TSS_9054	1	-	27640389	27640580	222.081955	27640580	0	191	-191	191	-191	191
CAGE_TSS_9066	1	-	27691784	27691847	19.96850967	27691847	0	63	-63	63	-63	63
CAGE_TSS_9069	1	-	27707511	27707568	8.387980461	27707568	0	57	-57	57	-57	57
CAGE_TSS_9071	1	-	27713842	27713830	79.52516937	27713830	0	-12	12	-12	12	12
CAGE_TSS_9073	1	-	27732517	27732740	7.460680008	27732740	0	223	-223	223	-223	223
CAGE_TSS_9082	1	-	27785805	27785987	7.617889881	27785987	0	182	-182	182	-182	182
CAGE_TSS_9090	1	-	27834062	27834098	5.053070068	27834098	0	36	-36	36	-36	36
CAGE_TSS_9093	1	-	27837316	27837439	115.6821899	27837439	0	123	-123	123	-123	123
CAGE_TSS_9110	1	-	27910096	27910174	119.5473404	27910174	0	78	-78	78	-78	78
CAGE_TSS_9117	1	-	27940276	27940305	27.94208908	27940305	0	29	-29	29	-29	29
CAGE_TSS_9118	1	-	27947286	27947450	52.05918884	27947450	0	164	-164	164	-164	164
CAGE_TSS_9120	1	-	27951640	27951869	8.774100304	27951869	0	229	-229	229	-229	229
CAGE_TSS_9129	1	-	27996734	27996888	6.92031002	27996888	0	154	-154	154	-154	154
CAGE_TSS_9147	1	-	28105144	28105377	50.65013123	28105377	0	233	-233	233	-233	233
CAGE_TSS_9150	1	-	28117399	28117484	101.5075302	28117484	0	85	-85	85	-85	85
CAGE_TSS_9167	1	-	28150387	28150587	202.6217041	28150587	0	200	-200	200	-200	200
CAGE_TSS_9182	1	-	28204276	28204410	40.81378174	28204410	0	134	-134	134	-134	134
CAGE_TSS_9189	1	-	28218701	28218735	50.88027954	28218735	0	34	-34	34	-34	34
CAGE_TSS_9192	1	-	28232978	28233202	53.27732849	28233202	0	224	-224	224	-224	224
CAGE_TSS_9199	1	-	28257188	28257438	8.516429901	28257438	0	250	-250	250	-250	250
CAGE_TSS_9216	1	-	28318369	28318300	4.989029884	28318300	0	-69	69	-69	69	69
CAGE_TSS_9217	1	-	28336691	28336880	13.58528996	28336880	0	189	-189	189	-189	189
CAGE_TSS_9218	1	-	28338453	28338543	20.80145073	28338543	0	90	-90	90	-90	90
CAGE_TSS_9220	1	-	28339311	28339481	8.422530174	28339481	0	170	-170	170	-170	170
CAGE_TSS_9222	1	-	28340159	28340421	6.259130001	28340421	0	262	-262	262	-262	262
CAGE_TSS_9224	1	-	28348734	28349022	11.23116016	28349022	0	288	-288	288	-288	288
CAGE_TSS_9231	1	-	28373239	28373429	7.866079807	28373429	0	190	-190	190	-190	190
CAGE_TSS_9241	1	-	28423214	28423364	27.33429909	28423364	0	150	-150	150	-150	150
CAGE_TSS_9246	1	-	28442359	28442193	15.62718964	28442193	0	-166	166	-166	166	166
CAGE_TSS_9281	1	-	28577675	28577875	5.5697999	28577875	0	200	-200	200	-200	200
CAGE_TSS_9290	1	-	28603928	28604074	53.8793602	28604074	0	146	-146	146	-146	146
CAGE_TSS_9294	1	-	28630561	28630779	5.164299965	28630779	0	218	-218	218	-218	218
CAGE_TSS_9297	1	-	28646692	28646709	7.273650169	28646709	0	17	-17	17	-17	17
CAGE_TSS_9298	1	-	28654568	28654682	279.2400818	28654682	0	114	-114	114	-114	114
CAGE_TSS_9302	1	-	28683749	28683799	11.04736996	28683799	0	50	-50	50	-50	50
CAGE_TSS_9309	1	-	28765876	28766026	334.3601074	28766026	0	150	-150	150	-150	150
CAGE_TSS_9310	1	-	28767509	28767644	49.59460831	28767644	0	135	-135	135	-135	135
CAGE_TSS_9314	1	-	28774858	28774965	37.98616028	28774965	0	107	-107	107	-107	107
CAGE_TSS_9315	1	-	28783216	28783423	11.39519024	28783423	0	207	-207	207	-207	207
CAGE_TSS_9319	1	-	28804754	28804965	7.360469818	28804965	0	211	-211	211	-211	211
CAGE_TSS_9324	1	-	28823646	28823876	210.7483368	28823876	0	230	-230	230	-230	230
CAGE_TSS_9331	1	-	28836689	28836920	54.1048584	28836920	0	231	-231	231	-231	231
CAGE_TSS_9334	1	-	28875292	28875527	17.4364109	28875527	0	235	-235	235	-235	235
CAGE_TSS_9346	1	-	28925359	28925461	12.01041985	28925461	0	102	-102	102	-102	102
CAGE_TSS_9347	1	-	28927339	28927423	164.8663483	28927423	0	84	-84	84	-84	84
CAGE_TSS_9352	1	-	28953512	28953507	67.72444916	28953507	0	-5	5	-5	5	5
CAGE_TSS_9365	1	-	29005112	29005378	11.24792957	29005378	0	266	-266	266	-266	266
CAGE_TSS_9367	1	-	29023462	29023622	41.83166885	29023622	0	160	-160	160	-160	160
CAGE_TSS_9370	1	-	29049351	29049619	6.911079884	29049619	0	268	-268	268	-268	268
CAGE_TSS_9372	1	-	29073721	29073793	121.3609924	29073793	0	72	-72	72	-72	72
CAGE_TSS_9379	1	-	29134495	29134643	23.14959908	29134643	0	148	-148	148	-148	148
CAGE_TSS_9383	1	-	29147532	29147676	7.279469967	29147676	0	144	-144	144	-144	144
CAGE_TSS_9385	1	-	29152221	29152468	5.257420063	29152468	0	247	-247	247	-247	247
CAGE_TSS_9386	1	-	29162379	29162451	31.43910027	29162451	0	72	-72	72	-72	72
CAGE_TSS_9387	1	-	29172987	29173210	12.96207047	29173210	0	223	-223	223	-223	223
CAGE_TSS_9388	1	-	29187822	29188082	177.11026	29188082	0	260	-260	260	-260	260
CAGE_TSS_9390	1	-	29196188	29196402	8.137740135	29196402	0	214	-214	214	-214	214
CAGE_TSS_9391	1	-	29203332	29203572	23.87495041	29203572	0	240	-240	240	-240	240
CAGE_TSS_9407	1	-	29313000	29313279	8.819299698	29313279	0	279	-279	279	-279	279
CAGE_TSS_9415	1	-	29419065	29419283	75.89173126	29419283	0	218	-218	218	-218	218
CAGE_TSS_9416	1	-	29419972	29420062	8.139929771	29420062	0	90	-90	90	-90	90
CAGE_TSS_9417	1	-	29424322	29424543	209.113205	29424543	0	221	-221	221	-221	221
CAGE_TSS_9419	1	-	29436505	29436680	14.86639023	29436680	0	175	-175	175	-175	175
CAGE_TSS_9423	1	-	29464992	29465223	40.93584824	29465223	0	231	-231	231	-231	231
CAGE_TSS_9425	1	-	29473859	29473994	17.85578918	29473994	0	135	-135	135	-135	135
CAGE_TSS_9432	1	-	29487888	29487988	120.3043671	29487988	0	100	-100	100	-100	100
CAGE_TSS_9434	1	-	29517929	29518125	5.292550087	29518125	0	196	-196	196	-196	196
CAGE_TSS_9436	1	-	29526236	29526418	81.15704346	29526418	0	182	-182	182	-182	182
CAGE_TSS_9437	1	-	29537220	29537519	13.54201031	29537519	0	299	-299	299	-299	299
CAGE_TSS_9438	1	-	29538675	29538582	5.256070137	29538582	0	-93	93	-93	93	93
CAGE_TSS_9443	1	-	29548780	29548948	214.2030945	29548948	0	168	-168	168	-168	168
CAGE_TSS_9447	1	-	29560874	29561134	84.68766785	29561134	0	260	-260	260	-260	260
CAGE_TSS_9459	1	-	29632785	29632961	10.98396969	29632961	0	176	-176	176	-176	176
CAGE_TSS_9463	1	-	29638548	29638799	11.02818012	29638799	0	251	-251	251	-251	251
CAGE_TSS_9468	1	-	29643429	29643539	25.95524025	29643539	0	110	-110	110	-110	110
CAGE_TSS_9472	1	-	29655924	29656176	26.46744919	29656176	0	252	-252	252	-252	252
CAGE_TSS_9480	1	-	29716101	29716324	13.61003017	29716324	0	223	-223	223	-223	223
CAGE_TSS_9482	1	-	29724593	29724732	8.43350029	29724732	0	139	-139	139	-139	139
CAGE_TSS_9489	1	-	29730453	29730642	8.251159668	29730642	0	189	-189	189	-189	189
CAGE_TSS_9491	1	-	29740163	29740294	9.450099945	29740294	0	131	-131	131	-131	131
CAGE_TSS_9492	1	-	29741279	29741432	44.10353088	29741432	0	153	-153	153	-153	153
CAGE_TSS_9495	1	-	29753229	29753404	10.83341026	29753404	0	175	-175	175	-175	175
CAGE_TSS_9496	1	-	29760402	29760693	9.151929855	29760693	0	291	-291	291	-291	291
CAGE_TSS_9497	1	-	29777970	29778100	69.47057343	29778100	0	130	-130	130	-130	130
CAGE_TSS_9508	1	-	29809513	29809706	22.12776947	29809706	0	193	-193	193	-193	193
CAGE_TSS_9518	1	-	29869797	29869830	60.33494186	29869830	0	33	-33	33	-33	33
CAGE_TSS_9529	1	-	29914802	29914816	144.6015167	29914816	0	14	-14	14	-14	14
CAGE_TSS_9530	1	-	29919173	29919443	44.56317139	29919443	0	270	-270	270	-270	270
CAGE_TSS_9538	1	-	29938208	29938196	84.1530304	29938196	0	-12	12	-12	12	12
CAGE_TSS_9539	1	-	29952641	29952727	194.0434265	29952727	0	86	-86	86	-86	86
CAGE_TSS_9543	1	-	29965677	29965765	44.42338181	29965765	0	88	-88	88	-88	88
CAGE_TSS_9550	1	-	29993725	29993897	17.49777031	29993897	0	172	-172	172	-172	172
CAGE_TSS_9568	1	-	30062721	30062900	8.850810051	30062900	0	179	-179	179	-179	179
CAGE_TSS_9573	1	-	30111272	30111380	31.89458084	30111380	0	108	-108	108	-108	108
CAGE_TSS_9576	1	-	30129589	30129753	21.40777016	30129753	0	164	-164	164	-164	164
CAGE_TSS_9583	1	-	30157578	30157731	97.00570679	30157731	0	153	-153	153	-153	153
CAGE_TSS_9587	1	-	30172837	30173056	46.46963882	30173056	0	219	-219	219	-219	219
CAGE_TSS_9588	1	-	30186595	30186635	29.85603905	30186635	0	40	-40	40	-40	40
CAGE_TSS_9594	1	-	30211172	30211191	21.78145981	30211191	0	19	-19	19	-19	19
CAGE_TSS_9599	1	-	30244751	30244863	3.96243	30244863	0	112	-112	112	-112	112
CAGE_TSS_9605	1	-	30267062	30267225	44.36581039	30267225	0	163	-163	163	-163	163
CAGE_TSS_9606	1	-	30280323	30280424	65.00808716	30280424	0	101	-101	101	-101	101
CAGE_TSS_9611	1	-	30300542	30300736	5.912360191	30300736	0	194	-194	194	-194	194
CAGE_TSS_9612	1	-	30304032	30304199	25.28928947	30304199	0	167	-167	167	-167	167
CAGE_TSS_9630	1	-	30404689	30404983	5.706150055	30404983	0	294	-294	294	-294	294
CAGE_TSS_9635	1	-	30415137	30415253	4.49943018	30415253	0	116	-116	116	-116	116
CAGE_TSS_12527	2	-	104498	104548	11.04736996	104548	0	50	-50	50	-50	50
CAGE_TSS_12542	2	-	151728	151931	112.6095428	151931	0	203	-203	203	-203	203
CAGE_TSS_12543	2	-	158153	158309	6.663579941	158309	0	156	-156	156	-156	156
CAGE_TSS_12549	2	-	183327	183461	47.81835175	183461	0	134	-134	134	-134	134
CAGE_TSS_12551	2	-	190247	190305	4.909249783	190305	0	58	-58	58	-58	58
CAGE_TSS_12554	2	-	202301	202414	210.3588867	202414	0	113	-113	113	-113	113
CAGE_TSS_12562	2	-	243369	243456	51.11563873	243456	0	87	-87	87	-87	87
CAGE_TSS_12565	2	-	257530	257535	42.95080185	257535	0	5	-5	5	-5	5
CAGE_TSS_12568	2	-	282122	282231	11.0273304	282231	0	109	-109	109	-109	109
CAGE_TSS_12580	2	-	354720	354628	14.70709038	354628	0	-92	92	-92	92	92
CAGE_TSS_12581	2	-	355495	355743	5.310210228	355743	0	248	-248	248	-248	248
CAGE_TSS_12591	2	-	393999	394158	200.7236633	394158	0	159	-159	159	-159	159
CAGE_TSS_12593	2	-	399210	399342	7.103380203	399342	0	132	-132	132	-132	132
CAGE_TSS_12599	2	-	428702	428788	9.895709991	428788	0	86	-86	86	-86	86
CAGE_TSS_12603	2	-	454836	455044	6.941100121	455044	0	208	-208	208	-208	208
CAGE_TSS_12606	2	-	519600	519735	13.9261198	519735	0	135	-135	135	-135	135
CAGE_TSS_12616	2	-	556042	556159	11.12742043	556159	0	117	-117	117	-117	117
CAGE_TSS_12633	2	-	700913	701092	5.135119915	701092	0	179	-179	179	-179	179
CAGE_TSS_12640	2	-	784746	784976	107.6621399	784976	0	230	-230	230	-230	230
CAGE_TSS_12644	2	-	807591	807875	5.292479992	807875	0	284	-284	284	-284	284
CAGE_TSS_12652	2	-	856510	856740	18.28624916	856740	0	230	-230	230	-230	230
CAGE_TSS_12653	2	-	864398	864575	48.75080109	864575	0	177	-177	177	-177	177
CAGE_TSS_12663	2	-	977456	977723	177.7649078	977723	0	267	-267	267	-267	267
CAGE_TSS_12666	2	-	1007105	1007397	28.70196915	1007397	0	292	-292	292	-292	292
CAGE_TSS_12668	2	-	1016964	1017129	29.87915039	1017129	0	165	-165	165	-165	165
CAGE_TSS_12670	2	-	1021172	1021422	7.156300068	1021422	0	250	-250	250	-250	250
CAGE_TSS_12681	2	-	1047673	1047790	91.12545776	1047790	0	117	-117	117	-117	117
CAGE_TSS_12687	2	-	1106847	1107102	8.871729851	1107102	0	255	-255	255	-255	255
CAGE_TSS_12690	2	-	1140185	1140093	18.80392075	1140093	0	-92	92	-92	92	92
CAGE_TSS_12696	2	-	1150516	1150742	26.69413948	1150742	0	226	-226	226	-226	226
CAGE_TSS_12699	2	-	1167019	1167248	9.064539909	1167248	0	229	-229	229	-229	229
CAGE_TSS_12707	2	-	1359253	1359523	241.8661652	1359523	0	270	-270	270	-270	270
CAGE_TSS_12708	2	-	1364699	1364956	17.82081032	1364956	0	257	-257	257	-257	257
CAGE_TSS_12709	2	-	1379129	1379208	101.7928314	1379208	0	79	-79	79	-79	79
CAGE_TSS_12710	2	-	1383498	1383414	6.484429836	1383414	0	-84	84	-84	84	84
CAGE_TSS_12712	2	-	1407739	1407959	7.549739838	1407959	0	220	-220	220	-220	220
CAGE_TSS_12713	2	-	1419514	1419658	44.80546188	1419658	0	144	-144	144	-144	144
CAGE_TSS_12717	2	-	1462936	1463119	40.24797821	1463119	0	183	-183	183	-183	183
CAGE_TSS_12720	2	-	1482074	1482269	18.5643692	1482269	0	195	-195	195	-195	195
CAGE_TSS_12746	2	-	1604940	1605203	9.465279579	1605203	0	263	-263	263	-263	263
CAGE_TSS_12777	2	-	1861813	1861997	18.02511024	1861997	0	184	-184	184	-184	184
CAGE_TSS_12783	2	-	1926571	1926613	44.45447159	1926613	0	42	-42	42	-42	42
CAGE_TSS_12787	2	-	1934155	1934410	10.98956013	1934410	0	255	-255	255	-255	255
CAGE_TSS_12800	2	-	2088093	2088174	16.24832916	2088174	0	81	-81	81	-81	81
CAGE_TSS_12812	2	-	2272226	2272502	192.3916626	2272502	0	276	-276	276	-276	276
CAGE_TSS_12820	2	-	2362034	2362290	220.6459656	2362290	0	256	-256	256	-256	256
CAGE_TSS_12835	2	-	2590368	2590658	25.80134964	2590658	0	290	-290	290	-290	290
CAGE_TSS_12850	2	-	2843220	2843467	17.87067986	2843467	0	247	-247	247	-247	247
CAGE_TSS_12917	2	-	4142562	4142732	202.6335754	4142732	0	170	-170	170	-170	170
CAGE_TSS_12927	2	-	4312050	4312204	32.92927933	4312204	0	154	-154	154	-154	154
CAGE_TSS_12928	2	-	4317856	4318004	7.429890156	4318004	0	148	-148	148	-148	148
CAGE_TSS_12971	2	-	5008220	5008473	104.9713974	5008473	0	253	-253	253	-253	253
CAGE_TSS_12997	2	-	5541354	5541431	32.30326843	5541431	0	77	-77	77	-77	77
CAGE_TSS_13007	2	-	5675830	5676117	100.9329605	5676117	0	287	-287	287	-287	287
CAGE_TSS_13008	2	-	5690724	5690940	117.3985596	5690940	0	216	-216	216	-216	216
CAGE_TSS_13010	2	-	5708935	5709161	11.24172974	5709161	0	226	-226	226	-226	226
CAGE_TSS_13012	2	-	5776288	5776455	7.96957016	5776455	0	167	-167	167	-167	167
CAGE_TSS_13021	2	-	5936398	5936484	120.1009293	5936484	0	86	-86	86	-86	86
CAGE_TSS_13047	2	-	6184877	6184962	8.304650307	6184962	0	85	-85	85	-85	85
CAGE_TSS_13056	2	-	6304378	6304550	24.98411942	6304550	0	172	-172	172	-172	172
CAGE_TSS_13063	2	-	6409096	6409133	46.50339127	6409133	0	37	-37	37	-37	37
CAGE_TSS_13091	2	-	6699802	6699989	29.76254082	6699989	0	187	-187	187	-187	187
CAGE_TSS_13094	2	-	6711083	6711350	61.2221489	6711350	0	267	-267	267	-267	267
CAGE_TSS_13096	2	-	6744817	6744903	7.560039997	6744903	0	86	-86	86	-86	86
CAGE_TSS_13107	2	-	6836409	6836594	7.396269798	6836594	0	185	-185	185	-185	185
CAGE_TSS_13110	2	-	6866876	6866968	8.124549866	6866968	0	92	-92	92	-92	92
CAGE_TSS_13113	2	-	6880937	6881113	22.41987991	6881113	0	176	-176	176	-176	176
CAGE_TSS_13120	2	-	6891343	6891611	31.81343079	6891611	0	268	-268	268	-268	268
CAGE_TSS_13122	2	-	6894617	6894816	29.33016014	6894816	0	199	-199	199	-199	199
CAGE_TSS_13128	2	-	6921996	6922120	7.106249809	6922120	0	124	-124	124	-124	124
CAGE_TSS_13133	2	-	6947953	6947767	9.538350105	6947767	0	-186	186	-186	186	186
CAGE_TSS_13135	2	-	6960190	6960326	36.32831955	6960326	0	136	-136	136	-136	136
CAGE_TSS_13142	2	-	7043336	7043461	9.473770142	7043461	0	125	-125	125	-125	125
CAGE_TSS_13149	2	-	7103920	7104063	94.05477142	7104063	0	143	-143	143	-143	143
CAGE_TSS_13152	2	-	7122818	7122980	30.25684929	7122980	0	162	-162	162	-162	162
CAGE_TSS_13154	2	-	7135651	7135911	5.311860085	7135911	0	260	-260	260	-260	260
CAGE_TSS_13159	2	-	7153338	7153523	11.85762978	7153523	0	185	-185	185	-185	185
CAGE_TSS_13162	2	-	7165157	7165407	28.57165909	7165407	0	250	-250	250	-250	250
CAGE_TSS_13168	2	-	7201501	7201792	40.46752167	7201792	0	291	-291	291	-291	291
CAGE_TSS_13170	2	-	7215569	7215743	53.42161179	7215743	0	174	-174	174	-174	174
CAGE_TSS_13173	2	-	7221620	7221826	25.69910049	7221826	0	206	-206	206	-206	206
CAGE_TSS_13176	2	-	7256572	7256753	41.92744064	7256753	0	181	-181	181	-181	181
CAGE_TSS_13189	2	-	7326162	7326252	7.666309834	7326252	0	90	-90	90	-90	90
CAGE_TSS_13204	2	-	7471296	7471533	6.542099953	7471533	0	237	-237	237	-237	237
CAGE_TSS_13214	2	-	7489943	7490004	45.0884819	7490004	0	61	-61	61	-61	61
CAGE_TSS_13218	2	-	7522998	7523099	6.897990227	7523099	0	101	-101	101	-101	101
CAGE_TSS_13223	2	-	7546365	7546462	18.50062943	7546462	0	97	-97	97	-97	97
CAGE_TSS_13225	2	-	7577239	7577356	38.30596161	7577356	0	117	-117	117	-117	117
CAGE_TSS_13234	2	-	7637759	7637767	64.86170197	7637767	0	8	-8	8	-8	8
CAGE_TSS_13235	2	-	7643519	7643745	40.07265854	7643745	0	226	-226	226	-226	226
CAGE_TSS_13237	2	-	7670471	7670644	5.984020233	7670644	0	173	-173	173	-173	173
CAGE_TSS_13240	2	-	7689394	7689664	19.07518005	7689664	0	270	-270	270	-270	270
CAGE_TSS_13241	2	-	7693346	7693434	44.64530182	7693434	0	88	-88	88	-88	88
CAGE_TSS_13248	2	-	7757847	7758124	30.88740921	7758124	0	277	-277	277	-277	277
CAGE_TSS_13252	2	-	7765228	7765343	66.70211792	7765343	0	115	-115	115	-115	115
CAGE_TSS_13262	2	-	7899244	7899318	38.92156982	7899318	0	74	-74	74	-74	74
CAGE_TSS_13266	2	-	7919281	7919483	108.6059189	7919483	0	202	-202	202	-202	202
CAGE_TSS_13269	2	-	7922552	7922686	25.75206947	7922686	0	134	-134	134	-134	134
CAGE_TSS_13270	2	-	7925879	7926105	217.2988281	7926105	0	226	-226	226	-226	226
CAGE_TSS_13271	2	-	7934320	7934605	9.244179726	7934605	0	285	-285	285	-285	285
CAGE_TSS_13277	2	-	7954667	7954860	113.9081573	7954860	0	193	-193	193	-193	193
CAGE_TSS_13279	2	-	7972378	7972426	58.26813126	7972426	0	48	-48	48	-48	48
CAGE_TSS_13290	2	-	7997196	7997415	124.3732224	7997415	0	219	-219	219	-219	219
CAGE_TSS_13299	2	-	8091655	8091499	5.84897995	8091499	0	-156	156	-156	156	156
CAGE_TSS_13300	2	-	8094177	8094177	9.403189659	8094177	0	0	0	0	0	0
CAGE_TSS_13305	2	-	8122909	8122972	71.34205627	8122972	0	63	-63	63	-63	63
CAGE_TSS_13308	2	-	8194191	8194484	8.651709557	8194484	0	293	-293	293	-293	293
CAGE_TSS_13313	2	-	8229591	8229753	4.020050049	8229753	0	162	-162	162	-162	162
CAGE_TSS_13335	2	-	8471581	8471838	234.2707367	8471838	0	257	-257	257	-257	257
CAGE_TSS_13337	2	-	8475087	8475305	41.07756042	8475305	0	218	-218	218	-218	218
CAGE_TSS_13339	2	-	8477382	8477643	23.91308022	8477643	0	261	-261	261	-261	261
CAGE_TSS_13342	2	-	8495814	8495913	105.7572632	8495913	0	99	-99	99	-99	99
CAGE_TSS_13343	2	-	8498762	8498854	18.83906937	8498854	0	92	-92	92	-92	92
CAGE_TSS_13349	2	-	8524119	8524326	155.3710938	8524326	0	207	-207	207	-207	207
CAGE_TSS_13364	2	-	8636964	8637009	14.96129036	8637009	0	45	-45	45	-45	45
CAGE_TSS_13367	2	-	8664926	8665126	41.96866989	8665126	0	200	-200	200	-200	200
CAGE_TSS_13371	2	-	8706853	8706896	18.21602058	8706896	0	43	-43	43	-43	43
CAGE_TSS_13372	2	-	8719090	8719235	17.08530045	8719235	0	145	-145	145	-145	145
CAGE_TSS_13374	2	-	8730510	8730668	7.882649899	8730668	0	158	-158	158	-158	158
CAGE_TSS_13381	2	-	8742615	8742837	17.0110302	8742837	0	222	-222	222	-222	222
CAGE_TSS_13387	2	-	8798207	8798476	11.21572971	8798476	0	269	-269	269	-269	269
CAGE_TSS_13391	2	-	8831520	8831530	41.48455811	8831530	0	10	-10	10	-10	10
CAGE_TSS_13401	2	-	8880384	8880475	185.7442474	8880475	0	91	-91	91	-91	91
CAGE_TSS_13409	2	-	8913058	8912902	6.553309917	8912902	0	-156	156	-156	156	156
CAGE_TSS_13410	2	-	8913531	8913718	40.25399017	8913718	0	187	-187	187	-187	187
CAGE_TSS_13412	2	-	8929574	8929765	5.704619884	8929765	0	191	-191	191	-191	191
CAGE_TSS_13416	2	-	8933059	8933295	8.712860107	8933295	0	236	-236	236	-236	236
CAGE_TSS_13426	2	-	8945174	8945294	15.20660973	8945294	0	120	-120	120	-120	120
CAGE_TSS_13433	2	-	8971305	8971532	7.405610085	8971532	0	227	-227	227	-227	227
CAGE_TSS_13434	2	-	8974484	8974732	14.42899036	8974732	0	248	-248	248	-248	248
CAGE_TSS_13441	2	-	9001720	9001821	50.86008835	9001821	0	101	-101	101	-101	101
CAGE_TSS_13445	2	-	9024237	9024394	20.3584404	9024394	0	157	-157	157	-157	157
CAGE_TSS_13452	2	-	9056198	9056257	13.4171896	9056257	0	59	-59	59	-59	59
CAGE_TSS_13455	2	-	9062090	9062154	6.024940014	9062154	0	64	-64	64	-64	64
CAGE_TSS_13463	2	-	9075376	9075582	18.7191906	9075582	0	206	-206	206	-206	206
CAGE_TSS_13490	2	-	9140064	9140226	50.33692932	9140226	0	162	-162	162	-162	162
CAGE_TSS_13503	2	-	9266374	9266559	31.63158035	9266559	0	185	-185	185	-185	185
CAGE_TSS_13505	2	-	9310072	9310141	45.9672699	9310141	0	69	-69	69	-69	69
CAGE_TSS_13506	2	-	9320005	9320024	10.0097599	9320024	0	19	-19	19	-19	19
CAGE_TSS_13513	2	-	9326320	9326431	75.25167847	9326431	0	111	-111	111	-111	111
CAGE_TSS_13519	2	-	9369306	9369550	18.41205025	9369550	0	244	-244	244	-244	244
CAGE_TSS_13521	2	-	9387340	9387330	36.76076889	9387330	0	-10	10	-10	10	10
CAGE_TSS_13522	2	-	9390519	9390672	15.18251038	9390672	0	153	-153	153	-153	153
CAGE_TSS_13523	2	-	9393563	9393628	5.804140091	9393628	0	65	-65	65	-65	65
CAGE_TSS_13529	2	-	9436543	9436760	8.312450409	9436760	0	217	-217	217	-217	217
CAGE_TSS_13537	2	-	9478930	9479179	8.678959846	9479179	0	249	-249	249	-249	249
CAGE_TSS_13544	2	-	9527825	9528026	145.184082	9528026	0	201	-201	201	-201	201
CAGE_TSS_13547	2	-	9538876	9538998	26.03985023	9538998	0	122	-122	122	-122	122
CAGE_TSS_13548	2	-	9550065	9550252	6.461999893	9550252	0	187	-187	187	-187	187
CAGE_TSS_13552	2	-	9564750	9564863	22.09882927	9564863	0	113	-113	113	-113	113
CAGE_TSS_13553	2	-	9569757	9570056	8.348670006	9570056	0	299	-299	299	-299	299
CAGE_TSS_13557	2	-	9610520	9610741	12.99676991	9610741	0	221	-221	221	-221	221
CAGE_TSS_13569	2	-	9699880	9699893	31.39896011	9699893	0	13	-13	13	-13	13
CAGE_TSS_13570	2	-	9706133	9706379	34.086689	9706379	0	246	-246	246	-246	246
CAGE_TSS_13573	2	-	9726371	9726530	11.31797981	9726530	0	159	-159	159	-159	159
CAGE_TSS_13574	2	-	9733342	9733617	185.193924	9733617	0	275	-275	275	-275	275
CAGE_TSS_13575	2	-	9741517	9741681	41.26327896	9741681	0	164	-164	164	-164	164
CAGE_TSS_13579	2	-	9753424	9753621	9.80727005	9753621	0	197	-197	197	-197	197
CAGE_TSS_13580	2	-	9806681	9806775	5.807670116	9806775	0	94	-94	94	-94	94
CAGE_TSS_13594	2	-	9858622	9858634	11.12742043	9858634	0	12	-12	12	-12	12
CAGE_TSS_13595	2	-	9866558	9866754	22.84320068	9866754	0	196	-196	196	-196	196
CAGE_TSS_13597	2	-	9905919	9905914	78.28640747	9905914	0	-5	5	-5	5	5
CAGE_TSS_13612	2	-	9991687	9991892	65.51734924	9991892	0	205	-205	205	-205	205
CAGE_TSS_13617	2	-	10030291	10030493	80.00379944	10030493	0	202	-202	202	-202	202
CAGE_TSS_13618	2	-	10035930	10036086	6.672560215	10036086	0	156	-156	156	-156	156
CAGE_TSS_13626	2	-	10047821	10048100	103.1659164	10048100	0	279	-279	279	-279	279
CAGE_TSS_13627	2	-	10049287	10049416	24.72356033	10049416	0	129	-129	129	-129	129
CAGE_TSS_13629	2	-	10063845	10063984	15.79421997	10063984	0	139	-139	139	-139	139
CAGE_TSS_13637	2	-	10122090	10122238	58.68503189	10122238	0	148	-148	148	-148	148
CAGE_TSS_13640	2	-	10124604	10124783	101.5680618	10124783	0	179	-179	179	-179	179
CAGE_TSS_13641	2	-	10127525	10127655	20.65003014	10127655	0	130	-130	130	-130	130
CAGE_TSS_13644	2	-	10137450	10137616	13.67978954	10137616	0	166	-166	166	-166	166
CAGE_TSS_13654	2	-	10228626	10228693	12.24740982	10228693	0	67	-67	67	-67	67
CAGE_TSS_13657	2	-	10254571	10254865	10.27124023	10254865	0	294	-294	294	-294	294
CAGE_TSS_13660	2	-	10266349	10266593	40.0419693	10266593	0	244	-244	244	-244	244
CAGE_TSS_13661	2	-	10267385	10267554	40.60475922	10267554	0	169	-169	169	-169	169
CAGE_TSS_13673	2	-	10289517	10289614	11.11812973	10289614	0	97	-97	97	-97	97
CAGE_TSS_13674	2	-	10304697	10304777	46.7523613	10304777	0	80	-80	80	-80	80
CAGE_TSS_13690	2	-	10366861	10367074	16.15003967	10367074	0	213	-213	213	-213	213
CAGE_TSS_13700	2	-	10429220	10429350	250.0090027	10429350	0	130	-130	130	-130	130
CAGE_TSS_13704	2	-	10439297	10439496	55.3828392	10439496	0	199	-199	199	-199	199
CAGE_TSS_13708	2	-	10446241	10446372	45.9096489	10446372	0	131	-131	131	-131	131
CAGE_TSS_13709	2	-	10454525	10454746	9.988550186	10454746	0	221	-221	221	-221	221
CAGE_TSS_13712	2	-	10479419	10479586	8.406350136	10479586	0	167	-167	167	-167	167
CAGE_TSS_13726	2	-	10585215	10585353	192.3922119	10585353	0	138	-138	138	-138	138
CAGE_TSS_13727	2	-	10588263	10588439	24.95919991	10588439	0	176	-176	176	-176	176
CAGE_TSS_13732	2	-	10660770	10660973	6.572939873	10660973	0	203	-203	203	-203	203
CAGE_TSS_13737	2	-	10667152	10667188	66.46546936	10667188	0	36	-36	36	-36	36
CAGE_TSS_13742	2	-	10681997	10682203	33.40678024	10682203	0	206	-206	206	-206	206
CAGE_TSS_13746	2	-	10704293	10704517	108.4677887	10704517	0	224	-224	224	-224	224
CAGE_TSS_13749	2	-	10737653	10737687	41.56464005	10737687	0	34	-34	34	-34	34
CAGE_TSS_13752	2	-	10757799	10757883	19.4601593	10757883	0	84	-84	84	-84	84
CAGE_TSS_13756	2	-	10771258	10771235	11.17166996	10771235	0	-23	23	-23	23	23
CAGE_TSS_13769	2	-	10835486	10835654	134.910553	10835654	0	168	-168	168	-168	168
CAGE_TSS_13771	2	-	10850531	10850619	125.8041763	10850619	0	88	-88	88	-88	88
CAGE_TSS_13780	2	-	10931038	10931054	21.08831024	10931054	0	16	-16	16	-16	16
CAGE_TSS_13784	2	-	10956051	10956199	26.74851036	10956199	0	148	-148	148	-148	148
CAGE_TSS_13786	2	-	10975758	10975913	192.760376	10975913	0	155	-155	155	-155	155
CAGE_TSS_13793	2	-	11036899	11037134	7.161419868	11037134	0	235	-235	235	-235	235
CAGE_TSS_13798	2	-	11055947	11056151	14.7471199	11056151	0	204	-204	204	-204	204
CAGE_TSS_13799	2	-	11066069	11066258	6.564750195	11066258	0	189	-189	189	-189	189
CAGE_TSS_13800	2	-	11071471	11071505	23.9759407	11071505	0	34	-34	34	-34	34
CAGE_TSS_13803	2	-	11079913	11080133	7.882649899	11080133	0	220	-220	220	-220	220
CAGE_TSS_13813	2	-	11113834	11113876	5.767270088	11113876	0	42	-42	42	-42	42
CAGE_TSS_13824	2	-	11150508	11150586	35.69995117	11150586	0	78	-78	78	-78	78
CAGE_TSS_13832	2	-	11173092	11173301	8.64675045	11173301	0	209	-209	209	-209	209
CAGE_TSS_13835	2	-	11191319	11191472	9.076860428	11191472	0	153	-153	153	-153	153
CAGE_TSS_13839	2	-	11220431	11220572	14.52770996	11220572	0	141	-141	141	-141	141
CAGE_TSS_13844	2	-	11242911	11243134	133.2249146	11243134	0	223	-223	223	-223	223
CAGE_TSS_13846	2	-	11246017	11246309	9.200320244	11246309	0	292	-292	292	-292	292
CAGE_TSS_13850	2	-	11290359	11290364	107.936882	11290364	0	5	-5	5	-5	5
CAGE_TSS_13863	2	-	11350991	11351215	13.96617985	11351215	0	224	-224	224	-224	224
CAGE_TSS_13867	2	-	11394272	11394397	29.59199905	11394397	0	125	-125	125	-125	125
CAGE_TSS_13873	2	-	11432730	11432758	41.60845184	11432758	0	28	-28	28	-28	28
CAGE_TSS_13875	2	-	11448886	11449047	7.266300201	11449047	0	161	-161	161	-161	161
CAGE_TSS_13878	2	-	11459314	11459530	83.55935669	11459530	0	216	-216	216	-216	216
CAGE_TSS_13879	2	-	11474249	11474379	32.1631813	11474379	0	130	-130	130	-130	130
CAGE_TSS_13888	2	-	11518299	11518514	32.7134285	11518514	0	215	-215	215	-215	215
CAGE_TSS_13889	2	-	11522586	11522794	5.789360046	11522794	0	208	-208	208	-208	208
CAGE_TSS_13890	2	-	11525102	11525256	142.9627838	11525256	0	154	-154	154	-154	154
CAGE_TSS_13891	2	-	11527866	11527942	27.24072075	11527942	0	76	-76	76	-76	76
CAGE_TSS_13896	2	-	11542350	11542498	17.8153801	11542498	0	148	-148	148	-148	148
CAGE_TSS_13907	2	-	11623511	11623469	50.12398911	11623469	0	-42	42	-42	42	42
CAGE_TSS_13915	2	-	11704198	11704370	14.23513031	11704370	0	172	-172	172	-172	172
CAGE_TSS_13930	2	-	11753908	11754063	49.19268036	11754063	0	155	-155	155	-155	155
CAGE_TSS_13942	2	-	11777452	11777625	8.127679825	11777625	0	173	-173	173	-173	173
CAGE_TSS_13943	2	-	11779834	11779976	5.604249954	11779976	0	142	-142	142	-142	142
CAGE_TSS_13944	2	-	11800898	11801090	23.40842056	11801090	0	192	-192	192	-192	192
CAGE_TSS_13956	2	-	11834365	11834511	13.69497967	11834511	0	146	-146	146	-146	146
CAGE_TSS_13961	2	-	11861262	11861528	92.67269135	11861528	0	266	-266	266	-266	266
CAGE_TSS_13968	2	-	11866900	11866981	44.74721146	11866981	0	81	-81	81	-81	81
CAGE_TSS_13969	2	-	11888634	11888802	7.106249809	11888802	0	168	-168	168	-168	168
CAGE_TSS_13977	2	-	11924732	11924942	5.152400017	11924942	0	210	-210	210	-210	210
CAGE_TSS_13987	2	-	11963303	11963501	23.71405029	11963501	0	198	-198	198	-198	198
CAGE_TSS_13988	2	-	11979792	11980040	32.97396851	11980040	0	248	-248	248	-248	248
CAGE_TSS_13991	2	-	12130020	12130289	10.74973965	12130289	0	269	-269	269	-269	269
CAGE_TSS_13992	2	-	12136161	12136218	18.04573059	12136218	0	57	-57	57	-57	57
CAGE_TSS_13994	2	-	12149056	12149173	93.30853271	12149173	0	117	-117	117	-117	117
CAGE_TSS_13999	2	-	12173565	12173706	5.604249954	12173706	0	141	-141	141	-141	141
CAGE_TSS_14004	2	-	12200760	12201025	29.1352005	12201025	0	265	-265	265	-265	265
CAGE_TSS_14008	2	-	12228543	12228607	43.33346176	12228607	0	64	-64	64	-64	64
CAGE_TSS_14012	2	-	12291009	12291062	38.66511917	12291062	0	53	-53	53	-53	53
CAGE_TSS_14014	2	-	12302354	12302570	5.850570202	12302570	0	216	-216	216	-216	216
CAGE_TSS_14015	2	-	12307770	12308030	19.58278084	12308030	0	260	-260	260	-260	260
CAGE_TSS_14022	2	-	12339041	12339085	17.02148056	12339085	0	44	-44	44	-44	44
CAGE_TSS_14024	2	-	12355429	12355550	18.33349991	12355550	0	121	-121	121	-121	121
CAGE_TSS_14033	2	-	12394914	12395136	54.95043945	12395136	0	222	-222	222	-222	222
CAGE_TSS_14036	2	-	12408215	12408255	119.1763992	12408255	0	40	-40	40	-40	40
CAGE_TSS_14044	2	-	12432130	12432326	14.19999027	12432326	0	196	-196	196	-196	196
CAGE_TSS_14047	2	-	12433572	12433857	9.124779701	12433857	0	285	-285	285	-285	285
CAGE_TSS_14048	2	-	12442524	12442535	7.198800087	12442535	0	11	-11	11	-11	11
CAGE_TSS_14051	2	-	12497171	12497418	13.07682991	12497418	0	247	-247	247	-247	247
CAGE_TSS_14052	2	-	12499168	12499349	8.350359917	12499349	0	181	-181	181	-181	181
CAGE_TSS_14054	2	-	12542401	12542167	18.85857964	12542167	0	-234	234	-234	234	234
CAGE_TSS_14058	2	-	12553427	12553565	7.978680134	12553565	0	138	-138	138	-138	138
CAGE_TSS_14062	2	-	12612893	12612945	83.75871277	12612945	0	52	-52	52	-52	52
CAGE_TSS_14065	2	-	12615388	12615459	22.38969994	12615459	0	71	-71	71	-71	71
CAGE_TSS_14070	2	-	12621146	12621268	278.0644226	12621268	0	122	-122	122	-122	122
CAGE_TSS_14073	2	-	12625632	12625837	210.6095276	12625837	0	205	-205	205	-205	205
CAGE_TSS_14078	2	-	12632430	12632610	31.96544075	12632610	0	180	-180	180	-180	180
CAGE_TSS_14079	2	-	12633804	12633583	28.84679031	12633583	0	-221	221	-221	221	221
CAGE_TSS_14086	2	-	12646036	12646230	149.459671	12646230	0	194	-194	194	-194	194
CAGE_TSS_14090	2	-	12666019	12666307	44.06520081	12666307	0	288	-288	288	-288	288
CAGE_TSS_14098	2	-	12685084	12685151	154.5980225	12685151	0	67	-67	67	-67	67
CAGE_TSS_14100	2	-	12702340	12702520	13.72768974	12702520	0	180	-180	180	-180	180
CAGE_TSS_14101	2	-	12753115	12753216	9.030170441	12753216	0	101	-101	101	-101	101
CAGE_TSS_14111	2	-	12799355	12799506	21.40028954	12799506	0	151	-151	151	-151	151
CAGE_TSS_14125	2	-	12885478	12885711	6.837200165	12885711	0	233	-233	233	-233	233
CAGE_TSS_14129	2	-	12905197	12905338	11.01861	12905338	0	141	-141	141	-141	141
CAGE_TSS_14145	2	-	12954093	12954122	22.40860939	12954122	0	29	-29	29	-29	29
CAGE_TSS_14147	2	-	12955129	12955399	14.43330002	12955399	0	270	-270	270	-270	270
CAGE_TSS_14153	2	-	12970144	12970426	10.18515015	12970426	0	282	-282	282	-282	282
CAGE_TSS_14156	2	-	12978856	12979144	79.01891327	12979144	0	288	-288	288	-288	288
CAGE_TSS_14162	2	-	12995766	12995931	9.632479668	12995931	0	165	-165	165	-165	165
CAGE_TSS_14165	2	-	13000283	13000339	139.2297211	13000339	0	56	-56	56	-56	56
CAGE_TSS_14175	2	-	13005590	13005697	8.825579643	13005697	0	107	-107	107	-107	107
CAGE_TSS_14180	2	-	13024154	13024261	18.7191906	13024261	0	107	-107	107	-107	107
CAGE_TSS_14190	2	-	13091657	13091792	224.5149536	13091792	0	135	-135	135	-135	135
CAGE_TSS_14203	2	-	13163346	13163454	54.52883148	13163454	0	108	-108	108	-108	108
CAGE_TSS_14207	2	-	13185902	13185941	8.26074028	13185941	0	39	-39	39	-39	39
CAGE_TSS_14209	2	-	13190425	13190531	140.0057526	13190531	0	106	-106	106	-106	106
CAGE_TSS_14212	2	-	13211060	13211306	24.87598038	13211306	0	246	-246	246	-246	246
CAGE_TSS_14216	2	-	13222608	13222750	44.51393127	13222750	0	142	-142	142	-142	142
CAGE_TSS_14218	2	-	13262101	13262324	6.640299797	13262324	0	223	-223	223	-223	223
CAGE_TSS_14220	2	-	13266545	13266825	66.23851776	13266825	0	280	-280	280	-280	280
CAGE_TSS_14222	2	-	13285660	13285953	132.125473	13285953	0	293	-293	293	-293	293
CAGE_TSS_14223	2	-	13288323	13288361	18.18662071	13288361	0	38	-38	38	-38	38
CAGE_TSS_14226	2	-	13307482	13307708	66.92591095	13307708	0	226	-226	226	-226	226
CAGE_TSS_14232	2	-	13372602	13372379	8.788809776	13372379	0	-223	223	-223	223	223
CAGE_TSS_14238	2	-	13386203	13386359	38.01779938	13386359	0	156	-156	156	-156	156
CAGE_TSS_14241	2	-	13390638	13390779	9.172940254	13390779	0	141	-141	141	-141	141
CAGE_TSS_14244	2	-	13404130	13404366	31.57765961	13404366	0	236	-236	236	-236	236
CAGE_TSS_14245	2	-	13421431	13421694	12.59825039	13421694	0	263	-263	263	-263	263
CAGE_TSS_14247	2	-	13437740	13437891	101.2129898	13437891	0	151	-151	151	-151	151
CAGE_TSS_14253	2	-	13439840	13440025	32.39532089	13440025	0	185	-185	185	-185	185
CAGE_TSS_14256	2	-	13450135	13450215	5.467679977	13450215	0	80	-80	80	-80	80
CAGE_TSS_14258	2	-	13462410	13462531	7.798679829	13462531	0	121	-121	121	-121	121
CAGE_TSS_14261	2	-	13473513	13473546	82.50589752	13473546	0	33	-33	33	-33	33
CAGE_TSS_14262	2	-	13475047	13475092	12.39813995	13475092	0	45	-45	45	-45	45
CAGE_TSS_14271	2	-	13523688	13523860	23.59551048	13523860	0	172	-172	172	-172	172
CAGE_TSS_14283	2	-	13609898	13610062	20.42040062	13610062	0	164	-164	164	-164	164
CAGE_TSS_14287	2	-	13633349	13633399	71.51985931	13633399	0	50	-50	50	-50	50
CAGE_TSS_14294	2	-	13641950	13642034	11.67772961	13642034	0	84	-84	84	-84	84
CAGE_TSS_14297	2	-	13645636	13645784	5.193910122	13645784	0	148	-148	148	-148	148
CAGE_TSS_14306	2	-	13689396	13689677	38.24488068	13689677	0	281	-281	281	-281	281
CAGE_TSS_14309	2	-	13716941	13717142	55.71953964	13717142	0	201	-201	201	-201	201
CAGE_TSS_14313	2	-	13756866	13757044	238.0167847	13757044	0	178	-178	178	-178	178
CAGE_TSS_14314	2	-	13765455	13765582	72.14170837	13765582	0	127	-127	127	-127	127
CAGE_TSS_14323	2	-	13800012	13800310	106.3883286	13800310	0	298	-298	298	-298	298
CAGE_TSS_14339	2	-	13929715	13929795	13.06229973	13929795	0	80	-80	80	-80	80
CAGE_TSS_14346	2	-	13968888	13968999	49.42533875	13968999	0	111	-111	111	-111	111
CAGE_TSS_14373	2	-	14060511	14060754	10.36423016	14060754	0	243	-243	243	-243	243
CAGE_TSS_14380	2	-	14115941	14116163	56.46273041	14116163	0	222	-222	222	-222	222
CAGE_TSS_14388	2	-	14146464	14146643	111.4804688	14146643	0	179	-179	179	-179	179
CAGE_TSS_14390	2	-	14154468	14154526	5.859700203	14154526	0	58	-58	58	-58	58
CAGE_TSS_14401	2	-	14211606	14211664	5.707320213	14211664	0	58	-58	58	-58	58
CAGE_TSS_14408	2	-	14260731	14260689	17.12542915	14260689	0	-42	42	-42	42	42
CAGE_TSS_14422	2	-	14310008	14309743	25.78212929	14309743	0	-265	265	-265	265	265
CAGE_TSS_14425	2	-	14320589	14320668	5.057290077	14320668	0	79	-79	79	-79	79
CAGE_TSS_14437	2	-	14362238	14362411	9.802430153	14362411	0	173	-173	173	-173	173
CAGE_TSS_14438	2	-	14373854	14373983	185.0006409	14373983	0	129	-129	129	-129	129
CAGE_TSS_14444	2	-	14390197	14390372	7.752659798	14390372	0	175	-175	175	-175	175
CAGE_TSS_14457	2	-	14479874	14480029	127.3756714	14480029	0	155	-155	155	-155	155
CAGE_TSS_14458	2	-	14489522	14489735	26.03178978	14489735	0	213	-213	213	-213	213
CAGE_TSS_14474	2	-	14541405	14541629	44.22742844	14541629	0	224	-224	224	-224	224
CAGE_TSS_14488	2	-	14591797	14592017	12.94536972	14592017	0	220	-220	220	-220	220
CAGE_TSS_14494	2	-	14651653	14651877	6.107480049	14651877	0	224	-224	224	-224	224
CAGE_TSS_14505	2	-	14739906	14740157	252.2400055	14740157	0	251	-251	251	-251	251
CAGE_TSS_14515	2	-	14778876	14778763	6.66794014	14778763	0	-113	113	-113	113	113
CAGE_TSS_14522	2	-	14807317	14807475	6.333220005	14807475	0	158	-158	158	-158	158
CAGE_TSS_14527	2	-	14821912	14822121	29.28430939	14822121	0	209	-209	209	-209	209
CAGE_TSS_14545	2	-	14909765	14909905	65.89061737	14909905	0	140	-140	140	-140	140
CAGE_TSS_14554	2	-	14951152	14951367	8.6854496	14951367	0	215	-215	215	-215	215
CAGE_TSS_14562	2	-	14999041	14999141	39.19884872	14999141	0	100	-100	100	-100	100
CAGE_TSS_14565	2	-	15021553	15021693	25.99387932	15021693	0	140	-140	140	-140	140
CAGE_TSS_14580	2	-	15073826	15074017	15.29232025	15074017	0	191	-191	191	-191	191
CAGE_TSS_14582	2	-	15084470	15084669	143.7715149	15084669	0	199	-199	199	-199	199
CAGE_TSS_14587	2	-	15092182	15092080	248.091629	15092080	0	-102	102	-102	102	102
CAGE_TSS_14592	2	-	15130907	15131071	36.47417831	15131071	0	164	-164	164	-164	164
CAGE_TSS_14614	2	-	15210811	15211032	23.55751038	15211032	0	221	-221	221	-221	221
CAGE_TSS_14618	2	-	15219414	15219509	6.451189995	15219509	0	95	-95	95	-95	95
CAGE_TSS_14619	2	-	15226754	15226995	71.50824738	15226995	0	241	-241	241	-241	241
CAGE_TSS_14626	2	-	15298449	15298644	18.68074989	15298644	0	195	-195	195	-195	195
CAGE_TSS_14676	2	-	15469856	15470013	5.663619995	15470013	0	157	-157	157	-157	157
CAGE_TSS_14685	2	-	15481402	15481618	39.04584122	15481618	0	216	-216	216	-216	216
CAGE_TSS_14688	2	-	15490370	15490388	30.69811058	15490388	0	18	-18	18	-18	18
CAGE_TSS_14703	2	-	15559413	15559551	5.503580093	15559551	0	138	-138	138	-138	138
CAGE_TSS_14712	2	-	15598577	15598718	5.892389774	15598718	0	141	-141	141	-141	141
CAGE_TSS_14716	2	-	15600058	15600190	21.79408073	15600190	0	132	-132	132	-132	132
CAGE_TSS_14718	2	-	15613798	15613978	5.785319805	15613978	0	180	-180	180	-180	180
CAGE_TSS_14721	2	-	15614853	15614989	75.64746857	15614989	0	136	-136	136	-136	136
CAGE_TSS_14754	2	-	15742757	15742965	19.76755905	15742965	0	208	-208	208	-208	208
CAGE_TSS_14761	2	-	15757517	15757602	198.522583	15757602	0	85	-85	85	-85	85
CAGE_TSS_14765	2	-	15765433	15765312	31.66712952	15765312	0	-121	121	-121	121	121
CAGE_TSS_14786	2	-	15817014	15817217	11.41499996	15817217	0	203	-203	203	-203	203
CAGE_TSS_14788	2	-	15849606	15849736	19.86774063	15849736	0	130	-130	130	-130	130
CAGE_TSS_14796	2	-	15883723	15883932	7.62857008	15883932	0	209	-209	209	-209	209
CAGE_TSS_14802	2	-	15905371	15905515	54.68732834	15905515	0	144	-144	144	-144	144
CAGE_TSS_14804	2	-	15914719	15914822	5.704619884	15914822	0	103	-103	103	-103	103
CAGE_TSS_14809	2	-	15922185	15922342	148.5321808	15922342	0	157	-157	157	-157	157
CAGE_TSS_14814	2	-	15980719	15980796	18.68074989	15980796	0	77	-77	77	-77	77
CAGE_TSS_14823	2	-	16014752	16014920	25.53010941	16014920	0	168	-168	168	-168	168
CAGE_TSS_14829	2	-	16042359	16042506	15.28135967	16042506	0	147	-147	147	-147	147
CAGE_TSS_14832	2	-	16070588	16070715	82.41503143	16070715	0	127	-127	127	-127	127
CAGE_TSS_14837	2	-	16106878	16107111	6.544410229	16107111	0	233	-233	233	-233	233
CAGE_TSS_14845	2	-	16158562	16158711	13.81163025	16158711	0	149	-149	149	-149	149
CAGE_TSS_14851	2	-	16183871	16184023	174.9443817	16184023	0	152	-152	152	-152	152
CAGE_TSS_14859	2	-	16198490	16198672	13.34912014	16198672	0	182	-182	182	-182	182
CAGE_TSS_14860	2	-	16210363	16210585	6.173409939	16210585	0	222	-222	222	-222	222
CAGE_TSS_14862	2	-	16215263	16215493	91.56382751	16215493	0	230	-230	230	-230	230
CAGE_TSS_14866	2	-	16235234	16235425	5.448750019	16235425	0	191	-191	191	-191	191
CAGE_TSS_14868	2	-	16237277	16237398	14.18087006	16237398	0	121	-121	121	-121	121
CAGE_TSS_14870	2	-	16278386	16278545	6.833310127	16278545	0	159	-159	159	-159	159
CAGE_TSS_14872	2	-	16287957	16288181	73.32141113	16288181	0	224	-224	224	-224	224
CAGE_TSS_14873	2	-	16292794	16292876	98.15852356	16292876	0	82	-82	82	-82	82
CAGE_TSS_14881	2	-	16327280	16327427	9.80727005	16327427	0	147	-147	147	-147	147
CAGE_TSS_14883	2	-	16336243	16336302	9.825980186	16336302	0	59	-59	59	-59	59
CAGE_TSS_14885	2	-	16359917	16360139	45.65567017	16360139	0	222	-222	222	-222	222
CAGE_TSS_14890	2	-	16391043	16391175	42.82680893	16391175	0	132	-132	132	-132	132
CAGE_TSS_14909	2	-	16432556	16432841	27.40724945	16432841	0	285	-285	285	-285	285
CAGE_TSS_14917	2	-	16466755	16467029	71.59152985	16467029	0	274	-274	274	-274	274
CAGE_TSS_14923	2	-	16474080	16474018	75.08641052	16474018	0	-62	62	-62	62	62
CAGE_TSS_14927	2	-	16496995	16497261	7.548500061	16497261	0	266	-266	266	-266	266
CAGE_TSS_14931	2	-	16529488	16529389	170.117157	16529389	0	-99	99	-99	99	99
CAGE_TSS_14934	2	-	16544249	16544041	6.803629875	16544041	0	-208	208	-208	208	208
CAGE_TSS_14945	2	-	16573421	16573590	5.704899788	16573590	0	169	-169	169	-169	169
CAGE_TSS_14946	2	-	16582316	16582594	11.9000597	16582594	0	278	-278	278	-278	278
CAGE_TSS_14954	2	-	16602353	16602401	14.76780987	16602401	0	48	-48	48	-48	48
CAGE_TSS_14958	2	-	16612526	16612614	89.30184174	16612614	0	88	-88	88	-88	88
CAGE_TSS_14965	2	-	16675732	16675929	55.82389069	16675929	0	197	-197	197	-197	197
CAGE_TSS_14980	2	-	16702024	16702123	60.62506104	16702123	0	99	-99	99	-99	99
CAGE_TSS_14983	2	-	16731544	16731843	73.13356018	16731843	0	299	-299	299	-299	299
CAGE_TSS_14984	2	-	16734911	16735090	16.07951927	16735090	0	179	-179	179	-179	179
CAGE_TSS_14988	2	-	16757585	16757795	5.477499962	16757795	0	210	-210	210	-210	210
CAGE_TSS_14992	2	-	16804643	16804918	11.78267956	16804918	0	275	-275	275	-275	275
CAGE_TSS_14996	2	-	16824458	16824619	188.9752502	16824619	0	161	-161	161	-161	161
CAGE_TSS_14998	2	-	16828391	16828418	20.66188049	16828418	0	27	-27	27	-27	27
CAGE_TSS_15017	2	-	16908151	16908147	120.0221481	16908147	0	-4	4	-4	4	4
CAGE_TSS_15026	2	-	16963222	16963194	5.934010029	16963194	0	-28	28	-28	28	28
CAGE_TSS_15031	2	-	17002500	17002753	49.19853973	17002753	0	253	-253	253	-253	253
CAGE_TSS_15033	2	-	17026972	17027175	25.91889	17027175	0	203	-203	203	-203	203
CAGE_TSS_15036	2	-	17040207	17040223	24.89505959	17040223	0	16	-16	16	-16	16
CAGE_TSS_15043	2	-	17074165	17074452	8.648019791	17074452	0	287	-287	287	-287	287
CAGE_TSS_15045	2	-	17087267	17087299	220.4659271	17087299	0	32	-32	32	-32	32
CAGE_TSS_15048	2	-	17114802	17115025	36.2574501	17115025	0	223	-223	223	-223	223
CAGE_TSS_15056	2	-	17158814	17158943	23.68260002	17158943	0	129	-129	129	-129	129
CAGE_TSS_15057	2	-	17161007	17160999	21.63348007	17160999	0	-8	8	-8	8	8
CAGE_TSS_15067	2	-	17216163	17216394	170.0738525	17216394	0	231	-231	231	-231	231
CAGE_TSS_15069	2	-	17231034	17231090	7.547009945	17231090	0	56	-56	56	-56	56
CAGE_TSS_15072	2	-	17262805	17263006	14.98672009	17263006	0	201	-201	201	-201	201
CAGE_TSS_15075	2	-	17267955	17268119	14.2341404	17268119	0	164	-164	164	-164	164
CAGE_TSS_15077	2	-	17296353	17296442	119.0456696	17296442	0	89	-89	89	-89	89
CAGE_TSS_15078	2	-	17298729	17298970	54.78913879	17298970	0	241	-241	241	-241	241
CAGE_TSS_15080	2	-	17317289	17317298	22.00246048	17317298	0	9	-9	9	-9	9
CAGE_TSS_15089	2	-	17357589	17357819	23.81476974	17357819	0	230	-230	230	-230	230
CAGE_TSS_15098	2	-	17427249	17427338	37.32192993	17427338	0	89	-89	89	-89	89
CAGE_TSS_15100	2	-	17436173	17436443	17.78655052	17436443	0	270	-270	270	-270	270
CAGE_TSS_15102	2	-	17457070	17457191	16.74284935	17457191	0	121	-121	121	-121	121
CAGE_TSS_15109	2	-	17472934	17473116	156.5378876	17473116	0	182	-182	182	-182	182
CAGE_TSS_15119	2	-	17519300	17519472	32.01704025	17519472	0	172	-172	172	-172	172
CAGE_TSS_15120	2	-	17522792	17522829	43.38177109	17522829	0	37	-37	37	-37	37
CAGE_TSS_15129	2	-	17562798	17563019	209.7878876	17563019	0	221	-221	221	-221	221
CAGE_TSS_15136	2	-	17603620	17603729	11.55521965	17603729	0	109	-109	109	-109	109
CAGE_TSS_15143	2	-	17648952	17649131	15.75236034	17649131	0	179	-179	179	-179	179
CAGE_TSS_15150	2	-	17695800	17696060	46.04764938	17696060	0	260	-260	260	-260	260
CAGE_TSS_15157	2	-	17712049	17712344	27.15550041	17712344	0	295	-295	295	-295	295
CAGE_TSS_15166	2	-	17733849	17734116	36.04953003	17734116	0	267	-267	267	-267	267
CAGE_TSS_15176	2	-	17774442	17774510	29.23661995	17774510	0	68	-68	68	-68	68
CAGE_TSS_15190	2	-	17806048	17806213	14.09724045	17806213	0	165	-165	165	-165	165
CAGE_TSS_15192	2	-	17816638	17816916	18.68074989	17816916	0	278	-278	278	-278	278
CAGE_TSS_15197	2	-	17827479	17827657	9.930319786	17827657	0	178	-178	178	-178	178
CAGE_TSS_15201	2	-	17844384	17844284	29.87915039	17844284	0	-100	100	-100	100	100
CAGE_TSS_15202	2	-	17855218	17855457	65.58239746	17855457	0	239	-239	239	-239	239
CAGE_TSS_15204	2	-	17871552	17871848	8.819299698	17871848	0	296	-296	296	-296	296
CAGE_TSS_15206	2	-	17882620	17882821	27.75556946	17882821	0	201	-201	201	-201	201
CAGE_TSS_15209	2	-	17899397	17899512	23.87995911	17899512	0	115	-115	115	-115	115
CAGE_TSS_15210	2	-	17909779	17909871	3.788360119	17909871	0	92	-92	92	-92	92
CAGE_TSS_15213	2	-	17930935	17931126	27.27906036	17931126	0	191	-191	191	-191	191
CAGE_TSS_15220	2	-	17975864	17976009	20.62486076	17976009	0	145	-145	145	-145	145
CAGE_TSS_15221	2	-	17985114	17985240	121.8540268	17985240	0	126	-126	126	-126	126
CAGE_TSS_15223	2	-	17992044	17992120	9.189370155	17992120	0	76	-76	76	-76	76
CAGE_TSS_15231	2	-	18020878	18020995	18.33658981	18020995	0	117	-117	117	-117	117
CAGE_TSS_15233	2	-	18035051	18035191	11.72101021	18035191	0	140	-140	140	-140	140
CAGE_TSS_15234	2	-	18038218	18038317	7.991139889	18038317	0	99	-99	99	-99	99
CAGE_TSS_15239	2	-	18058769	18058806	30.11551094	18058806	0	37	-37	37	-37	37
CAGE_TSS_15240	2	-	18073017	18073085	153.9037933	18073085	0	68	-68	68	-68	68
CAGE_TSS_15244	2	-	18077460	18077564	5.956910133	18077564	0	104	-104	104	-104	104
CAGE_TSS_15249	2	-	18082767	18083022	7.575389862	18083022	0	255	-255	255	-255	255
CAGE_TSS_15267	2	-	18132615	18132624	22.92535973	18132624	0	9	-9	9	-9	9
CAGE_TSS_15286	2	-	18200193	18200316	22.26771927	18200316	0	123	-123	123	-123	123
CAGE_TSS_15288	2	-	18202666	18202953	8.62057972	18202953	0	287	-287	287	-287	287
CAGE_TSS_15298	2	-	18219397	18219568	18.28778076	18219568	0	171	-171	171	-171	171
CAGE_TSS_15302	2	-	18241312	18241364	10.48248005	18241364	0	52	-52	52	-52	52
CAGE_TSS_15303	2	-	18248345	18248564	23.75345039	18248564	0	219	-219	219	-219	219
CAGE_TSS_15311	2	-	18258034	18258325	5.486219883	18258325	0	291	-291	291	-291	291
CAGE_TSS_15320	2	-	18321695	18321765	16.62281036	18321765	0	70	-70	70	-70	70
CAGE_TSS_15321	2	-	18322919	18323205	9.566539764	18323205	0	286	-286	286	-286	286
CAGE_TSS_15322	2	-	18324349	18324530	7.272999763	18324530	0	181	-181	181	-181	181
CAGE_TSS_15325	2	-	18339149	18339343	49.84909821	18339343	0	194	-194	194	-194	194
CAGE_TSS_15327	2	-	18401334	18401461	31.5610199	18401461	0	127	-127	127	-127	127
CAGE_TSS_15343	2	-	18443398	18443587	53.73643875	18443587	0	189	-189	189	-189	189
CAGE_TSS_15344	2	-	18448980	18449219	12.27567959	18449219	0	239	-239	239	-239	239
CAGE_TSS_15349	2	-	18463273	18463547	19.55031967	18463547	0	274	-274	274	-274	274
CAGE_TSS_15358	2	-	18531751	18531738	41.9320488	18531738	0	-13	13	-13	13	13
CAGE_TSS_15362	2	-	18552088	18552164	101.7752228	18552164	0	76	-76	76	-76	76
CAGE_TSS_15373	2	-	18620179	18620280	34.17076111	18620280	0	101	-101	101	-101	101
CAGE_TSS_15379	2	-	18646446	18646490	6.514090061	18646490	0	44	-44	44	-44	44
CAGE_TSS_15389	2	-	18706267	18706540	62.66801834	18706540	0	273	-273	273	-273	273
CAGE_TSS_15406	2	-	18790263	18790521	17.66222	18790521	0	258	-258	258	-258	258
CAGE_TSS_15414	2	-	18810980	18811244	8.313289642	18811244	0	264	-264	264	-264	264
CAGE_TSS_15416	2	-	18818451	18818652	36.18780136	18818652	0	201	-201	201	-201	201
CAGE_TSS_15417	2	-	18821884	18822082	74.52129364	18822082	0	198	-198	198	-198	198
CAGE_TSS_15419	2	-	18830527	18830686	49.01203918	18830686	0	159	-159	159	-159	159
CAGE_TSS_15421	2	-	18839169	18839386	10.74855042	18839386	0	217	-217	217	-217	217
CAGE_TSS_15433	2	-	18875585	18875868	11.22813034	18875868	0	283	-283	283	-283	283
CAGE_TSS_15435	2	-	18882598	18882702	7.156869888	18882702	0	104	-104	104	-104	104
CAGE_TSS_15436	2	-	18889034	18889105	16.93971062	18889105	0	71	-71	71	-71	71
CAGE_TSS_15440	2	-	18914737	18914799	73.17513275	18914799	0	62	-62	62	-62	62
CAGE_TSS_15452	2	-	18945084	18945332	16.06899071	18945332	0	248	-248	248	-248	248
CAGE_TSS_15456	2	-	18949958	18950181	50.65013123	18950181	0	223	-223	223	-223	223
CAGE_TSS_15473	2	-	19044824	19045104	6.336369991	19045104	0	280	-280	280	-280	280
CAGE_TSS_15474	2	-	19050346	19050413	103.6001205	19050413	0	67	-67	67	-67	67
CAGE_TSS_15477	2	-	19088978	19089045	8.806489944	19089045	0	67	-67	67	-67	67
CAGE_TSS_15492	2	-	19140580	19140823	34.10113144	19140823	0	243	-243	243	-243	243
CAGE_TSS_15493	2	-	19153839	19153907	29.67573929	19153907	0	68	-68	68	-68	68
CAGE_TSS_15494	2	-	19155491	19155644	5.556260109	19155644	0	153	-153	153	-153	153
CAGE_TSS_15498	2	-	19166833	19166984	72.52307892	19166984	0	151	-151	151	-151	151
CAGE_TSS_15502	2	-	19192541	19192620	52.21934128	19192620	0	79	-79	79	-79	79
CAGE_TSS_15505	2	-	19210957	19211130	6.57156992	19211130	0	173	-173	173	-173	173
CAGE_TSS_15516	2	-	19287597	19287729	6.355020046	19287729	0	132	-132	132	-132	132
CAGE_TSS_15523	2	-	19315241	19315168	95.18166351	19315168	0	-73	73	-73	73	73
CAGE_TSS_15525	2	-	19319236	19319493	58.98773956	19319493	0	257	-257	257	-257	257
CAGE_TSS_15526	2	-	19322396	19322643	3.562330008	19322643	0	247	-247	247	-247	247
CAGE_TSS_15530	2	-	19349650	19349564	10.17860031	19349564	0	-86	86	-86	86	86
CAGE_TSS_15531	2	-	19350545	19350693	18.13401031	19350693	0	148	-148	148	-148	148
CAGE_TSS_15532	2	-	19351994	19352205	33.72317886	19352205	0	211	-211	211	-211	211
CAGE_TSS_15533	2	-	19361141	19361225	31.62285995	19361225	0	84	-84	84	-84	84
CAGE_TSS_15540	2	-	19406677	19406920	5.063819885	19406920	0	243	-243	243	-243	243
CAGE_TSS_15542	2	-	19412152	19412360	5.546279907	19412360	0	208	-208	208	-208	208
CAGE_TSS_15543	2	-	19431747	19432015	8.272199631	19432015	0	268	-268	268	-268	268
CAGE_TSS_15557	2	-	19550945	19551124	15.75463963	19551124	0	179	-179	179	-179	179
CAGE_TSS_15560	2	-	19554496	19554666	9.746120453	19554666	0	170	-170	170	-170	170
CAGE_TSS_15562	2	-	19556019	19556124	30.1626091	19556124	0	105	-105	105	-105	105
CAGE_TSS_15565	2	-	19573026	19573262	65.78775024	19573262	0	236	-236	236	-236	236
CAGE_TSS_15572	2	-	19617680	19617871	12.22926044	19617871	0	191	-191	191	-191	191
CAGE_TSS_15577	2	-	19640776	19641041	227.4385223	19641041	0	265	-265	265	-265	265
CAGE_TSS_15579	2	-	19650058	19650239	101.2834778	19650239	0	181	-181	181	-181	181
CAGE_TSS_19288	3	-	18802	18888	5.373250008	18888	0	86	-86	86	-86	86
CAGE_TSS_19291	3	-	38500	38610	9.076270103	38610	0	110	-110	110	-110	110
CAGE_TSS_19304	3	-	65945	65943	13.51640987	65943	0	-2	2	-2	2	2
CAGE_TSS_19314	3	-	89424	89585	21.22282982	89585	0	161	-161	161	-161	161
CAGE_TSS_19315	3	-	93481	93604	15.23830986	93604	0	123	-123	123	-123	123
CAGE_TSS_19318	3	-	101992	102193	117.4424591	102193	0	201	-201	201	-201	201
CAGE_TSS_19326	3	-	143461	143651	5.556439877	143651	0	190	-190	190	-190	190
CAGE_TSS_19349	3	-	193531	193508	44.44065094	193508	0	-23	23	-23	23	23
CAGE_TSS_19351	3	-	195545	195570	6.076759815	195570	0	25	-25	25	-25	25
CAGE_TSS_19361	3	-	201721	201838	26.24218941	201838	0	117	-117	117	-117	117
CAGE_TSS_19362	3	-	202753	202975	119.0395966	202975	0	222	-222	222	-222	222
CAGE_TSS_19379	3	-	295457	295749	45.59790039	295749	0	292	-292	292	-292	292
CAGE_TSS_19381	3	-	302017	302044	5.266129971	302044	0	27	-27	27	-27	27
CAGE_TSS_19386	3	-	321540	321705	8.660730362	321705	0	165	-165	165	-165	165
CAGE_TSS_19395	3	-	349424	349544	27.57349014	349544	0	120	-120	120	-120	120
CAGE_TSS_19425	3	-	524606	524852	239.0561371	524852	0	246	-246	246	-246	246
CAGE_TSS_19429	3	-	528344	528550	8.354689598	528550	0	206	-206	206	-206	206
CAGE_TSS_19431	3	-	532569	532854	5.831270218	532854	0	285	-285	285	-285	285
CAGE_TSS_19432	3	-	536279	536419	74.84465027	536419	0	140	-140	140	-140	140
CAGE_TSS_19439	3	-	545592	545784	167.8534241	545784	0	192	-192	192	-192	192
CAGE_TSS_19448	3	-	595764	595920	85.48184204	595920	0	156	-156	156	-156	156
CAGE_TSS_19450	3	-	596501	596630	143.4433136	596630	0	129	-129	129	-129	129
CAGE_TSS_19460	3	-	607886	608012	8.313289642	608012	0	126	-126	126	-126	126
CAGE_TSS_19464	3	-	633849	634105	32.99715042	634105	0	256	-256	256	-256	256
CAGE_TSS_19470	3	-	666896	667067	19.18931007	667067	0	171	-171	171	-171	171
CAGE_TSS_19471	3	-	672484	672530	22.47796059	672530	0	46	-46	46	-46	46
CAGE_TSS_19502	3	-	790647	790791	11.01018047	790791	0	144	-144	144	-144	144
CAGE_TSS_19510	3	-	826357	826529	20.82966042	826529	0	172	-172	172	-172	172
CAGE_TSS_19534	3	-	977292	977524	18.98432922	977524	0	232	-232	232	-232	232
CAGE_TSS_19535	3	-	980487	980729	24.73900032	980729	0	242	-242	242	-242	242
CAGE_TSS_19540	3	-	1002489	1002461	8.532899857	1002461	0	-28	28	-28	28	28
CAGE_TSS_19549	3	-	1034569	1034769	151.5561066	1034769	0	200	-200	200	-200	200
CAGE_TSS_19554	3	-	1055162	1055461	22.54668045	1055461	0	299	-299	299	-299	299
CAGE_TSS_19559	3	-	1074128	1074365	191.2220459	1074365	0	237	-237	237	-237	237
CAGE_TSS_19562	3	-	1101614	1101795	26.81517029	1101795	0	181	-181	181	-181	181
CAGE_TSS_19567	3	-	1113655	1113920	6.04569006	1113920	0	265	-265	265	-265	265
CAGE_TSS_19568	3	-	1120871	1121066	87.20636749	1121066	0	195	-195	195	-195	195
CAGE_TSS_19578	3	-	1181055	1181287	14.75992966	1181287	0	232	-232	232	-232	232
CAGE_TSS_19590	3	-	1261554	1261701	78.51997375	1261701	0	147	-147	147	-147	147
CAGE_TSS_19595	3	-	1285341	1285431	16.15074921	1285431	0	90	-90	90	-90	90
CAGE_TSS_19597	3	-	1286555	1286703	97.3108902	1286703	0	148	-148	148	-148	148
CAGE_TSS_19599	3	-	1289787	1289969	17.09345055	1289969	0	182	-182	182	-182	182
CAGE_TSS_19600	3	-	1290597	1290648	64.81548309	1290648	0	51	-51	51	-51	51
CAGE_TSS_19616	3	-	1392953	1393065	196.984314	1393065	0	112	-112	112	-112	112
CAGE_TSS_19619	3	-	1408208	1408385	25.32258987	1408385	0	177	-177	177	-177	177
CAGE_TSS_19627	3	-	1457072	1457175	132.6190033	1457175	0	103	-103	103	-103	103
CAGE_TSS_19635	3	-	1470543	1470692	11.36351967	1470692	0	149	-149	149	-149	149
CAGE_TSS_19638	3	-	1503341	1503419	14.23019028	1503419	0	78	-78	78	-78	78
CAGE_TSS_19666	3	-	1674423	1674614	9.776320457	1674614	0	191	-191	191	-191	191
CAGE_TSS_19669	3	-	1684557	1684690	178.5128937	1684690	0	133	-133	133	-133	133
CAGE_TSS_19673	3	-	1746774	1746838	10.45199013	1746838	0	64	-64	64	-64	64
CAGE_TSS_19679	3	-	1758510	1758596	55.74060822	1758596	0	86	-86	86	-86	86
CAGE_TSS_19683	3	-	1763984	1764095	30.92161942	1764095	0	111	-111	111	-111	111
CAGE_TSS_19684	3	-	1767439	1767658	104.4838715	1767658	0	219	-219	219	-219	219
CAGE_TSS_19685	3	-	1769480	1769768	68.89765167	1769768	0	288	-288	288	-288	288
CAGE_TSS_19687	3	-	1772598	1772735	15.28820038	1772735	0	137	-137	137	-137	137
CAGE_TSS_19689	3	-	1776663	1776884	47.42303848	1776884	0	221	-221	221	-221	221
CAGE_TSS_19691	3	-	1791800	1791897	16.8145504	1791897	0	97	-97	97	-97	97
CAGE_TSS_19692	3	-	1799804	1799902	6.239570141	1799902	0	98	-98	98	-98	98
CAGE_TSS_19694	3	-	1822839	1822980	112.8755188	1822980	0	141	-141	141	-141	141
CAGE_TSS_19703	3	-	1831920	1832091	9.606470108	1832091	0	171	-171	171	-171	171
CAGE_TSS_19708	3	-	1837853	1837771	8.569970131	1837771	0	-82	82	-82	82	82
CAGE_TSS_19710	3	-	1855054	1855300	154.730484	1855300	0	246	-246	246	-246	246
CAGE_TSS_19713	3	-	1864176	1864437	9.99244976	1864437	0	261	-261	261	-261	261
CAGE_TSS_19726	3	-	1949722	1949850	6.687339783	1949850	0	128	-128	128	-128	128
CAGE_TSS_19729	3	-	1958281	1958471	30.30835915	1958471	0	190	-190	190	-190	190
CAGE_TSS_19732	3	-	1970688	1970834	15.19894028	1970834	0	146	-146	146	-146	146
CAGE_TSS_19743	3	-	2037786	2038018	6.705709934	2038018	0	232	-232	232	-232	232
CAGE_TSS_19745	3	-	2042958	2042978	6.282599926	2042978	0	20	-20	20	-20	20
CAGE_TSS_19747	3	-	2051942	2052056	27.88237	2052056	0	114	-114	114	-114	114
CAGE_TSS_19748	3	-	2055413	2055608	9.427129745	2055608	0	195	-195	195	-195	195
CAGE_TSS_19753	3	-	2083290	2083313	150.1685028	2083313	0	23	-23	23	-23	23
CAGE_TSS_19759	3	-	2117973	2117989	5.183810234	2117989	0	16	-16	16	-16	16
CAGE_TSS_19760	3	-	2130313	2130339	6.947209835	2130339	0	26	-26	26	-26	26
CAGE_TSS_19763	3	-	2141532	2141683	7.386670113	2141683	0	151	-151	151	-151	151
CAGE_TSS_19778	3	-	2216415	2216602	12.28787041	2216602	0	187	-187	187	-187	187
CAGE_TSS_19780	3	-	2225411	2225600	12.34928989	2225600	0	189	-189	189	-189	189
CAGE_TSS_19792	3	-	2250708	2250996	6.360270023	2250996	0	288	-288	288	-288	288
CAGE_TSS_19800	3	-	2295408	2295630	33.62504959	2295630	0	222	-222	222	-222	222
CAGE_TSS_19804	3	-	2321214	2321316	80.47704315	2321316	0	102	-102	102	-102	102
CAGE_TSS_19814	3	-	2343468	2343522	12.25932026	2343522	0	54	-54	54	-54	54
CAGE_TSS_19826	3	-	2388484	2388665	17.04734993	2388665	0	181	-181	181	-181	181
CAGE_TSS_19838	3	-	2420283	2420369	9.589599609	2420369	0	86	-86	86	-86	86
CAGE_TSS_19844	3	-	2463881	2464010	54.20872116	2464010	0	129	-129	129	-129	129
CAGE_TSS_19849	3	-	2518910	2519041	55.71379852	2519041	0	131	-131	131	-131	131
CAGE_TSS_19860	3	-	2569485	2569550	17.92897987	2569550	0	65	-65	65	-65	65
CAGE_TSS_19874	3	-	2595574	2595772	14.91930008	2595772	0	198	-198	198	-198	198
CAGE_TSS_19875	3	-	2604485	2604609	20.13228989	2604609	0	124	-124	124	-124	124
CAGE_TSS_19889	3	-	2633134	2633314	163.0372314	2633314	0	180	-180	180	-180	180
CAGE_TSS_19894	3	-	2654132	2654243	13.08594036	2654243	0	111	-111	111	-111	111
CAGE_TSS_19905	3	-	2667484	2667503	7.20017004	2667503	0	19	-19	19	-19	19
CAGE_TSS_19906	3	-	2686186	2686350	36.67887115	2686350	0	164	-164	164	-164	164
CAGE_TSS_19907	3	-	2695304	2695494	13.36227036	2695494	0	190	-190	190	-190	190
CAGE_TSS_19911	3	-	2706274	2706343	19.16736984	2706343	0	69	-69	69	-69	69
CAGE_TSS_19920	3	-	2793525	2793691	125.8041763	2793691	0	166	-166	166	-166	166
CAGE_TSS_19921	3	-	2808267	2808385	5.699170113	2808385	0	118	-118	118	-118	118
CAGE_TSS_19939	3	-	2842863	2842919	10.87030983	2842919	0	56	-56	56	-56	56
CAGE_TSS_19942	3	-	2849281	2849403	9.392629623	2849403	0	122	-122	122	-122	122
CAGE_TSS_19958	3	-	2911318	2911308	36.01258087	2911308	0	-10	10	-10	10	10
CAGE_TSS_19961	3	-	2915320	2915429	21.59833908	2915429	0	109	-109	109	-109	109
CAGE_TSS_19962	3	-	2931214	2931478	10.48248005	2931478	0	264	-264	264	-264	264
CAGE_TSS_19964	3	-	2944057	2944137	15.20499992	2944137	0	80	-80	80	-80	80
CAGE_TSS_19983	3	-	3038338	3038492	278.1027527	3038492	0	154	-154	154	-154	154
CAGE_TSS_19986	3	-	3052824	3052980	6.828569889	3052980	0	156	-156	156	-156	156
CAGE_TSS_19990	3	-	3088549	3088795	52.05049896	3088795	0	246	-246	246	-246	246
CAGE_TSS_19992	3	-	3091732	3092004	8.057800293	3092004	0	272	-272	272	-272	272
CAGE_TSS_20008	3	-	3170925	3170998	20.1870594	3170998	0	73	-73	73	-73	73
CAGE_TSS_20011	3	-	3172963	3173004	228.275116	3173004	0	41	-41	41	-41	41
CAGE_TSS_20022	3	-	3238081	3238372	32.22677994	3238372	0	291	-291	291	-291	291
CAGE_TSS_20028	3	-	3282031	3282160	5.422210217	3282160	0	129	-129	129	-129	129
CAGE_TSS_20031	3	-	3323194	3323280	5.71201992	3323280	0	86	-86	86	-86	86
CAGE_TSS_20038	3	-	3337386	3337342	23.49621964	3337342	0	-44	44	-44	44	44
CAGE_TSS_20042	3	-	3357616	3357829	6.264689922	3357829	0	213	-213	213	-213	213
CAGE_TSS_20049	3	-	3365601	3365555	30.93819046	3365555	0	-46	46	-46	46	46
CAGE_TSS_20054	3	-	3374201	3374370	14.06447983	3374370	0	169	-169	169	-169	169
CAGE_TSS_20064	3	-	3402667	3402866	6.192530155	3402866	0	199	-199	199	-199	199
CAGE_TSS_20067	3	-	3417776	3417862	44.39472961	3417862	0	86	-86	86	-86	86
CAGE_TSS_20068	3	-	3420831	3421125	70.27718353	3421125	0	294	-294	294	-294	294
CAGE_TSS_20070	3	-	3423415	3423695	16.94079971	3423695	0	280	-280	280	-280	280
CAGE_TSS_20073	3	-	3436227	3436490	6.386919975	3436490	0	263	-263	263	-263	263
CAGE_TSS_20091	3	-	3513058	3513175	151.1930084	3513175	0	117	-117	117	-117	117
CAGE_TSS_20098	3	-	3534808	3535041	7.209499836	3535041	0	233	-233	233	-233	233
CAGE_TSS_20101	3	-	3548836	3548939	36.09970856	3548939	0	103	-103	103	-103	103
CAGE_TSS_20106	3	-	3585789	3586039	118.146759	3586039	0	250	-250	250	-250	250
CAGE_TSS_20120	3	-	3628373	3628469	15.68673992	3628469	0	96	-96	96	-96	96
CAGE_TSS_20123	3	-	3651330	3651530	17.08460045	3651530	0	200	-200	200	-200	200
CAGE_TSS_20124	3	-	3663973	3664093	5.476069927	3664093	0	120	-120	120	-120	120
CAGE_TSS_20132	3	-	3684557	3684680	103.3449936	3684680	0	123	-123	123	-123	123
CAGE_TSS_20135	3	-	3708610	3708788	49.93999863	3708788	0	178	-178	178	-178	178
CAGE_TSS_20138	3	-	3711529	3711657	22.70565033	3711657	0	128	-128	128	-128	128
CAGE_TSS_20139	3	-	3714526	3714787	6.385769844	3714787	0	261	-261	261	-261	261
CAGE_TSS_20146	3	-	3731118	3731173	86.01915741	3731173	0	55	-55	55	-55	55
CAGE_TSS_20148	3	-	3738211	3738367	73.26928711	3738367	0	156	-156	156	-156	156
CAGE_TSS_20152	3	-	3770402	3770580	15.16168022	3770580	0	178	-178	178	-178	178
CAGE_TSS_20160	3	-	3847200	3847030	6.363130093	3847030	0	-170	170	-170	170	170
CAGE_TSS_20174	3	-	3876214	3876379	141.9538269	3876379	0	165	-165	165	-165	165
CAGE_TSS_20177	3	-	3890827	3890959	7.226510048	3890959	0	132	-132	132	-132	132
CAGE_TSS_20184	3	-	3923145	3923312	190.6391449	3923312	0	167	-167	167	-167	167
CAGE_TSS_20187	3	-	3930947	3931214	43.19366837	3931214	0	267	-267	267	-267	267
CAGE_TSS_20198	3	-	3963065	3963205	5.766699791	3963205	0	140	-140	140	-140	140
CAGE_TSS_20212	3	-	4003764	4003905	3.598439932	4003905	0	141	-141	141	-141	141
CAGE_TSS_20213	3	-	4007805	4007918	57.17715836	4007918	0	113	-113	113	-113	113
CAGE_TSS_20214	3	-	4011339	4011579	9.313610077	4011579	0	240	-240	240	-240	240
CAGE_TSS_20224	3	-	4041943	4042115	80.90206146	4042115	0	172	-172	172	-172	172
CAGE_TSS_20226	3	-	4048389	4048592	7.663479805	4048592	0	203	-203	203	-203	203
CAGE_TSS_20240	3	-	4064786	4064932	21.66361046	4064932	0	146	-146	146	-146	146
CAGE_TSS_20242	3	-	4079618	4079784	18.95896912	4079784	0	166	-166	166	-166	166
CAGE_TSS_20246	3	-	4123501	4123641	237.4884644	4123641	0	140	-140	140	-140	140
CAGE_TSS_20248	3	-	4135133	4135421	7.35931015	4135421	0	288	-288	288	-288	288
CAGE_TSS_20253	3	-	4160985	4161243	7.498350143	4161243	0	258	-258	258	-258	258
CAGE_TSS_20257	3	-	4172028	4172175	5.608089924	4172175	0	147	-147	147	-147	147
CAGE_TSS_20259	3	-	4175145	4175349	202.5102081	4175349	0	204	-204	204	-204	204
CAGE_TSS_20267	3	-	4216041	4216281	17.60733032	4216281	0	240	-240	240	-240	240
CAGE_TSS_20280	3	-	4254266	4254505	9.343150139	4254505	0	239	-239	239	-239	239
CAGE_TSS_20281	3	-	4262915	4263129	10.57458019	4263129	0	214	-214	214	-214	214
CAGE_TSS_20286	3	-	4289805	4289780	15.46490002	4289780	0	-25	25	-25	25	25
CAGE_TSS_20301	3	-	4371931	4372135	92.89891815	4372135	0	204	-204	204	-204	204
CAGE_TSS_20311	3	-	4393964	4394098	9.147470474	4394098	0	134	-134	134	-134	134
CAGE_TSS_20314	3	-	4419500	4419711	6.076759815	4419711	0	211	-211	211	-211	211
CAGE_TSS_20315	3	-	4424870	4425037	68.88687134	4425037	0	167	-167	167	-167	167
CAGE_TSS_20320	3	-	4452581	4452646	130.0988922	4452646	0	65	-65	65	-65	65
CAGE_TSS_20328	3	-	4496064	4496183	86.4227829	4496183	0	119	-119	119	-119	119
CAGE_TSS_20331	3	-	4500919	4500982	9.353819847	4500982	0	63	-63	63	-63	63
CAGE_TSS_20332	3	-	4524455	4524611	15.37003994	4524611	0	156	-156	156	-156	156
CAGE_TSS_20356	3	-	4594918	4595119	9.08191967	4595119	0	201	-201	201	-201	201
CAGE_TSS_20358	3	-	4613281	4613490	66.87741852	4613490	0	209	-209	209	-209	209
CAGE_TSS_20365	3	-	4653939	4654192	103.1798401	4654192	0	253	-253	253	-253	253
CAGE_TSS_20368	3	-	4660783	4660937	163.4957275	4660937	0	154	-154	154	-154	154
CAGE_TSS_20369	3	-	4663339	4663498	9.857099533	4663498	0	159	-159	159	-159	159
CAGE_TSS_20380	3	-	4705636	4705596	10.18515015	4705596	0	-40	40	-40	40	40
CAGE_TSS_20388	3	-	4720917	4721016	38.4874382	4721016	0	99	-99	99	-99	99
CAGE_TSS_20390	3	-	4731563	4731826	5.193910122	4731826	0	263	-263	263	-263	263
CAGE_TSS_20393	3	-	4762409	4762577	11.69256973	4762577	0	168	-168	168	-168	168
CAGE_TSS_20395	3	-	4774056	4774088	23.63051987	4774088	0	32	-32	32	-32	32
CAGE_TSS_20400	3	-	4787056	4787348	22.38927078	4787348	0	292	-292	292	-292	292
CAGE_TSS_20402	3	-	4799501	4799748	127.4006424	4799748	0	247	-247	247	-247	247
CAGE_TSS_20403	3	-	4815491	4815558	6.540309906	4815558	0	67	-67	67	-67	67
CAGE_TSS_20407	3	-	4833598	4833673	32.79143906	4833673	0	75	-75	75	-75	75
CAGE_TSS_20413	3	-	4907991	4908238	57.41170883	4908238	0	247	-247	247	-247	247
CAGE_TSS_20430	3	-	5001001	5001276	6.32585001	5001276	0	275	-275	275	-275	275
CAGE_TSS_20432	3	-	5038001	5038124	22.31839943	5038124	0	123	-123	123	-123	123
CAGE_TSS_20438	3	-	5073344	5073527	69.25980377	5073527	0	183	-183	183	-183	183
CAGE_TSS_20443	3	-	5095835	5095947	12.10919952	5095947	0	112	-112	112	-112	112
CAGE_TSS_20447	3	-	5132266	5132485	7.226510048	5132485	0	219	-219	219	-219	219
CAGE_TSS_20448	3	-	5137194	5137419	20.11351967	5137419	0	225	-225	225	-225	225
CAGE_TSS_20453	3	-	5172819	5173110	47.30138016	5173110	0	291	-291	291	-291	291
CAGE_TSS_20456	3	-	5175468	5175687	47.61579132	5175687	0	219	-219	219	-219	219
CAGE_TSS_20470	3	-	5252505	5252710	54.25848007	5252710	0	205	-205	205	-205	205
CAGE_TSS_20471	3	-	5254484	5254660	23.15418053	5254660	0	176	-176	176	-176	176
CAGE_TSS_20488	3	-	5322432	5322572	12.21004009	5322572	0	140	-140	140	-140	140
CAGE_TSS_20495	3	-	5349271	5349413	198.7226105	5349413	0	142	-142	142	-142	142
CAGE_TSS_20504	3	-	5372247	5372350	23.04615021	5372350	0	103	-103	103	-103	103
CAGE_TSS_20505	3	-	5377013	5377149	5.659100056	5377149	0	136	-136	136	-136	136
CAGE_TSS_20506	3	-	5380821	5380872	14.18305016	5380872	0	51	-51	51	-51	51
CAGE_TSS_20508	3	-	5396929	5397208	63.06668854	5397208	0	279	-279	279	-279	279
CAGE_TSS_20516	3	-	5402650	5402878	182.2564697	5402878	0	228	-228	228	-228	228
CAGE_TSS_20535	3	-	5485093	5485116	31.52799988	5485116	0	23	-23	23	-23	23
CAGE_TSS_20539	3	-	5495646	5495801	204.1853333	5495801	0	155	-155	155	-155	155
CAGE_TSS_20541	3	-	5506933	5507209	137.8219147	5507209	0	276	-276	276	-276	276
CAGE_TSS_20544	3	-	5508362	5508569	10.41131973	5508569	0	207	-207	207	-207	207
CAGE_TSS_20545	3	-	5518886	5519164	4.244050026	5519164	0	278	-278	278	-278	278
CAGE_TSS_20557	3	-	5598151	5598207	76.68605042	5598207	0	56	-56	56	-56	56
CAGE_TSS_20558	3	-	5605731	5605795	6.894519806	5605795	0	64	-64	64	-64	64
CAGE_TSS_20561	3	-	5614344	5614410	7.002830029	5614410	0	66	-66	66	-66	66
CAGE_TSS_20572	3	-	5625469	5625739	10.65997982	5625739	0	270	-270	270	-270	270
CAGE_TSS_20573	3	-	5638481	5638516	8.976349831	5638516	0	35	-35	35	-35	35
CAGE_TSS_20577	3	-	5662032	5662155	169.6977844	5662155	0	123	-123	123	-123	123
CAGE_TSS_20583	3	-	5686467	5686538	165.0441132	5686538	0	71	-71	71	-71	71
CAGE_TSS_20585	3	-	5702549	5702766	14.17582035	5702766	0	217	-217	217	-217	217
CAGE_TSS_20586	3	-	5718856	5719065	70.1583786	5719065	0	209	-209	209	-209	209
CAGE_TSS_20590	3	-	5762226	5762296	66.25787354	5762296	0	70	-70	70	-70	70
CAGE_TSS_20596	3	-	5790430	5790538	12.28901005	5790538	0	108	-108	108	-108	108
CAGE_TSS_20598	3	-	5796839	5796966	47.40071106	5796966	0	127	-127	127	-127	127
CAGE_TSS_20601	3	-	5804118	5804397	102.7016602	5804397	0	279	-279	279	-279	279
CAGE_TSS_20629	3	-	5972435	5972532	21.34334946	5972532	0	97	-97	97	-97	97
CAGE_TSS_20646	3	-	6093025	6093212	21.79247093	6093212	0	187	-187	187	-187	187
CAGE_TSS_20653	3	-	6143278	6143373	5.347859859	6143373	0	95	-95	95	-95	95
CAGE_TSS_20691	3	-	6350618	6350757	10.74228954	6350757	0	139	-139	139	-139	139
CAGE_TSS_20702	3	-	6430513	6430641	99.69049072	6430641	0	128	-128	128	-128	128
CAGE_TSS_20722	3	-	6551804	6551955	39.44472122	6551955	0	151	-151	151	-151	151
CAGE_TSS_20725	3	-	6557882	6558048	96.19476318	6558048	0	166	-166	166	-166	166
CAGE_TSS_20727	3	-	6564423	6564668	241.2059021	6564668	0	245	-245	245	-245	245
CAGE_TSS_20731	3	-	6617694	6617935	11.93153954	6617935	0	241	-241	241	-241	241
CAGE_TSS_20735	3	-	6631938	6632175	25.2436409	6632175	0	237	-237	237	-237	237
CAGE_TSS_20736	3	-	6650076	6650158	4.224309921	6650158	0	82	-82	82	-82	82
CAGE_TSS_20739	3	-	6671477	6671536	9.521499634	6671536	0	59	-59	59	-59	59
CAGE_TSS_20740	3	-	6676518	6676622	20.11351967	6676622	0	104	-104	104	-104	104
CAGE_TSS_20744	3	-	6704208	6704378	21.46657944	6704378	0	170	-170	170	-170	170
CAGE_TSS_20745	3	-	6715955	6716010	13.63024998	6716010	0	55	-55	55	-55	55
CAGE_TSS_20754	3	-	6771172	6771333	9.503370285	6771333	0	161	-161	161	-161	161
CAGE_TSS_20757	3	-	6792820	6793091	235.2116699	6793091	0	271	-271	271	-271	271
CAGE_TSS_20762	3	-	6825989	6826167	11.20907021	6826167	0	178	-178	178	-178	178
CAGE_TSS_20765	3	-	6837492	6837588	6.512969971	6837588	0	96	-96	96	-96	96
CAGE_TSS_20784	3	-	6882181	6882385	64.41867828	6882385	0	204	-204	204	-204	204
CAGE_TSS_20790	3	-	6925021	6925249	10.60569954	6925249	0	228	-228	228	-228	228
CAGE_TSS_20793	3	-	6988020	6988168	27.22143936	6988168	0	148	-148	148	-148	148
CAGE_TSS_20807	3	-	7063293	7063468	27.06856918	7063468	0	175	-175	175	-175	175
CAGE_TSS_20808	3	-	7066195	7066361	69.57881165	7066361	0	166	-166	166	-166	166
CAGE_TSS_20816	3	-	7089745	7089922	6.266880035	7089922	0	177	-177	177	-177	177
CAGE_TSS_20818	3	-	7093442	7093570	85.80764771	7093570	0	128	-128	128	-128	128
CAGE_TSS_20822	3	-	7111742	7111838	239.6772766	7111838	0	96	-96	96	-96	96
CAGE_TSS_20823	3	-	7113886	7114019	20.71339035	7114019	0	133	-133	133	-133	133
CAGE_TSS_20827	3	-	7141179	7141431	32.39120865	7141431	0	252	-252	252	-252	252
CAGE_TSS_20829	3	-	7153879	7154050	5.537010193	7154050	0	171	-171	171	-171	171
CAGE_TSS_20838	3	-	7202481	7202476	10.01504993	7202476	0	-5	5	-5	5	5
CAGE_TSS_20841	3	-	7213303	7213482	5.110159874	7213482	0	179	-179	179	-179	179
CAGE_TSS_20843	3	-	7228590	7228778	43.72589874	7228778	0	188	-188	188	-188	188
CAGE_TSS_20845	3	-	7231193	7231391	6.32886982	7231391	0	198	-198	198	-198	198
CAGE_TSS_20855	3	-	7263230	7263317	104.7490616	7263317	0	87	-87	87	-87	87
CAGE_TSS_20857	3	-	7273940	7274130	5.667359829	7274130	0	190	-190	190	-190	190
CAGE_TSS_20858	3	-	7286280	7286449	55.31594849	7286449	0	169	-169	169	-169	169
CAGE_TSS_20864	3	-	7377111	7377251	24.9199791	7377251	0	140	-140	140	-140	140
CAGE_TSS_20869	3	-	7395047	7395160	5.277850151	7395160	0	113	-113	113	-113	113
CAGE_TSS_20870	3	-	7405620	7405569	11.70084953	7405569	0	-51	51	-51	51	51
CAGE_TSS_20884	3	-	7464876	7464998	46.8012886	7464998	0	122	-122	122	-122	122
CAGE_TSS_20894	3	-	7579590	7579857	51.91772079	7579857	0	267	-267	267	-267	267
CAGE_TSS_20895	3	-	7584578	7584868	85.23126984	7584868	0	290	-290	290	-290	290
CAGE_TSS_20903	3	-	7618581	7618715	9.732780457	7618715	0	134	-134	134	-134	134
CAGE_TSS_20917	3	-	7666031	7666004	6.588590145	7666004	0	-27	27	-27	27	27
CAGE_TSS_20919	3	-	7675686	7675788	18.73036957	7675788	0	102	-102	102	-102	102
CAGE_TSS_20926	3	-	7703332	7703475	26.3638401	7703475	0	143	-143	143	-143	143
CAGE_TSS_20939	3	-	7818763	7818982	29.85603905	7818982	0	219	-219	219	-219	219
CAGE_TSS_20943	3	-	7826074	7826196	35.32788849	7826196	0	122	-122	122	-122	122
CAGE_TSS_20945	3	-	7833942	7834151	88.62799072	7834151	0	209	-209	209	-209	209
CAGE_TSS_20974	3	-	7993142	7993125	9.181529999	7993125	0	-17	17	-17	17	17
CAGE_TSS_20977	3	-	8001237	8001526	181.9483948	8001526	0	289	-289	289	-289	289
CAGE_TSS_21000	3	-	8100818	8101061	16.02491951	8101061	0	243	-243	243	-243	243
CAGE_TSS_21001	3	-	8119505	8119769	6.607359886	8119769	0	264	-264	264	-264	264
CAGE_TSS_21006	3	-	8138092	8138245	21.20329094	8138245	0	153	-153	153	-153	153
CAGE_TSS_21007	3	-	8153852	8154070	28.26737022	8154070	0	218	-218	218	-218	218
CAGE_TSS_21011	3	-	8181799	8181993	191.319397	8181993	0	194	-194	194	-194	194
CAGE_TSS_21014	3	-	8209245	8209331	26.60113907	8209331	0	86	-86	86	-86	86
CAGE_TSS_21025	3	-	8275396	8275633	51.81612015	8275633	0	237	-237	237	-237	237
CAGE_TSS_21026	3	-	8284980	8285172	18.51129913	8285172	0	192	-192	192	-192	192
CAGE_TSS_21027	3	-	8290141	8290310	17.66604996	8290310	0	169	-169	169	-169	169
CAGE_TSS_21032	3	-	8378228	8378490	38.9922905	8378490	0	262	-262	262	-262	262
CAGE_TSS_21034	3	-	8405126	8404841	23.42938995	8404841	0	-285	285	-285	285	285
CAGE_TSS_21038	3	-	8450695	8450851	119.1541901	8450851	0	156	-156	156	-156	156
CAGE_TSS_21039	3	-	8456664	8456763	26.53642082	8456763	0	99	-99	99	-99	99
CAGE_TSS_21041	3	-	8459637	8459817	25.51255989	8459817	0	180	-180	180	-180	180
CAGE_TSS_21050	3	-	8531274	8531260	37.09976959	8531260	0	-14	14	-14	14	14
CAGE_TSS_21062	3	-	8604938	8605160	99.67675018	8605160	0	222	-222	222	-222	222
CAGE_TSS_21067	3	-	8623163	8623285	151.2109833	8623285	0	122	-122	122	-122	122
CAGE_TSS_21073	3	-	8678246	8678297	19.31229019	8678297	0	51	-51	51	-51	51
CAGE_TSS_21082	3	-	8701026	8701192	132.4139557	8701192	0	166	-166	166	-166	166
CAGE_TSS_21084	3	-	8708187	8708343	111.6801834	8708343	0	156	-156	156	-156	156
CAGE_TSS_21094	3	-	8734508	8734582	55.71591949	8734582	0	74	-74	74	-74	74
CAGE_TSS_21095	3	-	8741729	8741896	74.23748016	8741896	0	167	-167	167	-167	167
CAGE_TSS_21104	3	-	8829693	8829713	23.9498291	8829713	0	20	-20	20	-20	20
CAGE_TSS_21110	3	-	8878422	8878700	17.81921959	8878700	0	278	-278	278	-278	278
CAGE_TSS_21114	3	-	8902797	8902953	138.2181854	8902953	0	156	-156	156	-156	156
CAGE_TSS_21121	3	-	8923072	8923246	55.58663177	8923246	0	174	-174	174	-174	174
CAGE_TSS_21123	3	-	8929314	8929451	7.596330166	8929451	0	137	-137	137	-137	137
CAGE_TSS_21134	3	-	9007605	9007829	162.4582062	9007829	0	224	-224	224	-224	224
CAGE_TSS_21142	3	-	9148515	9148573	108.2460327	9148573	0	58	-58	58	-58	58
CAGE_TSS_21147	3	-	9164909	9165111	47.61568069	9165111	0	202	-202	202	-202	202
CAGE_TSS_21152	3	-	9255018	9255178	15.44367027	9255178	0	160	-160	160	-160	160
CAGE_TSS_21153	3	-	9268837	9269026	20.56925011	9269026	0	189	-189	189	-189	189
CAGE_TSS_21167	3	-	9313503	9313603	102.556778	9313603	0	100	-100	100	-100	100
CAGE_TSS_21171	3	-	9353092	9353386	123.3849106	9353386	0	294	-294	294	-294	294
CAGE_TSS_21173	3	-	9407849	9408077	38.79320145	9408077	0	228	-228	228	-228	228
CAGE_TSS_21182	3	-	9457499	9457643	22.72076988	9457643	0	144	-144	144	-144	144
CAGE_TSS_21186	3	-	9470927	9471069	13.9261198	9471069	0	142	-142	142	-142	142
CAGE_TSS_21187	3	-	9486807	9486813	30.5435009	9486813	0	6	-6	6	-6	6
CAGE_TSS_21192	3	-	9493913	9494124	22.84190941	9494124	0	211	-211	211	-211	211
CAGE_TSS_21196	3	-	9509251	9509288	87.0391922	9509288	0	37	-37	37	-37	37
CAGE_TSS_21199	3	-	9575152	9575406	28.99748993	9575406	0	254	-254	254	-254	254
CAGE_TSS_21202	3	-	9595253	9595455	16.24832916	9595455	0	202	-202	202	-202	202
CAGE_TSS_21205	3	-	9607191	9607475	19.04080963	9607475	0	284	-284	284	-284	284
CAGE_TSS_21216	3	-	9640879	9641024	25.5766201	9641024	0	145	-145	145	-145	145
CAGE_TSS_21219	3	-	9648540	9648800	117.5238113	9648800	0	260	-260	260	-260	260
CAGE_TSS_21221	3	-	9652896	9653187	7.481599808	9653187	0	291	-291	291	-291	291
CAGE_TSS_21223	3	-	9666184	9666237	49.07749176	9666237	0	53	-53	53	-53	53
CAGE_TSS_21228	3	-	9683367	9683553	205.6140594	9683553	0	186	-186	186	-186	186
CAGE_TSS_21229	3	-	9684656	9684864	79.8691864	9684864	0	208	-208	208	-208	208
CAGE_TSS_21237	3	-	9723764	9723838	7.293169975	9723838	0	74	-74	74	-74	74
CAGE_TSS_21244	3	-	9765314	9765518	59.07894897	9765518	0	204	-204	204	-204	204
CAGE_TSS_21249	3	-	9805725	9805845	212.8763275	9805845	0	120	-120	120	-120	120
CAGE_TSS_21250	3	-	9827353	9827498	11.91701984	9827498	0	145	-145	145	-145	145
CAGE_TSS_21253	3	-	9835248	9835456	10.86287975	9835456	0	208	-208	208	-208	208
CAGE_TSS_21254	3	-	9841685	9841915	26.45463943	9841915	0	230	-230	230	-230	230
CAGE_TSS_21265	3	-	9914476	9914625	6.138869762	9914625	0	149	-149	149	-149	149
CAGE_TSS_21302	3	-	10011854	10011832	7.783579826	10011832	0	-22	22	-22	22	22
CAGE_TSS_21306	3	-	10047340	10047485	156.8136444	10047485	0	145	-145	145	-145	145
CAGE_TSS_21317	3	-	10086684	10086725	8.984419823	10086725	0	41	-41	41	-41	41
CAGE_TSS_21325	3	-	10129936	10130129	22.28746033	10130129	0	193	-193	193	-193	193
CAGE_TSS_21327	3	-	10132692	10132925	15.77285004	10132925	0	233	-233	233	-233	233
CAGE_TSS_21329	3	-	10136536	10136608	9.944020271	10136608	0	72	-72	72	-72	72
CAGE_TSS_21339	3	-	10219873	10220173	8.983659744	10220173	0	300	-300	300	-300	300
CAGE_TSS_21340	3	-	10228186	10228435	43.24734879	10228435	0	249	-249	249	-249	249
CAGE_TSS_21346	3	-	10283865	10284074	15.28437996	10284074	0	209	-209	209	-209	209
CAGE_TSS_21349	3	-	10287741	10287796	12.70065975	10287796	0	55	-55	55	-55	55
CAGE_TSS_21352	3	-	10348280	10348398	27.67250061	10348398	0	118	-118	118	-118	118
CAGE_TSS_21355	3	-	10356479	10356678	11.01041031	10356678	0	199	-199	199	-199	199
CAGE_TSS_21357	3	-	10368888	10369146	5.325799942	10369146	0	258	-258	258	-258	258
CAGE_TSS_21358	3	-	10372431	10372630	8.144200325	10372630	0	199	-199	199	-199	199
CAGE_TSS_21360	3	-	10383037	10383190	9.568169594	10383190	0	153	-153	153	-153	153
CAGE_TSS_21368	3	-	10507348	10507641	44.02236938	10507641	0	293	-293	293	-293	293
CAGE_TSS_21370	3	-	10590551	10590716	50.89632034	10590716	0	165	-165	165	-165	165
CAGE_TSS_21373	3	-	10662634	10662836	39.9790802	10662836	0	202	-202	202	-202	202
CAGE_TSS_21383	3	-	10703972	10704244	6.359379768	10704244	0	272	-272	272	-272	272
CAGE_TSS_21384	3	-	10733048	10733288	16.02491951	10733288	0	240	-240	240	-240	240
CAGE_TSS_21391	3	-	10775675	10775866	31.73386002	10775866	0	191	-191	191	-191	191
CAGE_TSS_21392	3	-	10790552	10790717	241.5774536	10790717	0	165	-165	165	-165	165
CAGE_TSS_21401	3	-	10875251	10875408	34.03467178	10875408	0	157	-157	157	-157	157
CAGE_TSS_21409	3	-	10941751	10941838	86.68759155	10941838	0	87	-87	87	-87	87
CAGE_TSS_21417	3	-	10969334	10969383	121.1377792	10969383	0	49	-49	49	-49	49
CAGE_TSS_21421	3	-	10977412	10977605	6.917069912	10977605	0	193	-193	193	-193	193
CAGE_TSS_21430	3	-	11030704	11030913	28.64525986	11030913	0	209	-209	209	-209	209
CAGE_TSS_21431	3	-	11035756	11035797	13.64398003	11035797	0	41	-41	41	-41	41
CAGE_TSS_21434	3	-	11052678	11052799	8.491849899	11052799	0	121	-121	121	-121	121
CAGE_TSS_21436	3	-	11077543	11077578	7.613930225	11077578	0	35	-35	35	-35	35
CAGE_TSS_21441	3	-	11106145	11106226	64.10217285	11106226	0	81	-81	81	-81	81
CAGE_TSS_21455	3	-	11194899	11195109	129.3804932	11195109	0	210	-210	210	-210	210
CAGE_TSS_21461	3	-	11265523	11265729	8.055760384	11265729	0	206	-206	206	-206	206
CAGE_TSS_21467	3	-	11269227	11269371	10.36423016	11269371	0	144	-144	144	-144	144
CAGE_TSS_21468	3	-	11299598	11299769	18.31168938	11299769	0	171	-171	171	-171	171
CAGE_TSS_21469	3	-	11305135	11305283	12.17249012	11305283	0	148	-148	148	-148	148
CAGE_TSS_21486	3	-	11532844	11533048	8.352430344	11533048	0	204	-204	204	-204	204
CAGE_TSS_21500	3	-	11924312	11924374	7.931789875	11924374	0	62	-62	62	-62	62
CAGE_TSS_21504	3	-	11961803	11961986	50.71863174	11961986	0	183	-183	183	-183	183
CAGE_TSS_21520	3	-	12358005	12358299	60.36061096	12358299	0	294	-294	294	-294	294
CAGE_TSS_21555	3	-	13035438	13035521	76.23960114	13035521	0	83	-83	83	-83	83
CAGE_TSS_21657	3	-	15092309	15092572	121.760231	15092572	0	263	-263	263	-263	263
CAGE_TSS_21660	3	-	15183995	15184239	32.6256485	15184239	0	244	-244	244	-244	244
CAGE_TSS_21663	3	-	15214731	15214958	22.66974068	15214958	0	227	-227	227	-227	227
CAGE_TSS_21671	3	-	15355303	15355580	58.60057068	15355580	0	277	-277	277	-277	277
CAGE_TSS_21690	3	-	15617143	15617209	26.62183952	15617209	0	66	-66	66	-66	66
CAGE_TSS_21704	3	-	15779298	15779441	43.65616989	15779441	0	143	-143	143	-143	143
CAGE_TSS_21713	3	-	15867297	15867473	230.5921326	15867473	0	176	-176	176	-176	176
CAGE_TSS_21716	3	-	15871161	15871318	18.25672913	15871318	0	157	-157	157	-157	157
CAGE_TSS_21718	3	-	15891951	15892078	13.05428982	15892078	0	127	-127	127	-127	127
CAGE_TSS_21736	3	-	16035149	16035287	13.35336018	16035287	0	138	-138	138	-138	138
CAGE_TSS_21747	3	-	16111190	16111346	9.430350304	16111346	0	156	-156	156	-156	156
CAGE_TSS_21760	3	-	16364585	16364755	8.085069656	16364755	0	170	-170	170	-170	170
CAGE_TSS_21763	3	-	16415265	16415414	5.627540112	16415414	0	149	-149	149	-149	149
CAGE_TSS_21767	3	-	16448763	16448936	22.83398056	16448936	0	173	-173	173	-173	173
CAGE_TSS_21771	3	-	16475749	16475794	89.24217987	16475794	0	45	-45	45	-45	45
CAGE_TSS_21776	3	-	16524170	16524402	166.9964447	16524402	0	232	-232	232	-232	232
CAGE_TSS_21778	3	-	16548270	16548413	11.33598042	16548413	0	143	-143	143	-143	143
CAGE_TSS_21790	3	-	16660233	16660247	112.5848007	16660247	0	14	-14	14	-14	14
CAGE_TSS_21792	3	-	16668689	16668888	9.229009628	16668888	0	199	-199	199	-199	199
CAGE_TSS_21801	3	-	16734822	16735119	46.58631897	16735119	0	297	-297	297	-297	297
CAGE_TSS_21803	3	-	16735928	16736072	60.62506104	16736072	0	144	-144	144	-144	144
CAGE_TSS_21825	3	-	16908894	16909119	14.74503994	16909119	0	225	-225	225	-225	225
CAGE_TSS_21831	3	-	16923292	16923430	6.315539837	16923430	0	138	-138	138	-138	138
CAGE_TSS_21843	3	-	16984786	16985071	80.50061035	16985071	0	285	-285	285	-285	285
CAGE_TSS_21846	3	-	17008424	17008585	16.87507057	17008585	0	161	-161	161	-161	161
CAGE_TSS_21857	3	-	17095567	17095663	13.95549011	17095663	0	96	-96	96	-96	96
CAGE_TSS_21861	3	-	17126667	17126884	7.461870193	17126884	0	217	-217	217	-217	217
CAGE_TSS_21867	3	-	17137105	17137019	6.027480125	17137019	0	-86	86	-86	86	86
CAGE_TSS_21869	3	-	17137950	17138184	127.2994003	17138184	0	234	-234	234	-234	234
CAGE_TSS_21871	3	-	17162451	17162604	17.00157928	17162604	0	153	-153	153	-153	153
CAGE_TSS_21873	3	-	17180069	17180232	58.64987183	17180232	0	163	-163	163	-163	163
CAGE_TSS_21875	3	-	17186063	17186146	8.772489548	17186146	0	83	-83	83	-83	83
CAGE_TSS_21876	3	-	17187825	17187951	5.446670055	17187951	0	126	-126	126	-126	126
CAGE_TSS_21879	3	-	17199220	17199408	16.89057922	17199408	0	188	-188	188	-188	188
CAGE_TSS_21880	3	-	17201888	17202052	111.0978775	17202052	0	164	-164	164	-164	164
CAGE_TSS_21882	3	-	17212335	17212580	12.57507038	17212580	0	245	-245	245	-245	245
CAGE_TSS_21889	3	-	17244280	17244417	6.806169987	17244417	0	137	-137	137	-137	137
CAGE_TSS_21892	3	-	17248675	17248785	7.161419868	17248785	0	110	-110	110	-110	110
CAGE_TSS_21894	3	-	17255184	17255178	7.092309952	17255178	0	-6	6	-6	6	6
CAGE_TSS_21899	3	-	17284945	17285155	65.20710754	17285155	0	210	-210	210	-210	210
CAGE_TSS_21906	3	-	17316558	17316671	129.9037933	17316671	0	113	-113	113	-113	113
CAGE_TSS_21907	3	-	17319540	17319644	212.2488251	17319644	0	104	-104	104	-104	104
CAGE_TSS_21912	3	-	17340381	17340597	99.62483978	17340597	0	216	-216	216	-216	216
CAGE_TSS_21913	3	-	17344714	17344895	10.60410023	17344895	0	181	-181	181	-181	181
CAGE_TSS_21941	3	-	17475206	17475255	9.444740295	17475255	0	49	-49	49	-49	49
CAGE_TSS_21944	3	-	17494849	17495088	23.58324051	17495088	0	239	-239	239	-239	239
CAGE_TSS_21948	3	-	17506053	17506226	14.51706982	17506226	0	173	-173	173	-173	173
CAGE_TSS_21955	3	-	17551173	17551423	231.2471161	17551423	0	250	-250	250	-250	250
CAGE_TSS_21960	3	-	17579577	17579626	10.42216969	17579626	0	49	-49	49	-49	49
CAGE_TSS_21966	3	-	17639619	17639794	84.2913208	17639794	0	175	-175	175	-175	175
CAGE_TSS_21974	3	-	17689519	17689812	14.04164028	17689812	0	293	-293	293	-293	293
CAGE_TSS_21977	3	-	17700767	17701032	37.32553864	17701032	0	265	-265	265	-265	265
CAGE_TSS_21984	3	-	17719914	17720128	108.661293	17720128	0	214	-214	214	-214	214
CAGE_TSS_21987	3	-	17739720	17739924	105.3075027	17739924	0	204	-204	204	-204	204
CAGE_TSS_21991	3	-	17760808	17760966	55.51464081	17760966	0	158	-158	158	-158	158
CAGE_TSS_22000	3	-	17790819	17790935	21.78190041	17790935	0	116	-116	116	-116	116
CAGE_TSS_22004	3	-	17838430	17838523	63.14229965	17838523	0	93	-93	93	-93	93
CAGE_TSS_22007	3	-	17875441	17875583	6.633039951	17875583	0	142	-142	142	-142	142
CAGE_TSS_22010	3	-	17894134	17894179	73.28392792	17894179	0	45	-45	45	-45	45
CAGE_TSS_22011	3	-	17910523	17910571	10.27935028	17910571	0	48	-48	48	-48	48
CAGE_TSS_22012	3	-	17928187	17928246	17.54943085	17928246	0	59	-59	59	-59	59
CAGE_TSS_22014	3	-	17944866	17945053	162.9138031	17945053	0	187	-187	187	-187	187
CAGE_TSS_22017	3	-	17976669	17976834	155.3710938	17976834	0	165	-165	165	-165	165
CAGE_TSS_22025	3	-	18003576	18003749	72.40180206	18003749	0	173	-173	173	-173	173
CAGE_TSS_22034	3	-	18038199	18038242	13.61872005	18038242	0	43	-43	43	-43	43
CAGE_TSS_22035	3	-	18039827	18039980	12.05410004	18039980	0	153	-153	153	-153	153
CAGE_TSS_22041	3	-	18092311	18092414	167.9873352	18092414	0	103	-103	103	-103	103
CAGE_TSS_22043	3	-	18096807	18096845	16.78885078	18096845	0	38	-38	38	-38	38
CAGE_TSS_22056	3	-	18142258	18142479	7.575389862	18142479	0	221	-221	221	-221	221
CAGE_TSS_22082	3	-	18241242	18241418	24.68876076	18241418	0	176	-176	176	-176	176
CAGE_TSS_22084	3	-	18288032	18288221	86.83451843	18288221	0	189	-189	189	-189	189
CAGE_TSS_22087	3	-	18300204	18300139	4.632019997	18300139	0	-65	65	-65	65	65
CAGE_TSS_22092	3	-	18324487	18324548	6.478889942	18324548	0	61	-61	61	-61	61
CAGE_TSS_22095	3	-	18364924	18365105	18.05153084	18365105	0	181	-181	181	-181	181
CAGE_TSS_22097	3	-	18373023	18373157	210.3588867	18373157	0	134	-134	134	-134	134
CAGE_TSS_22110	3	-	18409703	18409831	11.08119011	18409831	0	128	-128	128	-128	128
CAGE_TSS_22124	3	-	18476824	18476545	112.6095428	18476545	0	-279	279	-279	279	279
CAGE_TSS_22132	3	-	18516149	18516300	59.65631104	18516300	0	151	-151	151	-151	151
CAGE_TSS_22145	3	-	18559105	18559373	108.3005524	18559373	0	268	-268	268	-268	268
CAGE_TSS_22146	3	-	18566779	18567076	60.4086113	18567076	0	297	-297	297	-297	297
CAGE_TSS_22152	3	-	18628871	18629114	44.60942078	18629114	0	243	-243	243	-243	243
CAGE_TSS_22154	3	-	18666687	18666718	4.3332901	18666718	0	31	-31	31	-31	31
CAGE_TSS_22155	3	-	18684346	18684503	5.641580105	18684503	0	157	-157	157	-157	157
CAGE_TSS_22157	3	-	18713555	18713570	53.06946182	18713570	0	15	-15	15	-15	15
CAGE_TSS_22170	3	-	18786887	18787041	33.40174103	18787041	0	154	-154	154	-154	154
CAGE_TSS_22178	3	-	18834535	18834235	12.83316994	18834235	0	-300	300	-300	300	300
CAGE_TSS_22181	3	-	18837375	18837568	21.43096924	18837568	0	193	-193	193	-193	193
CAGE_TSS_22197	3	-	18895494	18895666	87.65534973	18895666	0	172	-172	172	-172	172
CAGE_TSS_22198	3	-	18898623	18898758	48.54652023	18898758	0	135	-135	135	-135	135
CAGE_TSS_22210	3	-	18979973	18980069	153.5595551	18980069	0	96	-96	96	-96	96
CAGE_TSS_22214	3	-	18999467	18999691	14.76140022	18999691	0	224	-224	224	-224	224
CAGE_TSS_22215	3	-	19008421	19008584	7.170400143	19008584	0	163	-163	163	-163	163
CAGE_TSS_22220	3	-	19056223	19056521	7.615240097	19056521	0	298	-298	298	-298	298
CAGE_TSS_22224	3	-	19082139	19082267	88.10035706	19082267	0	128	-128	128	-128	128
CAGE_TSS_22231	3	-	19120880	19121179	137.1087036	19121179	0	299	-299	299	-299	299
CAGE_TSS_22240	3	-	19197344	19197471	34.96604919	19197471	0	127	-127	127	-127	127
CAGE_TSS_22242	3	-	19204431	19204476	11.33699036	19204476	0	45	-45	45	-45	45
CAGE_TSS_22243	3	-	19208188	19208329	11.56075001	19208329	0	141	-141	141	-141	141
CAGE_TSS_22266	3	-	19249050	19249336	9.18614006	19249336	0	286	-286	286	-286	286
CAGE_TSS_22267	3	-	19250930	19251044	5.401090145	19251044	0	114	-114	114	-114	114
CAGE_TSS_22270	3	-	19269387	19269505	5.717870235	19269505	0	118	-118	118	-118	118
CAGE_TSS_22274	3	-	19281301	19281434	156.7816925	19281434	0	133	-133	133	-133	133
CAGE_TSS_22277	3	-	19287562	19287707	9.687270164	19287707	0	145	-145	145	-145	145
CAGE_TSS_22281	3	-	19312101	19312266	156.5728302	19312266	0	165	-165	165	-165	165
CAGE_TSS_22283	3	-	19319075	19319150	5.975999832	19319150	0	75	-75	75	-75	75
CAGE_TSS_22289	3	-	19325653	19325824	120.190361	19325824	0	171	-171	171	-171	171
CAGE_TSS_22292	3	-	19353528	19353795	9.805709839	19353795	0	267	-267	267	-267	267
CAGE_TSS_22294	3	-	19357088	19357210	7.573329926	19357210	0	122	-122	122	-122	122
CAGE_TSS_22306	3	-	19427089	19427246	34.55142975	19427246	0	157	-157	157	-157	157
CAGE_TSS_22307	3	-	19431874	19432052	57.14659119	19432052	0	178	-178	178	-178	178
CAGE_TSS_22308	3	-	19442381	19442551	83.23547363	19442551	0	170	-170	170	-170	170
CAGE_TSS_22310	3	-	19453108	19453375	18.69135094	19453375	0	267	-267	267	-267	267
CAGE_TSS_22313	3	-	19467142	19467437	65.49656677	19467437	0	295	-295	295	-295	295
CAGE_TSS_22315	3	-	19489612	19489773	7.008669853	19489773	0	161	-161	161	-161	161
CAGE_TSS_22320	3	-	19520521	19520644	7.670259953	19520644	0	123	-123	123	-123	123
CAGE_TSS_22338	3	-	19576994	19577079	11.19172955	19577079	0	85	-85	85	-85	85
CAGE_TSS_22340	3	-	19595818	19596005	12.41767979	19596005	0	187	-187	187	-187	187
CAGE_TSS_22359	3	-	19657977	19658192	20.02963066	19658192	0	215	-215	215	-215	215
CAGE_TSS_22373	3	-	19745997	19746133	64.3243103	19746133	0	136	-136	136	-136	136
CAGE_TSS_22375	3	-	19746722	19746947	31.18696022	19746947	0	225	-225	225	-225	225
CAGE_TSS_22376	3	-	19753168	19753141	33.3822403	19753141	0	-27	27	-27	27	27
CAGE_TSS_22383	3	-	19782669	19782921	38.91242981	19782921	0	252	-252	252	-252	252
CAGE_TSS_22384	3	-	19788810	19788892	154.9481201	19788892	0	82	-82	82	-82	82
CAGE_TSS_22385	3	-	19791489	19791577	68.39968109	19791577	0	88	-88	88	-88	88
CAGE_TSS_22391	3	-	19815650	19815768	35.35034943	19815768	0	118	-118	118	-118	118
CAGE_TSS_22401	3	-	19837010	19837113	20.79577065	19837113	0	103	-103	103	-103	103
CAGE_TSS_22405	3	-	19864518	19864294	7.819540024	19864294	0	-224	224	-224	224	224
CAGE_TSS_22408	3	-	19897940	19898054	6.360270023	19898054	0	114	-114	114	-114	114
CAGE_TSS_22414	3	-	19910111	19910149	4.824510098	19910149	0	38	-38	38	-38	38
CAGE_TSS_22423	3	-	19935232	19935439	17.75181961	19935439	0	207	-207	207	-207	207
CAGE_TSS_22434	3	-	19964550	19964785	88.99034119	19964785	0	235	-235	235	-235	235
CAGE_TSS_22446	3	-	20037944	20038174	231.4489136	20038174	0	230	-230	230	-230	230
CAGE_TSS_22451	3	-	20064150	20064392	10.45703983	20064392	0	242	-242	242	-242	242
CAGE_TSS_22454	3	-	20084696	20084799	6.492400169	20084799	0	103	-103	103	-103	103
CAGE_TSS_22458	3	-	20106036	20106192	7.339250088	20106192	0	156	-156	156	-156	156
CAGE_TSS_22473	3	-	20142639	20142870	7.373330116	20142870	0	231	-231	231	-231	231
CAGE_TSS_22474	3	-	20148126	20148110	22.29392052	20148110	0	-16	16	-16	16	16
CAGE_TSS_22476	3	-	20167312	20167422	115.3580627	20167422	0	110	-110	110	-110	110
CAGE_TSS_22479	3	-	20170296	20170479	10.32820034	20170479	0	183	-183	183	-183	183
CAGE_TSS_22480	3	-	20173409	20173424	22.25015068	20173424	0	15	-15	15	-15	15
CAGE_TSS_22486	3	-	20178996	20179107	104.6356812	20179107	0	111	-111	111	-111	111
CAGE_TSS_22502	3	-	20220388	20220530	25.07669067	20220530	0	142	-142	142	-142	142
CAGE_TSS_22505	3	-	20225336	20225399	73.60395813	20225399	0	63	-63	63	-63	63
CAGE_TSS_22508	3	-	20228948	20229164	46.96585846	20229164	0	216	-216	216	-216	216
CAGE_TSS_22512	3	-	20233184	20233260	52.8416481	20233260	0	76	-76	76	-76	76
CAGE_TSS_22519	3	-	20272454	20272587	5.604249954	20272587	0	133	-133	133	-133	133
CAGE_TSS_22522	3	-	20285133	20285225	6.672560215	20285225	0	92	-92	92	-92	92
CAGE_TSS_22525	3	-	20315177	20315355	12.26793957	20315355	0	178	-178	178	-178	178
CAGE_TSS_22528	3	-	20338522	20338746	210.192627	20338746	0	224	-224	224	-224	224
CAGE_TSS_22533	3	-	20342390	20342479	11.93890953	20342479	0	89	-89	89	-89	89
CAGE_TSS_22537	3	-	20361121	20361231	6.509339809	20361231	0	110	-110	110	-110	110
CAGE_TSS_22538	3	-	20366841	20367001	41.27399826	20367001	0	160	-160	160	-160	160
CAGE_TSS_22540	3	-	20376673	20376684	57.71620178	20376684	0	11	-11	11	-11	11
CAGE_TSS_22541	3	-	20394867	20394856	9.766320229	20394856	0	-11	11	-11	11	11
CAGE_TSS_22545	3	-	20402470	20402582	68.37329865	20402582	0	112	-112	112	-112	112
CAGE_TSS_22549	3	-	20427376	20427499	9.437299728	20427499	0	123	-123	123	-123	123
CAGE_TSS_22552	3	-	20431465	20431591	70.01100922	20431591	0	126	-126	126	-126	126
CAGE_TSS_22556	3	-	20436389	20436484	17.56034088	20436484	0	95	-95	95	-95	95
CAGE_TSS_22564	3	-	20474758	20474847	5.127689838	20474847	0	89	-89	89	-89	89
CAGE_TSS_22571	3	-	20552091	20552259	196.6543427	20552259	0	168	-168	168	-168	168
CAGE_TSS_22576	3	-	20597607	20597847	7.574140072	20597847	0	240	-240	240	-240	240
CAGE_TSS_22577	3	-	20605910	20605996	22.00556946	20605996	0	86	-86	86	-86	86
CAGE_TSS_22582	3	-	20629084	20629343	19.94927979	20629343	0	259	-259	259	-259	259
CAGE_TSS_22584	3	-	20684051	20684111	13.23089027	20684111	0	60	-60	60	-60	60
CAGE_TSS_22587	3	-	20756459	20756612	188.3222809	20756612	0	153	-153	153	-153	153
CAGE_TSS_22590	3	-	20785842	20785932	130.8497467	20785932	0	90	-90	90	-90	90
CAGE_TSS_22594	3	-	20797497	20797783	11.14982033	20797783	0	286	-286	286	-286	286
CAGE_TSS_22596	3	-	20800895	20800884	38.96369934	20800884	0	-11	11	-11	11	11
CAGE_TSS_22603	3	-	20816031	20816273	13.5707798	20816273	0	242	-242	242	-242	242
CAGE_TSS_22633	3	-	20893414	20893653	22.33090019	20893653	0	239	-239	239	-239	239
CAGE_TSS_22635	3	-	20903009	20903127	81.34649658	20903127	0	118	-118	118	-118	118
CAGE_TSS_22638	3	-	20910476	20910624	8.230759621	20910624	0	148	-148	148	-148	148
CAGE_TSS_22652	3	-	21007564	21007749	6.905799866	21007749	0	185	-185	185	-185	185
CAGE_TSS_22657	3	-	21036025	21036270	62.14981842	21036270	0	245	-245	245	-245	245
CAGE_TSS_22659	3	-	21038954	21039071	5.436719894	21039071	0	117	-117	117	-117	117
CAGE_TSS_22664	3	-	21064988	21065271	7.332849979	21065271	0	283	-283	283	-283	283
CAGE_TSS_22673	3	-	21097408	21097590	12.34556961	21097590	0	182	-182	182	-182	182
CAGE_TSS_22683	3	-	21114642	21114747	26.43419075	21114747	0	105	-105	105	-105	105
CAGE_TSS_22697	3	-	21189858	21190116	124.9626312	21190116	0	258	-258	258	-258	258
CAGE_TSS_22702	3	-	21216521	21216442	5.585010052	21216442	0	-79	79	-79	79	79
CAGE_TSS_22710	3	-	21255424	21255525	49.14662933	21255525	0	101	-101	101	-101	101
CAGE_TSS_22713	3	-	21276012	21276156	62.92987061	21276156	0	144	-144	144	-144	144
CAGE_TSS_22718	3	-	21293157	21293438	16.6700592	21293438	0	281	-281	281	-281	281
CAGE_TSS_22721	3	-	21301807	21302104	13.7047596	21302104	0	297	-297	297	-297	297
CAGE_TSS_22732	3	-	21343796	21343685	9.801790237	21343685	0	-111	111	-111	111	111
CAGE_TSS_22745	3	-	21409326	21409618	7.226510048	21409618	0	292	-292	292	-292	292
CAGE_TSS_22751	3	-	21434379	21434374	160.8297272	21434374	0	-5	5	-5	5	5
CAGE_TSS_22755	3	-	21448686	21448839	43.21738052	21448839	0	153	-153	153	-153	153
CAGE_TSS_22756	3	-	21469287	21469467	18.67635918	21469467	0	180	-180	180	-180	180
CAGE_TSS_22766	3	-	21523282	21523529	171.8035126	21523529	0	247	-247	247	-247	247
CAGE_TSS_22775	3	-	21543903	21543979	48.21786118	21543979	0	76	-76	76	-76	76
CAGE_TSS_22776	3	-	21549580	21549786	19.2443409	21549786	0	206	-206	206	-206	206
CAGE_TSS_22794	3	-	21654166	21654349	6.266880035	21654349	0	183	-183	183	-183	183
CAGE_TSS_22795	3	-	21664028	21664173	21.38492966	21664173	0	145	-145	145	-145	145
CAGE_TSS_22799	3	-	21685936	21686067	7.725599766	21686067	0	131	-131	131	-131	131
CAGE_TSS_22800	3	-	21693830	21693902	16.38777924	21693902	0	72	-72	72	-72	72
CAGE_TSS_22808	3	-	21719900	21720151	45.88360977	21720151	0	251	-251	251	-251	251
CAGE_TSS_22812	3	-	21746236	21746422	152.355896	21746422	0	186	-186	186	-186	186
CAGE_TSS_22816	3	-	21758760	21758808	182.596344	21758808	0	48	-48	48	-48	48
CAGE_TSS_22826	3	-	21798300	21798425	67.99331665	21798425	0	125	-125	125	-125	125
CAGE_TSS_22830	3	-	21817511	21817676	110.2206192	21817676	0	165	-165	165	-165	165
CAGE_TSS_22832	3	-	21827497	21827580	171.1346893	21827580	0	83	-83	83	-83	83
CAGE_TSS_22836	3	-	21830852	21830980	64.78151703	21830980	0	128	-128	128	-128	128
CAGE_TSS_22849	3	-	21940166	21940393	84.638237	21940393	0	227	-227	227	-227	227
CAGE_TSS_22854	3	-	21963087	21963232	9.965029716	21963232	0	145	-145	145	-145	145
CAGE_TSS_22858	3	-	21980772	21980793	10.64264011	21980793	0	21	-21	21	-21	21
CAGE_TSS_22867	3	-	22056920	22057025	185.1791229	22057025	0	105	-105	105	-105	105
CAGE_TSS_22869	3	-	22075397	22075510	206.6215057	22075510	0	113	-113	113	-113	113
CAGE_TSS_22871	3	-	22078360	22078173	205.9527588	22078173	0	-187	187	-187	187	187
CAGE_TSS_22873	3	-	22086182	22086230	6.078139782	22086230	0	48	-48	48	-48	48
CAGE_TSS_22877	3	-	22102174	22102363	81.17221832	22102363	0	189	-189	189	-189	189
CAGE_TSS_22880	3	-	22118240	22118451	19.45504951	22118451	0	211	-211	211	-211	211
CAGE_TSS_22886	3	-	22140195	22140295	39.8143692	22140295	0	100	-100	100	-100	100
CAGE_TSS_22898	3	-	22169867	22170023	19.06641006	22170023	0	156	-156	156	-156	156
CAGE_TSS_22903	3	-	22186512	22186785	89.56900787	22186785	0	273	-273	273	-273	273
CAGE_TSS_22908	3	-	22244059	22244113	31.73768997	22244113	0	54	-54	54	-54	54
CAGE_TSS_22916	3	-	22255826	22255985	8.657500267	22255985	0	159	-159	159	-159	159
CAGE_TSS_22921	3	-	22311184	22311449	56.80730057	22311449	0	265	-265	265	-265	265
CAGE_TSS_22928	3	-	22322508	22322627	13.91878033	22322627	0	119	-119	119	-119	119
CAGE_TSS_22932	3	-	22362575	22362700	109.8038025	22362700	0	125	-125	125	-125	125
CAGE_TSS_22935	3	-	22375870	22376040	6.478569984	22376040	0	170	-170	170	-170	170
CAGE_TSS_22939	3	-	22453397	22453658	13.79061985	22453658	0	261	-261	261	-261	261
CAGE_TSS_22950	3	-	22500882	22500988	55.00941849	22500988	0	106	-106	106	-106	106
CAGE_TSS_22954	3	-	22566744	22566931	29.67098045	22566931	0	187	-187	187	-187	187
CAGE_TSS_22955	3	-	22575301	22575428	15.53444004	22575428	0	127	-127	127	-127	127
CAGE_TSS_22957	3	-	22606734	22606855	7.64068985	22606855	0	121	-121	121	-121	121
CAGE_TSS_22961	3	-	22615467	22615747	5.430580139	22615747	0	280	-280	280	-280	280
CAGE_TSS_22973	3	-	22676778	22676900	75.2640686	22676900	0	122	-122	122	-122	122
CAGE_TSS_22998	3	-	22856972	22857207	22.3685894	22857207	0	235	-235	235	-235	235
CAGE_TSS_22999	3	-	22859290	22859541	46.22562027	22859541	0	251	-251	251	-251	251
CAGE_TSS_23002	3	-	22873776	22873951	63.03649902	22873951	0	175	-175	175	-175	175
CAGE_TSS_23005	3	-	22881539	22881637	43.89070892	22881637	0	98	-98	98	-98	98
CAGE_TSS_23025	3	-	22999930	23000081	5.306200027	23000081	0	151	-151	151	-151	151
CAGE_TSS_23034	3	-	23040583	23040664	66.69328308	23040664	0	81	-81	81	-81	81
CAGE_TSS_23042	3	-	23065758	23065938	13.02268982	23065938	0	180	-180	180	-180	180
CAGE_TSS_23048	3	-	23092805	23093005	230.3846893	23093005	0	200	-200	200	-200	200
CAGE_TSS_23051	3	-	23116938	23117137	161.3279266	23117137	0	199	-199	199	-199	199
CAGE_TSS_23059	3	-	23165194	23165355	190.7258148	23165355	0	161	-161	161	-161	161
CAGE_TSS_23061	3	-	23182056	23182332	8.50728035	23182332	0	276	-276	276	-276	276
CAGE_TSS_23067	3	-	23221199	23221475	18.70290947	23221475	0	276	-276	276	-276	276
CAGE_TSS_23070	3	-	23224273	23224290	7.034120083	23224290	0	17	-17	17	-17	17
CAGE_TSS_23076	3	-	23242197	23242311	36.68635178	23242311	0	114	-114	114	-114	114
CAGE_TSS_23085	3	-	23255198	23255315	9.475859642	23255315	0	117	-117	117	-117	117
CAGE_TSS_23096	3	-	23319543	23319716	11.69406033	23319716	0	173	-173	173	-173	173
CAGE_TSS_23098	3	-	23324245	23324304	12.55644035	23324304	0	59	-59	59	-59	59
CAGE_TSS_23117	3	-	23367395	23367488	34.36568069	23367488	0	93	-93	93	-93	93
CAGE_TSS_23122	3	-	23377436	23377631	7.238639832	23377631	0	195	-195	195	-195	195
CAGE_TSS_23124	3	-	23389008	23389229	20.93320084	23389229	0	221	-221	221	-221	221
CAGE_TSS_23128	3	-	23410328	23410554	12.51994038	23410554	0	226	-226	226	-226	226
CAGE_TSS_23136	3	-	23429141	23429175	21.28590965	23429175	0	34	-34	34	-34	34
CAGE_TSS_23139	3	-	23437335	23437615	152.9855347	23437615	0	280	-280	280	-280	280
CAGE_TSS_23143	3	-	23450192	23450347	61.4710083	23450347	0	155	-155	155	-155	155
CAGE_TSS_25992	4	-	59184	59334	16.14845085	59334	0	150	-150	150	-150	150
CAGE_TSS_26005	4	-	118513	118798	25.49317932	118798	0	285	-285	285	-285	285
CAGE_TSS_26007	4	-	144522	144571	8.601160049	144571	0	49	-49	49	-49	49
CAGE_TSS_26009	4	-	163428	163716	54.93328094	163716	0	288	-288	288	-288	288
CAGE_TSS_26013	4	-	176777	177017	102.1189499	177017	0	240	-240	240	-240	240
CAGE_TSS_26020	4	-	187604	187802	11.82166004	187802	0	198	-198	198	-198	198
CAGE_TSS_26031	4	-	246771	246976	13.17934036	246976	0	205	-205	205	-205	205
CAGE_TSS_26042	4	-	297290	297525	10.86038017	297525	0	235	-235	235	-235	235
CAGE_TSS_26044	4	-	310452	310491	6.266880035	310491	0	39	-39	39	-39	39
CAGE_TSS_26089	4	-	481160	481316	5.045559883	481316	0	156	-156	156	-156	156
CAGE_TSS_26093	4	-	512792	513072	153.04039	513072	0	280	-280	280	-280	280
CAGE_TSS_26096	4	-	524213	524322	8.955340385	524322	0	109	-109	109	-109	109
CAGE_TSS_26116	4	-	676348	676484	81.70107269	676484	0	136	-136	136	-136	136
CAGE_TSS_26118	4	-	682651	682697	21.18401909	682697	0	46	-46	46	-46	46
CAGE_TSS_26122	4	-	705887	706134	10.42216969	706134	0	247	-247	247	-247	247
CAGE_TSS_26123	4	-	706974	707056	11.09813976	707056	0	82	-82	82	-82	82
CAGE_TSS_26130	4	-	776175	776407	6.667809963	776407	0	232	-232	232	-232	232
CAGE_TSS_26136	4	-	798279	798452	5.005169868	798452	0	173	-173	173	-173	173
CAGE_TSS_26143	4	-	826798	826925	27.10724068	826925	0	127	-127	127	-127	127
CAGE_TSS_26144	4	-	831296	831342	66.75257111	831342	0	46	-46	46	-46	46
CAGE_TSS_26150	4	-	846790	846894	11.98666	846894	0	104	-104	104	-104	104
CAGE_TSS_26152	4	-	853159	853451	18.31160927	853451	0	292	-292	292	-292	292
CAGE_TSS_26159	4	-	900242	900399	38.30860901	900399	0	157	-157	157	-157	157
CAGE_TSS_26160	4	-	901042	901159	12.22684956	901159	0	117	-117	117	-117	117
CAGE_TSS_26161	4	-	916506	916726	31.80534935	916726	0	220	-220	220	-220	220
CAGE_TSS_26162	4	-	947073	947233	36.68635178	947233	0	160	-160	160	-160	160
CAGE_TSS_26174	4	-	1046627	1046861	7.960820198	1046861	0	234	-234	234	-234	234
CAGE_TSS_26175	4	-	1046993	1047225	39.5524292	1047225	0	232	-232	232	-232	232
CAGE_TSS_26187	4	-	1088847	1089097	9.97906971	1089097	0	250	-250	250	-250	250
CAGE_TSS_26208	4	-	1151199	1151399	9.801790237	1151399	0	200	-200	200	-200	200
CAGE_TSS_26214	4	-	1203340	1203492	19.95700073	1203492	0	152	-152	152	-152	152
CAGE_TSS_26225	4	-	1268638	1268645	10.3130703	1268645	0	7	-7	7	-7	7
CAGE_TSS_26227	4	-	1270524	1270564	17.97155952	1270564	0	40	-40	40	-40	40
CAGE_TSS_26244	4	-	1353929	1354116	13.30210018	1354116	0	187	-187	187	-187	187
CAGE_TSS_26254	4	-	1407136	1407361	42.62614059	1407361	0	225	-225	225	-225	225
CAGE_TSS_26256	4	-	1433747	1434043	5.377930164	1434043	0	296	-296	296	-296	296
CAGE_TSS_26265	4	-	1499875	1500047	22.83608055	1500047	0	172	-172	172	-172	172
CAGE_TSS_26270	4	-	1529106	1529288	16.78348923	1529288	0	182	-182	182	-182	182
CAGE_TSS_26274	4	-	1559388	1559621	30.81488037	1559621	0	233	-233	233	-233	233
CAGE_TSS_26280	4	-	1604342	1604564	10.37036991	1604564	0	222	-222	222	-222	222
CAGE_TSS_26291	4	-	1774426	1774550	79.74095917	1774550	0	124	-124	124	-124	124
CAGE_TSS_26344	4	-	2351922	2352046	7.413919926	2352046	0	124	-124	124	-124	124
CAGE_TSS_26354	4	-	2413285	2413406	33.33066177	2413406	0	121	-121	121	-121	121
CAGE_TSS_26361	4	-	2464087	2464213	28.16628075	2464213	0	126	-126	126	-126	126
CAGE_TSS_26381	4	-	2525269	2525519	21.42144966	2525519	0	250	-250	250	-250	250
CAGE_TSS_26385	4	-	2589359	2589393	10.45343018	2589393	0	34	-34	34	-34	34
CAGE_TSS_26394	4	-	2635109	2635146	13.51640987	2635146	0	37	-37	37	-37	37
CAGE_TSS_26399	4	-	2673187	2673386	126.444809	2673386	0	199	-199	199	-199	199
CAGE_TSS_26400	4	-	2682323	2682527	12.97537994	2682527	0	204	-204	204	-204	204
CAGE_TSS_26403	4	-	2723139	2723272	7.565559864	2723272	0	133	-133	133	-133	133
CAGE_TSS_26408	4	-	2740683	2740709	12.38177013	2740709	0	26	-26	26	-26	26
CAGE_TSS_26477	4	-	4199418	4199695	15.05996037	4199695	0	277	-277	277	-277	277
CAGE_TSS_26491	4	-	4805281	4805349	13.36413002	4805349	0	68	-68	68	-68	68
CAGE_TSS_26508	4	-	5086640	5086666	7.161419868	5086666	0	26	-26	26	-26	26
CAGE_TSS_26517	4	-	5167178	5167232	185.7584076	5167232	0	54	-54	54	-54	54
CAGE_TSS_26520	4	-	5189809	5189802	12.72772026	5189802	0	-7	7	-7	7	7
CAGE_TSS_26522	4	-	5256696	5256902	10.13066959	5256902	0	206	-206	206	-206	206
CAGE_TSS_26547	4	-	5617943	5618086	18.07669067	5618086	0	143	-143	143	-143	143
CAGE_TSS_26551	4	-	5640496	5640752	40.6050415	5640752	0	256	-256	256	-256	256
CAGE_TSS_26557	4	-	5648721	5648824	11.02235985	5648824	0	103	-103	103	-103	103
CAGE_TSS_26559	4	-	5722975	5723140	6.717269897	5723140	0	165	-165	165	-165	165
CAGE_TSS_26568	4	-	5797333	5797342	11.00139999	5797342	0	9	-9	9	-9	9
CAGE_TSS_26572	4	-	5927626	5927720	8.626759529	5927720	0	94	-94	94	-94	94
CAGE_TSS_26591	4	-	6054386	6054495	9.802430153	6054495	0	109	-109	109	-109	109
CAGE_TSS_26597	4	-	6109096	6109343	13.4171896	6109343	0	247	-247	247	-247	247
CAGE_TSS_26620	4	-	6310849	6311146	8.658349991	6311146	0	297	-297	297	-297	297
CAGE_TSS_26622	4	-	6373539	6373797	6.983550072	6373797	0	258	-258	258	-258	258
CAGE_TSS_26630	4	-	6435064	6435258	81.76654053	6435258	0	194	-194	194	-194	194
CAGE_TSS_26645	4	-	6543447	6543672	8.165340424	6543672	0	225	-225	225	-225	225
CAGE_TSS_26651	4	-	6614856	6615045	37.09605026	6615045	0	189	-189	189	-189	189
CAGE_TSS_26665	4	-	6711223	6711274	133.8272552	6711274	0	51	-51	51	-51	51
CAGE_TSS_26668	4	-	6718552	6718678	38.15673828	6718678	0	126	-126	126	-126	126
CAGE_TSS_26676	4	-	6734358	6734410	67.72444916	6734410	0	52	-52	52	-52	52
CAGE_TSS_26678	4	-	6756538	6756822	6.822780132	6756822	0	284	-284	284	-284	284
CAGE_TSS_26689	4	-	6839794	6839946	157.6708679	6839946	0	152	-152	152	-152	152
CAGE_TSS_26698	4	-	6947227	6947315	6.721519947	6947315	0	88	-88	88	-88	88
CAGE_TSS_26711	4	-	6998947	6998943	94.49771881	6998943	0	-4	4	-4	4	4
CAGE_TSS_26716	4	-	7011332	7011542	11.24722958	7011542	0	210	-210	210	-210	210
CAGE_TSS_26721	4	-	7026142	7026262	11.02235985	7026262	0	120	-120	120	-120	120
CAGE_TSS_26722	4	-	7053110	7053253	22.28001022	7053253	0	143	-143	143	-143	143
CAGE_TSS_26724	4	-	7099696	7099830	47.93775177	7099830	0	134	-134	134	-134	134
CAGE_TSS_26726	4	-	7112024	7112150	115.360527	7112150	0	126	-126	126	-126	126
CAGE_TSS_26729	4	-	7128102	7128184	8.594070435	7128184	0	82	-82	82	-82	82
CAGE_TSS_26735	4	-	7177747	7177952	27.57459068	7177952	0	205	-205	205	-205	205
CAGE_TSS_26736	4	-	7185569	7185523	31.72616959	7185523	0	-46	46	-46	46	46
CAGE_TSS_26737	4	-	7189866	7190153	17.13857079	7190153	0	287	-287	287	-287	287
CAGE_TSS_26738	4	-	7195151	7195310	125.5906296	7195310	0	159	-159	159	-159	159
CAGE_TSS_26744	4	-	7239993	7240132	6.829440117	7240132	0	139	-139	139	-139	139
CAGE_TSS_26746	4	-	7243031	7243181	20.61603928	7243181	0	150	-150	150	-150	150
CAGE_TSS_26748	4	-	7261162	7261342	7.279679775	7261342	0	180	-180	180	-180	180
CAGE_TSS_26749	4	-	7290975	7291200	72.45617676	7291200	0	225	-225	225	-225	225
CAGE_TSS_26751	4	-	7309733	7309919	5.233650208	7309919	0	186	-186	186	-186	186
CAGE_TSS_26755	4	-	7319738	7319965	25.20808983	7319965	0	227	-227	227	-227	227
CAGE_TSS_26767	4	-	7353022	7353136	5.756750107	7353136	0	114	-114	114	-114	114
CAGE_TSS_26768	4	-	7368733	7368991	7.994820118	7368991	0	258	-258	258	-258	258
CAGE_TSS_26772	4	-	7401903	7402108	5.184209824	7402108	0	205	-205	205	-205	205
CAGE_TSS_26775	4	-	7410405	7410649	7.387859821	7410649	0	244	-244	244	-244	244
CAGE_TSS_26786	4	-	7470620	7470716	16.46492958	7470716	0	96	-96	96	-96	96
CAGE_TSS_26792	4	-	7492860	7492943	19.86774063	7492943	0	83	-83	83	-83	83
CAGE_TSS_26793	4	-	7494227	7494388	43.00421143	7494388	0	161	-161	161	-161	161
CAGE_TSS_26798	4	-	7519422	7519582	218.1982574	7519582	0	160	-160	160	-160	160
CAGE_TSS_26803	4	-	7545255	7545457	66.79373932	7545457	0	202	-202	202	-202	202
CAGE_TSS_26806	4	-	7553349	7553499	10.10210991	7553499	0	150	-150	150	-150	150
CAGE_TSS_26820	4	-	7652255	7652437	7.029290199	7652437	0	182	-182	182	-182	182
CAGE_TSS_26827	4	-	7658206	7658279	27.46606064	7658279	0	73	-73	73	-73	73
CAGE_TSS_26828	4	-	7663173	7663249	10.11435986	7663249	0	76	-76	76	-76	76
CAGE_TSS_26836	4	-	7686875	7687051	6.723360062	7687051	0	176	-176	176	-176	176
CAGE_TSS_26837	4	-	7724013	7724155	34.38499832	7724155	0	142	-142	142	-142	142
CAGE_TSS_26838	4	-	7736810	7736860	5.736710072	7736860	0	50	-50	50	-50	50
CAGE_TSS_26840	4	-	7760906	7761120	8.698820114	7761120	0	214	-214	214	-214	214
CAGE_TSS_26845	4	-	7786112	7786231	142.4586182	7786231	0	119	-119	119	-119	119
CAGE_TSS_26855	4	-	7807850	7808061	17.08468056	7808061	0	211	-211	211	-211	211
CAGE_TSS_26857	4	-	7826929	7827025	65.69783783	7827025	0	96	-96	96	-96	96
CAGE_TSS_26868	4	-	7898485	7898784	17.71352005	7898784	0	299	-299	299	-299	299
CAGE_TSS_26870	4	-	7903943	7904103	17.17313004	7904103	0	160	-160	160	-160	160
CAGE_TSS_26872	4	-	7936425	7936588	7.493669987	7936588	0	163	-163	163	-163	163
CAGE_TSS_26875	4	-	7946729	7947003	11.50109005	7947003	0	274	-274	274	-274	274
CAGE_TSS_26884	4	-	7992308	7992503	25.4863205	7992503	0	195	-195	195	-195	195
CAGE_TSS_26886	4	-	8003916	8004173	8.328590393	8004173	0	257	-257	257	-257	257
CAGE_TSS_26896	4	-	8025574	8025629	21.73356056	8025629	0	55	-55	55	-55	55
CAGE_TSS_26910	4	-	8095735	8095665	8.044480324	8095665	0	-70	70	-70	70	70
CAGE_TSS_26916	4	-	8100215	8100377	44.24029922	8100377	0	162	-162	162	-162	162
CAGE_TSS_26942	4	-	8203182	8203421	33.3822403	8203421	0	239	-239	239	-239	239
CAGE_TSS_26944	4	-	8230287	8230418	39.64810944	8230418	0	131	-131	131	-131	131
CAGE_TSS_26955	4	-	8255479	8255627	20.23257065	8255627	0	148	-148	148	-148	148
CAGE_TSS_26958	4	-	8260815	8260980	43.89125824	8260980	0	165	-165	165	-165	165
CAGE_TSS_26959	4	-	8271050	8271246	51.01731873	8271246	0	196	-196	196	-196	196
CAGE_TSS_26967	4	-	8303840	8304019	14.84523964	8304019	0	179	-179	179	-179	179
CAGE_TSS_27000	4	-	8435074	8435289	26.51737976	8435289	0	215	-215	215	-215	215
CAGE_TSS_27005	4	-	8464389	8464611	87.26618195	8464611	0	222	-222	222	-222	222
CAGE_TSS_27020	4	-	8520435	8520445	56.2942009	8520445	0	10	-10	10	-10	10
CAGE_TSS_27029	4	-	8550424	8550548	31.7203598	8550548	0	124	-124	124	-124	124
CAGE_TSS_27035	4	-	8633047	8633166	12.76729012	8633166	0	119	-119	119	-119	119
CAGE_TSS_27036	4	-	8640288	8640555	8.355669975	8640555	0	267	-267	267	-267	267
CAGE_TSS_27041	4	-	8669464	8669738	103.5622635	8669738	0	274	-274	274	-274	274
CAGE_TSS_27043	4	-	8695629	8695543	205.212265	8695543	0	-86	86	-86	86	86
CAGE_TSS_27044	4	-	8705417	8705544	15.03981972	8705544	0	127	-127	127	-127	127
CAGE_TSS_27050	4	-	8753162	8753288	223.110199	8753288	0	126	-126	126	-126	126
CAGE_TSS_27052	4	-	8760603	8760902	147.2100372	8760902	0	299	-299	299	-299	299
CAGE_TSS_27055	4	-	8794280	8794543	151.5732422	8794543	0	263	-263	263	-263	263
CAGE_TSS_27066	4	-	8869235	8869453	30.77726936	8869453	0	218	-218	218	-218	218
CAGE_TSS_27071	4	-	8879335	8879607	98.97940063	8879607	0	272	-272	272	-272	272
CAGE_TSS_27077	4	-	8957631	8957762	7.849440098	8957762	0	131	-131	131	-131	131
CAGE_TSS_27080	4	-	8974537	8974641	20.28952026	8974641	0	104	-104	104	-104	104
CAGE_TSS_27084	4	-	8977242	8977530	16.54533005	8977530	0	288	-288	288	-288	288
CAGE_TSS_27088	4	-	8985598	8985504	138.5066071	8985504	0	-94	94	-94	94	94
CAGE_TSS_27097	4	-	9033394	9033429	54.93951035	9033429	0	35	-35	35	-35	35
CAGE_TSS_27100	4	-	9047482	9047729	5.330649853	9047729	0	247	-247	247	-247	247
CAGE_TSS_27103	4	-	9100816	9101096	19.50058937	9101096	0	280	-280	280	-280	280
CAGE_TSS_27104	4	-	9119222	9119512	5.940780163	9119512	0	290	-290	290	-290	290
CAGE_TSS_27105	4	-	9129736	9130001	55.77993011	9130001	0	265	-265	265	-265	265
CAGE_TSS_27108	4	-	9137186	9137461	5.984020233	9137461	0	275	-275	275	-275	275
CAGE_TSS_27111	4	-	9144577	9144607	27.47866058	9144607	0	30	-30	30	-30	30
CAGE_TSS_27113	4	-	9157202	9157353	28.39963913	9157353	0	151	-151	151	-151	151
CAGE_TSS_27123	4	-	9204063	9204283	13.63024998	9204283	0	220	-220	220	-220	220
CAGE_TSS_27132	4	-	9265996	9266164	31.79103088	9266164	0	168	-168	168	-168	168
CAGE_TSS_27142	4	-	9295624	9295885	77.11663055	9295885	0	261	-261	261	-261	261
CAGE_TSS_27143	4	-	9301914	9302139	62.24934006	9302139	0	225	-225	225	-225	225
CAGE_TSS_27162	4	-	9390886	9390998	249.1538849	9390998	0	112	-112	112	-112	112
CAGE_TSS_27194	4	-	9525782	9525832	9.747249603	9525832	0	50	-50	50	-50	50
CAGE_TSS_27227	4	-	9650910	9650895	8.888970375	9650895	0	-15	15	-15	15	15
CAGE_TSS_27229	4	-	9663766	9663861	16.87507057	9663861	0	95	-95	95	-95	95
CAGE_TSS_27237	4	-	9697687	9697739	12.79874992	9697739	0	52	-52	52	-52	52
CAGE_TSS_27243	4	-	9724639	9724684	12.96866989	9724684	0	45	-45	45	-45	45
CAGE_TSS_27244	4	-	9726812	9727059	9.767629623	9727059	0	247	-247	247	-247	247
CAGE_TSS_27247	4	-	9744862	9745034	177.0509796	9745034	0	172	-172	172	-172	172
CAGE_TSS_27251	4	-	9751722	9751876	17.00568962	9751876	0	154	-154	154	-154	154
CAGE_TSS_27260	4	-	9775591	9775636	6.108590126	9775636	0	45	-45	45	-45	45
CAGE_TSS_27271	4	-	9844199	9844255	6.401169777	9844255	0	56	-56	56	-56	56
CAGE_TSS_27272	4	-	9850810	9850955	9.333069801	9850955	0	145	-145	145	-145	145
CAGE_TSS_27279	4	-	9896683	9896686	36.34209824	9896686	0	3	-3	3	-3	3
CAGE_TSS_27286	4	-	9920448	9920625	115.8038788	9920625	0	177	-177	177	-177	177
CAGE_TSS_27299	4	-	10006797	10006995	146.1064301	10006995	0	198	-198	198	-198	198
CAGE_TSS_27303	4	-	10015678	10015909	234.9708252	10015909	0	231	-231	231	-231	231
CAGE_TSS_27317	4	-	10049414	10049592	184.6733093	10049592	0	178	-178	178	-178	178
CAGE_TSS_27327	4	-	10148777	10148851	88.55239105	10148851	0	74	-74	74	-74	74
CAGE_TSS_27334	4	-	10171249	10171413	6.702400208	10171413	0	164	-164	164	-164	164
CAGE_TSS_27336	4	-	10182139	10182268	8.234769821	10182268	0	129	-129	129	-129	129
CAGE_TSS_27337	4	-	10185290	10185447	11.01498032	10185447	0	157	-157	157	-157	157
CAGE_TSS_27340	4	-	10188909	10189094	146.5094452	10189094	0	185	-185	185	-185	185
CAGE_TSS_27347	4	-	10227010	10227065	6.117400169	10227065	0	55	-55	55	-55	55
CAGE_TSS_27356	4	-	10278571	10278766	8.406350136	10278766	0	195	-195	195	-195	195
CAGE_TSS_27366	4	-	10309502	10309579	10.14871025	10309579	0	77	-77	77	-77	77
CAGE_TSS_27384	4	-	10414247	10414391	58.25838852	10414391	0	144	-144	144	-144	144
CAGE_TSS_27385	4	-	10423486	10423617	8.234769821	10423617	0	131	-131	131	-131	131
CAGE_TSS_27387	4	-	10437429	10437668	90.55670929	10437668	0	239	-239	239	-239	239
CAGE_TSS_27398	4	-	10459271	10459458	119.8188629	10459458	0	187	-187	187	-187	187
CAGE_TSS_27401	4	-	10464173	10464373	49.78937149	10464373	0	200	-200	200	-200	200
CAGE_TSS_27415	4	-	10572433	10572509	7.37210989	10572509	0	76	-76	76	-76	76
CAGE_TSS_27416	4	-	10576379	10576562	50.4615097	10576562	0	183	-183	183	-183	183
CAGE_TSS_27420	4	-	10584833	10585035	13.42047977	10585035	0	202	-202	202	-202	202
CAGE_TSS_27421	4	-	10585734	10585922	37.34645844	10585922	0	188	-188	188	-188	188
CAGE_TSS_27435	4	-	10661192	10661240	35.69995117	10661240	0	48	-48	48	-48	48
CAGE_TSS_27441	4	-	10698685	10698918	14.18305016	10698918	0	233	-233	233	-233	233
CAGE_TSS_27443	4	-	10702039	10702211	42.28376007	10702211	0	172	-172	172	-172	172
CAGE_TSS_27454	4	-	10780362	10780555	19.62478065	10780555	0	193	-193	193	-193	193
CAGE_TSS_27462	4	-	10786391	10786586	7.14440012	10786586	0	195	-195	195	-195	195
CAGE_TSS_27467	4	-	10832080	10832164	13.00605011	10832164	0	84	-84	84	-84	84
CAGE_TSS_27474	4	-	10907732	10907853	263.1984863	10907853	0	121	-121	121	-121	121
CAGE_TSS_27476	4	-	10926760	10926879	16.92078972	10926879	0	119	-119	119	-119	119
CAGE_TSS_27483	4	-	10992181	10992368	21.37297058	10992368	0	187	-187	187	-187	187
CAGE_TSS_27497	4	-	11133935	11134201	7.775939941	11134201	0	266	-266	266	-266	266
CAGE_TSS_27504	4	-	11176790	11176892	118.6477509	11176892	0	102	-102	102	-102	102
CAGE_TSS_27505	4	-	11180821	11180948	30.3166008	11180948	0	127	-127	127	-127	127
CAGE_TSS_27520	4	-	11313655	11313806	25.58696938	11313806	0	151	-151	151	-151	151
CAGE_TSS_27522	4	-	11321678	11321900	6.707560062	11321900	0	222	-222	222	-222	222
CAGE_TSS_27523	4	-	11334174	11334255	25.60119057	11334255	0	81	-81	81	-81	81
CAGE_TSS_27528	4	-	11405055	11405242	71.15337372	11405242	0	187	-187	187	-187	187
CAGE_TSS_27535	4	-	11447182	11447316	26.28227997	11447316	0	134	-134	134	-134	134
CAGE_TSS_27540	4	-	11470531	11470607	11.21572971	11470607	0	76	-76	76	-76	76
CAGE_TSS_27542	4	-	11472816	11472888	320.0574951	11472888	0	72	-72	72	-72	72
CAGE_TSS_27552	4	-	11546506	11546622	14.4951601	11546622	0	116	-116	116	-116	116
CAGE_TSS_27559	4	-	11588270	11588482	267.3382874	11588482	0	212	-212	212	-212	212
CAGE_TSS_27562	4	-	11592237	11592505	259.9307556	11592505	0	268	-268	268	-268	268
CAGE_TSS_27569	4	-	11619349	11619584	205.2455292	11619584	0	235	-235	235	-235	235
CAGE_TSS_27570	4	-	11623783	11623948	56.6409111	11623948	0	165	-165	165	-165	165
CAGE_TSS_27571	4	-	11629352	11629551	132.7739258	11629551	0	199	-199	199	-199	199
CAGE_TSS_27574	4	-	11646370	11646113	67.31768036	11646113	0	-257	257	-257	257	257
CAGE_TSS_27578	4	-	11648355	11648538	7.337910175	11648538	0	183	-183	183	-183	183
CAGE_TSS_27582	4	-	11659058	11659264	97.83930969	11659264	0	206	-206	206	-206	206
CAGE_TSS_27592	4	-	11719765	11720023	52.13201904	11720023	0	258	-258	258	-258	258
CAGE_TSS_27595	4	-	11732650	11732791	16.94606018	11732791	0	141	-141	141	-141	141
CAGE_TSS_27596	4	-	11743196	11743232	18.73821068	11743232	0	36	-36	36	-36	36
CAGE_TSS_27598	4	-	11750128	11750399	7.01335001	11750399	0	271	-271	271	-271	271
CAGE_TSS_27631	4	-	11885391	11885537	32.47668839	11885537	0	146	-146	146	-146	146
CAGE_TSS_27633	4	-	11895755	11895980	83.34765625	11895980	0	225	-225	225	-225	225
CAGE_TSS_27642	4	-	11948719	11948999	36.33517838	11948999	0	280	-280	280	-280	280
CAGE_TSS_27648	4	-	11971143	11971345	54.85702133	11971345	0	202	-202	202	-202	202
CAGE_TSS_27653	4	-	11993724	11993838	5.004350185	11993838	0	114	-114	114	-114	114
CAGE_TSS_27659	4	-	12027797	12028035	7.377530098	12028035	0	238	-238	238	-238	238
CAGE_TSS_27662	4	-	12051788	12051872	5.823689938	12051872	0	84	-84	84	-84	84
CAGE_TSS_27664	4	-	12062819	12062827	14.83915997	12062827	0	8	-8	8	-8	8
CAGE_TSS_27665	4	-	12068490	12068665	6.447579861	12068665	0	175	-175	175	-175	175
CAGE_TSS_27673	4	-	12136084	12136375	22.5775795	12136375	0	291	-291	291	-291	291
CAGE_TSS_27682	4	-	12167061	12167036	24.68876076	12167036	0	-25	25	-25	25	25
CAGE_TSS_27690	4	-	12254299	12254409	155.9052734	12254409	0	110	-110	110	-110	110
CAGE_TSS_27694	4	-	12258523	12258782	13.18715954	12258782	0	259	-259	259	-259	259
CAGE_TSS_27696	4	-	12270558	12270854	236.1012573	12270854	0	296	-296	296	-296	296
CAGE_TSS_27697	4	-	12272923	12273141	34.30696106	12273141	0	218	-218	218	-218	218
CAGE_TSS_27703	4	-	12327448	12327567	7.922910213	12327567	0	119	-119	119	-119	119
CAGE_TSS_27707	4	-	12333160	12333126	8.32845974	12333126	0	-34	34	-34	34	34
CAGE_TSS_27708	4	-	12333710	12333978	221.3765564	12333978	0	268	-268	268	-268	268
CAGE_TSS_27710	4	-	12337478	12337700	111.0397186	12337700	0	222	-222	222	-222	222
CAGE_TSS_27713	4	-	12346055	12346294	5.110770226	12346294	0	239	-239	239	-239	239
CAGE_TSS_27717	4	-	12400090	12400136	9.52036953	12400136	0	46	-46	46	-46	46
CAGE_TSS_27724	4	-	12421360	12421659	19.31930923	12421659	0	299	-299	299	-299	299
CAGE_TSS_27748	4	-	12555904	12556173	13.21401024	12556173	0	269	-269	269	-269	269
CAGE_TSS_27749	4	-	12560883	12561025	139.9495544	12561025	0	142	-142	142	-142	142
CAGE_TSS_27753	4	-	12568845	12569020	7.612410069	12569020	0	175	-175	175	-175	175
CAGE_TSS_27763	4	-	12606282	12606489	12.23118973	12606489	0	207	-207	207	-207	207
CAGE_TSS_27766	4	-	12616124	12616164	5.84897995	12616164	0	40	-40	40	-40	40
CAGE_TSS_27774	4	-	12684885	12685118	20.68185043	12685118	0	233	-233	233	-233	233
CAGE_TSS_27779	4	-	12712655	12712894	39.47332001	12712894	0	239	-239	239	-239	239
CAGE_TSS_27783	4	-	12745257	12745431	117.5941696	12745431	0	174	-174	174	-174	174
CAGE_TSS_27793	4	-	12763772	12764010	74.99466705	12764010	0	238	-238	238	-238	238
CAGE_TSS_27802	4	-	12785837	12785894	6.426829815	12785894	0	57	-57	57	-57	57
CAGE_TSS_27807	4	-	12792615	12792836	13.05428982	12792836	0	221	-221	221	-221	221
CAGE_TSS_27808	4	-	12795909	12796048	82.02165985	12796048	0	139	-139	139	-139	139
CAGE_TSS_27811	4	-	12814465	12814583	11.34949017	12814583	0	118	-118	118	-118	118
CAGE_TSS_27816	4	-	12820735	12820793	10.48248005	12820793	0	58	-58	58	-58	58
CAGE_TSS_27823	4	-	12861982	12862058	127.6320114	12862058	0	76	-76	76	-76	76
CAGE_TSS_27825	4	-	12883744	12884005	35.36447144	12884005	0	261	-261	261	-261	261
CAGE_TSS_27844	4	-	12940925	12941158	189.5311737	12941158	0	233	-233	233	-233	233
CAGE_TSS_27858	4	-	13016234	13016508	33.20027161	13016508	0	274	-274	274	-274	274
CAGE_TSS_27859	4	-	13019140	13019298	25.9449501	13019298	0	158	-158	158	-158	158
CAGE_TSS_27865	4	-	13055617	13055722	16.0898304	13055722	0	105	-105	105	-105	105
CAGE_TSS_27866	4	-	13069451	13069625	184.920929	13069625	0	174	-174	174	-174	174
CAGE_TSS_27870	4	-	13079037	13079151	157.1386261	13079151	0	114	-114	114	-114	114
CAGE_TSS_27879	4	-	13091809	13092063	85.42671204	13092063	0	254	-254	254	-254	254
CAGE_TSS_27881	4	-	13095868	13096032	9.758130074	13096032	0	164	-164	164	-164	164
CAGE_TSS_27890	4	-	13120134	13120423	260.1303101	13120423	0	289	-289	289	-289	289
CAGE_TSS_27904	4	-	13216500	13216472	28.64888	13216472	0	-28	28	-28	28	28
CAGE_TSS_27908	4	-	13222266	13222419	206.9368286	13222419	0	153	-153	153	-153	153
CAGE_TSS_27914	4	-	13247926	13248017	7.709300041	13248017	0	91	-91	91	-91	91
CAGE_TSS_27936	4	-	13375969	13376173	70.08493042	13376173	0	204	-204	204	-204	204
CAGE_TSS_27946	4	-	13411057	13411186	35.37379074	13411186	0	129	-129	129	-129	129
CAGE_TSS_27958	4	-	13435726	13435818	7.62857008	13435818	0	92	-92	92	-92	92
CAGE_TSS_27965	4	-	13460016	13460134	13.98596001	13460134	0	118	-118	118	-118	118
CAGE_TSS_27970	4	-	13481741	13481900	15.86592007	13481900	0	159	-159	159	-159	159
CAGE_TSS_27984	4	-	13504734	13504969	25.5766201	13504969	0	235	-235	235	-235	235
CAGE_TSS_27998	4	-	13571445	13571504	21.57250023	13571504	0	59	-59	59	-59	59
CAGE_TSS_28015	4	-	13663312	13663575	8.101160049	13663575	0	263	-263	263	-263	263
CAGE_TSS_28016	4	-	13664239	13664422	26.32057953	13664422	0	183	-183	183	-183	183
CAGE_TSS_28019	4	-	13674332	13674382	98.26722717	13674382	0	50	-50	50	-50	50
CAGE_TSS_28022	4	-	13680772	13680948	42.67164993	13680948	0	176	-176	176	-176	176
CAGE_TSS_28029	4	-	13709117	13709314	218.6755066	13709314	0	197	-197	197	-197	197
CAGE_TSS_28038	4	-	13751833	13751966	5.758039951	13751966	0	133	-133	133	-133	133
CAGE_TSS_28039	4	-	13754685	13754916	58.33604813	13754916	0	231	-231	231	-231	231
CAGE_TSS_28040	4	-	13761528	13761684	13.21790028	13761684	0	156	-156	156	-156	156
CAGE_TSS_28042	4	-	13769861	13769962	10.03374958	13769962	0	101	-101	101	-101	101
CAGE_TSS_28046	4	-	13788352	13788445	33.30559921	13788445	0	93	-93	93	-93	93
CAGE_TSS_28051	4	-	13807948	13808104	8.129210472	13808104	0	156	-156	156	-156	156
CAGE_TSS_28052	4	-	13810173	13810456	22.44441032	13810456	0	283	-283	283	-283	283
CAGE_TSS_28058	4	-	13827754	13827779	8.328590393	13827779	0	25	-25	25	-25	25
CAGE_TSS_28060	4	-	13836577	13836700	123.6357422	13836700	0	123	-123	123	-123	123
CAGE_TSS_28068	4	-	13866282	13866445	22.26771927	13866445	0	163	-163	163	-163	163
CAGE_TSS_28071	4	-	13917269	13917542	11.26243973	13917542	0	273	-273	273	-273	273
CAGE_TSS_28074	4	-	13924693	13924941	35.05445099	13924941	0	248	-248	248	-248	248
CAGE_TSS_28100	4	-	13985310	13985434	19.99534988	13985434	0	124	-124	124	-124	124
CAGE_TSS_28102	4	-	13997260	13997557	11.50695038	13997557	0	297	-297	297	-297	297
CAGE_TSS_28104	4	-	13998342	13998493	40.33058167	13998493	0	151	-151	151	-151	151
CAGE_TSS_28107	4	-	14002040	14002282	6.683489799	14002282	0	242	-242	242	-242	242
CAGE_TSS_28109	4	-	14008949	14009154	58.48173904	14009154	0	205	-205	205	-205	205
CAGE_TSS_28112	4	-	14023070	14023220	31.48119926	14023220	0	150	-150	150	-150	150
CAGE_TSS_28113	4	-	14031022	14031308	7.919640064	14031308	0	286	-286	286	-286	286
CAGE_TSS_28120	4	-	14086843	14087094	5.429510117	14087094	0	251	-251	251	-251	251
CAGE_TSS_28125	4	-	14135254	14135430	6.500219822	14135430	0	176	-176	176	-176	176
CAGE_TSS_28128	4	-	14147411	14147656	28.84510994	14147656	0	245	-245	245	-245	245
CAGE_TSS_28130	4	-	14203929	14204144	50.67472839	14204144	0	215	-215	215	-215	215
CAGE_TSS_28135	4	-	14266645	14266741	240.5441132	14266741	0	96	-96	96	-96	96
CAGE_TSS_28147	4	-	14355113	14355353	51.88489914	14355353	0	240	-240	240	-240	240
CAGE_TSS_28150	4	-	14406499	14406767	25.78212929	14406767	0	268	-268	268	-268	268
CAGE_TSS_28153	4	-	14424881	14424971	87.47834015	14424971	0	90	-90	90	-90	90
CAGE_TSS_28155	4	-	14439743	14440010	56.82812881	14440010	0	267	-267	267	-267	267
CAGE_TSS_28163	4	-	14472226	14472302	25.28248978	14472302	0	76	-76	76	-76	76
CAGE_TSS_28175	4	-	14537244	14537311	6.224639893	14537311	0	67	-67	67	-67	67
CAGE_TSS_28176	4	-	14539593	14539693	6.553309917	14539693	0	100	-100	100	-100	100
CAGE_TSS_28179	4	-	14545137	14545264	183.1209717	14545264	0	127	-127	127	-127	127
CAGE_TSS_28181	4	-	14555166	14555432	32.80831146	14555432	0	266	-266	266	-266	266
CAGE_TSS_28182	4	-	14562537	14562632	37.32022095	14562632	0	95	-95	95	-95	95
CAGE_TSS_28188	4	-	14595268	14595379	63.20252991	14595379	0	111	-111	111	-111	111
CAGE_TSS_28190	4	-	14601024	14601316	222.1889191	14601316	0	292	-292	292	-292	292
CAGE_TSS_28191	4	-	14603046	14603138	9.753009796	14603138	0	92	-92	92	-92	92
CAGE_TSS_28195	4	-	14619486	14619549	35.0291214	14619549	0	63	-63	63	-63	63
CAGE_TSS_28204	4	-	14688918	14688896	5.347859859	14688896	0	-22	22	-22	22	22
CAGE_TSS_28205	4	-	14692480	14692772	146.623703	14692772	0	292	-292	292	-292	292
CAGE_TSS_28206	4	-	14706307	14706556	45.75159836	14706556	0	249	-249	249	-249	249
CAGE_TSS_28223	4	-	14790499	14790622	29.19215965	14790622	0	123	-123	123	-123	123
CAGE_TSS_28225	4	-	14804326	14804601	5.990950108	14804601	0	275	-275	275	-275	275
CAGE_TSS_28227	4	-	14809955	14810066	218.2852936	14810066	0	111	-111	111	-111	111
CAGE_TSS_28228	4	-	14818829	14819074	255.0580597	14819074	0	245	-245	245	-245	245
CAGE_TSS_28234	4	-	14827046	14827268	49.45264816	14827268	0	222	-222	222	-222	222
CAGE_TSS_28235	4	-	14830015	14830135	62.93679047	14830135	0	120	-120	120	-120	120
CAGE_TSS_28237	4	-	14841075	14841102	98.30489349	14841102	0	27	-27	27	-27	27
CAGE_TSS_28242	4	-	14872175	14872202	25.78212929	14872202	0	27	-27	27	-27	27
CAGE_TSS_28246	4	-	14883419	14883421	30.00690079	14883421	0	2	-2	2	-2	2
CAGE_TSS_28250	4	-	14889797	14889971	6.633039951	14889971	0	174	-174	174	-174	174
CAGE_TSS_28251	4	-	14902029	14902199	264.114563	14902199	0	170	-170	170	-170	170
CAGE_TSS_28259	4	-	14930256	14930369	7.615240097	14930369	0	113	-113	113	-113	113
CAGE_TSS_28269	4	-	14957954	14958216	72.28643036	14958216	0	262	-262	262	-262	262
CAGE_TSS_28299	4	-	15068948	15069127	11.10319996	15069127	0	179	-179	179	-179	179
CAGE_TSS_28301	4	-	15079853	15079905	10.47140026	15079905	0	52	-52	52	-52	52
CAGE_TSS_28303	4	-	15081664	15081868	6.807219982	15081868	0	204	-204	204	-204	204
CAGE_TSS_28311	4	-	15138807	15138841	20.84602928	15138841	0	34	-34	34	-34	34
CAGE_TSS_28317	4	-	15155651	15155712	11.19172955	15155712	0	61	-61	61	-61	61
CAGE_TSS_28320	4	-	15178630	15178834	9.61495018	15178834	0	204	-204	204	-204	204
CAGE_TSS_28335	4	-	15262336	15262486	7.116049767	15262486	0	150	-150	150	-150	150
CAGE_TSS_28336	4	-	15275309	15275432	166.6037445	15275432	0	123	-123	123	-123	123
CAGE_TSS_28340	4	-	15312618	15312663	19.98888969	15312663	0	45	-45	45	-45	45
CAGE_TSS_28351	4	-	15367715	15367869	22.31839943	15367869	0	154	-154	154	-154	154
CAGE_TSS_28363	4	-	15424223	15424333	7.670249939	15424333	0	110	-110	110	-110	110
CAGE_TSS_28372	4	-	15473747	15473922	5.750710011	15473922	0	175	-175	175	-175	175
CAGE_TSS_28373	4	-	15476812	15476919	6.934189796	15476919	0	107	-107	107	-107	107
CAGE_TSS_28375	4	-	15507260	15507364	62.70843124	15507364	0	104	-104	104	-104	104
CAGE_TSS_28381	4	-	15525450	15525733	35.03784943	15525733	0	283	-283	283	-283	283
CAGE_TSS_28384	4	-	15527788	15527948	33.82209015	15527948	0	160	-160	160	-160	160
CAGE_TSS_28392	4	-	15579846	15579948	112.6853104	15579948	0	102	-102	102	-102	102
CAGE_TSS_28393	4	-	15591101	15591173	12.70522976	15591173	0	72	-72	72	-72	72
CAGE_TSS_28394	4	-	15613457	15613639	5.775010109	15613639	0	182	-182	182	-182	182
CAGE_TSS_28403	4	-	15646546	15646785	161.4250641	15646785	0	239	-239	239	-239	239
CAGE_TSS_28419	4	-	15718789	15718961	41.07756042	15718961	0	172	-172	172	-172	172
CAGE_TSS_28429	4	-	15868560	15868651	13.84080029	15868651	0	91	-91	91	-91	91
CAGE_TSS_28432	4	-	15896267	15896336	25.91889	15896336	0	69	-69	69	-69	69
CAGE_TSS_28437	4	-	15903232	15903369	46.99013138	15903369	0	137	-137	137	-137	137
CAGE_TSS_28458	4	-	15931331	15931429	40.14402008	15931429	0	98	-98	98	-98	98
CAGE_TSS_28459	4	-	15941255	15941511	17.32292938	15941511	0	256	-256	256	-256	256
CAGE_TSS_28460	4	-	15946712	15946823	24.60593033	15946823	0	111	-111	111	-111	111
CAGE_TSS_28465	4	-	15970437	15970617	12.78520012	15970617	0	180	-180	180	-180	180
CAGE_TSS_28466	4	-	15974585	15974824	59.56483841	15974824	0	239	-239	239	-239	239
CAGE_TSS_28467	4	-	15978110	15978268	79.57829285	15978268	0	158	-158	158	-158	158
CAGE_TSS_28468	4	-	15980691	15980939	9.865779877	15980939	0	248	-248	248	-248	248
CAGE_TSS_28471	4	-	15988106	15988322	41.5885582	15988322	0	216	-216	216	-216	216
CAGE_TSS_28476	4	-	16037632	16037638	71.9226532	16037638	0	6	-6	6	-6	6
CAGE_TSS_28477	4	-	16038037	16038284	47.21483994	16038284	0	247	-247	247	-247	247
CAGE_TSS_28482	4	-	16054028	16054193	76.96627045	16054193	0	165	-165	165	-165	165
CAGE_TSS_28483	4	-	16056523	16056758	12.70065975	16056758	0	235	-235	235	-235	235
CAGE_TSS_28489	4	-	16090742	16090967	42.66913986	16090967	0	225	-225	225	-225	225
CAGE_TSS_28492	4	-	16102195	16102466	108.9943008	16102466	0	271	-271	271	-271	271
CAGE_TSS_28497	4	-	16110675	16110737	38.9810791	16110737	0	62	-62	62	-62	62
CAGE_TSS_28503	4	-	16135660	16135947	6.602650166	16135947	0	287	-287	287	-287	287
CAGE_TSS_28504	4	-	16136497	16136625	14.57549953	16136625	0	128	-128	128	-128	128
CAGE_TSS_28511	4	-	16160295	16160504	23.52841949	16160504	0	209	-209	209	-209	209
CAGE_TSS_28521	4	-	16179477	16179524	111.9178619	16179524	0	47	-47	47	-47	47
CAGE_TSS_28527	4	-	16207945	16208178	6.040339947	16208178	0	233	-233	233	-233	233
CAGE_TSS_28538	4	-	16288915	16289092	23.05508041	16289092	0	177	-177	177	-177	177
CAGE_TSS_28542	4	-	16314868	16314624	14.35573959	16314624	0	-244	244	-244	244	244
CAGE_TSS_28546	4	-	16344812	16344886	62.41188812	16344886	0	74	-74	74	-74	74
CAGE_TSS_28549	4	-	16347132	16347328	32.41040039	16347328	0	196	-196	196	-196	196
CAGE_TSS_28551	4	-	16349972	16350139	82.95033264	16350139	0	167	-167	167	-167	167
CAGE_TSS_28556	4	-	16371429	16371612	92.03775787	16371612	0	183	-183	183	-183	183
CAGE_TSS_28559	4	-	16373615	16373616	6.001550198	16373616	0	1	-1	1	-1	1
CAGE_TSS_28584	4	-	16471519	16471571	11.23116016	16471571	0	52	-52	52	-52	52
CAGE_TSS_28590	4	-	16487375	16487548	21.94474983	16487548	0	173	-173	173	-173	173
CAGE_TSS_28597	4	-	16532965	16532975	15.13978004	16532975	0	10	-10	10	-10	10
CAGE_TSS_28618	4	-	16576598	16576864	35.61347961	16576864	0	266	-266	266	-266	266
CAGE_TSS_28619	4	-	16582875	16583027	127.7861481	16583027	0	152	-152	152	-152	152
CAGE_TSS_28621	4	-	16606026	16606156	15.91588974	16606156	0	130	-130	130	-130	130
CAGE_TSS_28626	4	-	16644817	16644905	11.21345043	16644905	0	88	-88	88	-88	88
CAGE_TSS_28634	4	-	16667653	16667762	28.15644073	16667762	0	109	-109	109	-109	109
CAGE_TSS_28644	4	-	16703286	16703456	129.4397278	16703456	0	170	-170	170	-170	170
CAGE_TSS_28647	4	-	16732810	16732906	33.17401123	16732906	0	96	-96	96	-96	96
CAGE_TSS_28649	4	-	16749964	16750257	76.8728714	16750257	0	293	-293	293	-293	293
CAGE_TSS_28650	4	-	16758090	16758360	14.81149006	16758360	0	270	-270	270	-270	270
CAGE_TSS_28652	4	-	16764490	16764543	15.12528992	16764543	0	53	-53	53	-53	53
CAGE_TSS_28657	4	-	16781772	16781814	7.079410076	16781814	0	42	-42	42	-42	42
CAGE_TSS_28662	4	-	16799753	16799844	9.3186903	16799844	0	91	-91	91	-91	91
CAGE_TSS_28663	4	-	16806654	16806897	30.12832069	16806897	0	243	-243	243	-243	243
CAGE_TSS_28667	4	-	16839372	16839525	6.049129963	16839525	0	153	-153	153	-153	153
CAGE_TSS_28675	4	-	16890836	16890844	80.10234833	16890844	0	8	-8	8	-8	8
CAGE_TSS_28681	4	-	16941760	16941902	46.13344955	16941902	0	142	-142	142	-142	142
CAGE_TSS_28683	4	-	16950593	16950751	36.51305008	16950751	0	158	-158	158	-158	158
CAGE_TSS_28684	4	-	16955218	16955300	7.09664011	16955300	0	82	-82	82	-82	82
CAGE_TSS_28686	4	-	16959957	16960231	103.6738968	16960231	0	274	-274	274	-274	274
CAGE_TSS_28687	4	-	16968122	16968201	5.566979885	16968201	0	79	-79	79	-79	79
CAGE_TSS_28693	4	-	16978037	16978213	12.57104969	16978213	0	176	-176	176	-176	176
CAGE_TSS_28694	4	-	16988975	16989156	6.514090061	16989156	0	181	-181	181	-181	181
CAGE_TSS_28702	4	-	17033890	17034102	14.62745953	17034102	0	212	-212	212	-212	212
CAGE_TSS_28703	4	-	17041080	17041305	144.1885834	17041305	0	225	-225	225	-225	225
CAGE_TSS_28715	4	-	17114153	17114275	10.65067005	17114275	0	122	-122	122	-122	122
CAGE_TSS_28722	4	-	17148276	17148495	6.453670025	17148495	0	219	-219	219	-219	219
CAGE_TSS_28724	4	-	17165191	17165297	38.15010071	17165297	0	106	-106	106	-106	106
CAGE_TSS_28729	4	-	17181241	17181494	22.21751022	17181494	0	253	-253	253	-253	253
CAGE_TSS_28730	4	-	17192335	17192328	11.42099953	17192328	0	-7	7	-7	7	7
CAGE_TSS_28743	4	-	17230204	17230440	4.851890087	17230440	0	236	-236	236	-236	236
CAGE_TSS_28744	4	-	17235559	17235858	34.88349915	17235858	0	299	-299	299	-299	299
CAGE_TSS_28755	4	-	17276586	17276596	84.60312653	17276596	0	10	-10	10	-10	10
CAGE_TSS_28761	4	-	17282085	17282033	13.98114014	17282033	0	-52	52	-52	52	52
CAGE_TSS_28763	4	-	17282729	17282907	266.8965759	17282907	0	178	-178	178	-178	178
CAGE_TSS_28765	4	-	17285563	17285574	20.47595024	17285574	0	11	-11	11	-11	11
CAGE_TSS_28773	4	-	17297720	17297775	6.846459866	17297775	0	55	-55	55	-55	55
CAGE_TSS_28775	4	-	17312487	17312533	100.0158081	17312533	0	46	-46	46	-46	46
CAGE_TSS_28779	4	-	17334349	17334463	117.2585373	17334463	0	114	-114	114	-114	114
CAGE_TSS_28783	4	-	17342730	17342912	37.01427078	17342912	0	182	-182	182	-182	182
CAGE_TSS_28784	4	-	17355887	17355965	3.721549988	17355965	0	78	-78	78	-78	78
CAGE_TSS_28787	4	-	17376230	17376424	6.934030056	17376424	0	194	-194	194	-194	194
CAGE_TSS_28789	4	-	17381779	17382053	5.880360126	17382053	0	274	-274	274	-274	274
CAGE_TSS_28790	4	-	17393288	17393386	31.39896011	17393386	0	98	-98	98	-98	98
CAGE_TSS_28791	4	-	17422115	17422320	120.6092834	17422320	0	205	-205	205	-205	205
CAGE_TSS_28794	4	-	17437056	17437305	82.02165985	17437305	0	249	-249	249	-249	249
CAGE_TSS_28796	4	-	17467108	17467318	29.10475922	17467318	0	210	-210	210	-210	210
CAGE_TSS_28798	4	-	17486270	17486413	8.418250084	17486413	0	143	-143	143	-143	143
CAGE_TSS_28799	4	-	17492743	17492904	29.86548042	17492904	0	161	-161	161	-161	161
CAGE_TSS_28802	4	-	17500679	17500974	13.91878033	17500974	0	295	-295	295	-295	295
CAGE_TSS_28812	4	-	17555807	17555986	3.535650015	17555986	0	179	-179	179	-179	179
CAGE_TSS_28814	4	-	17558805	17558922	5.290669918	17558922	0	117	-117	117	-117	117
CAGE_TSS_28820	4	-	17564611	17564659	176.0547028	17564659	0	48	-48	48	-48	48
CAGE_TSS_28829	4	-	17606832	17607090	211.1557922	17607090	0	258	-258	258	-258	258
CAGE_TSS_28831	4	-	17617492	17617667	9.907469749	17617667	0	175	-175	175	-175	175
CAGE_TSS_28833	4	-	17618409	17618487	46.90884018	17618487	0	78	-78	78	-78	78
CAGE_TSS_28838	4	-	17640648	17640808	46.7519989	17640808	0	160	-160	160	-160	160
CAGE_TSS_28839	4	-	17649023	17649301	15.51558971	17649301	0	278	-278	278	-278	278
CAGE_TSS_28845	4	-	17666435	17666654	48.24555969	17666654	0	219	-219	219	-219	219
CAGE_TSS_28847	4	-	17672339	17672528	70.80976868	17672528	0	189	-189	189	-189	189
CAGE_TSS_28848	4	-	17686946	17687167	57.09712982	17687167	0	221	-221	221	-221	221
CAGE_TSS_28849	4	-	17698842	17699084	124.1275406	17699084	0	242	-242	242	-242	242
CAGE_TSS_28855	4	-	17769375	17769606	37.39709091	17769606	0	231	-231	231	-231	231
CAGE_TSS_28868	4	-	17805666	17805668	112.2836609	17805668	0	2	-2	2	-2	2
CAGE_TSS_28870	4	-	17806534	17806807	57.70476913	17806807	0	273	-273	273	-273	273
CAGE_TSS_28874	4	-	17828176	17828282	12.54815006	17828282	0	106	-106	106	-106	106
CAGE_TSS_28924	4	-	18018069	18018128	19.22929001	18018128	0	59	-59	59	-59	59
CAGE_TSS_28942	4	-	18071354	18071505	173.2371979	18071505	0	151	-151	151	-151	151
CAGE_TSS_28945	4	-	18077127	18077125	12.01996994	18077125	0	-2	2	-2	2	2
CAGE_TSS_28950	4	-	18084201	18084425	181.121582	18084425	0	224	-224	224	-224	224
CAGE_TSS_28953	4	-	18098561	18098760	6.773900032	18098760	0	199	-199	199	-199	199
CAGE_TSS_28960	4	-	18117060	18117355	109.143219	18117355	0	295	-295	295	-295	295
CAGE_TSS_28962	4	-	18119042	18119341	15.00541019	18119341	0	299	-299	299	-299	299
CAGE_TSS_28968	4	-	18141844	18142044	104.6356812	18142044	0	200	-200	200	-200	200
CAGE_TSS_28973	4	-	18158757	18158968	79.13867188	18158968	0	211	-211	211	-211	211
CAGE_TSS_28989	4	-	18205579	18205719	27.62483025	18205719	0	140	-140	140	-140	140
CAGE_TSS_28990	4	-	18206510	18206541	17.05789948	18206541	0	31	-31	31	-31	31
CAGE_TSS_28994	4	-	18217338	18217531	145.6100159	18217531	0	193	-193	193	-193	193
CAGE_TSS_29003	4	-	18236112	18236163	13.64196968	18236163	0	51	-51	51	-51	51
CAGE_TSS_29010	4	-	18275016	18275166	36.99448013	18275166	0	150	-150	150	-150	150
CAGE_TSS_29011	4	-	18279707	18279805	9.992939949	18279805	0	98	-98	98	-98	98
CAGE_TSS_29015	4	-	18329602	18329424	64.14144897	18329424	0	-178	178	-178	178	178
CAGE_TSS_29016	4	-	18330015	18330008	186.833725	18330008	0	-7	7	-7	7	7
CAGE_TSS_29027	4	-	18381897	18382178	168.3724976	18382178	0	281	-281	281	-281	281
CAGE_TSS_29036	4	-	18430932	18430976	9.181460381	18430976	0	44	-44	44	-44	44
CAGE_TSS_29038	4	-	18437126	18437237	6.726850033	18437237	0	111	-111	111	-111	111
CAGE_TSS_29039	4	-	18451292	18451564	48.73485947	18451564	0	272	-272	272	-272	272
CAGE_TSS_29049	4	-	18477942	18478174	9.986419678	18478174	0	232	-232	232	-232	232
CAGE_TSS_29057	4	-	18547544	18547525	9.486160278	18547525	0	-19	19	-19	19	19
CAGE_TSS_29063	4	-	18556969	18556980	8.559220314	18556980	0	11	-11	11	-11	11
CAGE_TSS_29069	4	-	18558718	18558818	76.5332489	18558818	0	100	-100	100	-100	100
CAGE_TSS_29074	4	-	18573058	18573309	70.96513367	18573309	0	251	-251	251	-251	251
CAGE_TSS_29075	4	-	18575681	18575756	16.85549927	18575756	0	75	-75	75	-75	75
CAGE_TSS_29080	4	-	18581587	18581688	14.18087006	18581688	0	101	-101	101	-101	101
CAGE_TSS_33392	5	-	5786	5940	5.989999771	5940	0	154	-154	154	-154	154
CAGE_TSS_33394	5	-	16172	16384	63.78841019	16384	0	212	-212	212	-212	212
CAGE_TSS_33397	5	-	27442	27593	15.91588974	27593	0	151	-151	151	-151	151
CAGE_TSS_33404	5	-	85916	86157	8.902620316	86157	0	241	-241	241	-241	241
CAGE_TSS_33411	5	-	89833	90013	20.79611969	90013	0	180	-180	180	-180	180
CAGE_TSS_33412	5	-	95690	95855	25.23918915	95855	0	165	-165	165	-165	165
CAGE_TSS_33413	5	-	103723	103744	11.75835037	103744	0	21	-21	21	-21	21
CAGE_TSS_33414	5	-	112311	112487	7.377530098	112487	0	176	-176	176	-176	176
CAGE_TSS_33432	5	-	173574	173761	19.37064934	173761	0	187	-187	187	-187	187
CAGE_TSS_33440	5	-	213370	213653	9.944020271	213653	0	283	-283	283	-283	283
CAGE_TSS_33442	5	-	216789	216876	8.208769798	216876	0	87	-87	87	-87	87
CAGE_TSS_33448	5	-	229659	229844	43.89620972	229844	0	185	-185	185	-185	185
CAGE_TSS_33460	5	-	291224	291456	80.59745789	291456	0	232	-232	232	-232	232
CAGE_TSS_33462	5	-	304181	304353	6.577129841	304353	0	172	-172	172	-172	172
CAGE_TSS_33467	5	-	315128	315309	202.7346649	315309	0	181	-181	181	-181	181
CAGE_TSS_33468	5	-	345073	345138	5.296599865	345138	0	65	-65	65	-65	65
CAGE_TSS_33476	5	-	379646	379816	12.54129982	379816	0	170	-170	170	-170	170
CAGE_TSS_33485	5	-	412694	412788	6.474870205	412788	0	94	-94	94	-94	94
CAGE_TSS_33488	5	-	442152	442420	65.8657074	442420	0	268	-268	268	-268	268
CAGE_TSS_33490	5	-	469047	469171	37.24034882	469171	0	124	-124	124	-124	124
CAGE_TSS_33492	5	-	486443	486666	27.62145042	486666	0	223	-223	223	-223	223
CAGE_TSS_33497	5	-	541260	541308	15.67792988	541308	0	48	-48	48	-48	48
CAGE_TSS_33500	5	-	552644	552898	14.01832008	552898	0	254	-254	254	-254	254
CAGE_TSS_33505	5	-	556437	556673	109.0882111	556673	0	236	-236	236	-236	236
CAGE_TSS_33509	5	-	565859	566119	91.1427002	566119	0	260	-260	260	-260	260
CAGE_TSS_33512	5	-	577188	577425	37.17979813	577425	0	237	-237	237	-237	237
CAGE_TSS_33513	5	-	584590	584779	34.43238831	584779	0	189	-189	189	-189	189
CAGE_TSS_33516	5	-	594862	595099	59.23950958	595099	0	237	-237	237	-237	237
CAGE_TSS_33521	5	-	629254	629530	72.96350861	629530	0	276	-276	276	-276	276
CAGE_TSS_33522	5	-	637507	637564	13.85426044	637564	0	57	-57	57	-57	57
CAGE_TSS_33541	5	-	721521	721692	10.66670036	721692	0	171	-171	171	-171	171
CAGE_TSS_33544	5	-	739939	740138	70.96513367	740138	0	199	-199	199	-199	199
CAGE_TSS_33549	5	-	761704	761812	23.03232956	761812	0	108	-108	108	-108	108
CAGE_TSS_33551	5	-	763320	763544	157.6708679	763544	0	224	-224	224	-224	224
CAGE_TSS_33557	5	-	773354	773579	25.61537933	773579	0	225	-225	225	-225	225
CAGE_TSS_33559	5	-	813227	813481	32.91542816	813481	0	254	-254	254	-254	254
CAGE_TSS_33560	5	-	816665	816820	256.3742065	816820	0	155	-155	155	-155	155
CAGE_TSS_33565	5	-	833036	833171	9.289640427	833171	0	135	-135	135	-135	135
CAGE_TSS_33569	5	-	834405	834299	8.286959648	834299	0	-106	106	-106	106	106
CAGE_TSS_33574	5	-	862318	862418	9.216440201	862418	0	100	-100	100	-100	100
CAGE_TSS_33582	5	-	887146	887317	5.761260033	887317	0	171	-171	171	-171	171
CAGE_TSS_33587	5	-	897846	897943	84.46858978	897943	0	97	-97	97	-97	97
CAGE_TSS_33588	5	-	900043	900301	37.43888092	900301	0	258	-258	258	-258	258
CAGE_TSS_33597	5	-	924678	924832	174.8943176	924832	0	154	-154	154	-154	154
CAGE_TSS_33600	5	-	966192	966089	9.756719589	966089	0	-103	103	-103	103	103
CAGE_TSS_33603	5	-	974012	974191	25.17309952	974191	0	179	-179	179	-179	179
CAGE_TSS_33605	5	-	979819	979938	6.039820194	979938	0	119	-119	119	-119	119
CAGE_TSS_33607	5	-	990545	990636	24.3986702	990636	0	91	-91	91	-91	91
CAGE_TSS_33629	5	-	1079806	1079970	27.25114059	1079970	0	164	-164	164	-164	164
CAGE_TSS_33630	5	-	1086666	1086889	6.793270111	1086889	0	223	-223	223	-223	223
CAGE_TSS_33632	5	-	1108236	1108372	23.12520027	1108372	0	136	-136	136	-136	136
CAGE_TSS_33650	5	-	1217105	1217347	41.15705872	1217347	0	242	-242	242	-242	242
CAGE_TSS_33655	5	-	1253832	1254013	7.156869888	1254013	0	181	-181	181	-181	181
CAGE_TSS_33658	5	-	1267368	1267343	19.04080963	1267343	0	-25	25	-25	25	25
CAGE_TSS_33667	5	-	1306115	1306085	13.13735962	1306085	0	-30	30	-30	30	30
CAGE_TSS_33668	5	-	1318736	1318833	263.2990723	1318833	0	97	-97	97	-97	97
CAGE_TSS_33678	5	-	1371432	1371640	44.04705811	1371640	0	208	-208	208	-208	208
CAGE_TSS_33684	5	-	1403869	1403970	186.9095459	1403970	0	101	-101	101	-101	101
CAGE_TSS_33685	5	-	1409891	1410191	11.88514996	1410191	0	300	-300	300	-300	300
CAGE_TSS_33686	5	-	1414672	1414768	30.29239082	1414768	0	96	-96	96	-96	96
CAGE_TSS_33691	5	-	1441925	1442187	34.11717987	1442187	0	262	-262	262	-262	262
CAGE_TSS_33706	5	-	1495100	1495235	8.49227047	1495235	0	135	-135	135	-135	135
CAGE_TSS_33709	5	-	1500721	1500761	11.91930962	1500761	0	40	-40	40	-40	40
CAGE_TSS_33710	5	-	1507223	1507267	10.73875046	1507267	0	44	-44	44	-44	44
CAGE_TSS_33723	5	-	1547139	1547250	6.752580166	1547250	0	111	-111	111	-111	111
CAGE_TSS_33728	5	-	1576703	1576770	18.57142067	1576770	0	67	-67	67	-67	67
CAGE_TSS_33732	5	-	1600375	1600618	14.89085007	1600618	0	243	-243	243	-243	243
CAGE_TSS_33738	5	-	1624213	1624405	33.71062088	1624405	0	192	-192	192	-192	192
CAGE_TSS_33751	5	-	1706060	1706158	49.90898132	1706158	0	98	-98	98	-98	98
CAGE_TSS_33755	5	-	1715710	1715714	5.09637022	1715714	0	4	-4	4	-4	4
CAGE_TSS_33765	5	-	1760528	1760802	32.79143906	1760802	0	274	-274	274	-274	274
CAGE_TSS_33766	5	-	1764677	1764755	42.8622818	1764755	0	78	-78	78	-78	78
CAGE_TSS_33769	5	-	1783254	1783437	40.89393997	1783437	0	183	-183	183	-183	183
CAGE_TSS_33796	5	-	1925381	1925514	131.8632355	1925514	0	133	-133	133	-133	133
CAGE_TSS_33803	5	-	1948549	1948611	45.73526001	1948611	0	62	-62	62	-62	62
CAGE_TSS_33814	5	-	1994905	1995023	7.147480011	1995023	0	118	-118	118	-118	118
CAGE_TSS_33818	5	-	2011040	2011168	82.9434967	2011168	0	128	-128	128	-128	128
CAGE_TSS_33828	5	-	2070362	2070625	35.92998886	2070625	0	263	-263	263	-263	263
CAGE_TSS_33832	5	-	2088403	2088544	115.9120026	2088544	0	141	-141	141	-141	141
CAGE_TSS_33833	5	-	2090390	2090505	18.91564941	2090505	0	115	-115	115	-115	115
CAGE_TSS_33834	5	-	2092914	2093172	7.842700005	2093172	0	258	-258	258	-258	258
CAGE_TSS_33850	5	-	2176105	2176196	96.16233826	2176196	0	91	-91	91	-91	91
CAGE_TSS_33856	5	-	2198449	2198718	47.84769821	2198718	0	269	-269	269	-269	269
CAGE_TSS_33863	5	-	2266931	2267059	150.4905396	2267059	0	128	-128	128	-128	128
CAGE_TSS_33866	5	-	2313560	2313712	45.93870163	2313712	0	152	-152	152	-152	152
CAGE_TSS_33887	5	-	2458469	2458524	291.817627	2458524	0	55	-55	55	-55	55
CAGE_TSS_33897	5	-	2529329	2529439	60.7550087	2529439	0	110	-110	110	-110	110
CAGE_TSS_33904	5	-	2600140	2600287	51.66260147	2600287	0	147	-147	147	-147	147
CAGE_TSS_33907	5	-	2628053	2628295	10.53380966	2628295	0	242	-242	242	-242	242
CAGE_TSS_33912	5	-	2635684	2635598	71.75971985	2635598	0	-86	86	-86	86	86
CAGE_TSS_33933	5	-	2732892	2733094	11.75835037	2733094	0	202	-202	202	-202	202
CAGE_TSS_33935	5	-	2758302	2758585	21.76054001	2758585	0	283	-283	283	-283	283
CAGE_TSS_33961	5	-	2860258	2860373	215.5271454	2860373	0	115	-115	115	-115	115
CAGE_TSS_33968	5	-	2886827	2886867	15.77285004	2886867	0	40	-40	40	-40	40
CAGE_TSS_33972	5	-	2895421	2895668	17.66604996	2895668	0	247	-247	247	-247	247
CAGE_TSS_33992	5	-	2985437	2985583	61.80410004	2985583	0	146	-146	146	-146	146
CAGE_TSS_33999	5	-	2993200	2993258	106.7799377	2993258	0	58	-58	58	-58	58
CAGE_TSS_34014	5	-	3003261	3003381	12.46685028	3003381	0	120	-120	120	-120	120
CAGE_TSS_34021	5	-	3044412	3044586	10.22877979	3044586	0	174	-174	174	-174	174
CAGE_TSS_34032	5	-	3085257	3085486	7.854100227	3085486	0	229	-229	229	-229	229
CAGE_TSS_34034	5	-	3088933	3089100	215.0406647	3089100	0	167	-167	167	-167	167
CAGE_TSS_34041	5	-	3140290	3140528	50.89471054	3140528	0	238	-238	238	-238	238
CAGE_TSS_34044	5	-	3150433	3150489	23.46565056	3150489	0	56	-56	56	-56	56
CAGE_TSS_34048	5	-	3179425	3179533	10.48248005	3179533	0	108	-108	108	-108	108
CAGE_TSS_34058	5	-	3242265	3242462	5.521140099	3242462	0	197	-197	197	-197	197
CAGE_TSS_34069	5	-	3260226	3260482	20.46162987	3260482	0	256	-256	256	-256	256
CAGE_TSS_34070	5	-	3269549	3269747	17.76958084	3269747	0	198	-198	198	-198	198
CAGE_TSS_34082	5	-	3286312	3286312	21.76054001	3286312	0	0	0	0	0	0
CAGE_TSS_34083	5	-	3297389	3297553	6.066090107	3297553	0	164	-164	164	-164	164
CAGE_TSS_34088	5	-	3304760	3304864	5.149449825	3304864	0	104	-104	104	-104	104
CAGE_TSS_34090	5	-	3335096	3335320	41.83953857	3335320	0	224	-224	224	-224	224
CAGE_TSS_34091	5	-	3335943	3336114	43.21738052	3336114	0	171	-171	171	-171	171
CAGE_TSS_34097	5	-	3368125	3368131	40.0664711	3368131	0	6	-6	6	-6	6
CAGE_TSS_34099	5	-	3378866	3378887	12.47204971	3378887	0	21	-21	21	-21	21
CAGE_TSS_34108	5	-	3420632	3420718	5.277850151	3420718	0	86	-86	86	-86	86
CAGE_TSS_34109	5	-	3423199	3423292	130.8343048	3423292	0	93	-93	93	-93	93
CAGE_TSS_34121	5	-	3447120	3447325	15.37003994	3447325	0	205	-205	205	-205	205
CAGE_TSS_34124	5	-	3461743	3461929	9.070079803	3461929	0	186	-186	186	-186	186
CAGE_TSS_34125	5	-	3471564	3471369	21.39801979	3471369	0	-195	195	-195	195	195
CAGE_TSS_34138	5	-	3527270	3527355	55.84371185	3527355	0	85	-85	85	-85	85
CAGE_TSS_34143	5	-	3594933	3595204	186.3234558	3595204	0	271	-271	271	-271	271
CAGE_TSS_34152	5	-	3658962	3659074	21.01518059	3659074	0	112	-112	112	-112	112
CAGE_TSS_34159	5	-	3687755	3687958	24.46088028	3687958	0	203	-203	203	-203	203
CAGE_TSS_34162	5	-	3709190	3709341	135.1541748	3709341	0	151	-151	151	-151	151
CAGE_TSS_34164	5	-	3714057	3714160	8.21243	3714160	0	103	-103	103	-103	103
CAGE_TSS_34165	5	-	3718293	3718556	9.053939819	3718556	0	263	-263	263	-263	263
CAGE_TSS_34166	5	-	3728729	3728826	27.88237	3728826	0	97	-97	97	-97	97
CAGE_TSS_34171	5	-	3771398	3771587	123.2166824	3771587	0	189	-189	189	-189	189
CAGE_TSS_34177	5	-	3821117	3821239	48.91334915	3821239	0	122	-122	122	-122	122
CAGE_TSS_34178	5	-	3823735	3823987	13.65190983	3823987	0	252	-252	252	-252	252
CAGE_TSS_34185	5	-	3845660	3845736	11.15802956	3845736	0	76	-76	76	-76	76
CAGE_TSS_34187	5	-	3861473	3861760	58.8391304	3861760	0	287	-287	287	-287	287
CAGE_TSS_34189	5	-	3872266	3872454	8.140769958	3872454	0	188	-188	188	-188	188
CAGE_TSS_34191	5	-	3879538	3879675	18.37693977	3879675	0	137	-137	137	-137	137
CAGE_TSS_34199	5	-	3930284	3930451	8.09815979	3930451	0	167	-167	167	-167	167
CAGE_TSS_34200	5	-	3932455	3932580	51.11037064	3932580	0	125	-125	125	-125	125
CAGE_TSS_34216	5	-	3982400	3982494	14.76780987	3982494	0	94	-94	94	-94	94
CAGE_TSS_34218	5	-	3989736	3989880	81.51158142	3989880	0	144	-144	144	-144	144
CAGE_TSS_34238	5	-	4050544	4050518	56.68719864	4050518	0	-26	26	-26	26	26
CAGE_TSS_34239	5	-	4053596	4053887	30.67013931	4053887	0	291	-291	291	-291	291
CAGE_TSS_34244	5	-	4068992	4069175	8.510829926	4069175	0	183	-183	183	-183	183
CAGE_TSS_34245	5	-	4071223	4071413	130.0625458	4071413	0	190	-190	190	-190	190
CAGE_TSS_34247	5	-	4074617	4074661	17.74168968	4074661	0	44	-44	44	-44	44
CAGE_TSS_34249	5	-	4085281	4085485	7.034120083	4085485	0	204	-204	204	-204	204
CAGE_TSS_34250	5	-	4108181	4108392	7.315279961	4108392	0	211	-211	211	-211	211
CAGE_TSS_34256	5	-	4154630	4154781	8.880900383	4154781	0	151	-151	151	-151	151
CAGE_TSS_34264	5	-	4175129	4175308	14.35573959	4175308	0	179	-179	179	-179	179
CAGE_TSS_34267	5	-	4183305	4183394	5.604249954	4183394	0	89	-89	89	-89	89
CAGE_TSS_34273	5	-	4227565	4227839	141.0375977	4227839	0	274	-274	274	-274	274
CAGE_TSS_34283	5	-	4299127	4299331	119.5099564	4299331	0	204	-204	204	-204	204
CAGE_TSS_34292	5	-	4307485	4307671	7.431359768	4307671	0	186	-186	186	-186	186
CAGE_TSS_34335	5	-	4454608	4454729	81.52368927	4454729	0	121	-121	121	-121	121
CAGE_TSS_34336	5	-	4470841	4471062	16.2329998	4471062	0	221	-221	221	-221	221
CAGE_TSS_34369	5	-	4570951	4571104	12.39599991	4571104	0	153	-153	153	-153	153
CAGE_TSS_34373	5	-	4581874	4582070	102.1389084	4582070	0	196	-196	196	-196	196
CAGE_TSS_34380	5	-	4620221	4620394	7.725599766	4620394	0	173	-173	173	-173	173
CAGE_TSS_34387	5	-	4647423	4647579	18.51185989	4647579	0	156	-156	156	-156	156
CAGE_TSS_34392	5	-	4662600	4662806	6.337170124	4662806	0	206	-206	206	-206	206
CAGE_TSS_34394	5	-	4676764	4676928	54.59651947	4676928	0	164	-164	164	-164	164
CAGE_TSS_34403	5	-	4694053	4694191	6.418109894	4694191	0	138	-138	138	-138	138
CAGE_TSS_34416	5	-	4736620	4736709	38.64657974	4736709	0	89	-89	89	-89	89
CAGE_TSS_34417	5	-	4743444	4743600	20.83333969	4743600	0	156	-156	156	-156	156
CAGE_TSS_34422	5	-	4764798	4765058	22.74950981	4765058	0	260	-260	260	-260	260
CAGE_TSS_34438	5	-	4873597	4873780	5.356369972	4873780	0	183	-183	183	-183	183
CAGE_TSS_34444	5	-	4915804	4915925	28.86021042	4915925	0	121	-121	121	-121	121
CAGE_TSS_34446	5	-	4929501	4929775	30.72868919	4929775	0	274	-274	274	-274	274
CAGE_TSS_34447	5	-	4933569	4933588	49.30073166	4933588	0	19	-19	19	-19	19
CAGE_TSS_34451	5	-	4938930	4939192	7.555840015	4939192	0	262	-262	262	-262	262
CAGE_TSS_34453	5	-	4942717	4942933	132.125473	4942933	0	216	-216	216	-216	216
CAGE_TSS_34454	5	-	4954919	4954972	5.560060024	4954972	0	53	-53	53	-53	53
CAGE_TSS_34462	5	-	5006809	5007077	6.835380077	5007077	0	268	-268	268	-268	268
CAGE_TSS_34469	5	-	5024627	5024773	15.04986	5024773	0	146	-146	146	-146	146
CAGE_TSS_34475	5	-	5057628	5057768	6.015570164	5057768	0	140	-140	140	-140	140
CAGE_TSS_34480	5	-	5121762	5121838	104.7412415	5121838	0	76	-76	76	-76	76
CAGE_TSS_34494	5	-	5181380	5181620	60.0741806	5181620	0	240	-240	240	-240	240
CAGE_TSS_34495	5	-	5184797	5185032	43.43355179	5185032	0	235	-235	235	-235	235
CAGE_TSS_34508	5	-	5245831	5245950	11.56809044	5245950	0	119	-119	119	-119	119
CAGE_TSS_34523	5	-	5271930	5272149	52.91345978	5272149	0	219	-219	219	-219	219
CAGE_TSS_34525	5	-	5286639	5286904	124.4023895	5286904	0	265	-265	265	-265	265
CAGE_TSS_34527	5	-	5290210	5290430	67.00953674	5290430	0	220	-220	220	-220	220
CAGE_TSS_34528	5	-	5297972	5298105	123.2321701	5298105	0	133	-133	133	-133	133
CAGE_TSS_34532	5	-	5310906	5311065	8.675930023	5311065	0	159	-159	159	-159	159
CAGE_TSS_34535	5	-	5350936	5351020	101.5075302	5351020	0	84	-84	84	-84	84
CAGE_TSS_34537	5	-	5356299	5356384	133.6745453	5356384	0	85	-85	85	-85	85
CAGE_TSS_34540	5	-	5363125	5363392	11.91930962	5363392	0	267	-267	267	-267	267
CAGE_TSS_34542	5	-	5367403	5367587	131.5990906	5367587	0	184	-184	184	-184	184
CAGE_TSS_34544	5	-	5382913	5382936	8.406350136	5382936	0	23	-23	23	-23	23
CAGE_TSS_34555	5	-	5467059	5467136	8.464739799	5467136	0	77	-77	77	-77	77
CAGE_TSS_34562	5	-	5526572	5526617	8.703120232	5526617	0	45	-45	45	-45	45
CAGE_TSS_34563	5	-	5529919	5530029	111.9390411	5530029	0	110	-110	110	-110	110
CAGE_TSS_34564	5	-	5535213	5535327	275.6688843	5535327	0	114	-114	114	-114	114
CAGE_TSS_34572	5	-	5587042	5587245	57.07746887	5587245	0	203	-203	203	-203	203
CAGE_TSS_34578	5	-	5616139	5616238	200.8847809	5616238	0	99	-99	99	-99	99
CAGE_TSS_34580	5	-	5642512	5642760	15.03981972	5642760	0	248	-248	248	-248	248
CAGE_TSS_34587	5	-	5662747	5663015	22.84267998	5663015	0	268	-268	268	-268	268
CAGE_TSS_34591	5	-	5692901	5693037	138.841156	5693037	0	136	-136	136	-136	136
CAGE_TSS_34597	5	-	5724614	5724730	10.83341026	5724730	0	116	-116	116	-116	116
CAGE_TSS_34603	5	-	5759717	5759923	85.87721252	5759923	0	206	-206	206	-206	206
CAGE_TSS_34614	5	-	5818330	5818614	70.9336319	5818614	0	284	-284	284	-284	284
CAGE_TSS_34622	5	-	5862314	5862601	57.75453949	5862601	0	287	-287	287	-287	287
CAGE_TSS_34627	5	-	5866504	5866685	28.26231003	5866685	0	181	-181	181	-181	181
CAGE_TSS_34632	5	-	5890160	5890325	53.9535408	5890325	0	165	-165	165	-165	165
CAGE_TSS_34634	5	-	5904378	5904516	14.01832008	5904516	0	138	-138	138	-138	138
CAGE_TSS_34638	5	-	5963402	5963545	98.24868774	5963545	0	143	-143	143	-143	143
CAGE_TSS_34639	5	-	5966673	5966925	22.03652	5966925	0	252	-252	252	-252	252
CAGE_TSS_34641	5	-	5967811	5968087	53.67346954	5968087	0	276	-276	276	-276	276
CAGE_TSS_34642	5	-	5975066	5975229	7.832409859	5975229	0	163	-163	163	-163	163
CAGE_TSS_34643	5	-	5983072	5983372	12.44406033	5983372	0	300	-300	300	-300	300
CAGE_TSS_34647	5	-	6000530	6000758	10.82505989	6000758	0	228	-228	228	-228	228
CAGE_TSS_34650	5	-	6014737	6014980	154.8320312	6014980	0	243	-243	243	-243	243
CAGE_TSS_34657	5	-	6042937	6042899	5.306379795	6042899	0	-38	38	-38	38	38
CAGE_TSS_34659	5	-	6054305	6054566	12.62078953	6054566	0	261	-261	261	-261	261
CAGE_TSS_34664	5	-	6072297	6072495	19.43852043	6072495	0	198	-198	198	-198	198
CAGE_TSS_34670	5	-	6094986	6095184	36.08850098	6095184	0	198	-198	198	-198	198
CAGE_TSS_34677	5	-	6133905	6134048	55.36846924	6134048	0	143	-143	143	-143	143
CAGE_TSS_34684	5	-	6182760	6182823	5.298749924	6182823	0	63	-63	63	-63	63
CAGE_TSS_34690	5	-	6222750	6222969	7.963129997	6222969	0	219	-219	219	-219	219
CAGE_TSS_34707	5	-	6348238	6348412	28.53476906	6348412	0	174	-174	174	-174	174
CAGE_TSS_34715	5	-	6413230	6413350	168.8065033	6413350	0	120	-120	120	-120	120
CAGE_TSS_34720	5	-	6458274	6458332	44.60480118	6458332	0	58	-58	58	-58	58
CAGE_TSS_34728	5	-	6480457	6480648	8.245650291	6480648	0	191	-191	191	-191	191
CAGE_TSS_34734	5	-	6516235	6516478	27.35923958	6516478	0	243	-243	243	-243	243
CAGE_TSS_34736	5	-	6530590	6530677	14.80268002	6530677	0	87	-87	87	-87	87
CAGE_TSS_34740	5	-	6561992	6562171	194.7330627	6562171	0	179	-179	179	-179	179
CAGE_TSS_34742	5	-	6578374	6578523	34.69942093	6578523	0	149	-149	149	-149	149
CAGE_TSS_34764	5	-	6684571	6684663	35.41088867	6684663	0	92	-92	92	-92	92
CAGE_TSS_34765	5	-	6690050	6690296	10.87325954	6690296	0	246	-246	246	-246	246
CAGE_TSS_34769	5	-	6713548	6713766	21.26944923	6713766	0	218	-218	218	-218	218
CAGE_TSS_34770	5	-	6715851	6715889	6.682499886	6715889	0	38	-38	38	-38	38
CAGE_TSS_34779	5	-	6730408	6730446	11.4671402	6730446	0	38	-38	38	-38	38
CAGE_TSS_34783	5	-	6739365	6739523	10.37271023	6739523	0	158	-158	158	-158	158
CAGE_TSS_34794	5	-	6793284	6793508	51.57215118	6793508	0	224	-224	224	-224	224
CAGE_TSS_34803	5	-	6842719	6842801	23.71360016	6842801	0	82	-82	82	-82	82
CAGE_TSS_34814	5	-	6885039	6885180	21.58959007	6885180	0	141	-141	141	-141	141
CAGE_TSS_34819	5	-	6942894	6943055	8.298839569	6943055	0	161	-161	161	-161	161
CAGE_TSS_34822	5	-	6953862	6953977	209.217392	6953977	0	115	-115	115	-115	115
CAGE_TSS_34825	5	-	6958303	6958548	9.26350975	6958548	0	245	-245	245	-245	245
CAGE_TSS_34832	5	-	6975992	6976129	15.19894028	6976129	0	137	-137	137	-137	137
CAGE_TSS_34833	5	-	6981886	6982085	5.012159824	6982085	0	199	-199	199	-199	199
CAGE_TSS_34836	5	-	6993872	6994025	42.0675087	6994025	0	153	-153	153	-153	153
CAGE_TSS_34837	5	-	7007115	7007230	113.3186188	7007230	0	115	-115	115	-115	115
CAGE_TSS_34862	5	-	7097109	7097408	29.69305992	7097408	0	299	-299	299	-299	299
CAGE_TSS_34868	5	-	7133458	7133754	22.31727982	7133754	0	296	-296	296	-296	296
CAGE_TSS_34871	5	-	7147157	7147250	35.6996994	7147250	0	93	-93	93	-93	93
CAGE_TSS_34885	5	-	7250401	7250565	270.0699463	7250565	0	164	-164	164	-164	164
CAGE_TSS_34889	5	-	7265681	7265731	8.687740326	7265731	0	50	-50	50	-50	50
CAGE_TSS_34891	5	-	7287380	7287600	12.13444042	7287600	0	220	-220	220	-220	220
CAGE_TSS_34906	5	-	7334207	7334445	9.179120064	7334445	0	238	-238	238	-238	238
CAGE_TSS_34911	5	-	7366510	7366681	61.34595871	7366681	0	171	-171	171	-171	171
CAGE_TSS_34913	5	-	7373098	7373270	5.291409969	7373270	0	172	-172	172	-172	172
CAGE_TSS_34918	5	-	7385730	7385879	8.773280144	7385879	0	149	-149	149	-149	149
CAGE_TSS_34920	5	-	7394193	7394297	7.332849979	7394297	0	104	-104	104	-104	104
CAGE_TSS_34935	5	-	7443384	7443554	5.625390053	7443554	0	170	-170	170	-170	170
CAGE_TSS_34941	5	-	7477917	7477955	6.547060013	7477955	0	38	-38	38	-38	38
CAGE_TSS_34953	5	-	7598048	7598178	58.1183815	7598178	0	130	-130	130	-130	130
CAGE_TSS_34960	5	-	7636566	7636580	80.83566284	7636580	0	14	-14	14	-14	14
CAGE_TSS_34968	5	-	7709170	7709232	69.57881165	7709232	0	62	-62	62	-62	62
CAGE_TSS_34977	5	-	7740854	7740854	9.157420158	7740854	0	0	0	0	0	0
CAGE_TSS_34998	5	-	7900385	7900506	45.63164139	7900506	0	121	-121	121	-121	121
CAGE_TSS_35002	5	-	7909546	7909642	13.27560043	7909642	0	96	-96	96	-96	96
CAGE_TSS_35014	5	-	7986540	7986661	78.19819641	7986661	0	121	-121	121	-121	121
CAGE_TSS_35020	5	-	8011618	8011788	11.96562958	8011788	0	170	-170	170	-170	170
CAGE_TSS_35022	5	-	8014092	8014299	5.256070137	8014299	0	207	-207	207	-207	207
CAGE_TSS_35034	5	-	8101322	8101540	29.39797974	8101540	0	218	-218	218	-218	218
CAGE_TSS_35035	5	-	8108643	8108800	6.223959923	8108800	0	157	-157	157	-157	157
CAGE_TSS_35038	5	-	8122779	8122984	35.44607162	8122984	0	205	-205	205	-205	205
CAGE_TSS_35040	5	-	8136149	8136247	7.068210125	8136247	0	98	-98	98	-98	98
CAGE_TSS_35041	5	-	8145073	8145293	7.615240097	8145293	0	220	-220	220	-220	220
CAGE_TSS_35048	5	-	8167697	8167925	141.9125977	8167925	0	228	-228	228	-228	228
CAGE_TSS_35051	5	-	8175430	8175494	42.5161705	8175494	0	64	-64	64	-64	64
CAGE_TSS_35052	5	-	8181026	8181162	98.90257263	8181162	0	136	-136	136	-136	136
CAGE_TSS_35054	5	-	8189182	8189326	16.94750023	8189326	0	144	-144	144	-144	144
CAGE_TSS_35055	5	-	8191441	8191590	5.477499962	8191590	0	149	-149	149	-149	149
CAGE_TSS_35057	5	-	8218197	8218197	7.461870193	8218197	0	0	0	0	0	0
CAGE_TSS_35061	5	-	8238246	8238434	58.77376938	8238434	0	188	-188	188	-188	188
CAGE_TSS_35064	5	-	8243364	8243351	17.19062042	8243351	0	-13	13	-13	13	13
CAGE_TSS_35065	5	-	8262573	8262842	6.047420025	8262842	0	269	-269	269	-269	269
CAGE_TSS_35066	5	-	8265761	8265892	223.0151825	8265892	0	131	-131	131	-131	131
CAGE_TSS_35069	5	-	8288254	8288465	230.3826904	8288465	0	211	-211	211	-211	211
CAGE_TSS_35071	5	-	8329477	8329725	10.10636044	8329725	0	248	-248	248	-248	248
CAGE_TSS_35073	5	-	8334015	8334147	65.77146149	8334147	0	132	-132	132	-132	132
CAGE_TSS_35074	5	-	8337963	8338094	134.7687988	8338094	0	131	-131	131	-131	131
CAGE_TSS_35084	5	-	8406131	8406293	6.239570141	8406293	0	162	-162	162	-162	162
CAGE_TSS_35087	5	-	8418997	8419035	25.45244026	8419035	0	38	-38	38	-38	38
CAGE_TSS_35091	5	-	8443826	8444006	95.07862091	8444006	0	180	-180	180	-180	180
CAGE_TSS_35109	5	-	8501169	8501341	104.962738	8501341	0	172	-172	172	-172	172
CAGE_TSS_35110	5	-	8501879	8502078	147.2648163	8502078	0	199	-199	199	-199	199
CAGE_TSS_35111	5	-	8508284	8508349	29.04652977	8508349	0	65	-65	65	-65	65
CAGE_TSS_35116	5	-	8522789	8523039	120.7493668	8523039	0	250	-250	250	-250	250
CAGE_TSS_35123	5	-	8559404	8559528	73.56889343	8559528	0	124	-124	124	-124	124
CAGE_TSS_35124	5	-	8570315	8570608	207.7130127	8570608	0	293	-293	293	-293	293
CAGE_TSS_35131	5	-	8640151	8640356	9.25028038	8640356	0	205	-205	205	-205	205
CAGE_TSS_35133	5	-	8647812	8647941	8.89029026	8647941	0	129	-129	129	-129	129
CAGE_TSS_35139	5	-	8674528	8674677	25.6635704	8674677	0	149	-149	149	-149	149
CAGE_TSS_35141	5	-	8707748	8707947	18.0026207	8707947	0	199	-199	199	-199	199
CAGE_TSS_35142	5	-	8747193	8747309	21.72818947	8747309	0	116	-116	116	-116	116
CAGE_TSS_35145	5	-	8762753	8762825	40.27505875	8762825	0	72	-72	72	-72	72
CAGE_TSS_35149	5	-	8797011	8797253	161.3279266	8797253	0	242	-242	242	-242	242
CAGE_TSS_35158	5	-	8884801	8884885	11.48141956	8884885	0	84	-84	84	-84	84
CAGE_TSS_35166	5	-	8916031	8916206	13.77593994	8916206	0	175	-175	175	-175	175
CAGE_TSS_35168	5	-	8916720	8916912	54.90480042	8916912	0	192	-192	192	-192	192
CAGE_TSS_35177	5	-	8971446	8971669	18.33135033	8971669	0	223	-223	223	-223	223
CAGE_TSS_35181	5	-	8979278	8979450	167.1852722	8979450	0	172	-172	172	-172	172
CAGE_TSS_35183	5	-	8987802	8987962	28.43054008	8987962	0	160	-160	160	-160	160
CAGE_TSS_35184	5	-	9000333	9000555	5.368720055	9000555	0	222	-222	222	-222	222
CAGE_TSS_35191	5	-	9077491	9077573	14.05072021	9077573	0	82	-82	82	-82	82
CAGE_TSS_35203	5	-	9087494	9087600	35.04777908	9087600	0	106	-106	106	-106	106
CAGE_TSS_35212	5	-	9164685	9164957	35.35034943	9164957	0	272	-272	272	-272	272
CAGE_TSS_35213	5	-	9174567	9174659	23.74332047	9174659	0	92	-92	92	-92	92
CAGE_TSS_35215	5	-	9247065	9247334	43.0105896	9247334	0	269	-269	269	-269	269
CAGE_TSS_35222	5	-	9258987	9259210	7.041019917	9259210	0	223	-223	223	-223	223
CAGE_TSS_35230	5	-	9315523	9315555	7.43377018	9315555	0	32	-32	32	-32	32
CAGE_TSS_35231	5	-	9333173	9333174	6.284739971	9333174	0	1	-1	1	-1	1
CAGE_TSS_35238	5	-	9402359	9402520	22.98541069	9402520	0	161	-161	161	-161	161
CAGE_TSS_35241	5	-	9410030	9410289	13.52326012	9410289	0	259	-259	259	-259	259
CAGE_TSS_35246	5	-	9486146	9486193	16.2329998	9486193	0	47	-47	47	-47	47
CAGE_TSS_35254	5	-	9574111	9574370	7.734729767	9574370	0	259	-259	259	-259	259
CAGE_TSS_35265	5	-	9674147	9674289	5.860070229	9674289	0	142	-142	142	-142	142
CAGE_TSS_35270	5	-	9704716	9704984	7.725599766	9704984	0	268	-268	268	-268	268
CAGE_TSS_35272	5	-	9716303	9716444	220.8139648	9716444	0	141	-141	141	-141	141
CAGE_TSS_35277	5	-	9789660	9789656	10.17860031	9789656	0	-4	4	-4	4	4
CAGE_TSS_35279	5	-	9792309	9792458	66.65294647	9792458	0	149	-149	149	-149	149
CAGE_TSS_35282	5	-	9793456	9793593	31.66646004	9793593	0	137	-137	137	-137	137
CAGE_TSS_35290	5	-	9820054	9820012	14.76780987	9820012	0	-42	42	-42	42	42
CAGE_TSS_35301	5	-	9944777	9945022	101.463768	9945022	0	245	-245	245	-245	245
CAGE_TSS_35311	5	-	10028530	10028682	53.28134918	10028682	0	152	-152	152	-152	152
CAGE_TSS_35316	5	-	10039000	10039171	10.22136021	10039171	0	171	-171	171	-171	171
CAGE_TSS_35331	5	-	10282616	10282683	36.84577179	10282683	0	67	-67	67	-67	67
CAGE_TSS_35340	5	-	10484069	10484316	8.875289917	10484316	0	247	-247	247	-247	247
CAGE_TSS_35359	5	-	10649891	10649610	18.18427086	10649610	0	-281	281	-281	281	281
CAGE_TSS_35365	5	-	10785720	10785804	12.56643009	10785804	0	84	-84	84	-84	84
CAGE_TSS_35370	5	-	10798222	10798284	8.401309967	10798284	0	62	-62	62	-62	62
CAGE_TSS_35391	5	-	10934750	10934867	228.9284058	10934867	0	117	-117	117	-117	117
CAGE_TSS_35399	5	-	11024958	11025015	38.86624908	11025015	0	57	-57	57	-57	57
CAGE_TSS_35427	5	-	12088601	12088847	8.285099983	12088847	0	246	-246	246	-246	246
CAGE_TSS_35489	5	-	13364410	13364445	13.70005035	13364445	0	35	-35	35	-35	35
CAGE_TSS_35493	5	-	13466049	13466249	15.51832962	13466249	0	200	-200	200	-200	200
CAGE_TSS_35496	5	-	13482606	13482722	5.707320213	13482722	0	116	-116	116	-116	116
CAGE_TSS_35499	5	-	13591302	13591343	23.63311005	13591343	0	41	-41	41	-41	41
CAGE_TSS_35533	5	-	13916775	13916937	24.29494095	13916937	0	162	-162	162	-162	162
CAGE_TSS_35534	5	-	13925424	13925622	8.875289917	13925622	0	198	-198	198	-198	198
CAGE_TSS_35544	5	-	14035488	14035628	5.539549828	14035628	0	140	-140	140	-140	140
CAGE_TSS_35557	5	-	14199267	14199439	29.18584061	14199439	0	172	-172	172	-172	172
CAGE_TSS_35560	5	-	14235151	14235367	19.90774918	14235367	0	216	-216	216	-216	216
CAGE_TSS_35561	5	-	14237983	14238186	15.51832962	14238186	0	203	-203	203	-203	203
CAGE_TSS_35563	5	-	14255983	14256118	67.64771271	14256118	0	135	-135	135	-135	135
CAGE_TSS_35564	5	-	14288362	14288567	6.92825985	14288567	0	205	-205	205	-205	205
CAGE_TSS_35575	5	-	14565012	14565273	45.03633881	14565273	0	261	-261	261	-261	261
CAGE_TSS_35576	5	-	14566301	14566546	54.58955002	14566546	0	245	-245	245	-245	245
CAGE_TSS_35590	5	-	14753087	14753248	90.09446716	14753248	0	161	-161	161	-161	161
CAGE_TSS_35599	5	-	14816519	14816559	5.078110218	14816559	0	40	-40	40	-40	40
CAGE_TSS_35608	5	-	14887010	14887158	5.695569992	14887158	0	148	-148	148	-148	148
CAGE_TSS_35611	5	-	14919776	14919912	45.55728149	14919912	0	136	-136	136	-136	136
CAGE_TSS_35629	5	-	14998282	14998528	19.81476974	14998528	0	246	-246	246	-246	246
CAGE_TSS_35631	5	-	14999618	14999736	20.11650085	14999736	0	118	-118	118	-118	118
CAGE_TSS_35633	5	-	15006132	15006426	14.47369003	15006426	0	294	-294	294	-294	294
CAGE_TSS_35636	5	-	15060755	15061038	7.627349854	15061038	0	283	-283	283	-283	283
CAGE_TSS_35639	5	-	15103650	15103938	36.9604187	15103938	0	288	-288	288	-288	288
CAGE_TSS_35643	5	-	15153616	15153629	19.67625046	15153629	0	13	-13	13	-13	13
CAGE_TSS_35648	5	-	15201196	15201430	290.8716431	15201430	0	234	-234	234	-234	234
CAGE_TSS_35658	5	-	15297583	15297734	61.59576035	15297734	0	151	-151	151	-151	151
CAGE_TSS_35664	5	-	15378351	15378529	8.494059563	15378529	0	178	-178	178	-178	178
CAGE_TSS_35667	5	-	15382024	15382210	29.82390022	15382210	0	186	-186	186	-186	186
CAGE_TSS_35674	5	-	15420546	15420721	5.336470127	15420721	0	175	-175	175	-175	175
CAGE_TSS_35678	5	-	15453916	15453905	65.02062988	15453905	0	-11	11	-11	11	11
CAGE_TSS_35680	5	-	15470739	15470835	6.470779896	15470835	0	96	-96	96	-96	96
CAGE_TSS_35693	5	-	15562751	15562882	11.41131973	15562882	0	131	-131	131	-131	131
CAGE_TSS_35706	5	-	15713040	15713290	76.66957092	15713290	0	250	-250	250	-250	250
CAGE_TSS_35708	5	-	15761678	15761827	13.02268982	15761827	0	149	-149	149	-149	149
CAGE_TSS_35715	5	-	15840542	15840752	7.472670078	15840752	0	210	-210	210	-210	210
CAGE_TSS_35719	5	-	15849107	15849396	51.539711	15849396	0	289	-289	289	-289	289
CAGE_TSS_35722	5	-	15859782	15860041	51.72608948	15860041	0	259	-259	259	-259	259
CAGE_TSS_35725	5	-	15935260	15935302	244.5904236	15935302	0	42	-42	42	-42	42
CAGE_TSS_35730	5	-	15991890	15992016	24.26881027	15992016	0	126	-126	126	-126	126
CAGE_TSS_35744	5	-	16067599	16067651	5.797840118	16067651	0	52	-52	52	-52	52
CAGE_TSS_35746	5	-	16081753	16081829	14.64367008	16081829	0	76	-76	76	-76	76
CAGE_TSS_35748	5	-	16084580	16084634	6.141359806	16084634	0	54	-54	54	-54	54
CAGE_TSS_35757	5	-	16149132	16149304	25.3335495	16149304	0	172	-172	172	-172	172
CAGE_TSS_35770	5	-	16195621	16195733	32.44496918	16195733	0	112	-112	112	-112	112
CAGE_TSS_35776	5	-	16252376	16252558	10.44318008	16252558	0	182	-182	182	-182	182
CAGE_TSS_35777	5	-	16256759	16256916	36.24422836	16256916	0	157	-157	157	-157	157
CAGE_TSS_35782	5	-	16293588	16293639	119.8390427	16293639	0	51	-51	51	-51	51
CAGE_TSS_35794	5	-	16356268	16356519	31.67691994	16356519	0	251	-251	251	-251	251
CAGE_TSS_35808	5	-	16459264	16459278	227.0196533	16459278	0	14	-14	14	-14	14
CAGE_TSS_35809	5	-	16463332	16463448	71.63321686	16463448	0	116	-116	116	-116	116
CAGE_TSS_35816	5	-	16497056	16497258	21.29326057	16497258	0	202	-202	202	-202	202
CAGE_TSS_35823	5	-	16543970	16543947	25.94004059	16543947	0	-23	23	-23	23	23
CAGE_TSS_35825	5	-	16570175	16570275	161.3279266	16570275	0	100	-100	100	-100	100
CAGE_TSS_35834	5	-	16630792	16631028	5.205070019	16631028	0	236	-236	236	-236	236
CAGE_TSS_35838	5	-	16660970	16661116	5.735589981	16661116	0	146	-146	146	-146	146
CAGE_TSS_35855	5	-	16797999	16798128	8.234769821	16798128	0	129	-129	129	-129	129
CAGE_TSS_35869	5	-	16820131	16820299	64.1881485	16820299	0	168	-168	168	-168	168
CAGE_TSS_35875	5	-	16832284	16832506	11.63467026	16832506	0	222	-222	222	-222	222
CAGE_TSS_35886	5	-	16913913	16913977	9.969499588	16913977	0	64	-64	64	-64	64
CAGE_TSS_35887	5	-	16921553	16921743	9.87460041	16921743	0	190	-190	190	-190	190
CAGE_TSS_35888	5	-	16938474	16938583	8.819299698	16938583	0	109	-109	109	-109	109
CAGE_TSS_35895	5	-	16998832	16998939	8.401309967	16998939	0	107	-107	107	-107	107
CAGE_TSS_35900	5	-	17022579	17022562	29.00633049	17022562	0	-17	17	-17	17	17
CAGE_TSS_35901	5	-	17025255	17025483	210.094574	17025483	0	228	-228	228	-228	228
CAGE_TSS_35902	5	-	17033725	17033946	227.4887695	17033946	0	221	-221	221	-221	221
CAGE_TSS_35903	5	-	17075752	17075945	14.8715601	17075945	0	193	-193	193	-193	193
CAGE_TSS_35906	5	-	17098337	17098421	55.95948029	17098421	0	84	-84	84	-84	84
CAGE_TSS_35909	5	-	17099435	17099647	218.3456879	17099647	0	212	-212	212	-212	212
CAGE_TSS_35913	5	-	17119837	17119980	8.178250313	17119980	0	143	-143	143	-143	143
CAGE_TSS_35915	5	-	17144066	17144231	19.1463604	17144231	0	165	-165	165	-165	165
CAGE_TSS_35928	5	-	17189860	17190058	13.18511963	17190058	0	198	-198	198	-198	198
CAGE_TSS_35933	5	-	17214220	17214296	215.0167236	17214296	0	76	-76	76	-76	76
CAGE_TSS_35939	5	-	17240723	17240898	6.328050137	17240898	0	175	-175	175	-175	175
CAGE_TSS_35941	5	-	17245849	17246095	150.1352844	17246095	0	246	-246	246	-246	246
CAGE_TSS_35944	5	-	17257772	17257851	13.72768974	17257851	0	79	-79	79	-79	79
CAGE_TSS_35951	5	-	17272160	17272285	40.27655029	17272285	0	125	-125	125	-125	125
CAGE_TSS_35955	5	-	17331645	17331893	283.3252869	17331893	0	248	-248	248	-248	248
CAGE_TSS_35960	5	-	17358038	17358225	46.50339127	17358225	0	187	-187	187	-187	187
CAGE_TSS_35972	5	-	17421855	17422098	31.16604996	17422098	0	243	-243	243	-243	243
CAGE_TSS_35973	5	-	17428175	17428395	27.34766006	17428395	0	220	-220	220	-220	220
CAGE_TSS_35974	5	-	17431816	17431965	5.31911993	17431965	0	149	-149	149	-149	149
CAGE_TSS_35981	5	-	17486224	17486488	19.24747086	17486488	0	264	-264	264	-264	264
CAGE_TSS_35982	5	-	17508409	17508119	7.0136199	17508119	0	-290	290	-290	290	290
CAGE_TSS_35988	5	-	17574968	17575003	8.588080406	17575003	0	35	-35	35	-35	35
CAGE_TSS_35992	5	-	17581196	17581376	11.47737026	17581376	0	180	-180	180	-180	180
CAGE_TSS_36002	5	-	17629111	17629325	39.94971848	17629325	0	214	-214	214	-214	214
CAGE_TSS_36009	5	-	17650299	17650463	28.64888	17650463	0	164	-164	164	-164	164
CAGE_TSS_36010	5	-	17666953	17667220	117.1013184	17667220	0	267	-267	267	-267	267
CAGE_TSS_36026	5	-	17739830	17739962	38.63365936	17739962	0	132	-132	132	-132	132
CAGE_TSS_36028	5	-	17748395	17748442	10.87870026	17748442	0	47	-47	47	-47	47
CAGE_TSS_36031	5	-	17752712	17752959	30.79268074	17752959	0	247	-247	247	-247	247
CAGE_TSS_36037	5	-	17803953	17804155	6.23360014	17804155	0	202	-202	202	-202	202
CAGE_TSS_36039	5	-	17825667	17825847	6.138669968	17825847	0	180	-180	180	-180	180
CAGE_TSS_36049	5	-	17861098	17861273	12.89795971	17861273	0	175	-175	175	-175	175
CAGE_TSS_36051	5	-	17877599	17877596	26.19765091	17877596	0	-3	3	-3	3	3
CAGE_TSS_36053	5	-	17881431	17881572	168.0212708	17881572	0	141	-141	141	-141	141
CAGE_TSS_36054	5	-	17885003	17885117	88.5749588	17885117	0	114	-114	114	-114	114
CAGE_TSS_36057	5	-	17892896	17892891	18.07669067	17892891	0	-5	5	-5	5	5
CAGE_TSS_36058	5	-	17903376	17903560	10.12967968	17903560	0	184	-184	184	-184	184
CAGE_TSS_36070	5	-	17962157	17962438	9.82310009	17962438	0	281	-281	281	-281	281
CAGE_TSS_36083	5	-	18025944	18026112	8.902950287	18026112	0	168	-168	168	-168	168
CAGE_TSS_36092	5	-	18097583	18097645	57.22745895	18097645	0	62	-62	62	-62	62
CAGE_TSS_36113	5	-	18281850	18282110	11.06231022	18282110	0	260	-260	260	-260	260
CAGE_TSS_36117	5	-	18337353	18337567	30.50407982	18337567	0	214	-214	214	-214	214
CAGE_TSS_36120	5	-	18359033	18359151	44.8797493	18359151	0	118	-118	118	-118	118
CAGE_TSS_36129	5	-	18383691	18383908	25.43691063	18383908	0	217	-217	217	-217	217
CAGE_TSS_36131	5	-	18386725	18386906	55.16460037	18386906	0	181	-181	181	-181	181
CAGE_TSS_36133	5	-	18391551	18391806	5.356369972	18391806	0	255	-255	255	-255	255
CAGE_TSS_36136	5	-	18403797	18403921	101.0477219	18403921	0	124	-124	124	-124	124
CAGE_TSS_36138	5	-	18406605	18406892	154.8374176	18406892	0	287	-287	287	-287	287
CAGE_TSS_36140	5	-	18425007	18425286	15.13560009	18425286	0	279	-279	279	-279	279
CAGE_TSS_36145	5	-	18457281	18457475	117.2500076	18457475	0	194	-194	194	-194	194
CAGE_TSS_36147	5	-	18486235	18486503	5.005650043	18486503	0	268	-268	268	-268	268
CAGE_TSS_36151	5	-	18558394	18558510	9.937649727	18558510	0	116	-116	116	-116	116
CAGE_TSS_36158	5	-	18590594	18590769	5.831270218	18590769	0	175	-175	175	-175	175
CAGE_TSS_36169	5	-	18679145	18679321	8.959469795	18679321	0	176	-176	176	-176	176
CAGE_TSS_36171	5	-	18690752	18690959	20.42234039	18690959	0	207	-207	207	-207	207
CAGE_TSS_36174	5	-	18710592	18710785	15.08743954	18710785	0	193	-193	193	-193	193
CAGE_TSS_36177	5	-	18716956	18716952	44.16994095	18716952	0	-4	4	-4	4	4
CAGE_TSS_36178	5	-	18721297	18721377	6.080039978	18721377	0	80	-80	80	-80	80
CAGE_TSS_36182	5	-	18743043	18743194	193.9862061	18743194	0	151	-151	151	-151	151
CAGE_TSS_36199	5	-	18919419	18919675	10.75881958	18919675	0	256	-256	256	-256	256
CAGE_TSS_36220	5	-	19036915	19037050	10.36686039	19037050	0	135	-135	135	-135	135
CAGE_TSS_36221	5	-	19040401	19040663	94.5270462	19040663	0	262	-262	262	-262	262
CAGE_TSS_36223	5	-	19070335	19070564	12.64610004	19070564	0	229	-229	229	-229	229
CAGE_TSS_36230	5	-	19130894	19131007	18.79549026	19131007	0	113	-113	113	-113	113
CAGE_TSS_36238	5	-	19163775	19163903	61.50545883	19163903	0	128	-128	128	-128	128
CAGE_TSS_36249	5	-	19172812	19172989	240.1699371	19172989	0	177	-177	177	-177	177
CAGE_TSS_36250	5	-	19188747	19188999	107.4912415	19188999	0	252	-252	252	-252	252
CAGE_TSS_36254	5	-	19224570	19224694	6.432079792	19224694	0	124	-124	124	-124	124
CAGE_TSS_36256	5	-	19241187	19241433	24.26041031	19241433	0	246	-246	246	-246	246
CAGE_TSS_36260	5	-	19249504	19249730	42.9906311	19249730	0	226	-226	226	-226	226
CAGE_TSS_36264	5	-	19285579	19285789	9.121230125	19285789	0	210	-210	210	-210	210
CAGE_TSS_36266	5	-	19286994	19287122	40.36520004	19287122	0	128	-128	128	-128	128
CAGE_TSS_36269	5	-	19290397	19290509	107.8367767	19290509	0	112	-112	112	-112	112
CAGE_TSS_36278	5	-	19301911	19302211	9.670700073	19302211	0	300	-300	300	-300	300
CAGE_TSS_36281	5	-	19304813	19304974	32.64194107	19304974	0	161	-161	161	-161	161
CAGE_TSS_36282	5	-	19307983	19308223	42.25484085	19308223	0	240	-240	240	-240	240
CAGE_TSS_36291	5	-	19337049	19337218	74.63864899	19337218	0	169	-169	169	-169	169
CAGE_TSS_36312	5	-	19447265	19447497	12.36299038	19447497	0	232	-232	232	-232	232
CAGE_TSS_36320	5	-	19524617	19524628	37.13555145	19524628	0	11	-11	11	-11	11
CAGE_TSS_36330	5	-	19542425	19542521	18.28778076	19542521	0	96	-96	96	-96	96
CAGE_TSS_36333	5	-	19555312	19555570	125.3972092	19555570	0	258	-258	258	-258	258
CAGE_TSS_36335	5	-	19580403	19580623	21.96096039	19580623	0	220	-220	220	-220	220
CAGE_TSS_36337	5	-	19607055	19607061	6.014619827	19607061	0	6	-6	6	-6	6
CAGE_TSS_36340	5	-	19635663	19635683	19.94877052	19635683	0	20	-20	20	-20	20
CAGE_TSS_36343	5	-	19648272	19648375	6.577129841	19648375	0	103	-103	103	-103	103
CAGE_TSS_36358	5	-	19733025	19733071	23.54763031	19733071	0	46	-46	46	-46	46
CAGE_TSS_36361	5	-	19735553	19735823	8.882590294	19735823	0	270	-270	270	-270	270
CAGE_TSS_36372	5	-	19781997	19782215	29.23661995	19782215	0	218	-218	218	-218	218
CAGE_TSS_36374	5	-	19790249	19790415	13.53299999	19790415	0	166	-166	166	-166	166
CAGE_TSS_36386	5	-	19807761	19807882	69.86846161	19807882	0	121	-121	121	-121	121
CAGE_TSS_36389	5	-	19817139	19817305	23.13455963	19817305	0	166	-166	166	-166	166
CAGE_TSS_36403	5	-	19896920	19897073	53.32524872	19897073	0	153	-153	153	-153	153
CAGE_TSS_36405	5	-	19898998	19899129	48.82579041	19899129	0	131	-131	131	-131	131
CAGE_TSS_36406	5	-	19909398	19909520	16.01277924	19909520	0	122	-122	122	-122	122
CAGE_TSS_36408	5	-	19939472	19939710	59.18122101	19939710	0	238	-238	238	-238	238
CAGE_TSS_36412	5	-	19974463	19974654	5.474850178	19974654	0	191	-191	191	-191	191
CAGE_TSS_36413	5	-	19977451	19977535	104.967659	19977535	0	84	-84	84	-84	84
CAGE_TSS_36424	5	-	20016738	20016750	50.65013123	20016750	0	12	-12	12	-12	12
CAGE_TSS_36425	5	-	20046662	20046803	41.29365158	20046803	0	141	-141	141	-141	141
CAGE_TSS_36428	5	-	20049547	20049773	55.0170784	20049773	0	226	-226	226	-226	226
CAGE_TSS_36442	5	-	20139526	20139637	8.396690369	20139637	0	111	-111	111	-111	111
CAGE_TSS_36443	5	-	20146504	20146692	33.47153854	20146692	0	188	-188	188	-188	188
CAGE_TSS_36447	5	-	20169592	20169803	30.86296082	20169803	0	211	-211	211	-211	211
CAGE_TSS_36455	5	-	20200267	20200556	104.0129166	20200556	0	289	-289	289	-289	289
CAGE_TSS_36466	5	-	20208669	20208886	69.41912842	20208886	0	217	-217	217	-217	217
CAGE_TSS_36468	5	-	20236095	20236320	5.12665987	20236320	0	225	-225	225	-225	225
CAGE_TSS_36470	5	-	20249552	20249796	27.46606064	20249796	0	244	-244	244	-244	244
CAGE_TSS_36476	5	-	20292207	20292272	111.177948	20292272	0	65	-65	65	-65	65
CAGE_TSS_36477	5	-	20302377	20302663	73.17150116	20302663	0	286	-286	286	-286	286
CAGE_TSS_36487	5	-	20345134	20345208	13.81163025	20345208	0	74	-74	74	-74	74
CAGE_TSS_36491	5	-	20406570	20406792	25.49645996	20406792	0	222	-222	222	-222	222
CAGE_TSS_36499	5	-	20489657	20489816	165.6887512	20489816	0	159	-159	159	-159	159
CAGE_TSS_36502	5	-	20501712	20501952	31.25431061	20501952	0	240	-240	240	-240	240
CAGE_TSS_36503	5	-	20510667	20510858	85.79338837	20510858	0	191	-191	191	-191	191
CAGE_TSS_36513	5	-	20544746	20544860	7.77173996	20544860	0	114	-114	114	-114	114
CAGE_TSS_36528	5	-	20706792	20707040	57.37583923	20707040	0	248	-248	248	-248	248
CAGE_TSS_36529	5	-	20711465	20711496	11.19172955	20711496	0	31	-31	31	-31	31
CAGE_TSS_36541	5	-	20720371	20720498	112.8738708	20720498	0	127	-127	127	-127	127
CAGE_TSS_36543	5	-	20762430	20762613	85.80859375	20762613	0	183	-183	183	-183	183
CAGE_TSS_36544	5	-	20770993	20771135	13.7785902	20771135	0	142	-142	142	-142	142
CAGE_TSS_36550	5	-	20801415	20801613	13.66343021	20801613	0	198	-198	198	-198	198
CAGE_TSS_36561	5	-	20878406	20878566	58.93777084	20878566	0	160	-160	160	-160	160
CAGE_TSS_36571	5	-	20940890	20940899	20.60210037	20940899	0	9	-9	9	-9	9
CAGE_TSS_36584	5	-	21068004	21068171	60.72888184	21068171	0	167	-167	167	-167	167
CAGE_TSS_36587	5	-	21095769	21095792	7.332849979	21095792	0	23	-23	23	-23	23
CAGE_TSS_36598	5	-	21154243	21154184	11.73939037	21154184	0	-59	59	-59	59	59
CAGE_TSS_36600	5	-	21180309	21180509	10.64264011	21180509	0	200	-200	200	-200	200
CAGE_TSS_36617	5	-	21285171	21285304	130.2042847	21285304	0	133	-133	133	-133	133
CAGE_TSS_36624	5	-	21330135	21330188	50.21731949	21330188	0	53	-53	53	-53	53
CAGE_TSS_36626	5	-	21336918	21337091	194.7574463	21337091	0	173	-173	173	-173	173
CAGE_TSS_36636	5	-	21395716	21395870	77.62493896	21395870	0	154	-154	154	-154	154
CAGE_TSS_36637	5	-	21417715	21417725	22.65686035	21417725	0	10	-10	10	-10	10
CAGE_TSS_36640	5	-	21429447	21429609	5.266129971	21429609	0	162	-162	162	-162	162
CAGE_TSS_36643	5	-	21438593	21438842	58.97357178	21438842	0	249	-249	249	-249	249
CAGE_TSS_36646	5	-	21463265	21463362	17.91415024	21463362	0	97	-97	97	-97	97
CAGE_TSS_36648	5	-	21483710	21483822	134.8848267	21483822	0	112	-112	112	-112	112
CAGE_TSS_36653	5	-	21513492	21513695	293.6179504	21513695	0	203	-203	203	-203	203
CAGE_TSS_36655	5	-	21562056	21562248	137.3449402	21562248	0	192	-192	192	-192	192
CAGE_TSS_36660	5	-	21619285	21619358	52.76028824	21619358	0	73	-73	73	-73	73
CAGE_TSS_36668	5	-	21651571	21651666	34.71136093	21651666	0	95	-95	95	-95	95
CAGE_TSS_36672	5	-	21693011	21692805	93.93824005	21692805	0	-206	206	-206	206	206
CAGE_TSS_36680	5	-	21763439	21763685	29.56447983	21763685	0	246	-246	246	-246	246
CAGE_TSS_36684	5	-	21805793	21806013	5.831270218	21806013	0	220	-220	220	-220	220
CAGE_TSS_36689	5	-	21864909	21865061	13.71630955	21865061	0	152	-152	152	-152	152
CAGE_TSS_36691	5	-	21873257	21873461	26.98594093	21873461	0	204	-204	204	-204	204
CAGE_TSS_36693	5	-	21883415	21883598	43.63748169	21883598	0	183	-183	183	-183	183
CAGE_TSS_36695	5	-	21896367	21896445	38.96369934	21896445	0	78	-78	78	-78	78
CAGE_TSS_36698	5	-	21898613	21898850	6.427070141	21898850	0	237	-237	237	-237	237
CAGE_TSS_36699	5	-	21917229	21917295	147.1448669	21917295	0	66	-66	66	-66	66
CAGE_TSS_36700	5	-	21923591	21923875	59.62120819	21923875	0	284	-284	284	-284	284
CAGE_TSS_36704	5	-	21938380	21938559	38.40610886	21938559	0	179	-179	179	-179	179
CAGE_TSS_36711	5	-	21987044	21987092	5.746039867	21987092	0	48	-48	48	-48	48
CAGE_TSS_36713	5	-	21992812	21993017	6.818490028	21993017	0	205	-205	205	-205	205
CAGE_TSS_36716	5	-	22017932	22018217	36.44393158	22018217	0	285	-285	285	-285	285
CAGE_TSS_36723	5	-	22055430	22055667	16.38567924	22055667	0	237	-237	237	-237	237
CAGE_TSS_36729	5	-	22080149	22080381	18.96459961	22080381	0	232	-232	232	-232	232
CAGE_TSS_36733	5	-	22115365	22115539	67.38323212	22115539	0	174	-174	174	-174	174
CAGE_TSS_36739	5	-	22202108	22202263	5.338990211	22202263	0	155	-155	155	-155	155
CAGE_TSS_36742	5	-	22237342	22237566	6.391300201	22237566	0	224	-224	224	-224	224
CAGE_TSS_36744	5	-	22255557	22255595	15.11981964	22255595	0	38	-38	38	-38	38
CAGE_TSS_36748	5	-	22266780	22267078	120.6493225	22267078	0	298	-298	298	-298	298
CAGE_TSS_36760	5	-	22331812	22332030	55.44166946	22332030	0	218	-218	218	-218	218
CAGE_TSS_36769	5	-	22410921	22411106	48.06164932	22411106	0	185	-185	185	-185	185
CAGE_TSS_36771	5	-	22424175	22424393	31.14018059	22424393	0	218	-218	218	-218	218
CAGE_TSS_36777	5	-	22447964	22448031	27.83403969	22448031	0	67	-67	67	-67	67
CAGE_TSS_36779	5	-	22454803	22454856	109.2270737	22454856	0	53	-53	53	-53	53
CAGE_TSS_36787	5	-	22507875	22508040	7.180049896	22508040	0	165	-165	165	-165	165
CAGE_TSS_36791	5	-	22546977	22547158	28.92123985	22547158	0	181	-181	181	-181	181
CAGE_TSS_36796	5	-	22581204	22581417	5.588270187	22581417	0	213	-213	213	-213	213
CAGE_TSS_36801	5	-	22633351	22633430	207.742157	22633430	0	79	-79	79	-79	79
CAGE_TSS_36804	5	-	22642353	22642361	17.96990967	22642361	0	8	-8	8	-8	8
CAGE_TSS_36813	5	-	22741032	22741185	58.9353981	22741185	0	153	-153	153	-153	153
CAGE_TSS_36814	5	-	22752731	22752790	13.19552994	22752790	0	59	-59	59	-59	59
CAGE_TSS_36816	5	-	22759379	22759476	14.67794991	22759476	0	97	-97	97	-97	97
CAGE_TSS_36818	5	-	22764515	22764594	43.75368881	22764594	0	79	-79	79	-79	79
CAGE_TSS_36824	5	-	22822674	22822909	169.7584076	22822909	0	235	-235	235	-235	235
CAGE_TSS_36833	5	-	22896575	22896814	260.3567505	22896814	0	239	-239	239	-239	239
CAGE_TSS_36835	5	-	22910801	22910847	134.5565948	22910847	0	46	-46	46	-46	46
CAGE_TSS_36843	5	-	22962619	22962679	205.9381866	22962679	0	60	-60	60	-60	60
CAGE_TSS_36859	5	-	23065330	23065483	19.97682953	23065483	0	153	-153	153	-153	153
CAGE_TSS_36867	5	-	23108794	23109024	31.30591011	23109024	0	230	-230	230	-230	230
CAGE_TSS_36871	5	-	23117543	23117243	14.91674995	23117243	0	-300	300	-300	300	300
CAGE_TSS_36880	5	-	23175494	23175674	23.87828064	23175674	0	180	-180	180	-180	180
CAGE_TSS_36890	5	-	23226536	23226817	130.2464752	23226817	0	281	-281	281	-281	281
CAGE_TSS_36893	5	-	23230634	23230761	14.62570953	23230761	0	127	-127	127	-127	127
CAGE_TSS_36899	5	-	23263334	23263503	22.18523979	23263503	0	169	-169	169	-169	169
CAGE_TSS_36900	5	-	23267796	23267972	15.53108025	23267972	0	176	-176	176	-176	176
CAGE_TSS_36908	5	-	23306420	23306563	29.34276009	23306563	0	143	-143	143	-143	143
CAGE_TSS_36910	5	-	23308280	23308481	35.11941147	23308481	0	201	-201	201	-201	201
CAGE_TSS_36913	5	-	23318113	23318388	11.66413975	23318388	0	275	-275	275	-275	275
CAGE_TSS_36916	5	-	23343202	23343373	74.67440033	23343373	0	171	-171	171	-171	171
CAGE_TSS_36927	5	-	23406322	23406418	24.80267906	23406418	0	96	-96	96	-96	96
CAGE_TSS_36931	5	-	23413629	23413772	92.46520233	23413772	0	143	-143	143	-143	143
CAGE_TSS_36933	5	-	23431018	23431207	79.67919922	23431207	0	189	-189	189	-189	189
CAGE_TSS_36937	5	-	23437322	23437468	8.882590294	23437468	0	146	-146	146	-146	146
CAGE_TSS_36940	5	-	23452554	23452824	7.590950012	23452824	0	270	-270	270	-270	270
CAGE_TSS_36950	5	-	23501208	23501357	84.9851532	23501357	0	149	-149	149	-149	149
CAGE_TSS_36969	5	-	23599166	23599265	9.572230339	23599265	0	99	-99	99	-99	99
CAGE_TSS_36974	5	-	23626772	23626881	49.42847824	23626881	0	109	-109	109	-109	109
CAGE_TSS_36978	5	-	23654514	23654718	104.7490616	23654718	0	204	-204	204	-204	204
CAGE_TSS_36981	5	-	23677861	23678115	28.94228935	23678115	0	254	-254	254	-254	254
CAGE_TSS_36986	5	-	23685716	23685868	22.14088058	23685868	0	152	-152	152	-152	152
CAGE_TSS_36987	5	-	23700224	23700455	9.131409645	23700455	0	231	-231	231	-231	231
CAGE_TSS_36988	5	-	23706810	23707045	19.31056976	23707045	0	235	-235	235	-235	235
CAGE_TSS_36991	5	-	23716082	23716292	5.914800167	23716292	0	210	-210	210	-210	210
CAGE_TSS_36992	5	-	23723133	23723358	60.77927017	23723358	0	225	-225	225	-225	225
CAGE_TSS_36993	5	-	23725461	23725652	11.98978043	23725652	0	191	-191	191	-191	191
CAGE_TSS_36999	5	-	23741305	23741509	20.28953934	23741509	0	204	-204	204	-204	204
CAGE_TSS_37008	5	-	23785360	23785591	40.69107819	23785591	0	231	-231	231	-231	231
CAGE_TSS_37012	5	-	23796459	23796567	44.17844009	23796567	0	108	-108	108	-108	108
CAGE_TSS_37016	5	-	23803641	23803675	25.87228012	23803675	0	34	-34	34	-34	34
CAGE_TSS_37020	5	-	23830469	23830670	71.11794281	23830670	0	201	-201	201	-201	201
CAGE_TSS_37025	5	-	23842810	23842864	13.65190983	23842864	0	54	-54	54	-54	54
CAGE_TSS_37033	5	-	23896593	23896801	43.88293076	23896801	0	208	-208	208	-208	208
CAGE_TSS_37040	5	-	23921256	23921273	5.192110062	23921273	0	17	-17	17	-17	17
CAGE_TSS_37043	5	-	23934090	23934106	19.94820023	23934106	0	16	-16	16	-16	16
CAGE_TSS_37044	5	-	23934712	23934954	41.55482864	23934954	0	242	-242	242	-242	242
CAGE_TSS_37049	5	-	23978392	23978435	21.58959007	23978435	0	43	-43	43	-43	43
CAGE_TSS_37051	5	-	23981566	23981654	122.3497696	23981654	0	88	-88	88	-88	88
CAGE_TSS_37059	5	-	23997589	23997822	15.22249031	23997822	0	233	-233	233	-233	233
CAGE_TSS_37060	5	-	23999727	23999838	217.4486847	23999838	0	111	-111	111	-111	111
CAGE_TSS_37071	5	-	24066164	24066255	67.05596924	24066255	0	91	-91	91	-91	91
CAGE_TSS_37074	5	-	24081129	24081242	12.76605988	24081242	0	113	-113	113	-113	113
CAGE_TSS_37078	5	-	24083430	24083625	32.36056137	24083625	0	195	-195	195	-195	195
CAGE_TSS_37081	5	-	24096477	24096672	7.255559921	24096672	0	195	-195	195	-195	195
CAGE_TSS_37084	5	-	24109250	24109536	14.64881039	24109536	0	286	-286	286	-286	286
CAGE_TSS_37093	5	-	24145265	24145347	59.61674881	24145347	0	82	-82	82	-82	82
CAGE_TSS_37105	5	-	24247752	24247974	27.8164196	24247974	0	222	-222	222	-222	222
CAGE_TSS_37111	5	-	24275974	24275991	5.328959942	24275991	0	17	-17	17	-17	17
CAGE_TSS_37115	5	-	24312747	24312740	18.0026207	24312740	0	-7	7	-7	7	7
CAGE_TSS_37131	5	-	24376988	24377172	10.25671959	24377172	0	184	-184	184	-184	184
CAGE_TSS_37143	5	-	24455969	24456124	5.301819801	24456124	0	155	-155	155	-155	155
CAGE_TSS_37148	5	-	24489773	24489888	42.25011063	24489888	0	115	-115	115	-115	115
CAGE_TSS_37157	5	-	24530017	24530294	5.289700031	24530294	0	277	-277	277	-277	277
CAGE_TSS_37198	5	-	24673653	24673760	10.15388966	24673760	0	107	-107	107	-107	107
CAGE_TSS_37220	5	-	24738853	24738900	9.621729851	24738900	0	47	-47	47	-47	47
CAGE_TSS_37222	5	-	24741518	24741399	17.57571983	24741399	0	-119	119	-119	119	119
CAGE_TSS_37224	5	-	24765320	24765386	117.4254913	24765386	0	66	-66	66	-66	66
CAGE_TSS_37225	5	-	24767429	24767682	107.0856628	24767682	0	253	-253	253	-253	253
CAGE_TSS_37239	5	-	24829709	24829878	7.249249935	24829878	0	169	-169	169	-169	169
CAGE_TSS_37240	5	-	24833854	24834026	94.30158234	24834026	0	172	-172	172	-172	172
CAGE_TSS_37246	5	-	24836697	24836776	6.588749886	24836776	0	79	-79	79	-79	79
CAGE_TSS_37259	5	-	24932575	24932762	11.2582798	24932762	0	187	-187	187	-187	187
CAGE_TSS_37262	5	-	24939180	24939140	50.89471054	24939140	0	-40	40	-40	40	40
CAGE_TSS_37265	5	-	24953165	24953446	133.8130646	24953446	0	281	-281	281	-281	281
CAGE_TSS_37268	5	-	24975545	24975663	22.91674042	24975663	0	118	-118	118	-118	118
CAGE_TSS_37290	5	-	25070176	25070170	58.88439178	25070170	0	-6	6	-6	6	6
CAGE_TSS_37294	5	-	25080987	25081205	10.82528019	25081205	0	218	-218	218	-218	218
CAGE_TSS_37295	5	-	25089588	25089811	21.89768028	25089811	0	223	-223	223	-223	223
CAGE_TSS_37307	5	-	25192416	25192477	7.066180229	25192477	0	61	-61	61	-61	61
CAGE_TSS_37312	5	-	25224995	25225235	5.707320213	25225235	0	240	-240	240	-240	240
CAGE_TSS_37315	5	-	25234662	25234765	59.68867874	25234765	0	103	-103	103	-103	103
CAGE_TSS_37317	5	-	25254211	25254366	14.62745953	25254366	0	155	-155	155	-155	155
CAGE_TSS_37323	5	-	25291532	25291690	13.39507008	25291690	0	158	-158	158	-158	158
CAGE_TSS_37333	5	-	25335482	25335620	18.3241291	25335620	0	138	-138	138	-138	138
CAGE_TSS_37340	5	-	25366015	25366250	229.1814117	25366250	0	235	-235	235	-235	235
CAGE_TSS_37344	5	-	25373854	25374102	5.558450222	25374102	0	248	-248	248	-248	248
CAGE_TSS_37345	5	-	25379327	25379585	38.64657974	25379585	0	258	-258	258	-258	258
CAGE_TSS_37346	5	-	25381182	25381316	25.75901031	25381316	0	134	-134	134	-134	134
CAGE_TSS_37349	5	-	25387219	25387313	21.90176964	25387313	0	94	-94	94	-94	94
CAGE_TSS_37350	5	-	25390062	25390220	37.94684982	25390220	0	158	-158	158	-158	158
CAGE_TSS_37357	5	-	25415508	25415667	34.79101944	25415667	0	159	-159	159	-159	159
CAGE_TSS_37360	5	-	25422369	25422427	106.4272766	25422427	0	58	-58	58	-58	58
CAGE_TSS_37365	5	-	25458472	25458668	165.392807	25458668	0	196	-196	196	-196	196
CAGE_TSS_37366	5	-	25460459	25460509	59.61714935	25460509	0	50	-50	50	-50	50
CAGE_TSS_37368	5	-	25462283	25462305	5.486219883	25462305	0	22	-22	22	-22	22
CAGE_TSS_37370	5	-	25468352	25468541	65.76406097	25468541	0	189	-189	189	-189	189
CAGE_TSS_37373	5	-	25483583	25483733	28.39963913	25483733	0	150	-150	150	-150	150
CAGE_TSS_37377	5	-	25517786	25518058	13.75308037	25518058	0	272	-272	272	-272	272
CAGE_TSS_37379	5	-	25527988	25528118	151.0538025	25528118	0	130	-130	130	-130	130
CAGE_TSS_37389	5	-	25558725	25558799	102.4460602	25558799	0	74	-74	74	-74	74
CAGE_TSS_37393	5	-	25571585	25571700	21.53401947	25571700	0	115	-115	115	-115	115
CAGE_TSS_37401	5	-	25622557	25622562	14.89725018	25622562	0	5	-5	5	-5	5
CAGE_TSS_37404	5	-	25633127	25633281	5.459630013	25633281	0	154	-154	154	-154	154
CAGE_TSS_37406	5	-	25644448	25644556	45.08024979	25644556	0	108	-108	108	-108	108
CAGE_TSS_37416	5	-	25666190	25666312	99.62496948	25666312	0	122	-122	122	-122	122
CAGE_TSS_37421	5	-	25676749	25676827	31.19083023	25676827	0	78	-78	78	-78	78
CAGE_TSS_37426	5	-	25713460	25713534	35.37379074	25713534	0	74	-74	74	-74	74
CAGE_TSS_37436	5	-	25738627	25738838	19.68553925	25738838	0	211	-211	211	-211	211
CAGE_TSS_37437	5	-	25755050	25755293	54.17610931	25755293	0	243	-243	243	-243	243
CAGE_TSS_37440	5	-	25764153	25764269	33.54283905	25764269	0	116	-116	116	-116	116
CAGE_TSS_37446	5	-	25775558	25775631	6.544410229	25775631	0	73	-73	73	-73	73
CAGE_TSS_37450	5	-	25805021	25804973	10.28666019	25804973	0	-48	48	-48	48	48
CAGE_TSS_37458	5	-	25830517	25830738	79.63067627	25830738	0	221	-221	221	-221	221
CAGE_TSS_37471	5	-	25898123	25898302	26.16909981	25898302	0	179	-179	179	-179	179
CAGE_TSS_37472	5	-	25902063	25902132	6.187039852	25902132	0	69	-69	69	-69	69
CAGE_TSS_37480	5	-	25919761	25919927	16.24337006	25919927	0	166	-166	166	-166	166
CAGE_TSS_37485	5	-	25945411	25945595	16.94750023	25945595	0	184	-184	184	-184	184
CAGE_TSS_37488	5	-	25963055	25962768	18.91798019	25962768	0	-287	287	-287	287	287
CAGE_TSS_37491	5	-	25976363	25976608	44.64220047	25976608	0	245	-245	245	-245	245
CAGE_TSS_37496	5	-	26012666	26012662	8.936599731	26012662	0	-4	4	-4	4	4
CAGE_TSS_37503	5	-	26052643	26052808	244.4446869	26052808	0	165	-165	165	-165	165
CAGE_TSS_37506	5	-	26078250	26078287	17.17637062	26078287	0	37	-37	37	-37	37
CAGE_TSS_37513	5	-	26088118	26088384	233.3896332	26088384	0	266	-266	266	-266	266
CAGE_TSS_37514	5	-	26095776	26095869	34.5273819	26095869	0	93	-93	93	-93	93
CAGE_TSS_37517	5	-	26104613	26104565	5.219679832	26104565	0	-48	48	-48	48	48
CAGE_TSS_37523	5	-	26126438	26126532	210.8554382	26126532	0	94	-94	94	-94	94
CAGE_TSS_37525	5	-	26129337	26129488	6.759769917	26129488	0	151	-151	151	-151	151
CAGE_TSS_37546	5	-	26228448	26228717	47.66212082	26228717	0	269	-269	269	-269	269
CAGE_TSS_37547	5	-	26229576	26229840	45.93870163	26229840	0	264	-264	264	-264	264
CAGE_TSS_37549	5	-	26246374	26246467	9.538499832	26246467	0	93	-93	93	-93	93
CAGE_TSS_37560	5	-	26343303	26343500	135.4322052	26343500	0	197	-197	197	-197	197
CAGE_TSS_37561	5	-	26346062	26346101	52.07973862	26346101	0	39	-39	39	-39	39
CAGE_TSS_37563	5	-	26349058	26349123	18.61569977	26349123	0	65	-65	65	-65	65
CAGE_TSS_37564	5	-	26349969	26350206	130.4143372	26350206	0	237	-237	237	-237	237
CAGE_TSS_37565	5	-	26363399	26363684	8.421239853	26363684	0	285	-285	285	-285	285
CAGE_TSS_37566	5	-	26365950	26366155	30.2252903	26366155	0	205	-205	205	-205	205
CAGE_TSS_37572	5	-	26379937	26379941	12.39599991	26379941	0	4	-4	4	-4	4
CAGE_TSS_37580	5	-	26411194	26411330	45.98683929	26411330	0	136	-136	136	-136	136
CAGE_TSS_37581	5	-	26411715	26411867	8.775540352	26411867	0	152	-152	152	-152	152
CAGE_TSS_37582	5	-	26414503	26414646	135.9026184	26414646	0	143	-143	143	-143	143
CAGE_TSS_37585	5	-	26425393	26425482	48.73162842	26425482	0	89	-89	89	-89	89
CAGE_TSS_37599	5	-	26459442	26459740	28.15584946	26459740	0	298	-298	298	-298	298
CAGE_TSS_37600	5	-	26475748	26475952	6.188310146	26475952	0	204	-204	204	-204	204
CAGE_TSS_37601	5	-	26479539	26479669	19.40744972	26479669	0	130	-130	130	-130	130
CAGE_TSS_37603	5	-	26490324	26490494	7.7322402	26490494	0	170	-170	170	-170	170
CAGE_TSS_37606	5	-	26501910	26501996	60.75712967	26501996	0	86	-86	86	-86	86
CAGE_TSS_37617	5	-	26525080	26525178	13.02268982	26525178	0	98	-98	98	-98	98
CAGE_TSS_37619	5	-	26531096	26531309	17.72487068	26531309	0	213	-213	213	-213	213
CAGE_TSS_37622	5	-	26541087	26541319	28.20340919	26541319	0	232	-232	232	-232	232
CAGE_TSS_37639	5	-	26581485	26581676	83.56973267	26581676	0	191	-191	191	-191	191
CAGE_TSS_37644	5	-	26616922	26617067	135.4324341	26617067	0	145	-145	145	-145	145
CAGE_TSS_37650	5	-	26699337	26699576	9.129110336	26699576	0	239	-239	239	-239	239
CAGE_TSS_37653	5	-	26717953	26718092	13.53299999	26718092	0	139	-139	139	-139	139
CAGE_TSS_37654	5	-	26721315	26721561	131.2578278	26721561	0	246	-246	246	-246	246
CAGE_TSS_37665	5	-	26757189	26757404	16.62261009	26757404	0	215	-215	215	-215	215
CAGE_TSS_37666	5	-	26761210	26761505	56.75838852	26761505	0	295	-295	295	-295	295
CAGE_TSS_37668	5	-	26786384	26786585	27.3145504	26786585	0	201	-201	201	-201	201
CAGE_TSS_37669	5	-	26795302	26795479	31.47937012	26795479	0	177	-177	177	-177	177
CAGE_TSS_37671	5	-	26799027	26799201	195.7941742	26799201	0	174	-174	174	-174	174
CAGE_TSS_37675	5	-	26810093	26810195	102.9871674	26810195	0	102	-102	102	-102	102
CAGE_TSS_37676	5	-	26816591	26816722	16.23040962	26816722	0	131	-131	131	-131	131
CAGE_TSS_37684	5	-	26833327	26833436	55.17401123	26833436	0	109	-109	109	-109	109
CAGE_TSS_37686	5	-	26845189	26845349	121.3901596	26845349	0	160	-160	160	-160	160
CAGE_TSS_37690	5	-	26869485	26869495	5.786900043	26869495	0	10	-10	10	-10	10
CAGE_TSS_37698	5	-	26879538	26879649	27.61544991	26879649	0	111	-111	111	-111	111
CAGE_TSS_37703	5	-	26889238	26889312	32.19445038	26889312	0	74	-74	74	-74	74
CAGE_TSS_37704	5	-	26897967	26897977	115.2016983	26897977	0	10	-10	10	-10	10
CAGE_TSS_37706	5	-	26905589	26905809	100.4567184	26905809	0	220	-220	220	-220	220
CAGE_TSS_37711	5	-	26919885	26920100	6.033470154	26920100	0	215	-215	215	-215	215
CAGE_TSS_37714	5	-	26933204	26933261	136.4583435	26933261	0	57	-57	57	-57	57
CAGE_TSS_37718	5	-	26946364	26946451	31.85091972	26946451	0	87	-87	87	-87	87
CAGE_TSS_37722	5	-	26963641	26963647	5.006599903	26963647	0	6	-6	6	-6	6
CAGE_TSS_37724	5	-	26965995	26966182	33.70996094	26966182	0	187	-187	187	-187	187
