tss_id	chromosome	strand	tss_position_0based	summit_position_0based	summit_score	window_center_position_0based	genomic_shift_center_minus_summit	genomic_offset_center_minus_tss	strand_oriented_offset	genomic_offset_summit_minus_tss	strand_oriented_offset_summit_minus_tss	absolute_summit_tss_distance
CAGE_TSS_1	1	+	3630	3417	18.47808075	3417	0	-213	-213	-213	-213	213
CAGE_TSS_7	1	+	75584	75374	28.57165909	75374	0	-210	-210	-210	-210	210
CAGE_TSS_10	1	+	88897	88616	127.6071014	88616	0	-281	-281	-281	-281	281
CAGE_TSS_14	1	+	99922	99746	39.55670929	99746	0	-176	-176	-176	-176	176
CAGE_TSS_17	1	+	109073	109060	187.8805847	109060	0	-13	-13	-13	-13	13
CAGE_TSS_22	1	+	136157	135909	10.95979023	135909	0	-248	-248	-248	-248	248
CAGE_TSS_23	1	+	142093	141895	9.011529922	141895	0	-198	-198	-198	-198	198
CAGE_TSS_25	1	+	147152	146964	5.937180042	146964	0	-188	-188	-188	-188	188
CAGE_TSS_29	1	+	185136	184890	14.93626022	184890	0	-246	-246	-246	-246	246
CAGE_TSS_30	1	+	187211	187020	12.68334961	187020	0	-191	-191	-191	-191	191
CAGE_TSS_31	1	+	190539	190413	6.192520142	190413	0	-126	-126	-126	-126	126
CAGE_TSS_32	1	+	195822	195757	13.34912014	195757	0	-65	-65	-65	-65	65
CAGE_TSS_39	1	+	204945	204818	19.52198029	204818	0	-127	-127	-127	-127	127
CAGE_TSS_48	1	+	258791	258763	84.09899139	258763	0	-28	-28	-28	-28	28
CAGE_TSS_49	1	+	262895	262775	163.2836304	262775	0	-120	-120	-120	-120	120
CAGE_TSS_51	1	+	268329	268281	63.76779938	268281	0	-48	-48	-48	-48	48
CAGE_TSS_54	1	+	275499	275305	71.09436798	275305	0	-194	-194	-194	-194	194
CAGE_TSS_57	1	+	282558	282499	13.89089966	282499	0	-59	-59	-59	-59	59
CAGE_TSS_61	1	+	293379	293146	198.310379	293146	0	-233	-233	-233	-233	233
CAGE_TSS_67	1	+	310303	310238	45.06309891	310238	0	-65	-65	-65	-65	65
CAGE_TSS_71	1	+	325389	325257	6.682499886	325257	0	-132	-132	-132	-132	132
CAGE_TSS_93	1	+	460320	460186	34.85340881	460186	0	-134	-134	-134	-134	134
CAGE_TSS_99	1	+	486778	486538	34.11717987	486538	0	-240	-240	-240	-240	240
CAGE_TSS_110	1	+	537899	537737	266.8045349	537737	0	-162	-162	-162	-162	162
CAGE_TSS_115	1	+	576508	576431	68.92028046	576431	0	-77	-77	-77	-77	77
CAGE_TSS_124	1	+	618262	617997	34.00653076	617997	0	-265	-265	-265	-265	265
CAGE_TSS_125	1	+	621590	621357	61.5177803	621357	0	-233	-233	-233	-233	233
CAGE_TSS_127	1	+	626779	626694	24.56438065	626694	0	-85	-85	-85	-85	85
CAGE_TSS_133	1	+	635121	634982	50.10636139	634982	0	-139	-139	-139	-139	139
CAGE_TSS_140	1	+	701471	701280	210.4709015	701280	0	-191	-191	-191	-191	191
CAGE_TSS_145	1	+	754428	754333	11.82816029	754333	0	-95	-95	-95	-95	95
CAGE_TSS_155	1	+	780518	780327	45.70484161	780327	0	-191	-191	-191	-191	191
CAGE_TSS_170	1	+	835850	835674	20.21871948	835674	0	-176	-176	-176	-176	176
CAGE_TSS_173	1	+	847870	847849	29.97447014	847849	0	-21	-21	-21	-21	21
CAGE_TSS_190	1	+	930893	930759	60.89175034	930759	0	-134	-134	-134	-134	134
CAGE_TSS_195	1	+	944595	944504	13.21984005	944504	0	-91	-91	-91	-91	91
CAGE_TSS_201	1	+	993403	993231	5.325160027	993231	0	-172	-172	-172	-172	172
CAGE_TSS_203	1	+	1001164	1001058	47.01525879	1001058	0	-106	-106	-106	-106	106
CAGE_TSS_204	1	+	1004916	1004731	65.69902802	1004731	0	-185	-185	-185	-185	185
CAGE_TSS_207	1	+	1013720	1013538	13.89717007	1013538	0	-182	-182	-182	-182	182
CAGE_TSS_208	1	+	1018106	1018050	26.80044937	1018050	0	-56	-56	-56	-56	56
CAGE_TSS_215	1	+	1086158	1085973	11.75520992	1085973	0	-185	-185	-185	-185	185
CAGE_TSS_219	1	+	1104492	1104413	143.7599335	1104413	0	-79	-79	-79	-79	79
CAGE_TSS_220	1	+	1109482	1109296	17.32856941	1109296	0	-186	-186	-186	-186	186
CAGE_TSS_226	1	+	1145941	1145936	8.294090271	1145936	0	-5	-5	-5	-5	5
CAGE_TSS_234	1	+	1194167	1194015	89.12258148	1194015	0	-152	-152	-152	-152	152
CAGE_TSS_238	1	+	1202225	1202068	113.9640732	1202068	0	-157	-157	-157	-157	157
CAGE_TSS_248	1	+	1279387	1279310	14.31923008	1279310	0	-77	-77	-77	-77	77
CAGE_TSS_263	1	+	1399234	1399144	11.56215954	1399144	0	-90	-90	-90	-90	90
CAGE_TSS_266	1	+	1411182	1411015	8.217920303	1411015	0	-167	-167	-167	-167	167
CAGE_TSS_267	1	+	1418646	1418641	68.73397064	1418641	0	-5	-5	-5	-5	5
CAGE_TSS_270	1	+	1463095	1462858	10.3520298	1462858	0	-237	-237	-237	-237	237
CAGE_TSS_280	1	+	1529767	1529650	41.10425186	1529650	0	-117	-117	-117	-117	117
CAGE_TSS_286	1	+	1564596	1564503	11.79535007	1564503	0	-93	-93	-93	-93	93
CAGE_TSS_290	1	+	1625013	1624925	9.736189842	1624925	0	-88	-88	-88	-88	88
CAGE_TSS_294	1	+	1669434	1669299	88.56265259	1669299	0	-135	-135	-135	-135	135
CAGE_TSS_296	1	+	1679152	1679062	296.7355042	1679062	0	-90	-90	-90	-90	90
CAGE_TSS_298	1	+	1682224	1682060	229.4065247	1682060	0	-164	-164	-164	-164	164
CAGE_TSS_309	1	+	1730249	1730060	78.19667053	1730060	0	-189	-189	-189	-189	189
CAGE_TSS_310	1	+	1732850	1732619	6.696320057	1732619	0	-231	-231	-231	-231	231
CAGE_TSS_311	1	+	1744779	1744687	66.53569031	1744687	0	-92	-92	-92	-92	92
CAGE_TSS_312	1	+	1745977	1745712	170.1908417	1745712	0	-265	-265	-265	-265	265
CAGE_TSS_315	1	+	1748334	1748127	9.102359772	1748127	0	-207	-207	-207	-207	207
CAGE_TSS_318	1	+	1762224	1762135	82.19483185	1762135	0	-89	-89	-89	-89	89
CAGE_TSS_323	1	+	1786886	1786764	5.899000168	1786764	0	-122	-122	-122	-122	122
CAGE_TSS_328	1	+	1822615	1822390	168.5099487	1822390	0	-225	-225	-225	-225	225
CAGE_TSS_333	1	+	1851471	1851228	14.97504044	1851228	0	-243	-243	-243	-243	243
CAGE_TSS_334	1	+	1855942	1855656	72.59169006	1855656	0	-286	-286	-286	-286	286
CAGE_TSS_336	1	+	1883001	1882818	69.20092773	1882818	0	-183	-183	-183	-183	183
CAGE_TSS_338	1	+	1897208	1897143	96.46692657	1897143	0	-65	-65	-65	-65	65
CAGE_TSS_341	1	+	1907141	1906875	8.258990288	1906875	0	-266	-266	-266	-266	266
CAGE_TSS_347	1	+	1946809	1946687	9.147500038	1946687	0	-122	-122	-122	-122	122
CAGE_TSS_353	1	+	1965841	1965644	5.984839916	1965644	0	-197	-197	-197	-197	197
CAGE_TSS_354	1	+	1969729	1969604	8.544249535	1969604	0	-125	-125	-125	-125	125
CAGE_TSS_356	1	+	1989484	1989398	5.581729889	1989398	0	-86	-86	-86	-86	86
CAGE_TSS_359	1	+	2001489	2001290	17.02433968	2001290	0	-199	-199	-199	-199	199
CAGE_TSS_363	1	+	2025599	2025420	179.6324463	2025420	0	-179	-179	-179	-179	179
CAGE_TSS_364	1	+	2027762	2027552	14.07067966	2027552	0	-210	-210	-210	-210	210
CAGE_TSS_366	1	+	2032345	2032194	160.048111	2032194	0	-151	-151	-151	-151	151
CAGE_TSS_379	1	+	2083426	2083321	28.27366066	2083321	0	-105	-105	-105	-105	105
CAGE_TSS_383	1	+	2105040	2104928	98.96472931	2104928	0	-112	-112	-112	-112	112
CAGE_TSS_393	1	+	2170040	2169936	16.92386055	2169936	0	-104	-104	-104	-104	104
CAGE_TSS_397	1	+	2187881	2187939	15.51681995	2187939	0	58	58	58	58	58
CAGE_TSS_404	1	+	2207482	2207217	79.87152863	2207217	0	-265	-265	-265	-265	265
CAGE_TSS_407	1	+	2223854	2223821	42.7472496	2223821	0	-33	-33	-33	-33	33
CAGE_TSS_411	1	+	2238086	2238038	11.18387985	2238038	0	-48	-48	-48	-48	48
CAGE_TSS_420	1	+	2277830	2277718	45.78833008	2277718	0	-112	-112	-112	-112	112
CAGE_TSS_421	1	+	2291461	2291421	35.54138184	2291421	0	-40	-40	-40	-40	40
CAGE_TSS_427	1	+	2341541	2341517	16.55175018	2341517	0	-24	-24	-24	-24	24
CAGE_TSS_429	1	+	2349024	2348891	12.25899982	2348891	0	-133	-133	-133	-133	133
CAGE_TSS_441	1	+	2414291	2414113	9.801790237	2414113	0	-178	-178	-178	-178	178
CAGE_TSS_445	1	+	2437477	2437317	130.7078705	2437317	0	-160	-160	-160	-160	160
CAGE_TSS_464	1	+	2475444	2475361	227.2983856	2475361	0	-83	-83	-83	-83	83
CAGE_TSS_474	1	+	2567532	2567448	18.98498917	2567448	0	-84	-84	-84	-84	84
CAGE_TSS_476	1	+	2586226	2586048	23.50083923	2586048	0	-178	-178	-178	-178	178
CAGE_TSS_490	1	+	2642011	2642007	6.940299988	2642007	0	-4	-4	-4	-4	4
CAGE_TSS_499	1	+	2672498	2672245	6.636209965	2672245	0	-253	-253	-253	-253	253
CAGE_TSS_503	1	+	2689065	2688871	55.86246872	2688871	0	-194	-194	-194	-194	194
CAGE_TSS_516	1	+	2736768	2736649	15.32975006	2736649	0	-119	-119	-119	-119	119
CAGE_TSS_517	1	+	2752160	2751992	6.889389992	2751992	0	-168	-168	-168	-168	168
CAGE_TSS_523	1	+	2762642	2762479	35.82464981	2762479	0	-163	-163	-163	-163	163
CAGE_TSS_530	1	+	2827113	2827067	35.20066071	2827067	0	-46	-46	-46	-46	46
CAGE_TSS_533	1	+	2848349	2848208	12.32110977	2848208	0	-141	-141	-141	-141	141
CAGE_TSS_537	1	+	2867353	2867205	232.2760468	2867205	0	-148	-148	-148	-148	148
CAGE_TSS_539	1	+	2873546	2873262	64.99047089	2873262	0	-284	-284	-284	-284	284
CAGE_TSS_543	1	+	2877493	2877396	9.793120384	2877396	0	-97	-97	-97	-97	97
CAGE_TSS_545	1	+	2879625	2879348	7.408989906	2879348	0	-277	-277	-277	-277	277
CAGE_TSS_550	1	+	2888492	2888443	158.6269836	2888443	0	-49	-49	-49	-49	49
CAGE_TSS_554	1	+	2927702	2927573	30.48718071	2927573	0	-129	-129	-129	-129	129
CAGE_TSS_563	1	+	2965044	2964898	97.50097656	2964898	0	-146	-146	-146	-146	146
CAGE_TSS_570	1	+	2994422	2994173	30.72868919	2994173	0	-249	-249	-249	-249	249
CAGE_TSS_583	1	+	3019818	3019588	37.62202835	3019588	0	-230	-230	-230	-230	230
CAGE_TSS_584	1	+	3031227	3031170	11.81042004	3031170	0	-57	-57	-57	-57	57
CAGE_TSS_590	1	+	3058484	3058221	10.92601013	3058221	0	-263	-263	-263	-263	263
CAGE_TSS_591	1	+	3064117	3063932	12.34811974	3063932	0	-185	-185	-185	-185	185
CAGE_TSS_592	1	+	3066756	3066603	20.15172958	3066603	0	-153	-153	-153	-153	153
CAGE_TSS_599	1	+	3104588	3104329	31.89685059	3104329	0	-259	-259	-259	-259	259
CAGE_TSS_602	1	+	3107591	3107773	6.202020168	3107773	0	182	182	182	182	182
CAGE_TSS_609	1	+	3123027	3122769	28.19625092	3122769	0	-258	-258	-258	-258	258
CAGE_TSS_613	1	+	3157503	3157206	10.08576965	3157206	0	-297	-297	-297	-297	297
CAGE_TSS_621	1	+	3173548	3173441	20.62486076	3173441	0	-107	-107	-107	-107	107
CAGE_TSS_629	1	+	3201827	3201634	158.9544373	3201634	0	-193	-193	-193	-193	193
CAGE_TSS_642	1	+	3325846	3325717	27.03532028	3325717	0	-129	-129	-129	-129	129
CAGE_TSS_650	1	+	3400605	3400334	6.029290199	3400334	0	-271	-271	-271	-271	271
CAGE_TSS_662	1	+	3484556	3484382	72.18830109	3484382	0	-174	-174	-174	-174	174
CAGE_TSS_667	1	+	3530503	3530431	23.1300602	3530431	0	-72	-72	-72	-72	72
CAGE_TSS_670	1	+	3535530	3535391	107.0856628	3535391	0	-139	-139	-139	-139	139
CAGE_TSS_674	1	+	3554109	3553985	169.5619507	3553985	0	-124	-124	-124	-124	124
CAGE_TSS_675	1	+	3562956	3562765	8.680529594	3562765	0	-191	-191	-191	-191	191
CAGE_TSS_688	1	+	3664270	3664069	6.550270081	3664069	0	-201	-201	-201	-201	201
CAGE_TSS_691	1	+	3676756	3676576	72.59294128	3676576	0	-180	-180	-180	-180	180
CAGE_TSS_693	1	+	3681820	3681629	89.21009064	3681629	0	-191	-191	-191	-191	191
CAGE_TSS_700	1	+	3733139	3732968	97.02707672	3732968	0	-171	-171	-171	-171	171
CAGE_TSS_704	1	+	3745742	3745555	36.38932037	3745555	0	-187	-187	-187	-187	187
CAGE_TSS_708	1	+	3774549	3774375	6.478889942	3774375	0	-174	-174	-174	-174	174
CAGE_TSS_709	1	+	3777329	3777094	17.95375061	3777094	0	-235	-235	-235	-235	235
CAGE_TSS_716	1	+	3832622	3832459	35.68439102	3832459	0	-163	-163	-163	-163	163
CAGE_TSS_725	1	+	3849312	3849223	228.5810242	3849223	0	-89	-89	-89	-89	89
CAGE_TSS_729	1	+	3874488	3874215	21.01194954	3874215	0	-273	-273	-273	-273	273
CAGE_TSS_731	1	+	3888689	3888541	77.38815308	3888541	0	-148	-148	-148	-148	148
CAGE_TSS_740	1	+	3920556	3920349	7.909560204	3920349	0	-207	-207	-207	-207	207
CAGE_TSS_745	1	+	3945736	3945496	18.89542007	3945496	0	-240	-240	-240	-240	240
CAGE_TSS_747	1	+	3951407	3951339	266.2384644	3951339	0	-68	-68	-68	-68	68
CAGE_TSS_752	1	+	3981329	3981113	13.27517033	3981113	0	-216	-216	-216	-216	216
CAGE_TSS_753	1	+	3995412	3995123	215.0596466	3995123	0	-289	-289	-289	-289	289
CAGE_TSS_769	1	+	4010778	4010714	10.6393404	4010714	0	-64	-64	-64	-64	64
CAGE_TSS_772	1	+	4028770	4028645	49.1262207	4028645	0	-125	-125	-125	-125	125
CAGE_TSS_776	1	+	4062626	4062412	13.58611965	4062412	0	-214	-214	-214	-214	214
CAGE_TSS_777	1	+	4070120	4069845	22.26750946	4069845	0	-275	-275	-275	-275	275
CAGE_TSS_780	1	+	4084206	4084000	10.57458019	4084000	0	-206	-206	-206	-206	206
CAGE_TSS_782	1	+	4105237	4105100	47.93074036	4105100	0	-137	-137	-137	-137	137
CAGE_TSS_787	1	+	4121368	4121229	9.986419678	4121229	0	-139	-139	-139	-139	139
CAGE_TSS_791	1	+	4140278	4140176	19.45504951	4140176	0	-102	-102	-102	-102	102
CAGE_TSS_796	1	+	4153651	4153638	15.6526804	4153638	0	-13	-13	-13	-13	13
CAGE_TSS_800	1	+	4159266	4159313	5.245540142	4159313	0	47	47	47	47	47
CAGE_TSS_804	1	+	4194650	4194516	15.93838024	4194516	0	-134	-134	-134	-134	134
CAGE_TSS_807	1	+	4220192	4220024	5.617080212	4220024	0	-168	-168	-168	-168	168
CAGE_TSS_809	1	+	4223031	4222857	10.5156498	4222857	0	-174	-174	-174	-174	174
CAGE_TSS_818	1	+	4274634	4274465	123.6839828	4274465	0	-169	-169	-169	-169	169
CAGE_TSS_824	1	+	4318513	4318299	10.03005981	4318299	0	-214	-214	-214	-214	214
CAGE_TSS_827	1	+	4342282	4342161	65.34680939	4342161	0	-121	-121	-121	-121	121
CAGE_TSS_832	1	+	4366608	4366328	12.98040962	4366328	0	-280	-280	-280	-280	280
CAGE_TSS_833	1	+	4367295	4367233	204.2742462	4367233	0	-62	-62	-62	-62	62
CAGE_TSS_848	1	+	4423638	4423363	51.5826416	4423363	0	-275	-275	-275	-275	275
CAGE_TSS_849	1	+	4433632	4433416	32.39120865	4433416	0	-216	-216	-216	-216	216
CAGE_TSS_857	1	+	4459165	4458986	47.97586823	4458986	0	-179	-179	-179	-179	179
CAGE_TSS_860	1	+	4463968	4463848	39.44472122	4463848	0	-120	-120	-120	-120	120
CAGE_TSS_861	1	+	4467225	4467054	98.244133	4467054	0	-171	-171	-171	-171	171
CAGE_TSS_870	1	+	4498955	4498802	198.7945862	4498802	0	-153	-153	-153	-153	153
CAGE_TSS_873	1	+	4542925	4542960	5.378809929	4542960	0	35	35	35	35	35
CAGE_TSS_875	1	+	4547544	4547395	256.3592529	4547395	0	-149	-149	-149	-149	149
CAGE_TSS_877	1	+	4556897	4556617	2.937150002	4556617	0	-280	-280	-280	-280	280
CAGE_TSS_882	1	+	4604841	4604679	98.61814117	4604679	0	-162	-162	-162	-162	162
CAGE_TSS_883	1	+	4606515	4606217	52.67269135	4606217	0	-298	-298	-298	-298	298
CAGE_TSS_885	1	+	4615847	4615785	38.96768951	4615785	0	-62	-62	-62	-62	62
CAGE_TSS_905	1	+	4748872	4748769	10.44167042	4748769	0	-103	-103	-103	-103	103
CAGE_TSS_913	1	+	4794756	4794677	60.92570114	4794677	0	-79	-79	-79	-79	79
CAGE_TSS_920	1	+	4811867	4811592	12.31997013	4811592	0	-275	-275	-275	-275	275
CAGE_TSS_921	1	+	4818446	4818294	10.62475967	4818294	0	-152	-152	-152	-152	152
CAGE_TSS_928	1	+	4855455	4855373	5.30768013	4855373	0	-82	-82	-82	-82	82
CAGE_TSS_931	1	+	4868498	4868267	49.08293915	4868267	0	-231	-231	-231	-231	231
CAGE_TSS_932	1	+	4872856	4872667	10.36917973	4872667	0	-189	-189	-189	-189	189
CAGE_TSS_933	1	+	4877626	4877496	38.22861099	4877496	0	-130	-130	-130	-130	130
CAGE_TSS_945	1	+	4907953	4907924	18.50062943	4907924	0	-29	-29	-29	-29	29
CAGE_TSS_950	1	+	4934284	4934032	9.946390152	4934032	0	-252	-252	-252	-252	252
CAGE_TSS_954	1	+	4978912	4978758	31.15016937	4978758	0	-154	-154	-154	-154	154
CAGE_TSS_958	1	+	4991464	4991250	23.46565056	4991250	0	-214	-214	-214	-214	214
CAGE_TSS_960	1	+	5023438	5023156	12.6616497	5023156	0	-282	-282	-282	-282	282
CAGE_TSS_962	1	+	5037612	5037464	6.392650127	5037464	0	-148	-148	-148	-148	148
CAGE_TSS_964	1	+	5042448	5042457	7.35931015	5042457	0	9	9	9	9	9
CAGE_TSS_970	1	+	5090992	5090833	15.27898026	5090833	0	-159	-159	-159	-159	159
CAGE_TSS_973	1	+	5137055	5136903	19.06624985	5136903	0	-152	-152	-152	-152	152
CAGE_TSS_975	1	+	5149273	5149130	16.70285034	5149130	0	-143	-143	-143	-143	143
CAGE_TSS_976	1	+	5168615	5168438	43.23532104	5168438	0	-177	-177	-177	-177	177
CAGE_TSS_977	1	+	5171206	5171103	79.79096222	5171103	0	-103	-103	-103	-103	103
CAGE_TSS_979	1	+	5187635	5187423	12.58738041	5187423	0	-212	-212	-212	-212	212
CAGE_TSS_1004	1	+	5294666	5294395	7.106249809	5294395	0	-271	-271	-271	-271	271
CAGE_TSS_1008	1	+	5304317	5304324	22.13439941	5304324	0	7	7	7	7	7
CAGE_TSS_1012	1	+	5325328	5325212	37.76118088	5325212	0	-116	-116	-116	-116	116
CAGE_TSS_1019	1	+	5374903	5374640	22.35784912	5374640	0	-263	-263	-263	-263	263
CAGE_TSS_1021	1	+	5379055	5378780	183.2552032	5378780	0	-275	-275	-275	-275	275
CAGE_TSS_1023	1	+	5390035	5389867	8.408109665	5389867	0	-168	-168	-168	-168	168
CAGE_TSS_1032	1	+	5406025	5405999	136.5495605	5405999	0	-26	-26	-26	-26	26
CAGE_TSS_1033	1	+	5410921	5410728	11.06752968	5410728	0	-193	-193	-193	-193	193
CAGE_TSS_1034	1	+	5425695	5425471	7.161260128	5425471	0	-224	-224	-224	-224	224
CAGE_TSS_1035	1	+	5430379	5430292	43.25743103	5430292	0	-87	-87	-87	-87	87
CAGE_TSS_1036	1	+	5444453	5444167	19.96313095	5444167	0	-286	-286	-286	-286	286
CAGE_TSS_1038	1	+	5448086	5447990	42.24459076	5447990	0	-96	-96	-96	-96	96
CAGE_TSS_1045	1	+	5465363	5465237	21.0081501	5465237	0	-126	-126	-126	-126	126
CAGE_TSS_1046	1	+	5469414	5469343	11.61283016	5469343	0	-71	-71	-71	-71	71
CAGE_TSS_1052	1	+	5478785	5478548	7.116330147	5478548	0	-237	-237	-237	-237	237
CAGE_TSS_1055	1	+	5481773	5481477	26.15892029	5481477	0	-296	-296	-296	-296	296
CAGE_TSS_1056	1	+	5489299	5489130	27.38966942	5489130	0	-169	-169	-169	-169	169
CAGE_TSS_1063	1	+	5509324	5509128	25.83499908	5509128	0	-196	-196	-196	-196	196
CAGE_TSS_1068	1	+	5518317	5518349	7.196310043	5518349	0	32	32	32	32	32
CAGE_TSS_1074	1	+	5543140	5542959	20.30130005	5542959	0	-181	-181	-181	-181	181
CAGE_TSS_1077	1	+	5563176	5562999	13.48099041	5562999	0	-177	-177	-177	-177	177
CAGE_TSS_1078	1	+	5574308	5574210	110.4730911	5574210	0	-98	-98	-98	-98	98
CAGE_TSS_1080	1	+	5580854	5580791	5.864769936	5580791	0	-63	-63	-63	-63	63
CAGE_TSS_1083	1	+	5596684	5596576	242.704834	5596576	0	-108	-108	-108	-108	108
CAGE_TSS_1094	1	+	5614619	5614328	62.79721069	5614328	0	-291	-291	-291	-291	291
CAGE_TSS_1102	1	+	5659410	5659281	30.74802017	5659281	0	-129	-129	-129	-129	129
CAGE_TSS_1104	1	+	5668414	5668372	19.29011917	5668372	0	-42	-42	-42	-42	42
CAGE_TSS_1109	1	+	5687948	5687808	59.16051102	5687808	0	-140	-140	-140	-140	140
CAGE_TSS_1111	1	+	5697327	5697185	107.3844528	5697185	0	-142	-142	-142	-142	142
CAGE_TSS_1129	1	+	5727706	5727489	9.78579998	5727489	0	-217	-217	-217	-217	217
CAGE_TSS_1139	1	+	5773708	5773495	78.94529724	5773495	0	-213	-213	-213	-213	213
CAGE_TSS_1144	1	+	5775691	5775491	16.54533005	5775491	0	-200	-200	-200	-200	200
CAGE_TSS_1153	1	+	5828933	5828735	14.20580959	5828735	0	-198	-198	-198	-198	198
CAGE_TSS_1158	1	+	5844743	5844510	5.896269798	5844510	0	-233	-233	-233	-233	233
CAGE_TSS_1160	1	+	5851953	5851680	89.56900787	5851680	0	-273	-273	-273	-273	273
CAGE_TSS_1161	1	+	5854149	5853980	40.9565506	5853980	0	-169	-169	-169	-169	169
CAGE_TSS_1182	1	+	5891036	5890883	45.01150131	5890883	0	-153	-153	-153	-153	153
CAGE_TSS_1195	1	+	5940422	5940265	31.9149704	5940265	0	-157	-157	-157	-157	157
CAGE_TSS_1199	1	+	5977410	5977270	194.5294342	5977270	0	-140	-140	-140	-140	140
CAGE_TSS_1200	1	+	5982266	5982216	5.085840225	5982216	0	-50	-50	-50	-50	50
CAGE_TSS_1210	1	+	6034361	6034241	217.4311981	6034241	0	-120	-120	-120	-120	120
CAGE_TSS_1213	1	+	6062248	6062003	191.5167236	6062003	0	-245	-245	-245	-245	245
CAGE_TSS_1218	1	+	6101118	6100966	88.90727234	6100966	0	-152	-152	-152	-152	152
CAGE_TSS_1225	1	+	6142601	6142361	5.11906004	6142361	0	-240	-240	-240	-240	240
CAGE_TSS_1227	1	+	6149300	6149173	93.42733765	6149173	0	-127	-127	-127	-127	127
CAGE_TSS_1244	1	+	6297363	6297151	7.0136199	6297151	0	-212	-212	-212	-212	212
CAGE_TSS_1250	1	+	6331397	6331242	62.65763092	6331242	0	-155	-155	-155	-155	155
CAGE_TSS_1251	1	+	6343153	6343040	6.567669868	6343040	0	-113	-113	-113	-113	113
CAGE_TSS_1254	1	+	6352513	6352221	61.88570023	6352221	0	-292	-292	-292	-292	292
CAGE_TSS_1262	1	+	6369265	6369191	205.0743103	6369191	0	-74	-74	-74	-74	74
CAGE_TSS_1265	1	+	6389398	6389207	12.11979008	6389207	0	-191	-191	-191	-191	191
CAGE_TSS_1266	1	+	6390019	6389961	14.31842995	6389961	0	-58	-58	-58	-58	58
CAGE_TSS_1268	1	+	6398579	6398470	50.39105988	6398470	0	-109	-109	-109	-109	109
CAGE_TSS_1271	1	+	6405677	6405443	12.85439968	6405443	0	-234	-234	-234	-234	234
CAGE_TSS_1274	1	+	6409817	6409644	37.73939896	6409644	0	-173	-173	-173	-173	173
CAGE_TSS_1284	1	+	6450593	6450627	19.04080963	6450627	0	34	34	34	34	34
CAGE_TSS_1285	1	+	6459193	6459128	45.09331131	6459128	0	-65	-65	-65	-65	65
CAGE_TSS_1286	1	+	6460601	6460541	16.01140976	6460541	0	-60	-60	-60	-60	60
CAGE_TSS_1292	1	+	6474831	6474534	9.364700317	6474534	0	-297	-297	-297	-297	297
CAGE_TSS_1298	1	+	6543799	6543672	13.02268982	6543672	0	-127	-127	-127	-127	127
CAGE_TSS_1303	1	+	6568072	6567888	84.71975708	6567888	0	-184	-184	-184	-184	184
CAGE_TSS_1304	1	+	6568792	6568590	7.481599808	6568590	0	-202	-202	-202	-202	202
CAGE_TSS_1307	1	+	6602111	6601871	53.366539	6601871	0	-240	-240	-240	-240	240
CAGE_TSS_1314	1	+	6623846	6623695	45.8758316	6623695	0	-151	-151	-151	-151	151
CAGE_TSS_1315	1	+	6643257	6643516	22.7824707	6643516	0	259	259	259	259	259
CAGE_TSS_1317	1	+	6662496	6662417	96.67897034	6662417	0	-79	-79	-79	-79	79
CAGE_TSS_1321	1	+	6684553	6684458	10.85095978	6684458	0	-95	-95	-95	-95	95
CAGE_TSS_1323	1	+	6688521	6688570	22.1989193	6688570	0	49	49	49	49	49
CAGE_TSS_1329	1	+	6697056	6696796	19.76755905	6696796	0	-260	-260	-260	-260	260
CAGE_TSS_1332	1	+	6712768	6712665	21.08831024	6712665	0	-103	-103	-103	-103	103
CAGE_TSS_1335	1	+	6728855	6728835	9.613180161	6728835	0	-20	-20	-20	-20	20
CAGE_TSS_1341	1	+	6763914	6763748	8.43350029	6763748	0	-166	-166	-166	-166	166
CAGE_TSS_1343	1	+	6765670	6765450	9.621729851	6765450	0	-220	-220	-220	-220	220
CAGE_TSS_1352	1	+	6822892	6822859	6.878769875	6822859	0	-33	-33	-33	-33	33
CAGE_TSS_1356	1	+	6832327	6832324	7.603950024	6832324	0	-3	-3	-3	-3	3
CAGE_TSS_1362	1	+	6886867	6886587	29.60740089	6886587	0	-280	-280	-280	-280	280
CAGE_TSS_1373	1	+	6942766	6942517	99.38571167	6942517	0	-249	-249	-249	-249	249
CAGE_TSS_1386	1	+	6966952	6966838	59.92047882	6966838	0	-114	-114	-114	-114	114
CAGE_TSS_1389	1	+	6971478	6971392	14.16431999	6971392	0	-86	-86	-86	-86	86
CAGE_TSS_1394	1	+	7016696	7016415	59.4074707	7016415	0	-281	-281	-281	-281	281
CAGE_TSS_1403	1	+	7043681	7043523	74.92897034	7043523	0	-158	-158	-158	-158	158
CAGE_TSS_1412	1	+	7106152	7106050	224.2390442	7106050	0	-102	-102	-102	-102	102
CAGE_TSS_1420	1	+	7143436	7143440	85.65711212	7143440	0	4	4	4	4	4
CAGE_TSS_1427	1	+	7154402	7154470	6.166719913	7154470	0	68	68	68	68	68
CAGE_TSS_1429	1	+	7176885	7176639	19.02705956	7176639	0	-246	-246	-246	-246	246
CAGE_TSS_1436	1	+	7179517	7179431	151.6166534	7179431	0	-86	-86	-86	-86	86
CAGE_TSS_1446	1	+	7217130	7217085	5.432489872	7217085	0	-45	-45	-45	-45	45
CAGE_TSS_1467	1	+	7337762	7337631	75.25167847	7337631	0	-131	-131	-131	-131	131
CAGE_TSS_1472	1	+	7366774	7366681	8.727629662	7366681	0	-93	-93	-93	-93	93
CAGE_TSS_1489	1	+	7481329	7481106	61.2221489	7481106	0	-223	-223	-223	-223	223
CAGE_TSS_1494	1	+	7497142	7497054	243.0922852	7497054	0	-88	-88	-88	-88	88
CAGE_TSS_1501	1	+	7588705	7588542	18.93429947	7588542	0	-163	-163	-163	-163	163
CAGE_TSS_1502	1	+	7605715	7605585	31.50880051	7605585	0	-130	-130	-130	-130	130
CAGE_TSS_1504	1	+	7613004	7612808	18.8325901	7612808	0	-196	-196	-196	-196	196
CAGE_TSS_1507	1	+	7615643	7615429	8.035079956	7615429	0	-214	-214	-214	-214	214
CAGE_TSS_1511	1	+	7630265	7630037	119.3391037	7630037	0	-228	-228	-228	-228	228
CAGE_TSS_1512	1	+	7641299	7641264	96.42186737	7641264	0	-35	-35	-35	-35	35
CAGE_TSS_1514	1	+	7645721	7645568	5.228610039	7645568	0	-153	-153	-153	-153	153
CAGE_TSS_1526	1	+	7696535	7696348	36.94380188	7696348	0	-187	-187	-187	-187	187
CAGE_TSS_1539	1	+	7789558	7789455	6.510429859	7789455	0	-103	-103	-103	-103	103
CAGE_TSS_1543	1	+	7826300	7826005	5.899000168	7826005	0	-295	-295	-295	-295	295
CAGE_TSS_1550	1	+	7865493	7865412	15.73468018	7865412	0	-81	-81	-81	-81	81
CAGE_TSS_1553	1	+	7886498	7886485	39.00278854	7886485	0	-13	-13	-13	-13	13
CAGE_TSS_1554	1	+	7894044	7893880	34.01179123	7893880	0	-164	-164	-164	-164	164
CAGE_TSS_1562	1	+	7919188	7919060	49.90898132	7919060	0	-128	-128	-128	-128	128
CAGE_TSS_1574	1	+	8005959	8005989	24.49041939	8005989	0	30	30	30	30	30
CAGE_TSS_1581	1	+	8046162	8046079	6.333220005	8046079	0	-83	-83	-83	-83	83
CAGE_TSS_1582	1	+	8049134	8049027	19.04080963	8049027	0	-107	-107	-107	-107	107
CAGE_TSS_1598	1	+	8089309	8089274	59.47874069	8089274	0	-35	-35	-35	-35	35
CAGE_TSS_1622	1	+	8198694	8198630	135.2908936	8198630	0	-64	-64	-64	-64	64
CAGE_TSS_1628	1	+	8212640	8212488	13.18715954	8212488	0	-152	-152	-152	-152	152
CAGE_TSS_1632	1	+	8219898	8219714	22.31727028	8219714	0	-184	-184	-184	-184	184
CAGE_TSS_1642	1	+	8321684	8321430	206.354187	8321430	0	-254	-254	-254	-254	254
CAGE_TSS_1650	1	+	8336704	8336542	11.47268963	8336542	0	-162	-162	-162	-162	162
CAGE_TSS_1662	1	+	8388520	8388344	9.610770226	8388344	0	-176	-176	-176	-176	176
CAGE_TSS_1674	1	+	8420341	8420136	120.1811676	8420136	0	-205	-205	-205	-205	205
CAGE_TSS_1679	1	+	8432221	8432096	285.9587402	8432096	0	-125	-125	-125	-125	125
CAGE_TSS_1680	1	+	8436171	8436114	106.9805984	8436114	0	-57	-57	-57	-57	57
CAGE_TSS_1682	1	+	8461811	8461753	11.24172974	8461753	0	-58	-58	-58	-58	58
CAGE_TSS_1686	1	+	8520458	8520165	20.51046944	8520165	0	-293	-293	-293	-293	293
CAGE_TSS_1701	1	+	8631402	8631270	113.9081573	8631270	0	-132	-132	-132	-132	132
CAGE_TSS_1712	1	+	8665908	8665713	18.39780998	8665713	0	-195	-195	-195	-195	195
CAGE_TSS_1727	1	+	8860676	8860608	50.48799133	8860608	0	-68	-68	-68	-68	68
CAGE_TSS_1730	1	+	8863918	8863831	30.67173958	8863831	0	-87	-87	-87	-87	87
CAGE_TSS_1740	1	+	8922831	8922610	16.46742058	8922610	0	-221	-221	-221	-221	221
CAGE_TSS_1742	1	+	8948459	8948250	41.02415848	8948250	0	-209	-209	-209	-209	209
CAGE_TSS_1752	1	+	9020366	9020418	53.96915817	9020418	0	52	52	52	52	52
CAGE_TSS_1767	1	+	9151730	9151458	52.59762955	9151458	0	-272	-272	-272	-272	272
CAGE_TSS_1778	1	+	9182204	9182001	7.488319874	9182001	0	-203	-203	-203	-203	203
CAGE_TSS_1781	1	+	9205885	9205667	7.315279961	9205667	0	-218	-218	-218	-218	218
CAGE_TSS_1794	1	+	9241198	9241104	244.1183472	9241104	0	-94	-94	-94	-94	94
CAGE_TSS_1798	1	+	9259610	9259314	48.83644104	9259314	0	-296	-296	-296	-296	296
CAGE_TSS_1810	1	+	9329517	9329341	258.9326172	9329341	0	-176	-176	-176	-176	176
CAGE_TSS_1814	1	+	9352114	9351944	96.15950012	9351944	0	-170	-170	-170	-170	170
CAGE_TSS_1818	1	+	9373999	9373950	11.93935013	9373950	0	-49	-49	-49	-49	49
CAGE_TSS_1819	1	+	9378584	9378543	5.120299816	9378543	0	-41	-41	-41	-41	41
CAGE_TSS_1820	1	+	9381673	9381664	31.08485985	9381664	0	-9	-9	-9	-9	9
CAGE_TSS_1825	1	+	9393689	9393489	29.3819809	9393489	0	-200	-200	-200	-200	200
CAGE_TSS_1829	1	+	9407835	9407727	7.726309776	9407727	0	-108	-108	-108	-108	108
CAGE_TSS_1832	1	+	9425534	9425441	82.10772705	9425441	0	-93	-93	-93	-93	93
CAGE_TSS_1835	1	+	9429052	9429022	46.52177811	9429022	0	-30	-30	-30	-30	30
CAGE_TSS_1839	1	+	9481627	9481536	112.7464981	9481536	0	-91	-91	-91	-91	91
CAGE_TSS_1842	1	+	9483287	9483119	80.96614838	9483119	0	-168	-168	-168	-168	168
CAGE_TSS_1849	1	+	9492968	9492814	27.15550041	9492814	0	-154	-154	-154	-154	154
CAGE_TSS_1851	1	+	9495595	9495383	24.23417091	9495383	0	-212	-212	-212	-212	212
CAGE_TSS_1852	1	+	9501890	9501649	29.01040077	9501649	0	-241	-241	-241	-241	241
CAGE_TSS_1867	1	+	9534520	9534446	35.29521179	9534446	0	-74	-74	-74	-74	74
CAGE_TSS_1885	1	+	9654559	9654479	5.558889866	9654479	0	-80	-80	-80	-80	80
CAGE_TSS_1898	1	+	9746862	9746633	19.37797928	9746633	0	-229	-229	-229	-229	229
CAGE_TSS_1899	1	+	9748755	9748675	5.13586998	9748675	0	-80	-80	-80	-80	80
CAGE_TSS_1900	1	+	9763360	9763199	14.58014011	9763199	0	-161	-161	-161	-161	161
CAGE_TSS_1906	1	+	9825285	9825159	82.36212158	9825159	0	-126	-126	-126	-126	126
CAGE_TSS_1909	1	+	9831335	9831445	8.101289749	9831445	0	110	110	110	110	110
CAGE_TSS_1911	1	+	9874256	9873997	10.84442043	9873997	0	-259	-259	-259	-259	259
CAGE_TSS_1912	1	+	9886230	9886252	19.28326988	9886252	0	22	22	22	22	22
CAGE_TSS_1916	1	+	9944042	9943876	32.19678879	9943876	0	-166	-166	-166	-166	166
CAGE_TSS_1917	1	+	9963599	9963471	216.7116089	9963471	0	-128	-128	-128	-128	128
CAGE_TSS_1920	1	+	9996823	9996629	12.73281002	9996629	0	-194	-194	-194	-194	194
CAGE_TSS_1928	1	+	10035663	10035650	61.40216827	10035650	0	-13	-13	-13	-13	13
CAGE_TSS_1939	1	+	10147693	10147627	14.97922993	10147627	0	-66	-66	-66	-66	66
CAGE_TSS_1942	1	+	10174281	10174212	42.78261185	10174212	0	-69	-69	-69	-69	69
CAGE_TSS_1951	1	+	10236366	10236264	124.5767975	10236264	0	-102	-102	-102	-102	102
CAGE_TSS_1954	1	+	10244967	10244794	9.148070335	10244794	0	-173	-173	-173	-173	173
CAGE_TSS_1955	1	+	10252340	10252200	14.16714001	10252200	0	-140	-140	-140	-140	140
CAGE_TSS_1958	1	+	10264241	10264019	23.69885063	10264019	0	-222	-222	-222	-222	222
CAGE_TSS_1991	1	+	10463393	10463176	8.54020977	10463176	0	-217	-217	-217	-217	217
CAGE_TSS_1992	1	+	10468096	10467800	7.783579826	10467800	0	-296	-296	-296	-296	296
CAGE_TSS_2000	1	+	10491675	10491487	5.818890095	10491487	0	-188	-188	-188	-188	188
CAGE_TSS_2004	1	+	10537647	10537498	65.9258728	10537498	0	-149	-149	-149	-149	149
CAGE_TSS_2005	1	+	10543113	10543084	9.244540215	10543084	0	-29	-29	-29	-29	29
CAGE_TSS_2006	1	+	10582079	10582031	64.1881485	10582031	0	-48	-48	-48	-48	48
CAGE_TSS_2007	1	+	10587602	10587409	43.86124039	10587409	0	-193	-193	-193	-193	193
CAGE_TSS_2013	1	+	10618895	10618735	41.42509079	10618735	0	-160	-160	-160	-160	160
CAGE_TSS_2014	1	+	10625085	10625019	34.23889923	10625019	0	-66	-66	-66	-66	66
CAGE_TSS_2019	1	+	10651108	10650982	29.70017052	10650982	0	-126	-126	-126	-126	126
CAGE_TSS_2021	1	+	10654910	10654682	23.65501976	10654682	0	-228	-228	-228	-228	228
CAGE_TSS_2022	1	+	10672999	10672898	40.72365952	10672898	0	-101	-101	-101	-101	101
CAGE_TSS_2023	1	+	10680225	10679989	30.85498047	10679989	0	-236	-236	-236	-236	236
CAGE_TSS_2025	1	+	10715636	10715631	37.33229065	10715631	0	-5	-5	-5	-5	5
CAGE_TSS_2033	1	+	10738791	10738663	62.28654099	10738663	0	-128	-128	-128	-128	128
CAGE_TSS_2036	1	+	10759083	10758875	22.74950981	10758875	0	-208	-208	-208	-208	208
CAGE_TSS_2037	1	+	10762760	10762562	9.988470078	10762562	0	-198	-198	-198	-198	198
CAGE_TSS_2038	1	+	10779206	10779071	123.4622421	10779071	0	-135	-135	-135	-135	135
CAGE_TSS_2042	1	+	10807087	10806917	153.2055969	10806917	0	-170	-170	-170	-170	170
CAGE_TSS_2053	1	+	10854603	10854482	21.91990089	10854482	0	-121	-121	-121	-121	121
CAGE_TSS_2055	1	+	10860743	10860541	23.99263	10860541	0	-202	-202	-202	-202	202
CAGE_TSS_2056	1	+	10868318	10868067	58.56032181	10868067	0	-251	-251	-251	-251	251
CAGE_TSS_2058	1	+	10887738	10887452	91.41702271	10887452	0	-286	-286	-286	-286	286
CAGE_TSS_2061	1	+	10892569	10892383	19.75024986	10892383	0	-186	-186	-186	-186	186
CAGE_TSS_2070	1	+	10967020	10966968	9.873259544	10966968	0	-52	-52	-52	-52	52
CAGE_TSS_2073	1	+	10985051	10984900	22.61837006	10984900	0	-151	-151	-151	-151	151
CAGE_TSS_2083	1	+	11084864	11084813	121.2627335	11084813	0	-51	-51	-51	-51	51
CAGE_TSS_2089	1	+	11137398	11137221	52.18896866	11137221	0	-177	-177	-177	-177	177
CAGE_TSS_2090	1	+	11140627	11140419	7.725599766	11140419	0	-208	-208	-208	-208	208
CAGE_TSS_2094	1	+	11170975	11170759	18.55855942	11170759	0	-216	-216	-216	-216	216
CAGE_TSS_2100	1	+	11213005	11212818	20.68185043	11212818	0	-187	-187	-187	-187	187
CAGE_TSS_2112	1	+	11349822	11349721	135.2310791	11349721	0	-101	-101	-101	-101	101
CAGE_TSS_2114	1	+	11359636	11359666	39.08403015	11359666	0	30	30	30	30	30
CAGE_TSS_2116	1	+	11379098	11378985	11.35017967	11378985	0	-113	-113	-113	-113	113
CAGE_TSS_2118	1	+	11396407	11396209	57.90023041	11396209	0	-198	-198	-198	-198	198
CAGE_TSS_2122	1	+	11430294	11430094	6.636209965	11430094	0	-200	-200	-200	-200	200
CAGE_TSS_2135	1	+	11472045	11471949	6.234809875	11471949	0	-96	-96	-96	-96	96
CAGE_TSS_2137	1	+	11475767	11475701	5.887579918	11475701	0	-66	-66	-66	-66	66
CAGE_TSS_2140	1	+	11528480	11528292	27.73391914	11528292	0	-188	-188	-188	-188	188
CAGE_TSS_2153	1	+	11556770	11556674	224.2484131	11556674	0	-96	-96	-96	-96	96
CAGE_TSS_2156	1	+	11565518	11565464	5.12665987	11565464	0	-54	-54	-54	-54	54
CAGE_TSS_2158	1	+	11575320	11575306	30.9370594	11575306	0	-14	-14	-14	-14	14
CAGE_TSS_2162	1	+	11612154	11611977	144.132019	11611977	0	-177	-177	-177	-177	177
CAGE_TSS_2167	1	+	11672975	11672864	24.58086014	11672864	0	-111	-111	-111	-111	111
CAGE_TSS_2176	1	+	11738265	11738202	110.239151	11738202	0	-63	-63	-63	-63	63
CAGE_TSS_2179	1	+	11767795	11767669	103.0373383	11767669	0	-126	-126	-126	-126	126
CAGE_TSS_2180	1	+	11774487	11774395	68.57949066	11774395	0	-92	-92	-92	-92	92
CAGE_TSS_2184	1	+	11784421	11784613	5.789000034	11784613	0	192	192	192	192	192
CAGE_TSS_2185	1	+	11785805	11785835	8.370820045	11785835	0	30	30	30	30	30
CAGE_TSS_2187	1	+	11827457	11827418	83.24978638	11827418	0	-39	-39	-39	-39	39
CAGE_TSS_2189	1	+	11840915	11840937	52.73070908	11840937	0	22	22	22	22	22
CAGE_TSS_2192	1	+	11858150	11858078	132.6099243	11858078	0	-72	-72	-72	-72	72
CAGE_TSS_2196	1	+	11928778	11928614	273.2990417	11928614	0	-164	-164	-164	-164	164
CAGE_TSS_2197	1	+	11931265	11931135	22.47167969	11931135	0	-130	-130	-130	-130	130
CAGE_TSS_2198	1	+	11937179	11936941	5.659100056	11936941	0	-238	-238	-238	-238	238
CAGE_TSS_2214	1	+	12046722	12046533	34.3961792	12046533	0	-189	-189	-189	-189	189
CAGE_TSS_2227	1	+	12091859	12091817	11.21417046	12091817	0	-42	-42	-42	-42	42
CAGE_TSS_2233	1	+	12177771	12177623	68.27388763	12177623	0	-148	-148	-148	-148	148
CAGE_TSS_2236	1	+	12180761	12180547	5.23375988	12180547	0	-214	-214	-214	-214	214
CAGE_TSS_2239	1	+	12188893	12188708	198.4320526	12188708	0	-185	-185	-185	-185	185
CAGE_TSS_2247	1	+	12261418	12261246	11.01861	12261246	0	-172	-172	-172	-172	172
CAGE_TSS_2262	1	+	12359761	12359717	23.99263	12359717	0	-44	-44	-44	-44	44
CAGE_TSS_2264	1	+	12374423	12374317	36.67887115	12374317	0	-106	-106	-106	-106	106
CAGE_TSS_2266	1	+	12386212	12385975	13.95549011	12385975	0	-237	-237	-237	-237	237
CAGE_TSS_2272	1	+	12435927	12435664	5.772620201	12435664	0	-263	-263	-263	-263	263
CAGE_TSS_2274	1	+	12448566	12448286	5.384540081	12448286	0	-280	-280	-280	-280	280
CAGE_TSS_2277	1	+	12458661	12458568	22.72076988	12458568	0	-93	-93	-93	-93	93
CAGE_TSS_2302	1	+	12685239	12684948	13.78966045	12684948	0	-291	-291	-291	-291	291
CAGE_TSS_2310	1	+	12867194	12866968	228.5466156	12866968	0	-226	-226	-226	-226	226
CAGE_TSS_2314	1	+	12890493	12890294	11.15342999	12890294	0	-199	-199	-199	-199	199
CAGE_TSS_2324	1	+	12965001	12964925	114.7883301	12964925	0	-76	-76	-76	-76	76
CAGE_TSS_2335	1	+	13040035	13039931	21.2589798	13039931	0	-104	-104	-104	-104	104
CAGE_TSS_2340	1	+	13067171	13067007	27.67480087	13067007	0	-164	-164	-164	-164	164
CAGE_TSS_2341	1	+	13071372	13071236	41.56464005	13071236	0	-136	-136	-136	-136	136
CAGE_TSS_2342	1	+	13076660	13076484	38.30884933	13076484	0	-176	-176	-176	-176	176
CAGE_TSS_2358	1	+	13205373	13205183	11.33290958	13205183	0	-190	-190	-190	-190	190
CAGE_TSS_2366	1	+	13225271	13225142	177.6637115	13225142	0	-129	-129	-129	-129	129
CAGE_TSS_2370	1	+	13450176	13449903	5.83453989	13449903	0	-273	-273	-273	-273	273
CAGE_TSS_2373	1	+	13533277	13533301	31.59412956	13533301	0	24	24	24	24	24
CAGE_TSS_2402	1	+	14004028	14003857	6.347350121	14003857	0	-171	-171	-171	-171	171
CAGE_TSS_2410	1	+	14158527	14158266	13.17934036	14158266	0	-261	-261	-261	-261	261
CAGE_TSS_2444	1	+	15891379	15891156	14.26311016	15891156	0	-223	-223	-223	-223	223
CAGE_TSS_2450	1	+	15973172	15973147	77.79535675	15973147	0	-25	-25	-25	-25	25
CAGE_TSS_2464	1	+	16125792	16125629	8.350359917	16125629	0	-163	-163	-163	-163	163
CAGE_TSS_2482	1	+	16263818	16263593	210.1590729	16263593	0	-225	-225	-225	-225	225
CAGE_TSS_2502	1	+	16484280	16484076	19.31514931	16484076	0	-204	-204	-204	-204	204
CAGE_TSS_2505	1	+	16548430	16548267	34.40468979	16548267	0	-163	-163	-163	-163	163
CAGE_TSS_2514	1	+	16617130	16617024	6.934189796	16617024	0	-106	-106	-106	-106	106
CAGE_TSS_2520	1	+	16654087	16653856	24.41457939	16653856	0	-231	-231	-231	-231	231
CAGE_TSS_2522	1	+	16794889	16794710	15.19029045	16794710	0	-179	-179	-179	-179	179
CAGE_TSS_2524	1	+	16871724	16871589	5.337259769	16871589	0	-135	-135	-135	-135	135
CAGE_TSS_2533	1	+	16923588	16923331	7.878859997	16923331	0	-257	-257	-257	-257	257
CAGE_TSS_2536	1	+	16926308	16926153	40.94749832	16926153	0	-155	-155	-155	-155	155
CAGE_TSS_2537	1	+	16933764	16933595	60.8365097	16933595	0	-169	-169	-169	-169	169
CAGE_TSS_2539	1	+	16963151	16962957	18.14135933	16962957	0	-194	-194	-194	-194	194
CAGE_TSS_2544	1	+	17009192	17008962	10.79131031	17008962	0	-230	-230	-230	-230	230
CAGE_TSS_2548	1	+	17021563	17021379	114.2133865	17021379	0	-184	-184	-184	-184	184
CAGE_TSS_2550	1	+	17031312	17031040	15.12053013	17031040	0	-272	-272	-272	-272	272
CAGE_TSS_2559	1	+	17123816	17123651	59.81008148	17123651	0	-165	-165	-165	-165	165
CAGE_TSS_2569	1	+	17179325	17179170	18.4066391	17179170	0	-155	-155	-155	-155	155
CAGE_TSS_2582	1	+	17252939	17252933	22.83608055	17252933	0	-6	-6	-6	-6	6
CAGE_TSS_2585	1	+	17295569	17295473	60.8365097	17295473	0	-96	-96	-96	-96	96
CAGE_TSS_2592	1	+	17326525	17326375	6.435830116	17326375	0	-150	-150	-150	-150	150
CAGE_TSS_2597	1	+	17343017	17342952	8.208769798	17342952	0	-65	-65	-65	-65	65
CAGE_TSS_2604	1	+	17417565	17417503	152.6588745	17417503	0	-62	-62	-62	-62	62
CAGE_TSS_2611	1	+	17451690	17451556	10.17407036	17451556	0	-134	-134	-134	-134	134
CAGE_TSS_2617	1	+	17478724	17478497	20.68185043	17478497	0	-227	-227	-227	-227	227
CAGE_TSS_2623	1	+	17558225	17558084	46.32328033	17558084	0	-141	-141	-141	-141	141
CAGE_TSS_2627	1	+	17572416	17572277	7.14440012	17572277	0	-139	-139	-139	-139	139
CAGE_TSS_2633	1	+	17687283	17687043	125.3822174	17687043	0	-240	-240	-240	-240	240
CAGE_TSS_2640	1	+	17766873	17766809	14.64367008	17766809	0	-64	-64	-64	-64	64
CAGE_TSS_2647	1	+	17805792	17805567	20.70713997	17805567	0	-225	-225	-225	-225	225
CAGE_TSS_2649	1	+	17835108	17834980	20.32703018	17834980	0	-128	-128	-128	-128	128
CAGE_TSS_2651	1	+	17847080	17846918	5.922399998	17846918	0	-162	-162	-162	-162	162
CAGE_TSS_2657	1	+	17863835	17863653	48.3370285	17863653	0	-182	-182	-182	-182	182
CAGE_TSS_2663	1	+	17907032	17906981	285.869812	17906981	0	-51	-51	-51	-51	51
CAGE_TSS_2664	1	+	17910668	17910555	16.95960999	17910555	0	-113	-113	-113	-113	113
CAGE_TSS_2670	1	+	17931518	17931414	50.03813171	17931414	0	-104	-104	-104	-104	104
CAGE_TSS_2671	1	+	17934861	17934751	241.769516	17934751	0	-110	-110	-110	-110	110
CAGE_TSS_2674	1	+	17945363	17945282	63.15729141	17945282	0	-81	-81	-81	-81	81
CAGE_TSS_2677	1	+	17966429	17966280	262.8522644	17966280	0	-149	-149	-149	-149	149
CAGE_TSS_2688	1	+	18030794	18030629	24.12874031	18030629	0	-165	-165	-165	-165	165
CAGE_TSS_2691	1	+	18040222	18040013	8.234769821	18040013	0	-209	-209	-209	-209	209
CAGE_TSS_2692	1	+	18061537	18061478	27.46606064	18061478	0	-59	-59	-59	-59	59
CAGE_TSS_2713	1	+	18198226	18197949	46.40238953	18197949	0	-277	-277	-277	-277	277
CAGE_TSS_2715	1	+	18215918	18215657	14.2265501	18215657	0	-261	-261	-261	-261	261
CAGE_TSS_2720	1	+	18234752	18234477	13.51428032	18234477	0	-275	-275	-275	-275	275
CAGE_TSS_2722	1	+	18246304	18246194	8.773280144	18246194	0	-110	-110	-110	-110	110
CAGE_TSS_2730	1	+	18305542	18305377	48.29608917	18305377	0	-165	-165	-165	-165	165
CAGE_TSS_2738	1	+	18329674	18329557	206.1257172	18329557	0	-117	-117	-117	-117	117
CAGE_TSS_2740	1	+	18347037	18346807	27.73391914	18346807	0	-230	-230	-230	-230	230
CAGE_TSS_2741	1	+	18351448	18351275	19.19471931	18351275	0	-173	-173	-173	-173	173
CAGE_TSS_2745	1	+	18400070	18399964	14.58014011	18399964	0	-106	-106	-106	-106	106
CAGE_TSS_2757	1	+	18464016	18463948	5.005650043	18463948	0	-68	-68	-68	-68	68
CAGE_TSS_2758	1	+	18470058	18469918	8.727629662	18469918	0	-140	-140	-140	-140	140
CAGE_TSS_2759	1	+	18478942	18478750	5.012899876	18478750	0	-192	-192	-192	-192	192
CAGE_TSS_2762	1	+	18507988	18507730	9.076860428	18507730	0	-258	-258	-258	-258	258
CAGE_TSS_2766	1	+	18517613	18517498	28.39963913	18517498	0	-115	-115	-115	-115	115
CAGE_TSS_2776	1	+	18606534	18606256	29.80891037	18606256	0	-278	-278	-278	-278	278
CAGE_TSS_2778	1	+	18627658	18627612	44.75709152	18627612	0	-46	-46	-46	-46	46
CAGE_TSS_2779	1	+	18649786	18649626	7.987209797	18649626	0	-160	-160	-160	-160	160
CAGE_TSS_2780	1	+	18658652	18658492	5.330649853	18658492	0	-160	-160	-160	-160	160
CAGE_TSS_2784	1	+	18672278	18672132	73.56889343	18672132	0	-146	-146	-146	-146	146
CAGE_TSS_2788	1	+	18693654	18693399	24.81296921	18693399	0	-255	-255	-255	-255	255
CAGE_TSS_2791	1	+	18701989	18701856	18.67484093	18701856	0	-133	-133	-133	-133	133
CAGE_TSS_2798	1	+	18719366	18719299	41.15921021	18719299	0	-67	-67	-67	-67	67
CAGE_TSS_2799	1	+	18724207	18724092	246.6312866	18724092	0	-115	-115	-115	-115	115
CAGE_TSS_2801	1	+	18753117	18753001	34.15385056	18753001	0	-116	-116	-116	-116	116
CAGE_TSS_2802	1	+	18771214	18770948	93.21234131	18770948	0	-266	-266	-266	-266	266
CAGE_TSS_2823	1	+	18927886	18927721	10.87915993	18927721	0	-165	-165	-165	-165	165
CAGE_TSS_2838	1	+	18984441	18984175	5.223929882	18984175	0	-266	-266	-266	-266	266
CAGE_TSS_2842	1	+	19007434	19007195	13.22904968	19007195	0	-239	-239	-239	-239	239
CAGE_TSS_2843	1	+	19031028	19030905	15.61699009	19030905	0	-123	-123	-123	-123	123
CAGE_TSS_2868	1	+	19154383	19154234	5.291409969	19154234	0	-149	-149	-149	-149	149
CAGE_TSS_2883	1	+	19251515	19251603	5.283740044	19251603	0	88	88	88	88	88
CAGE_TSS_2884	1	+	19251957	19252230	10.48089027	19252230	0	273	273	273	273	273
CAGE_TSS_2885	1	+	19292906	19292623	12.83098984	19292623	0	-283	-283	-283	-283	283
CAGE_TSS_2887	1	+	19305306	19305169	19.46954918	19305169	0	-137	-137	-137	-137	137
CAGE_TSS_2890	1	+	19369154	19368973	137.2811737	19368973	0	-181	-181	-181	-181	181
CAGE_TSS_2895	1	+	19434508	19434402	14.00695038	19434402	0	-106	-106	-106	-106	106
CAGE_TSS_2911	1	+	19496497	19496330	24.68828964	19496330	0	-167	-167	-167	-167	167
CAGE_TSS_2915	1	+	19509039	19508921	119.7536926	19508921	0	-118	-118	-118	-118	118
CAGE_TSS_2926	1	+	19520727	19520590	14.58014011	19520590	0	-137	-137	-137	-137	137
CAGE_TSS_2930	1	+	19527840	19527610	5.439680099	19527610	0	-230	-230	-230	-230	230
CAGE_TSS_2933	1	+	19565701	19565636	59.95909882	19565636	0	-65	-65	-65	-65	65
CAGE_TSS_2943	1	+	19640987	19640724	174.9172058	19640724	0	-263	-263	-263	-263	263
CAGE_TSS_2945	1	+	19642535	19642353	5.330649853	19642353	0	-182	-182	-182	-182	182
CAGE_TSS_2965	1	+	19708067	19707917	20.54626083	19707917	0	-150	-150	-150	-150	150
CAGE_TSS_2972	1	+	19772046	19772044	67.59291077	19772044	0	-2	-2	-2	-2	2
CAGE_TSS_2973	1	+	19775911	19775654	28.33283043	19775654	0	-257	-257	-257	-257	257
CAGE_TSS_2980	1	+	19812261	19811985	12.49779034	19811985	0	-276	-276	-276	-276	276
CAGE_TSS_2982	1	+	19821207	19821233	136.8637848	19821233	0	26	26	26	26	26
CAGE_TSS_2994	1	+	19879433	19879329	35.71049118	19879329	0	-104	-104	-104	-104	104
CAGE_TSS_2997	1	+	19902492	19902348	16.46460915	19902348	0	-144	-144	-144	-144	144
CAGE_TSS_3001	1	+	19935162	19935024	61.2324295	19935024	0	-138	-138	-138	-138	138
CAGE_TSS_3002	1	+	19945828	19945599	5.071430206	19945599	0	-229	-229	-229	-229	229
CAGE_TSS_3014	1	+	20004648	20004610	15.1221199	20004610	0	-38	-38	-38	-38	38
CAGE_TSS_3020	1	+	20048570	20048341	21.92329979	20048341	0	-229	-229	-229	-229	229
CAGE_TSS_3029	1	+	20093436	20093304	5.770199776	20093304	0	-132	-132	-132	-132	132
CAGE_TSS_3030	1	+	20098536	20098357	52.07180023	20098357	0	-179	-179	-179	-179	179
CAGE_TSS_3034	1	+	20137718	20137673	70.00879669	20137673	0	-45	-45	-45	-45	45
CAGE_TSS_3039	1	+	20167756	20167663	168.4662781	20167663	0	-93	-93	-93	-93	93
CAGE_TSS_3042	1	+	20180678	20180611	6.133699894	20180611	0	-67	-67	-67	-67	67
CAGE_TSS_3046	1	+	20189670	20189556	56.74824142	20189556	0	-114	-114	-114	-114	114
CAGE_TSS_3047	1	+	20192858	20192683	8.053050041	20192683	0	-175	-175	-175	-175	175
CAGE_TSS_3050	1	+	20207019	20206907	40.81378174	20206907	0	-112	-112	-112	-112	112
CAGE_TSS_3053	1	+	20215436	20215344	137.4797058	20215344	0	-92	-92	-92	-92	92
CAGE_TSS_3055	1	+	20235703	20235566	15.16783047	20235566	0	-137	-137	-137	-137	137
CAGE_TSS_3067	1	+	20323095	20322884	5.226890087	20322884	0	-211	-211	-211	-211	211
CAGE_TSS_3082	1	+	20430809	20430729	8.438090324	20430729	0	-80	-80	-80	-80	80
CAGE_TSS_3088	1	+	20447342	20447168	11.16300964	20447168	0	-174	-174	-174	-174	174
CAGE_TSS_3089	1	+	20451231	20451006	59.25611877	20451006	0	-225	-225	-225	-225	225
CAGE_TSS_3093	1	+	20470792	20470683	8.328590393	20470683	0	-109	-109	-109	-109	109
CAGE_TSS_3097	1	+	20504919	20504709	8.562140465	20504709	0	-210	-210	-210	-210	210
CAGE_TSS_3099	1	+	20511524	20511432	22.30587959	20511432	0	-92	-92	-92	-92	92
CAGE_TSS_3103	1	+	20525709	20525532	5.786739826	20525532	0	-177	-177	-177	-177	177
CAGE_TSS_3119	1	+	20598113	20597835	22.85692024	20597835	0	-278	-278	-278	-278	278
CAGE_TSS_3120	1	+	20604936	20604709	12.83316994	20604709	0	-227	-227	-227	-227	227
CAGE_TSS_3122	1	+	20614755	20614541	8.96364975	20614541	0	-214	-214	-214	-214	214
CAGE_TSS_3124	1	+	20617309	20617106	5.718920231	20617106	0	-203	-203	-203	-203	203
CAGE_TSS_3131	1	+	20651883	20651746	18.55208015	20651746	0	-137	-137	-137	-137	137
CAGE_TSS_3169	1	+	21024768	21024614	47.74914169	21024614	0	-154	-154	-154	-154	154
CAGE_TSS_3172	1	+	21030828	21030731	31.73386002	21030731	0	-97	-97	-97	-97	97
CAGE_TSS_3179	1	+	21043358	21043155	40.53216934	21043155	0	-203	-203	-203	-203	203
CAGE_TSS_3187	1	+	21128927	21128925	17.46445084	21128925	0	-2	-2	-2	-2	2
CAGE_TSS_3188	1	+	21136943	21136699	13.58611965	21136699	0	-244	-244	-244	-244	244
CAGE_TSS_3213	1	+	21256182	21256073	204.2149658	21256073	0	-109	-109	-109	-109	109
CAGE_TSS_3232	1	+	21533555	21533415	15.80648994	21533415	0	-140	-140	-140	-140	140
CAGE_TSS_3238	1	+	21616478	21616486	7.600910187	21616486	0	8	8	8	8	8
CAGE_TSS_3241	1	+	21676530	21676409	24.93053055	21676409	0	-121	-121	-121	-121	121
CAGE_TSS_3249	1	+	21721288	21721201	20.77872086	21721201	0	-87	-87	-87	-87	87
CAGE_TSS_3250	1	+	21727022	21726833	13.29368019	21726833	0	-189	-189	-189	-189	189
CAGE_TSS_3251	1	+	21732616	21732550	112.5961609	21732550	0	-66	-66	-66	-66	66
CAGE_TSS_3253	1	+	21746324	21746536	8.251119614	21746536	0	212	212	212	212	212
CAGE_TSS_3270	1	+	21902319	21902187	11.41864967	21902187	0	-132	-132	-132	-132	132
CAGE_TSS_3273	1	+	21936411	21936214	15.51743031	21936214	0	-197	-197	-197	-197	197
CAGE_TSS_3274	1	+	21938574	21938443	17.58617973	21938443	0	-131	-131	-131	-131	131
CAGE_TSS_3279	1	+	22011384	22011186	43.97587967	22011186	0	-198	-198	-198	-198	198
CAGE_TSS_3282	1	+	22034508	22034367	241.1383362	22034367	0	-141	-141	-141	-141	141
CAGE_TSS_3295	1	+	22051300	22051120	80.84355164	22051120	0	-180	-180	-180	-180	180
CAGE_TSS_3300	1	+	22073540	22073354	39.6339798	22073354	0	-186	-186	-186	-186	186
CAGE_TSS_3301	1	+	22080816	22080703	39.13328934	22080703	0	-113	-113	-113	-113	113
CAGE_TSS_3302	1	+	22095311	22095311	5.114970207	22095311	0	0	0	0	0	0
CAGE_TSS_3305	1	+	22139183	22139032	27.90049934	22139032	0	-151	-151	-151	-151	151
CAGE_TSS_3310	1	+	22192772	22192517	13.64398003	22192517	0	-255	-255	-255	-255	255
CAGE_TSS_3312	1	+	22198339	22198209	211.37323	22198209	0	-130	-130	-130	-130	130
CAGE_TSS_3319	1	+	22331077	22331069	26.61356926	22331069	0	-8	-8	-8	-8	8
CAGE_TSS_3330	1	+	22483249	22483207	12.57507038	22483207	0	-42	-42	-42	-42	42
CAGE_TSS_3335	1	+	22547961	22547871	20.19578934	22547871	0	-90	-90	-90	-90	90
CAGE_TSS_3337	1	+	22551386	22551151	7.380219936	22551151	0	-235	-235	-235	-235	235
CAGE_TSS_3341	1	+	22564488	22564520	5.70581007	22564520	0	32	32	32	32	32
CAGE_TSS_3346	1	+	22581471	22581325	28.08711052	22581325	0	-146	-146	-146	-146	146
CAGE_TSS_3349	1	+	22585933	22585638	6.361159801	22585638	0	-295	-295	-295	-295	295
CAGE_TSS_3352	1	+	22628265	22628122	21.92280006	22628122	0	-143	-143	-143	-143	143
CAGE_TSS_3367	1	+	22767592	22767507	63.82666016	22767507	0	-85	-85	-85	-85	85
CAGE_TSS_3369	1	+	22770044	22769750	5.798540115	22769750	0	-294	-294	-294	-294	294
CAGE_TSS_3372	1	+	22810177	22810048	31.25396919	22810048	0	-129	-129	-129	-129	129
CAGE_TSS_3375	1	+	22819708	22819605	6.108590126	22819605	0	-103	-103	-103	-103	103
CAGE_TSS_3379	1	+	22830018	22829918	147.3202972	22829918	0	-100	-100	-100	-100	100
CAGE_TSS_3380	1	+	22835406	22835189	58.60564041	22835189	0	-217	-217	-217	-217	217
CAGE_TSS_3382	1	+	22847317	22847213	35.5307312	22847213	0	-104	-104	-104	-104	104
CAGE_TSS_3392	1	+	22919532	22919424	6.172739983	22919424	0	-108	-108	-108	-108	108
CAGE_TSS_3403	1	+	23082263	23082110	16.06847	23082110	0	-153	-153	-153	-153	153
CAGE_TSS_3405	1	+	23083300	23083121	12.7401104	23083121	0	-179	-179	-179	-179	179
CAGE_TSS_3410	1	+	23112825	23112806	149.4552917	23112806	0	-19	-19	-19	-19	19
CAGE_TSS_3428	1	+	23171091	23170971	5.266129971	23170971	0	-120	-120	-120	-120	120
CAGE_TSS_3433	1	+	23192286	23191993	9.900110245	23191993	0	-293	-293	-293	-293	293
CAGE_TSS_3434	1	+	23199915	23199741	49.42684937	23199741	0	-174	-174	-174	-174	174
CAGE_TSS_3445	1	+	23271415	23271399	12.82559013	23271399	0	-16	-16	-16	-16	16
CAGE_TSS_3451	1	+	23315113	23314892	39.89427948	23314892	0	-221	-221	-221	-221	221
CAGE_TSS_3453	1	+	23328848	23328637	171.8296356	23328637	0	-211	-211	-211	-211	211
CAGE_TSS_3471	1	+	23425380	23425370	96.23757935	23425370	0	-10	-10	-10	-10	10
CAGE_TSS_3473	1	+	23448922	23448872	8.024959564	23448872	0	-50	-50	-50	-50	50
CAGE_TSS_3476	1	+	23481982	23481705	8.694999695	23481705	0	-277	-277	-277	-277	277
CAGE_TSS_3477	1	+	23507262	23507032	5.699170113	23507032	0	-230	-230	-230	-230	230
CAGE_TSS_3478	1	+	23515873	23515783	5.117690086	23515783	0	-90	-90	-90	-90	90
CAGE_TSS_3482	1	+	23527569	23527427	49.50090027	23527427	0	-142	-142	-142	-142	142
CAGE_TSS_3485	1	+	23555641	23555526	8.763460159	23555526	0	-115	-115	-115	-115	115
CAGE_TSS_3492	1	+	23614437	23614197	9.078009605	23614197	0	-240	-240	-240	-240	240
CAGE_TSS_3498	1	+	23685197	23685078	11.78269005	23685078	0	-119	-119	-119	-119	119
CAGE_TSS_3499	1	+	23696757	23696557	34.80054855	23696557	0	-200	-200	-200	-200	200
CAGE_TSS_3502	1	+	23716730	23716570	15.67591953	23716570	0	-160	-160	-160	-160	160
CAGE_TSS_3512	1	+	23770095	23770014	56.34284973	23770014	0	-81	-81	-81	-81	81
CAGE_TSS_3513	1	+	23778567	23778611	5.828879833	23778611	0	44	44	44	44	44
CAGE_TSS_3523	1	+	23833581	23833546	8.808859825	23833546	0	-35	-35	-35	-35	35
CAGE_TSS_3538	1	+	23911194	23910960	20.1870594	23910960	0	-234	-234	-234	-234	234
CAGE_TSS_3539	1	+	23911724	23911928	8.715060234	23911928	0	204	204	204	204	204
CAGE_TSS_3543	1	+	23937029	23936929	29.64319992	23936929	0	-100	-100	-100	-100	100
CAGE_TSS_3557	1	+	24007188	24006930	89.57952118	24006930	0	-258	-258	-258	-258	258
CAGE_TSS_3561	1	+	24022485	24022445	100.2762527	24022445	0	-40	-40	-40	-40	40
CAGE_TSS_3564	1	+	24036046	24035826	9.085900307	24035826	0	-220	-220	-220	-220	220
CAGE_TSS_3578	1	+	24086573	24086527	7.161419868	24086527	0	-46	-46	-46	-46	46
CAGE_TSS_3579	1	+	24093541	24093257	42.05234146	24093257	0	-284	-284	-284	-284	284
CAGE_TSS_3580	1	+	24098002	24097998	5.322720051	24097998	0	-4	-4	-4	-4	4
CAGE_TSS_3586	1	+	24113215	24113147	60.5418396	24113147	0	-68	-68	-68	-68	68
CAGE_TSS_3590	1	+	24127562	24127524	195.9685669	24127524	0	-38	-38	-38	-38	38
CAGE_TSS_3594	1	+	24149206	24149048	65.43949127	24149048	0	-158	-158	-158	-158	158
CAGE_TSS_3617	1	+	24257217	24256941	76.18560791	24256941	0	-276	-276	-276	-276	276
CAGE_TSS_3621	1	+	24292477	24292359	8.50728035	24292359	0	-118	-118	-118	-118	118
CAGE_TSS_3624	1	+	24315813	24315768	5.180689812	24315768	0	-45	-45	-45	-45	45
CAGE_TSS_3630	1	+	24349508	24349237	14.24796009	24349237	0	-271	-271	-271	-271	271
CAGE_TSS_3634	1	+	24359433	24359284	62.82590103	24359284	0	-149	-149	-149	-149	149
CAGE_TSS_3637	1	+	24385869	24385769	54.13402176	24385769	0	-100	-100	-100	-100	100
CAGE_TSS_3641	1	+	24442487	24442372	66.1767807	24442372	0	-115	-115	-115	-115	115
CAGE_TSS_3645	1	+	24485162	24485082	94.6831131	24485082	0	-80	-80	-80	-80	80
CAGE_TSS_3676	1	+	24631409	24631279	48.0378685	24631279	0	-130	-130	-130	-130	130
CAGE_TSS_3677	1	+	24637195	24637020	48.3370285	24637020	0	-175	-175	-175	-175	175
CAGE_TSS_3679	1	+	24647187	24647161	51.7530098	24647161	0	-26	-26	-26	-26	26
CAGE_TSS_3682	1	+	24677209	24677023	87.13715363	24677023	0	-186	-186	-186	-186	186
CAGE_TSS_3689	1	+	24748279	24748164	35.9485817	24748164	0	-115	-115	-115	-115	115
CAGE_TSS_3706	1	+	24883919	24883670	60.4825592	24883670	0	-249	-249	-249	-249	249
CAGE_TSS_3707	1	+	24884827	24884739	33.47153854	24884739	0	-88	-88	-88	-88	88
CAGE_TSS_3710	1	+	24902090	24901926	195.3897247	24901926	0	-164	-164	-164	-164	164
CAGE_TSS_3713	1	+	24924812	24924710	25.25503922	24924710	0	-102	-102	-102	-102	102
CAGE_TSS_3718	1	+	24952801	24952601	152.1464996	24952601	0	-200	-200	-200	-200	200
CAGE_TSS_3719	1	+	24957557	24957369	10.40480042	24957369	0	-188	-188	-188	-188	188
CAGE_TSS_3721	1	+	24959347	24959219	15.75282955	24959219	0	-128	-128	-128	-128	128
CAGE_TSS_3728	1	+	25036669	25036400	29.53379059	25036400	0	-269	-269	-269	-269	269
CAGE_TSS_3732	1	+	25048135	25048145	40.64188004	25048145	0	10	10	10	10	10
CAGE_TSS_3734	1	+	25057526	25057311	7.259009838	25057311	0	-215	-215	-215	-215	215
CAGE_TSS_3737	1	+	25119378	25119150	21.04953003	25119150	0	-228	-228	-228	-228	228
CAGE_TSS_3741	1	+	25129731	25129645	7.011400223	25129645	0	-86	-86	-86	-86	86
CAGE_TSS_3742	1	+	25132580	25132403	13.00605011	25132403	0	-177	-177	-177	-177	177
CAGE_TSS_3758	1	+	25276241	25276096	122.9078674	25276096	0	-145	-145	-145	-145	145
CAGE_TSS_3763	1	+	25307996	25307847	21.14101982	25307847	0	-149	-149	-149	-149	149
CAGE_TSS_3764	1	+	25312719	25312588	14.18305016	25312588	0	-131	-131	-131	-131	131
CAGE_TSS_3765	1	+	25319902	25319817	201.445816	25319817	0	-85	-85	-85	-85	85
CAGE_TSS_3778	1	+	25391652	25391491	6.687399864	25391491	0	-161	-161	-161	-161	161
CAGE_TSS_3783	1	+	25417649	25417537	81.34052277	25417537	0	-112	-112	-112	-112	112
CAGE_TSS_3797	1	+	25466986	25466770	166.2588654	25466770	0	-216	-216	-216	-216	216
CAGE_TSS_3802	1	+	25473542	25473630	27.73391914	25473630	0	88	88	88	88	88
CAGE_TSS_3803	1	+	25477767	25477656	6.145909786	25477656	0	-111	-111	-111	-111	111
CAGE_TSS_3824	1	+	25524817	25524646	9.195810318	25524646	0	-171	-171	-171	-171	171
CAGE_TSS_3830	1	+	25559243	25559123	18.29536057	25559123	0	-120	-120	-120	-120	120
CAGE_TSS_3841	1	+	25610920	25610889	8.960860252	25610889	0	-31	-31	-31	-31	31
CAGE_TSS_3843	1	+	25616490	25616287	18.28515053	25616287	0	-203	-203	-203	-203	203
CAGE_TSS_3849	1	+	25693489	25693430	19.17757034	25693430	0	-59	-59	-59	-59	59
CAGE_TSS_3855	1	+	25719958	25719903	79.57415009	25719903	0	-55	-55	-55	-55	55
CAGE_TSS_3860	1	+	25752768	25752532	109.7879333	25752532	0	-236	-236	-236	-236	236
CAGE_TSS_3867	1	+	25782139	25782103	22.12388992	25782103	0	-36	-36	-36	-36	36
CAGE_TSS_3875	1	+	25809278	25809056	27.1475296	25809056	0	-222	-222	-222	-222	222
CAGE_TSS_3876	1	+	25829076	25828879	15.37003994	25828879	0	-197	-197	-197	-197	197
CAGE_TSS_3877	1	+	25840909	25840684	54.93796158	25840684	0	-225	-225	-225	-225	225
CAGE_TSS_3880	1	+	25880328	25880088	17.65699005	25880088	0	-240	-240	-240	-240	240
CAGE_TSS_3886	1	+	25896942	25896704	7.111090183	25896704	0	-238	-238	-238	-238	238
CAGE_TSS_3887	1	+	25915006	25915004	7.709300041	25915004	0	-2	-2	-2	-2	2
CAGE_TSS_3892	1	+	25941749	25941535	87.11029816	25941535	0	-214	-214	-214	-214	214
CAGE_TSS_3893	1	+	25957572	25957367	34.51512909	25957367	0	-205	-205	-205	-205	205
CAGE_TSS_3912	1	+	26080045	26079942	175.8601074	26079942	0	-103	-103	-103	-103	103
CAGE_TSS_3915	1	+	26089237	26089105	61.16135025	26089105	0	-132	-132	-132	-132	132
CAGE_TSS_3921	1	+	26122139	26121957	13.42047977	26121957	0	-182	-182	-182	-182	182
CAGE_TSS_3922	1	+	26126378	26126389	6.910329819	26126389	0	11	11	11	11	11
CAGE_TSS_3929	1	+	26128310	26128022	6.107749939	26128022	0	-288	-288	-288	-288	288
CAGE_TSS_3940	1	+	26182478	26182301	25.32177925	26182301	0	-177	-177	-177	-177	177
CAGE_TSS_3941	1	+	26186719	26186686	8.017049789	26186686	0	-33	-33	-33	-33	33
CAGE_TSS_3962	1	+	26266743	26266613	38.1717186	26266613	0	-130	-130	-130	-130	130
CAGE_TSS_3964	1	+	26316029	26315935	10.69836998	26315935	0	-94	-94	-94	-94	94
CAGE_TSS_3966	1	+	26330061	26330060	21.05528069	26330060	0	-1	-1	-1	-1	1
CAGE_TSS_3986	1	+	26423885	26423708	14.78742981	26423708	0	-177	-177	-177	-177	177
CAGE_TSS_3987	1	+	26426427	26426224	19.34852982	26426224	0	-203	-203	-203	-203	203
CAGE_TSS_3991	1	+	26439896	26439803	8.520569801	26439803	0	-93	-93	-93	-93	93
CAGE_TSS_3992	1	+	26450290	26450094	137.8347931	26450094	0	-196	-196	-196	-196	196
CAGE_TSS_3994	1	+	26464388	26464215	27.54211998	26464215	0	-173	-173	-173	-173	173
CAGE_TSS_3995	1	+	26502935	26502776	283.4464111	26502776	0	-159	-159	-159	-159	159
CAGE_TSS_4002	1	+	26561903	26561872	28.15644073	26561872	0	-31	-31	-31	-31	31
CAGE_TSS_4005	1	+	26570274	26570179	6.918429852	26570179	0	-95	-95	-95	-95	95
CAGE_TSS_4010	1	+	26604850	26604683	9.556280136	26604683	0	-167	-167	-167	-167	167
CAGE_TSS_4011	1	+	26608631	26608519	7.017670155	26608519	0	-112	-112	-112	-112	112
CAGE_TSS_4016	1	+	26616327	26616106	13.97992992	26616106	0	-221	-221	-221	-221	221
CAGE_TSS_4017	1	+	26618348	26618066	13.34257984	26618066	0	-282	-282	-282	-282	282
CAGE_TSS_4018	1	+	26621961	26621868	114.9344864	26621868	0	-93	-93	-93	-93	93
CAGE_TSS_4024	1	+	26640581	26640459	12.57104969	26640459	0	-122	-122	-122	-122	122
CAGE_TSS_4028	1	+	26644668	26644459	19.70372963	26644459	0	-209	-209	-209	-209	209
CAGE_TSS_4029	1	+	26652075	26651805	5.60255003	26651805	0	-270	-270	-270	-270	270
CAGE_TSS_4031	1	+	26654781	26654496	156.9039917	26654496	0	-285	-285	-285	-285	285
CAGE_TSS_4033	1	+	26655816	26655681	50.11304092	26655681	0	-135	-135	-135	-135	135
CAGE_TSS_4037	1	+	26687222	26687085	2.575989962	26687085	0	-137	-137	-137	-137	137
CAGE_TSS_4042	1	+	26700402	26700106	13.90771961	26700106	0	-296	-296	-296	-296	296
CAGE_TSS_4044	1	+	26704161	26703986	86.69387817	26703986	0	-175	-175	-175	-175	175
CAGE_TSS_4046	1	+	26705550	26705312	52.26433945	26705312	0	-238	-238	-238	-238	238
CAGE_TSS_4049	1	+	26727828	26727559	28.33517075	26727559	0	-269	-269	-269	-269	269
CAGE_TSS_4055	1	+	26745450	26745227	42.97251129	26745227	0	-223	-223	-223	-223	223
CAGE_TSS_4059	1	+	26762221	26762209	28.64525986	26762209	0	-12	-12	-12	-12	12
CAGE_TSS_4060	1	+	26782188	26782003	43.30038071	26782003	0	-185	-185	-185	-185	185
CAGE_TSS_4079	1	+	26852461	26852217	6.542950153	26852217	0	-244	-244	-244	-244	244
CAGE_TSS_4083	1	+	26909821	26909796	7.686789989	26909796	0	-25	-25	-25	-25	25
CAGE_TSS_4092	1	+	26939633	26939580	15.04004955	26939580	0	-53	-53	-53	-53	53
CAGE_TSS_4093	1	+	26964307	26964414	46.13344955	26964414	0	107	107	107	107	107
CAGE_TSS_4097	1	+	26971330	26971169	133.1714935	26971169	0	-161	-161	-161	-161	161
CAGE_TSS_4098	1	+	26983722	26983540	22.56024933	26983540	0	-182	-182	-182	-182	182
CAGE_TSS_4105	1	+	27018322	27018080	35.10351181	27018080	0	-242	-242	-242	-242	242
CAGE_TSS_4108	1	+	27026728	27026580	19.75024986	27026580	0	-148	-148	-148	-148	148
CAGE_TSS_4112	1	+	27061486	27061328	12.62230968	27061328	0	-158	-158	-158	-158	158
CAGE_TSS_4116	1	+	27078559	27078474	5.433450222	27078474	0	-85	-85	-85	-85	85
CAGE_TSS_4121	1	+	27107587	27107321	5.956910133	27107321	0	-266	-266	-266	-266	266
CAGE_TSS_4129	1	+	27132112	27132075	202.4478149	27132075	0	-37	-37	-37	-37	37
CAGE_TSS_4134	1	+	27141849	27141745	183.3497162	27141745	0	-104	-104	-104	-104	104
CAGE_TSS_4145	1	+	27162804	27162628	13.52787971	27162628	0	-176	-176	-176	-176	176
CAGE_TSS_4146	1	+	27179699	27179545	34.64131165	27179545	0	-154	-154	-154	-154	154
CAGE_TSS_4150	1	+	27190126	27189965	28.90545082	27189965	0	-161	-161	-161	-161	161
CAGE_TSS_4151	1	+	27192772	27192622	26.93194962	27192622	0	-150	-150	-150	-150	150
CAGE_TSS_4156	1	+	27236880	27236692	5.892389774	27236692	0	-188	-188	-188	-188	188
CAGE_TSS_4159	1	+	27264662	27264419	46.50339127	27264419	0	-243	-243	-243	-243	243
CAGE_TSS_4162	1	+	27303366	27303084	99.52279663	27303084	0	-282	-282	-282	-282	282
CAGE_TSS_4165	1	+	27308513	27308415	146.438446	27308415	0	-98	-98	-98	-98	98
CAGE_TSS_4167	1	+	27338097	27337944	9.527480125	27337944	0	-153	-153	-153	-153	153
CAGE_TSS_4168	1	+	27344391	27344208	15.21370029	27344208	0	-183	-183	-183	-183	183
CAGE_TSS_4171	1	+	27349467	27349336	28.27709007	27349336	0	-131	-131	-131	-131	131
CAGE_TSS_4174	1	+	27365894	27365653	30.56695938	27365653	0	-241	-241	-241	-241	241
CAGE_TSS_4175	1	+	27372268	27372142	26.11450958	27372142	0	-126	-126	-126	-126	126
CAGE_TSS_4179	1	+	27390110	27389867	9.777729988	27389867	0	-243	-243	-243	-243	243
CAGE_TSS_4183	1	+	27394790	27394614	60.2208519	27394614	0	-176	-176	-176	-176	176
CAGE_TSS_4185	1	+	27397216	27397028	39.79362869	27397028	0	-188	-188	-188	-188	188
CAGE_TSS_4187	1	+	27413930	27413644	8.800849915	27413644	0	-286	-286	-286	-286	286
CAGE_TSS_4190	1	+	27429870	27429614	15.04092026	27429614	0	-256	-256	-256	-256	256
CAGE_TSS_4197	1	+	27437715	27437769	20.59819031	27437769	0	54	54	54	54	54
CAGE_TSS_4203	1	+	27442233	27442129	52.83869171	27442129	0	-104	-104	-104	-104	104
CAGE_TSS_4205	1	+	27452769	27452675	7.399509907	27452675	0	-94	-94	-94	-94	94
CAGE_TSS_4206	1	+	27454135	27454010	5.311860085	27454010	0	-125	-125	-125	-125	125
CAGE_TSS_4230	1	+	27619598	27619319	14.17008018	27619319	0	-279	-279	-279	-279	279
CAGE_TSS_4236	1	+	27650978	27650852	7.336440086	27650852	0	-126	-126	-126	-126	126
CAGE_TSS_4238	1	+	27659684	27659502	9.80727005	27659502	0	-182	-182	-182	-182	182
CAGE_TSS_4249	1	+	27700046	27699993	57.9570694	27699993	0	-53	-53	-53	-53	53
CAGE_TSS_4252	1	+	27721121	27721092	16.94368935	27721092	0	-29	-29	-29	-29	29
CAGE_TSS_4254	1	+	27734212	27734163	74.40872955	27734163	0	-49	-49	-49	-49	49
CAGE_TSS_4261	1	+	27759974	27759891	7.461870193	27759891	0	-83	-83	-83	-83	83
CAGE_TSS_4268	1	+	27786807	27786588	25.48885918	27786588	0	-219	-219	-219	-219	219
CAGE_TSS_4272	1	+	27790882	27790781	7.140779972	27790781	0	-101	-101	-101	-101	101
CAGE_TSS_4275	1	+	27816826	27816628	6.634990215	27816628	0	-198	-198	-198	-198	198
CAGE_TSS_4282	1	+	27862936	27862877	53.13069153	27862877	0	-59	-59	-59	-59	59
CAGE_TSS_4284	1	+	27886332	27886170	17.34312057	27886170	0	-162	-162	-162	-162	162
CAGE_TSS_4300	1	+	27959621	27959562	32.89788818	27959562	0	-59	-59	-59	-59	59
CAGE_TSS_4304	1	+	27975178	27974978	34.13476181	27974978	0	-200	-200	-200	-200	200
CAGE_TSS_4312	1	+	28005364	28005230	149.3452606	28005230	0	-134	-134	-134	-134	134
CAGE_TSS_4318	1	+	28053287	28053199	10.17265034	28053199	0	-88	-88	-88	-88	88
CAGE_TSS_4322	1	+	28065270	28065105	124.2136917	28065105	0	-165	-165	-165	-165	165
CAGE_TSS_4328	1	+	28085777	28085631	5.291409969	28085631	0	-146	-146	-146	-146	146
CAGE_TSS_4330	1	+	28098860	28098602	141.480011	28098602	0	-258	-258	-258	-258	258
CAGE_TSS_4337	1	+	28144131	28143952	244.4627838	28143952	0	-179	-179	-179	-179	179
CAGE_TSS_4338	1	+	28146119	28145923	128.4137726	28145923	0	-196	-196	-196	-196	196
CAGE_TSS_4341	1	+	28171018	28170776	26.04847908	28170776	0	-242	-242	-242	-242	242
CAGE_TSS_4345	1	+	28185527	28185270	135.09729	28185270	0	-257	-257	-257	-257	257
CAGE_TSS_4348	1	+	28213865	28213716	117.2716599	28213716	0	-149	-149	-149	-149	149
CAGE_TSS_4351	1	+	28217011	28216965	18.28515053	28216965	0	-46	-46	-46	-46	46
CAGE_TSS_4353	1	+	28223868	28223879	15.83512974	28223879	0	11	11	11	11	11
CAGE_TSS_4358	1	+	28251960	28251766	6.723690033	28251766	0	-194	-194	-194	-194	194
CAGE_TSS_4362	1	+	28255494	28255471	8.218520164	28255471	0	-23	-23	-23	-23	23
CAGE_TSS_4368	1	+	28291762	28291507	17.23867035	28291507	0	-255	-255	-255	-255	255
CAGE_TSS_4369	1	+	28296919	28296903	98.26722717	28296903	0	-16	-16	-16	-16	16
CAGE_TSS_4371	1	+	28313589	28313377	10.91716003	28313377	0	-212	-212	-212	-212	212
CAGE_TSS_4372	1	+	28327954	28327720	49.63845062	28327720	0	-234	-234	-234	-234	234
CAGE_TSS_4375	1	+	28366016	28365824	21.5734005	28365824	0	-192	-192	-192	-192	192
CAGE_TSS_4390	1	+	28428714	28428565	6.410749912	28428565	0	-149	-149	-149	-149	149
CAGE_TSS_4392	1	+	28458783	28458754	5.791389942	28458754	0	-29	-29	-29	-29	29
CAGE_TSS_4398	1	+	28475778	28475748	10.08576965	28475748	0	-30	-30	-30	-30	30
CAGE_TSS_4400	1	+	28499062	28499034	49.32678986	28499034	0	-28	-28	-28	-28	28
CAGE_TSS_4402	1	+	28518170	28518039	109.58461	28518039	0	-131	-131	-131	-131	131
CAGE_TSS_4411	1	+	28537794	28537825	5.427649975	28537825	0	31	31	31	31	31
CAGE_TSS_4413	1	+	28546480	28546334	156.3534546	28546334	0	-146	-146	-146	-146	146
CAGE_TSS_4417	1	+	28571134	28570884	8.294750214	28570884	0	-250	-250	-250	-250	250
CAGE_TSS_4426	1	+	28610312	28610101	6.117400169	28610101	0	-211	-211	-211	-211	211
CAGE_TSS_4431	1	+	28655335	28655243	234.5626373	28655243	0	-92	-92	-92	-92	92
CAGE_TSS_4434	1	+	28684576	28684482	13.86715031	28684482	0	-94	-94	-94	-94	94
CAGE_TSS_4437	1	+	28695883	28695768	18.14666939	28695768	0	-115	-115	-115	-115	115
CAGE_TSS_4444	1	+	28698259	28698322	149.9352722	28698322	0	63	63	63	63	63
CAGE_TSS_4449	1	+	28728259	28728046	84.02062225	28728046	0	-213	-213	-213	-213	213
CAGE_TSS_4452	1	+	28740740	28740701	206.0769043	28740701	0	-39	-39	-39	-39	39
CAGE_TSS_4454	1	+	28746887	28746675	14.79539013	28746675	0	-212	-212	-212	-212	212
CAGE_TSS_4456	1	+	28756653	28756368	29.72236061	28756368	0	-285	-285	-285	-285	285
CAGE_TSS_4457	1	+	28759518	28759390	11.39097023	28759390	0	-128	-128	-128	-128	128
CAGE_TSS_4471	1	+	28847922	28847839	72.88128662	28847839	0	-83	-83	-83	-83	83
CAGE_TSS_4474	1	+	28865411	28865336	7.386670113	28865336	0	-75	-75	-75	-75	75
CAGE_TSS_4478	1	+	28881854	28881740	51.22328949	28881740	0	-114	-114	-114	-114	114
CAGE_TSS_4484	1	+	28892153	28891970	14.28361034	28891970	0	-183	-183	-183	-183	183
CAGE_TSS_4486	1	+	28906522	28906363	10.62677956	28906363	0	-159	-159	-159	-159	159
CAGE_TSS_4488	1	+	28932910	28932802	36.67815018	28932802	0	-108	-108	-108	-108	108
CAGE_TSS_4500	1	+	28984021	28983755	207.5227966	28983755	0	-266	-266	-266	-266	266
CAGE_TSS_4505	1	+	29038428	29038158	15.19894028	29038158	0	-270	-270	-270	-270	270
CAGE_TSS_4506	1	+	29051502	29051402	8.871729851	29051402	0	-100	-100	-100	-100	100
CAGE_TSS_4512	1	+	29093620	29093552	129.2337189	29093552	0	-68	-68	-68	-68	68
CAGE_TSS_4514	1	+	29099955	29099733	40.36326981	29099733	0	-222	-222	-222	-222	222
CAGE_TSS_4517	1	+	29117628	29117688	36.17565155	29117688	0	60	60	60	60	60
CAGE_TSS_4528	1	+	29178717	29178465	25.08580017	29178465	0	-252	-252	-252	-252	252
CAGE_TSS_4538	1	+	29253399	29253266	48.35240936	29253266	0	-133	-133	-133	-133	133
CAGE_TSS_4543	1	+	29290267	29290115	6.151380062	29290115	0	-152	-152	-152	-152	152
CAGE_TSS_4547	1	+	29298526	29298333	11.88691044	29298333	0	-193	-193	-193	-193	193
CAGE_TSS_4554	1	+	29329734	29329515	27.56707001	29329515	0	-219	-219	-219	-219	219
CAGE_TSS_4560	1	+	29345940	29345653	151.7997894	29345653	0	-287	-287	-287	-287	287
CAGE_TSS_4563	1	+	29347852	29347617	8.6208601	29347617	0	-235	-235	-235	-235	235
CAGE_TSS_4565	1	+	29364248	29364222	14.11048031	29364222	0	-26	-26	-26	-26	26
CAGE_TSS_4568	1	+	29387809	29387592	85.83596039	29387592	0	-217	-217	-217	-217	217
CAGE_TSS_4576	1	+	29414058	29413842	126.5074768	29413842	0	-216	-216	-216	-216	216
CAGE_TSS_4581	1	+	29422099	29421853	13.03314972	29421853	0	-246	-246	-246	-246	246
CAGE_TSS_4582	1	+	29423665	29423578	15.09218025	29423578	0	-87	-87	-87	-87	87
CAGE_TSS_4583	1	+	29430248	29430018	153.2961884	29430018	0	-230	-230	-230	-230	230
CAGE_TSS_4584	1	+	29446974	29446775	9.823189735	29446775	0	-199	-199	-199	-199	199
CAGE_TSS_4589	1	+	29452708	29452646	185.2120056	29452646	0	-62	-62	-62	-62	62
CAGE_TSS_4592	1	+	29502581	29502339	33.70296097	29502339	0	-242	-242	-242	-242	242
CAGE_TSS_4593	1	+	29504521	29504398	5.41189003	29504398	0	-123	-123	-123	-123	123
CAGE_TSS_4596	1	+	29523881	29523645	6.664569855	29523645	0	-236	-236	-236	-236	236
CAGE_TSS_4597	1	+	29528252	29528175	266.3233643	29528175	0	-77	-77	-77	-77	77
CAGE_TSS_4605	1	+	29567186	29566934	155.3816223	29566934	0	-252	-252	-252	-252	252
CAGE_TSS_4612	1	+	29585843	29585797	220.4684906	29585797	0	-46	-46	-46	-46	46
CAGE_TSS_4613	1	+	29591019	29590891	158.6190338	29590891	0	-128	-128	-128	-128	128
CAGE_TSS_4618	1	+	29593865	29593657	122.2391281	29593657	0	-208	-208	-208	-208	208
CAGE_TSS_4622	1	+	29599355	29599135	152.969574	29599135	0	-220	-220	-220	-220	220
CAGE_TSS_4625	1	+	29617285	29617058	7.41644001	29617058	0	-227	-227	-227	-227	227
CAGE_TSS_4630	1	+	29660221	29660108	114.0530777	29660108	0	-113	-113	-113	-113	113
CAGE_TSS_4639	1	+	29696458	29696324	12.37732029	29696324	0	-134	-134	-134	-134	134
CAGE_TSS_4654	1	+	29800753	29800712	15.68729019	29800712	0	-41	-41	-41	-41	41
CAGE_TSS_4657	1	+	29813269	29813228	31.79103088	29813228	0	-41	-41	-41	-41	41
CAGE_TSS_4659	1	+	29816073	29816233	55.39014053	29816233	0	160	160	160	160	160
CAGE_TSS_4664	1	+	29833920	29833800	224.0596313	29833800	0	-120	-120	-120	-120	120
CAGE_TSS_4667	1	+	29842774	29842694	79.47930145	29842694	0	-80	-80	-80	-80	80
CAGE_TSS_4671	1	+	29860486	29860601	52.67718124	29860601	0	115	115	115	115	115
CAGE_TSS_4676	1	+	29887642	29887524	11.39519024	29887524	0	-118	-118	-118	-118	118
CAGE_TSS_4684	1	+	29946338	29946188	6.848589897	29946188	0	-150	-150	-150	-150	150
CAGE_TSS_4686	1	+	29975753	29975532	22.08198929	29975532	0	-221	-221	-221	-221	221
CAGE_TSS_4692	1	+	29993196	29992922	133.2693329	29992922	0	-274	-274	-274	-274	274
CAGE_TSS_4699	1	+	30037479	30037224	25.73621941	30037224	0	-255	-255	-255	-255	255
CAGE_TSS_4717	1	+	30135363	30135238	125.328743	30135238	0	-125	-125	-125	-125	125
CAGE_TSS_4726	1	+	30161973	30161877	31.26988983	30161877	0	-96	-96	-96	-96	96
CAGE_TSS_4732	1	+	30194884	30194756	54.30878067	30194756	0	-128	-128	-128	-128	128
CAGE_TSS_4735	1	+	30217271	30217109	52.87340927	30217109	0	-162	-162	-162	-162	162
CAGE_TSS_4739	1	+	30241609	30241526	6.572589874	30241526	0	-83	-83	-83	-83	83
CAGE_TSS_4745	1	+	30273034	30272802	5.60777998	30272802	0	-232	-232	-232	-232	232
CAGE_TSS_4756	1	+	30314573	30314495	5.045559883	30314495	0	-78	-78	-78	-78	78
CAGE_TSS_4764	1	+	30358184	30358011	27.06856918	30358011	0	-173	-173	-173	-173	173
CAGE_TSS_4768	1	+	30363503	30363448	11.96308041	30363448	0	-55	-55	-55	-55	55
CAGE_TSS_4772	1	+	30383690	30383558	174.8695526	30383558	0	-132	-132	-132	-132	132
CAGE_TSS_4774	1	+	30392056	30391936	101.2129898	30391936	0	-120	-120	-120	-120	120
CAGE_TSS_4776	1	+	30400629	30400651	103.6738968	30400651	0	22	22	22	22	22
CAGE_TSS_9660	2	+	100638	100531	12.85439968	100531	0	-107	-107	-107	-107	107
CAGE_TSS_9665	2	+	163953	163853	104.4711533	163853	0	-100	-100	-100	-100	100
CAGE_TSS_9671	2	+	181631	181479	25.33893967	181479	0	-152	-152	-152	-152	152
CAGE_TSS_9681	2	+	228733	228433	25.45722961	228433	0	-300	-300	-300	-300	300
CAGE_TSS_9683	2	+	235928	235647	3.251640081	235647	0	-281	-281	-281	-281	281
CAGE_TSS_9686	2	+	239754	239634	6.174890041	239634	0	-120	-120	-120	-120	120
CAGE_TSS_9693	2	+	278151	277898	17.74032021	277898	0	-253	-253	-253	-253	253
CAGE_TSS_9695	2	+	296507	296343	69.47760773	296343	0	-164	-164	-164	-164	164
CAGE_TSS_9697	2	+	306363	306102	85.48184204	306102	0	-261	-261	-261	-261	261
CAGE_TSS_9704	2	+	385222	385032	35.34960175	385032	0	-190	-190	-190	-190	190
CAGE_TSS_9709	2	+	416930	416793	11.20366001	416793	0	-137	-137	-137	-137	137
CAGE_TSS_9710	2	+	432272	432111	48.18558121	432111	0	-161	-161	-161	-161	161
CAGE_TSS_9711	2	+	457009	456962	27.67480087	456962	0	-47	-47	-47	-47	47
CAGE_TSS_9718	2	+	505456	505319	5.902229786	505319	0	-137	-137	-137	-137	137
CAGE_TSS_9724	2	+	560927	560803	25.83499908	560803	0	-124	-124	-124	-124	124
CAGE_TSS_9727	2	+	621179	621042	39.30027008	621042	0	-137	-137	-137	-137	137
CAGE_TSS_9728	2	+	626828	626555	8.046730042	626555	0	-273	-273	-273	-273	273
CAGE_TSS_9735	2	+	652580	652352	73.73561859	652352	0	-228	-228	-228	-228	228
CAGE_TSS_9738	2	+	660733	660681	16.22720909	660681	0	-52	-52	-52	-52	52
CAGE_TSS_9744	2	+	710667	710436	94.79628754	710436	0	-231	-231	-231	-231	231
CAGE_TSS_9746	2	+	745727	745566	63.53990173	745566	0	-161	-161	-161	-161	161
CAGE_TSS_9749	2	+	756400	756287	74.29467773	756287	0	-113	-113	-113	-113	113
CAGE_TSS_9759	2	+	837888	837706	13.04662991	837706	0	-182	-182	-182	-182	182
CAGE_TSS_9769	2	+	937536	937339	14.7471199	937339	0	-197	-197	-197	-197	197
CAGE_TSS_9773	2	+	941887	941829	43.81671906	941829	0	-58	-58	-58	-58	58
CAGE_TSS_9787	2	+	1077030	1076851	99.34552002	1076851	0	-179	-179	-179	-179	179
CAGE_TSS_9800	2	+	1129273	1129115	17.21062088	1129115	0	-158	-158	-158	-158	158
CAGE_TSS_9801	2	+	1132135	1132057	38.03491974	1132057	0	-78	-78	-78	-78	78
CAGE_TSS_9803	2	+	1149438	1149274	29.80055046	1149274	0	-164	-164	-164	-164	164
CAGE_TSS_9807	2	+	1161017	1160951	12.25395966	1160951	0	-66	-66	-66	-66	66
CAGE_TSS_9808	2	+	1161581	1161561	90.06179047	1161561	0	-20	-20	-20	-20	20
CAGE_TSS_9810	2	+	1171149	1170967	8.057800293	1170967	0	-182	-182	-182	-182	182
CAGE_TSS_9821	2	+	1260846	1260547	41.39638138	1260547	0	-299	-299	-299	-299	299
CAGE_TSS_9847	2	+	1515810	1515754	28.39963913	1515754	0	-56	-56	-56	-56	56
CAGE_TSS_9852	2	+	1531156	1531118	145.6106415	1531118	0	-38	-38	-38	-38	38
CAGE_TSS_9863	2	+	1640128	1639941	41.95512009	1639941	0	-187	-187	-187	-187	187
CAGE_TSS_9864	2	+	1644601	1644391	196.561615	1644391	0	-210	-210	-210	-210	210
CAGE_TSS_9877	2	+	1682952	1682796	20.02963066	1682796	0	-156	-156	-156	-156	156
CAGE_TSS_9882	2	+	1717896	1717701	199.7344055	1717701	0	-195	-195	-195	-195	195
CAGE_TSS_9894	2	+	1918334	1918232	64.03124237	1918232	0	-102	-102	-102	-102	102
CAGE_TSS_9896	2	+	1930933	1930664	21.4795208	1930664	0	-269	-269	-269	-269	269
CAGE_TSS_9899	2	+	1966819	1966684	13.86023998	1966684	0	-135	-135	-135	-135	135
CAGE_TSS_9906	2	+	2023260	2023209	10.83627987	2023209	0	-51	-51	-51	-51	51
CAGE_TSS_9907	2	+	2026161	2025925	20.28952026	2025925	0	-236	-236	-236	-236	236
CAGE_TSS_9910	2	+	2033187	2033056	5.520339966	2033056	0	-131	-131	-131	-131	131
CAGE_TSS_9913	2	+	2067086	2066892	10.03802013	2066892	0	-194	-194	-194	-194	194
CAGE_TSS_9918	2	+	2141425	2141207	24.20672989	2141207	0	-218	-218	-218	-218	218
CAGE_TSS_9926	2	+	2199392	2199203	69.83302307	2199203	0	-189	-189	-189	-189	189
CAGE_TSS_9930	2	+	2215257	2215095	9.351860046	2215095	0	-162	-162	-162	-162	162
CAGE_TSS_9931	2	+	2229689	2229510	78.23722076	2229510	0	-179	-179	-179	-179	179
CAGE_TSS_9932	2	+	2234163	2233961	61.4710083	2233961	0	-202	-202	-202	-202	202
CAGE_TSS_9947	2	+	2332494	2332399	6.588749886	2332399	0	-95	-95	-95	-95	95
CAGE_TSS_9957	2	+	2457571	2457446	10.92601013	2457446	0	-125	-125	-125	-125	125
CAGE_TSS_9982	2	+	2924447	2924386	153.8813934	2924386	0	-61	-61	-61	-61	61
CAGE_TSS_9984	2	+	2930879	2930716	6.234189987	2930716	0	-163	-163	-163	-163	163
CAGE_TSS_9986	2	+	2931517	2931386	17.09719086	2931386	0	-131	-131	-131	-131	131
CAGE_TSS_10043	2	+	4141735	4141982	5.120299816	4141982	0	247	247	247	247	247
CAGE_TSS_10133	2	+	5692178	5692042	7.806749821	5692042	0	-136	-136	-136	-136	136
CAGE_TSS_10136	2	+	5741827	5741560	9.621729851	5741560	0	-267	-267	-267	-267	267
CAGE_TSS_10148	2	+	5859575	5859388	208.3735199	5859388	0	-187	-187	-187	-187	187
CAGE_TSS_10152	2	+	5906631	5906367	51.46593857	5906367	0	-264	-264	-264	-264	264
CAGE_TSS_10156	2	+	5925193	5925153	24.9495697	5925153	0	-40	-40	-40	-40	40
CAGE_TSS_10162	2	+	6034436	6034260	42.19018936	6034260	0	-176	-176	-176	-176	176
CAGE_TSS_10182	2	+	6308715	6308643	254.4024048	6308643	0	-72	-72	-72	-72	72
CAGE_TSS_10183	2	+	6314074	6314005	211.8107758	6314005	0	-69	-69	-69	-69	69
CAGE_TSS_10193	2	+	6385866	6385725	29.7956295	6385725	0	-141	-141	-141	-141	141
CAGE_TSS_10194	2	+	6392217	6392210	5.143420219	6392210	0	-7	-7	-7	-7	7
CAGE_TSS_10195	2	+	6392701	6392816	36.0353508	6392816	0	115	115	115	115	115
CAGE_TSS_10196	2	+	6399630	6399492	69.88063049	6399492	0	-138	-138	-138	-138	138
CAGE_TSS_10198	2	+	6418158	6417927	8.778590202	6417927	0	-231	-231	-231	-231	231
CAGE_TSS_10203	2	+	6503109	6503021	7.882649899	6503021	0	-88	-88	-88	-88	88
CAGE_TSS_10207	2	+	6519334	6519581	34.03776932	6519581	0	247	247	247	247	247
CAGE_TSS_10209	2	+	6533486	6533250	7.481800079	6533250	0	-236	-236	-236	-236	236
CAGE_TSS_10221	2	+	6666678	6666467	9.386289597	6666467	0	-211	-211	-211	-211	211
CAGE_TSS_10225	2	+	6758634	6758578	9.078009605	6758578	0	-56	-56	-56	-56	56
CAGE_TSS_10226	2	+	6761634	6761548	59.59555817	6761548	0	-86	-86	-86	-86	86
CAGE_TSS_10230	2	+	6798430	6798337	46.98664093	6798337	0	-93	-93	-93	-93	93
CAGE_TSS_10232	2	+	6810529	6810325	7.963759899	6810325	0	-204	-204	-204	-204	204
CAGE_TSS_10241	2	+	6849523	6849349	15.72321033	6849349	0	-174	-174	-174	-174	174
CAGE_TSS_10245	2	+	6894111	6894019	108.6628113	6894019	0	-92	-92	-92	-92	92
CAGE_TSS_10247	2	+	6899727	6899630	30.5933609	6899630	0	-97	-97	-97	-97	97
CAGE_TSS_10251	2	+	6950087	6949845	50.47002029	6949845	0	-242	-242	-242	-242	242
CAGE_TSS_10261	2	+	7050943	7050766	85.23126984	7050766	0	-177	-177	-177	-177	177
CAGE_TSS_10267	2	+	7074266	7074085	146.000885	7074085	0	-181	-181	-181	-181	181
CAGE_TSS_10272	2	+	7085809	7085681	105.3156967	7085681	0	-128	-128	-128	-128	128
CAGE_TSS_10280	2	+	7200807	7200777	10.14853001	7200777	0	-30	-30	-30	-30	30
CAGE_TSS_10284	2	+	7248173	7248076	25.32258987	7248076	0	-97	-97	-97	-97	97
CAGE_TSS_10288	2	+	7271176	7271390	46.89881897	7271390	0	214	214	214	214	214
CAGE_TSS_10293	2	+	7285755	7285529	70.00879669	7285529	0	-226	-226	-226	-226	226
CAGE_TSS_10295	2	+	7316892	7316845	5.611949921	7316845	0	-47	-47	-47	-47	47
CAGE_TSS_10297	2	+	7341135	7340924	12.65200043	7340924	0	-211	-211	-211	-211	211
CAGE_TSS_10300	2	+	7369514	7369408	69.07659912	7369408	0	-106	-106	-106	-106	106
CAGE_TSS_10302	2	+	7376334	7376252	112.6215363	7376252	0	-82	-82	-82	-82	82
CAGE_TSS_10306	2	+	7407044	7406881	5.551849842	7406881	0	-163	-163	-163	-163	163
CAGE_TSS_10308	2	+	7459140	7458960	20.28697968	7458960	0	-180	-180	-180	-180	180
CAGE_TSS_10312	2	+	7499476	7499443	13.79053974	7499443	0	-33	-33	-33	-33	33
CAGE_TSS_10316	2	+	7513211	7513002	7.929249763	7513002	0	-209	-209	-209	-209	209
CAGE_TSS_10317	2	+	7516583	7516335	19.55031967	7516335	0	-248	-248	-248	-248	248
CAGE_TSS_10328	2	+	7555693	7555596	12.05867958	7555596	0	-97	-97	-97	-97	97
CAGE_TSS_10335	2	+	7564417	7564194	24.56438065	7564194	0	-223	-223	-223	-223	223
CAGE_TSS_10338	2	+	7571172	7570984	257.4873657	7570984	0	-188	-188	-188	-188	188
CAGE_TSS_10342	2	+	7606914	7606825	118.7128677	7606825	0	-89	-89	-89	-89	89
CAGE_TSS_10347	2	+	7623791	7623702	7.127779961	7623702	0	-89	-89	-89	-89	89
CAGE_TSS_10357	2	+	7692412	7692261	15.11196041	7692261	0	-151	-151	-151	-151	151
CAGE_TSS_10359	2	+	7697436	7697328	6.593299866	7697328	0	-108	-108	-108	-108	108
CAGE_TSS_10364	2	+	7713265	7713026	176.6572266	7713026	0	-239	-239	-239	-239	239
CAGE_TSS_10366	2	+	7733635	7733519	45.90736008	7733519	0	-116	-116	-116	-116	116
CAGE_TSS_10376	2	+	7826892	7826718	9.473239899	7826718	0	-174	-174	-174	-174	174
CAGE_TSS_10379	2	+	7828970	7828903	26.24218941	7828903	0	-67	-67	-67	-67	67
CAGE_TSS_10380	2	+	7833849	7833654	25.25577927	7833654	0	-195	-195	-195	-195	195
CAGE_TSS_10390	2	+	7864289	7864196	243.0974274	7864196	0	-93	-93	-93	-93	93
CAGE_TSS_10398	2	+	7935306	7935146	25.44701004	7935146	0	-160	-160	-160	-160	160
CAGE_TSS_10402	2	+	7946079	7945913	10.4965601	7945913	0	-166	-166	-166	-166	166
CAGE_TSS_10410	2	+	7988217	7988099	27.22653961	7988099	0	-118	-118	-118	-118	118
CAGE_TSS_10414	2	+	8059364	8059322	19.13393021	8059322	0	-42	-42	-42	-42	42
CAGE_TSS_10417	2	+	8078230	8078012	7.606080055	8078012	0	-218	-218	-218	-218	218
CAGE_TSS_10421	2	+	8093289	8093182	158.2044373	8093182	0	-107	-107	-107	-107	107
CAGE_TSS_10426	2	+	8118886	8118700	276.3659668	8118700	0	-186	-186	-186	-186	186
CAGE_TSS_10429	2	+	8125531	8125336	202.5257568	8125336	0	-195	-195	-195	-195	195
CAGE_TSS_10431	2	+	8128777	8128724	7.893770218	8128724	0	-53	-53	-53	-53	53
CAGE_TSS_10433	2	+	8139884	8139657	75.17572784	8139657	0	-227	-227	-227	-227	227
CAGE_TSS_10436	2	+	8158235	8158139	21.01518059	8158139	0	-96	-96	-96	-96	96
CAGE_TSS_10439	2	+	8164257	8164019	61.0155983	8164019	0	-238	-238	-238	-238	238
CAGE_TSS_10440	2	+	8169572	8169417	27.83345985	8169417	0	-155	-155	-155	-155	155
CAGE_TSS_10442	2	+	8207357	8207103	79.68743134	8207103	0	-254	-254	-254	-254	254
CAGE_TSS_10444	2	+	8221754	8221545	4.085760117	8221545	0	-209	-209	-209	-209	209
CAGE_TSS_10459	2	+	8293751	8293523	33.54592896	8293523	0	-228	-228	-228	-228	228
CAGE_TSS_10467	2	+	8362435	8362327	9.930319786	8362327	0	-108	-108	-108	-108	108
CAGE_TSS_10471	2	+	8415192	8414942	5.340330124	8414942	0	-250	-250	-250	-250	250
CAGE_TSS_10472	2	+	8426205	8426130	8.218520164	8426130	0	-75	-75	-75	-75	75
CAGE_TSS_10483	2	+	8470615	8470419	23.58324051	8470419	0	-196	-196	-196	-196	196
CAGE_TSS_10486	2	+	8479167	8479152	11.84195995	8479152	0	-15	-15	-15	-15	15
CAGE_TSS_10489	2	+	8503272	8503048	10.81260014	8503048	0	-224	-224	-224	-224	224
CAGE_TSS_10490	2	+	8506151	8505914	29.85685921	8505914	0	-237	-237	-237	-237	237
CAGE_TSS_10505	2	+	8570654	8570357	6.926340103	8570357	0	-297	-297	-297	-297	297
CAGE_TSS_10507	2	+	8581303	8581264	17.57456017	8581264	0	-39	-39	-39	-39	39
CAGE_TSS_10516	2	+	8695367	8695244	92.65461731	8695244	0	-123	-123	-123	-123	123
CAGE_TSS_10518	2	+	8725743	8725450	125.6288681	8725450	0	-293	-293	-293	-293	293
CAGE_TSS_10525	2	+	8766614	8766385	35.03580093	8766385	0	-229	-229	-229	-229	229
CAGE_TSS_10531	2	+	8791989	8791807	9.895179749	8791807	0	-182	-182	-182	-182	182
CAGE_TSS_10553	2	+	8900330	8900072	245.3049774	8900072	0	-258	-258	-258	-258	258
CAGE_TSS_10563	2	+	8941122	8940913	19.75824928	8940913	0	-209	-209	-209	-209	209
CAGE_TSS_10572	2	+	8987672	8987513	103.8509521	8987513	0	-159	-159	-159	-159	159
CAGE_TSS_10576	2	+	8998686	8998488	9.136469841	8998488	0	-198	-198	-198	-198	198
CAGE_TSS_10578	2	+	9003139	9002941	33.42464066	9002941	0	-198	-198	-198	-198	198
CAGE_TSS_10579	2	+	9006647	9006561	20.63876915	9006561	0	-86	-86	-86	-86	86
CAGE_TSS_10580	2	+	9014562	9014441	43.9137001	9014441	0	-121	-121	-121	-121	121
CAGE_TSS_10584	2	+	9027893	9027691	22.43338966	9027691	0	-202	-202	-202	-202	202
CAGE_TSS_10588	2	+	9040925	9040631	13.27517033	9040631	0	-294	-294	-294	-294	294
CAGE_TSS_10596	2	+	9074984	9074910	8.960860252	9074910	0	-74	-74	-74	-74	74
CAGE_TSS_10611	2	+	9141558	9141451	7.996600151	9141451	0	-107	-107	-107	-107	107
CAGE_TSS_10613	2	+	9149643	9149598	22.14859009	9149598	0	-45	-45	-45	-45	45
CAGE_TSS_10616	2	+	9151985	9151933	21.60345078	9151933	0	-52	-52	-52	-52	52
CAGE_TSS_10619	2	+	9198550	9198495	26.44594955	9198495	0	-55	-55	-55	-55	55
CAGE_TSS_10623	2	+	9226959	9226762	6.449359894	9226762	0	-197	-197	-197	-197	197
CAGE_TSS_10624	2	+	9236555	9236323	5.680439949	9236323	0	-232	-232	-232	-232	232
CAGE_TSS_10629	2	+	9242831	9242791	10.80681038	9242791	0	-40	-40	-40	-40	40
CAGE_TSS_10631	2	+	9248653	9248443	41.08597946	9248443	0	-210	-210	-210	-210	210
CAGE_TSS_10633	2	+	9254420	9254340	35.79244995	9254340	0	-80	-80	-80	-80	80
CAGE_TSS_10640	2	+	9303712	9303643	136.8267365	9303643	0	-69	-69	-69	-69	69
CAGE_TSS_10641	2	+	9315250	9314950	11.75835037	9314950	0	-300	-300	-300	-300	300
CAGE_TSS_10646	2	+	9361957	9361784	15.97591019	9361784	0	-173	-173	-173	-173	173
CAGE_TSS_10649	2	+	9386568	9386415	5.319049835	9386415	0	-153	-153	-153	-153	153
CAGE_TSS_10653	2	+	9403263	9403348	10.45703983	9403348	0	85	85	85	85	85
CAGE_TSS_10662	2	+	9471325	9471221	179.8215637	9471221	0	-104	-104	-104	-104	104
CAGE_TSS_10663	2	+	9488545	9488339	106.3878784	9488339	0	-206	-206	-206	-206	206
CAGE_TSS_10665	2	+	9490311	9490185	16.94051933	9490185	0	-126	-126	-126	-126	126
CAGE_TSS_10668	2	+	9503521	9503288	5.707320213	9503288	0	-233	-233	-233	-233	233
CAGE_TSS_10670	2	+	9513309	9513091	6.040959835	9513091	0	-218	-218	-218	-218	218
CAGE_TSS_10673	2	+	9530595	9530446	16.33027077	9530446	0	-149	-149	-149	-149	149
CAGE_TSS_10678	2	+	9579664	9579791	16.14845085	9579791	0	127	127	127	127	127
CAGE_TSS_10685	2	+	9585773	9585655	44.07120895	9585655	0	-118	-118	-118	-118	118
CAGE_TSS_10687	2	+	9599468	9599243	6.360270023	9599243	0	-225	-225	-225	-225	225
CAGE_TSS_10690	2	+	9627410	9627243	54.51428986	9627243	0	-167	-167	-167	-167	167
CAGE_TSS_10696	2	+	9645291	9645228	10.84560013	9645228	0	-63	-63	-63	-63	63
CAGE_TSS_10698	2	+	9657538	9657246	5.983890057	9657246	0	-292	-292	-292	-292	292
CAGE_TSS_10699	2	+	9660937	9660754	8.985500336	9660754	0	-183	-183	-183	-183	183
CAGE_TSS_10700	2	+	9684699	9684532	119.4699631	9684532	0	-167	-167	-167	-167	167
CAGE_TSS_10707	2	+	9728718	9728623	42.95397186	9728623	0	-95	-95	-95	-95	95
CAGE_TSS_10708	2	+	9737613	9737438	125.5993576	9737438	0	-175	-175	-175	-175	175
CAGE_TSS_10710	2	+	9749875	9749589	118.1557007	9749589	0	-286	-286	-286	-286	286
CAGE_TSS_10712	2	+	9759672	9759574	96.93132782	9759574	0	-98	-98	-98	-98	98
CAGE_TSS_10713	2	+	9774852	9774707	151.0707245	9774707	0	-145	-145	-145	-145	145
CAGE_TSS_10716	2	+	9778917	9778837	7.875279903	9778837	0	-80	-80	-80	-80	80
CAGE_TSS_10728	2	+	9792275	9792111	21.70332909	9792111	0	-164	-164	-164	-164	164
CAGE_TSS_10736	2	+	9832131	9831891	11.96667004	9831891	0	-240	-240	-240	-240	240
CAGE_TSS_10737	2	+	9840525	9840443	89.0381012	9840443	0	-82	-82	-82	-82	82
CAGE_TSS_10738	2	+	9842042	9842012	16.15003967	9842012	0	-30	-30	-30	-30	30
CAGE_TSS_10741	2	+	9874910	9874718	67.28661346	9874718	0	-192	-192	-192	-192	192
CAGE_TSS_10745	2	+	9924927	9924709	76.76647186	9924709	0	-218	-218	-218	-218	218
CAGE_TSS_10748	2	+	9937989	9937900	9.61495018	9937900	0	-89	-89	-89	-89	89
CAGE_TSS_10753	2	+	9948848	9948625	17.56797981	9948625	0	-223	-223	-223	-223	223
CAGE_TSS_10755	2	+	9955412	9955383	11.17121029	9955383	0	-29	-29	-29	-29	29
CAGE_TSS_10760	2	+	9995517	9995353	40.11777115	9995353	0	-164	-164	-164	-164	164
CAGE_TSS_10766	2	+	10063252	10063006	6.333220005	10063006	0	-246	-246	-246	-246	246
CAGE_TSS_10769	2	+	10066163	10066068	35.74047089	10066068	0	-95	-95	-95	-95	95
CAGE_TSS_10770	2	+	10072233	10072160	27.77043915	10072160	0	-73	-73	-73	-73	73
CAGE_TSS_10784	2	+	10205001	10204767	174.9749451	10204767	0	-234	-234	-234	-234	234
CAGE_TSS_10787	2	+	10229426	10229167	13.63024998	10229167	0	-259	-259	-259	-259	259
CAGE_TSS_10790	2	+	10281920	10281754	10.53380966	10281754	0	-166	-166	-166	-166	166
CAGE_TSS_10793	2	+	10285934	10285773	61.20555115	10285773	0	-161	-161	-161	-161	161
CAGE_TSS_10794	2	+	10300091	10299906	114.0943222	10299906	0	-185	-185	-185	-185	185
CAGE_TSS_10802	2	+	10340781	10340571	23.02243996	10340571	0	-210	-210	-210	-210	210
CAGE_TSS_10806	2	+	10373730	10373514	23.87995911	10373514	0	-216	-216	-216	-216	216
CAGE_TSS_10814	2	+	10421809	10421708	11.06379032	10421708	0	-101	-101	-101	-101	101
CAGE_TSS_10820	2	+	10456942	10456786	9.470569611	10456786	0	-156	-156	-156	-156	156
CAGE_TSS_10822	2	+	10559374	10559281	21.79624939	10559281	0	-93	-93	-93	-93	93
CAGE_TSS_10826	2	+	10566898	10566759	5.138289928	10566759	0	-139	-139	-139	-139	139
CAGE_TSS_10850	2	+	10684190	10684042	23.50378036	10684042	0	-148	-148	-148	-148	148
CAGE_TSS_10854	2	+	10733993	10733809	6.667809963	10733809	0	-184	-184	-184	-184	184
CAGE_TSS_10857	2	+	10753834	10753698	21.01518059	10753698	0	-136	-136	-136	-136	136
CAGE_TSS_10860	2	+	10797489	10797250	13.90682983	10797250	0	-239	-239	-239	-239	239
CAGE_TSS_10886	2	+	10976977	10976834	9.616330147	10976834	0	-143	-143	-143	-143	143
CAGE_TSS_10887	2	+	10980146	10979978	190.9993439	10979978	0	-168	-168	-168	-168	168
CAGE_TSS_10897	2	+	11059096	11059037	11.55521965	11059037	0	-59	-59	-59	-59	59
CAGE_TSS_10901	2	+	11070801	11070820	98.02911377	11070820	0	19	19	19	19	19
CAGE_TSS_10906	2	+	11120905	11120862	38.30519104	11120862	0	-43	-43	-43	-43	43
CAGE_TSS_10908	2	+	11135681	11135584	70.76638794	11135584	0	-97	-97	-97	-97	97
CAGE_TSS_10909	2	+	11140808	11140613	20.9426899	11140613	0	-195	-195	-195	-195	195
CAGE_TSS_10918	2	+	11197377	11197178	22.70154953	11197178	0	-199	-199	-199	-199	199
CAGE_TSS_10921	2	+	11201334	11201103	18.3572197	11201103	0	-231	-231	-231	-231	231
CAGE_TSS_10931	2	+	11263940	11263685	22.52610016	11263685	0	-255	-255	-255	-255	255
CAGE_TSS_10932	2	+	11270226	11270041	49.27611923	11270041	0	-185	-185	-185	-185	185
CAGE_TSS_10934	2	+	11273962	11273720	46.85353088	11273720	0	-242	-242	-242	-242	242
CAGE_TSS_10936	2	+	11277943	11277771	8.007309914	11277771	0	-172	-172	-172	-172	172
CAGE_TSS_10942	2	+	11329878	11329710	8.422530174	11329710	0	-168	-168	-168	-168	168
CAGE_TSS_10943	2	+	11338886	11338712	63.81560898	11338712	0	-174	-174	-174	-174	174
CAGE_TSS_10945	2	+	11341745	11341643	24.07629013	11341643	0	-102	-102	-102	-102	102
CAGE_TSS_10948	2	+	11360158	11360294	62.39237976	11360294	0	136	136	136	136	136
CAGE_TSS_10950	2	+	11368595	11368407	20.05401993	11368407	0	-188	-188	-188	-188	188
CAGE_TSS_10951	2	+	11380491	11380341	133.1779022	11380341	0	-150	-150	-150	-150	150
CAGE_TSS_10953	2	+	11388435	11388464	88.45793915	11388464	0	29	29	29	29	29
CAGE_TSS_10957	2	+	11437733	11437448	7.35931015	11437448	0	-285	-285	-285	-285	285
CAGE_TSS_10965	2	+	11545969	11545795	46.50434875	11545795	0	-174	-174	-174	-174	174
CAGE_TSS_10967	2	+	11563908	11563955	7.10777998	11563955	0	47	47	47	47	47
CAGE_TSS_10979	2	+	11649105	11648921	15.6085701	11648921	0	-184	-184	-184	-184	184
CAGE_TSS_10986	2	+	11706242	11706026	62.02721024	11706026	0	-216	-216	-216	-216	216
CAGE_TSS_10993	2	+	11740649	11740456	5.613070011	11740456	0	-193	-193	-193	-193	193
CAGE_TSS_10994	2	+	11746745	11746603	36.33454895	11746603	0	-142	-142	-142	-142	142
CAGE_TSS_11003	2	+	11809305	11809209	31.26000023	11809209	0	-96	-96	-96	-96	96
CAGE_TSS_11015	2	+	11856769	11856545	39.94779968	11856545	0	-224	-224	-224	-224	224
CAGE_TSS_11037	2	+	11999836	11999645	26.86222076	11999645	0	-191	-191	-191	-191	191
CAGE_TSS_11038	2	+	12004680	12004449	145.6116333	12004449	0	-231	-231	-231	-231	231
CAGE_TSS_11040	2	+	12024152	12023964	8.493439674	12023964	0	-188	-188	-188	-188	188
CAGE_TSS_11041	2	+	12029705	12029573	29.59199905	12029573	0	-132	-132	-132	-132	132
CAGE_TSS_11044	2	+	12043478	12043374	6.737289906	12043374	0	-104	-104	-104	-104	104
CAGE_TSS_11047	2	+	12050005	12049838	6.139840126	12049838	0	-167	-167	-167	-167	167
CAGE_TSS_11051	2	+	12081112	12080952	64.75363922	12080952	0	-160	-160	-160	-160	160
CAGE_TSS_11053	2	+	12085419	12085216	7.151690006	12085216	0	-203	-203	-203	-203	203
CAGE_TSS_11061	2	+	12166572	12166396	23.66144943	12166396	0	-176	-176	-176	-176	176
CAGE_TSS_11062	2	+	12176650	12176471	8.495120049	12176471	0	-179	-179	-179	-179	179
CAGE_TSS_11063	2	+	12209888	12209832	22.67865944	12209832	0	-56	-56	-56	-56	56
CAGE_TSS_11064	2	+	12218083	12217905	7.963759899	12217905	0	-178	-178	-178	-178	178
CAGE_TSS_11065	2	+	12241769	12241558	15.09183025	12241558	0	-211	-211	-211	-211	211
CAGE_TSS_11071	2	+	12295362	12295166	17.68851089	12295166	0	-196	-196	-196	-196	196
CAGE_TSS_11078	2	+	12378380	12378218	15.92765045	12378218	0	-162	-162	-162	-162	162
CAGE_TSS_11083	2	+	12424343	12424087	11.00189018	12424087	0	-256	-256	-256	-256	256
CAGE_TSS_11087	2	+	12469741	12469678	86.72464752	12469678	0	-63	-63	-63	-63	63
CAGE_TSS_11089	2	+	12478142	12478022	79.84710693	12478022	0	-120	-120	-120	-120	120
CAGE_TSS_11091	2	+	12487274	12487238	7.425479889	12487238	0	-36	-36	-36	-36	36
CAGE_TSS_11093	2	+	12523350	12523266	50.86008835	12523266	0	-84	-84	-84	-84	84
CAGE_TSS_11101	2	+	12582498	12582282	6.877099991	12582282	0	-216	-216	-216	-216	216
CAGE_TSS_11123	2	+	12634520	12634228	236.1556244	12634228	0	-292	-292	-292	-292	292
CAGE_TSS_11140	2	+	12703509	12703476	63.09101868	12703476	0	-33	-33	-33	-33	33
CAGE_TSS_11141	2	+	12706716	12706559	34.45211029	12706559	0	-157	-157	-157	-157	157
CAGE_TSS_11142	2	+	12709831	12709695	47.29854965	12709695	0	-136	-136	-136	-136	136
CAGE_TSS_11145	2	+	12712863	12712567	14.88319969	12712567	0	-296	-296	-296	-296	296
CAGE_TSS_11155	2	+	12805727	12805682	7.408989906	12805682	0	-45	-45	-45	-45	45
CAGE_TSS_11156	2	+	12808789	12808628	52.5160408	12808628	0	-161	-161	-161	-161	161
CAGE_TSS_11157	2	+	12814331	12814246	211.7338257	12814246	0	-85	-85	-85	-85	85
CAGE_TSS_11158	2	+	12821711	12821735	31.28969955	12821735	0	24	24	24	24	24
CAGE_TSS_11165	2	+	12834900	12834785	18.57303047	12834785	0	-115	-115	-115	-115	115
CAGE_TSS_11167	2	+	12849757	12849664	213.3419952	12849664	0	-93	-93	-93	-93	93
CAGE_TSS_11170	2	+	12872305	12872242	6.296450138	12872242	0	-63	-63	-63	-63	63
CAGE_TSS_11173	2	+	12874600	12874529	17.92897987	12874529	0	-71	-71	-71	-71	71
CAGE_TSS_11183	2	+	12972923	12972799	25.96647072	12972799	0	-124	-124	-124	-124	124
CAGE_TSS_11190	2	+	13014861	13014789	14.73781967	13014789	0	-72	-72	-72	-72	72
CAGE_TSS_11196	2	+	13037062	13037030	63.78841019	13037030	0	-32	-32	-32	-32	32
CAGE_TSS_11210	2	+	13139080	13138946	36.46448135	13138946	0	-134	-134	-134	-134	134
CAGE_TSS_11218	2	+	13162439	13162231	109.4037018	13162231	0	-208	-208	-208	-208	208
CAGE_TSS_11220	2	+	13162873	13162921	2.865509987	13162921	0	48	48	48	48	48
CAGE_TSS_11235	2	+	13201448	13201292	19.31073952	13201292	0	-156	-156	-156	-156	156
CAGE_TSS_11239	2	+	13254177	13254117	7.882649899	13254117	0	-60	-60	-60	-60	60
CAGE_TSS_11240	2	+	13256222	13256081	8.663649559	13256081	0	-141	-141	-141	-141	141
CAGE_TSS_11243	2	+	13277810	13277733	20.02112961	13277733	0	-77	-77	-77	-77	77
CAGE_TSS_11262	2	+	13436566	13436507	12.44034004	13436507	0	-59	-59	-59	-59	59
CAGE_TSS_11263	2	+	13446047	13446057	8.245650291	13446057	0	10	10	10	10	10
CAGE_TSS_11264	2	+	13446513	13446627	18.12820053	13446627	0	114	114	114	114	114
CAGE_TSS_11283	2	+	13581581	13581452	5.937180042	13581452	0	-129	-129	-129	-129	129
CAGE_TSS_11284	2	+	13588817	13588582	6.262579918	13588582	0	-235	-235	-235	-235	235
CAGE_TSS_11289	2	+	13612967	13612798	7.29392004	13612798	0	-169	-169	-169	-169	169
CAGE_TSS_11301	2	+	13659975	13659810	12.48211956	13659810	0	-165	-165	-165	-165	165
CAGE_TSS_11303	2	+	13662219	13661979	14.14360046	13661979	0	-240	-240	-240	-240	240
CAGE_TSS_11305	2	+	13674516	13674319	39.77994919	13674319	0	-197	-197	-197	-197	197
CAGE_TSS_11312	2	+	13704196	13703955	13.77388	13703955	0	-241	-241	-241	-241	241
CAGE_TSS_11325	2	+	13778410	13778210	13.30043983	13778210	0	-200	-200	-200	-200	200
CAGE_TSS_11332	2	+	13824799	13824702	14.12065983	13824702	0	-97	-97	-97	-97	97
CAGE_TSS_11333	2	+	13826513	13826516	18.93429947	13826516	0	3	3	3	3	3
CAGE_TSS_11348	2	+	13891858	13891754	7.35931015	13891754	0	-104	-104	-104	-104	104
CAGE_TSS_11352	2	+	13916451	13916339	20.76325035	13916339	0	-112	-112	-112	-112	112
CAGE_TSS_11357	2	+	13977941	13977738	8.085069656	13977738	0	-203	-203	-203	-203	203
CAGE_TSS_11359	2	+	13987864	13987748	16.14845085	13987748	0	-116	-116	-116	-116	116
CAGE_TSS_11361	2	+	14021826	14021677	46.46738815	14021677	0	-149	-149	-149	-149	149
CAGE_TSS_11375	2	+	14151148	14151014	24.03113937	14151014	0	-134	-134	-134	-134	134
CAGE_TSS_11383	2	+	14181217	14181044	16.47308922	14181044	0	-173	-173	-173	-173	173
CAGE_TSS_11386	2	+	14194127	14193877	10.74606991	14193877	0	-250	-250	-250	-250	250
CAGE_TSS_11387	2	+	14217224	14217207	43.31726837	14217207	0	-17	-17	-17	-17	17
CAGE_TSS_11395	2	+	14239219	14239044	5.208590031	14239044	0	-175	-175	-175	-175	175
CAGE_TSS_11404	2	+	14314945	14314965	5.092959881	14314965	0	20	20	20	20	20
CAGE_TSS_11408	2	+	14368572	14368572	6.544410229	14368572	0	0	0	0	0	0
CAGE_TSS_11425	2	+	14462101	14462036	45.93870163	14462036	0	-65	-65	-65	-65	65
CAGE_TSS_11432	2	+	14496365	14496193	46.31270981	14496193	0	-172	-172	-172	-172	172
CAGE_TSS_11445	2	+	14560191	14560062	59.72679138	14560062	0	-129	-129	-129	-129	129
CAGE_TSS_11447	2	+	14573084	14573028	250.5617828	14573028	0	-56	-56	-56	-56	56
CAGE_TSS_11449	2	+	14575389	14575188	19.57947922	14575188	0	-201	-201	-201	-201	201
CAGE_TSS_11452	2	+	14578574	14578328	10.78767014	14578328	0	-246	-246	-246	-246	246
CAGE_TSS_11454	2	+	14602620	14602485	6.669610023	14602485	0	-135	-135	-135	-135	135
CAGE_TSS_11462	2	+	14668493	14668276	5.277850151	14668276	0	-217	-217	-217	-217	217
CAGE_TSS_11467	2	+	14708353	14708069	129.8983765	14708069	0	-284	-284	-284	-284	284
CAGE_TSS_11469	2	+	14726845	14726557	11.09813976	14726557	0	-288	-288	-288	-288	288
CAGE_TSS_11478	2	+	14768778	14768547	19.1878891	14768547	0	-231	-231	-231	-231	231
CAGE_TSS_11480	2	+	14783288	14783223	29.51704979	14783223	0	-65	-65	-65	-65	65
CAGE_TSS_11487	2	+	14842293	14842232	17.46080017	14842232	0	-61	-61	-61	-61	61
CAGE_TSS_11494	2	+	14856898	14856740	10.73921967	14856740	0	-158	-158	-158	-158	158
CAGE_TSS_11502	2	+	14898328	14898195	18.21022034	14898195	0	-133	-133	-133	-133	133
CAGE_TSS_11511	2	+	14929280	14929217	76.56453705	14929217	0	-63	-63	-63	-63	63
CAGE_TSS_11513	2	+	14936627	14936456	26.40365982	14936456	0	-171	-171	-171	-171	171
CAGE_TSS_11515	2	+	14966700	14966503	132.0348816	14966503	0	-197	-197	-197	-197	197
CAGE_TSS_11518	2	+	14985498	14985321	32.48151016	14985321	0	-177	-177	-177	-177	177
CAGE_TSS_11530	2	+	15044066	15043767	32.72254944	15043767	0	-299	-299	-299	-299	299
CAGE_TSS_11536	2	+	15053609	15053511	29.73069954	15053511	0	-98	-98	-98	-98	98
CAGE_TSS_11538	2	+	15059816	15059715	79.74095917	15059715	0	-101	-101	-101	-101	101
CAGE_TSS_11547	2	+	15104794	15104591	55.39799881	15104591	0	-203	-203	-203	-203	203
CAGE_TSS_11566	2	+	15192479	15192286	34.78004837	15192286	0	-193	-193	-193	-193	193
CAGE_TSS_11579	2	+	15238092	15237856	79.95185089	15237856	0	-236	-236	-236	-236	236
CAGE_TSS_11582	2	+	15257498	15257357	21.05401993	15257357	0	-141	-141	-141	-141	141
CAGE_TSS_11584	2	+	15264249	15264017	22.14764023	15264017	0	-232	-232	-232	-232	232
CAGE_TSS_11591	2	+	15286343	15286140	44.96828079	15286140	0	-203	-203	-203	-203	203
CAGE_TSS_11600	2	+	15379699	15379399	68.67424011	15379399	0	-300	-300	-300	-300	300
CAGE_TSS_11605	2	+	15445431	15445245	19.98888969	15445245	0	-186	-186	-186	-186	186
CAGE_TSS_11607	2	+	15485718	15485612	148.1181641	15485612	0	-106	-106	-106	-106	106
CAGE_TSS_11609	2	+	15502015	15501899	14.4733696	15501899	0	-116	-116	-116	-116	116
CAGE_TSS_11611	2	+	15515141	15515014	59.36632919	15515014	0	-127	-127	-127	-127	127
CAGE_TSS_11622	2	+	15568982	15568693	204.6689301	15568693	0	-289	-289	-289	-289	289
CAGE_TSS_11635	2	+	15641936	15641889	37.35089111	15641889	0	-47	-47	-47	-47	47
CAGE_TSS_11648	2	+	15706343	15706066	40.41165161	15706066	0	-277	-277	-277	-277	277
CAGE_TSS_11657	2	+	15750872	15750629	107.0844116	15750629	0	-243	-243	-243	-243	243
CAGE_TSS_11663	2	+	15792560	15792363	90.50048828	15792363	0	-197	-197	-197	-197	197
CAGE_TSS_11664	2	+	15803494	15803429	94.23438263	15803429	0	-65	-65	-65	-65	65
CAGE_TSS_11666	2	+	15830988	15831263	12.37849045	15831263	0	275	275	275	275	275
CAGE_TSS_11668	2	+	15831850	15831729	5.158860207	15831729	0	-121	-121	-121	-121	121
CAGE_TSS_11680	2	+	15872531	15872263	10.11668968	15872263	0	-268	-268	-268	-268	268
CAGE_TSS_11684	2	+	15891042	15890912	5.767270088	15890912	0	-130	-130	-130	-130	130
CAGE_TSS_11694	2	+	15934461	15934230	7.274960041	15934230	0	-231	-231	-231	-231	231
CAGE_TSS_11696	2	+	15972997	15972709	117.2132568	15972709	0	-288	-288	-288	-288	288
CAGE_TSS_11703	2	+	15999927	15999866	49.05958176	15999866	0	-61	-61	-61	-61	61
CAGE_TSS_11709	2	+	16050162	16049929	21.79247093	16049929	0	-233	-233	-233	-233	233
CAGE_TSS_11714	2	+	16064483	16064467	17.65699005	16064467	0	-16	-16	-16	-16	16
CAGE_TSS_11725	2	+	16102018	16101926	17.73118973	16101926	0	-92	-92	-92	-92	92
CAGE_TSS_11727	2	+	16108358	16108256	69.44008636	16108256	0	-102	-102	-102	-102	102
CAGE_TSS_11740	2	+	16165983	16165934	14.13619041	16165934	0	-49	-49	-49	-49	49
CAGE_TSS_11743	2	+	16200998	16200984	12.70971966	16200984	0	-14	-14	-14	-14	14
CAGE_TSS_11748	2	+	16221820	16221667	51.4534111	16221667	0	-153	-153	-153	-153	153
CAGE_TSS_11751	2	+	16227138	16226931	6.758510113	16226931	0	-207	-207	-207	-207	207
CAGE_TSS_11757	2	+	16260861	16260746	6.654029846	16260746	0	-115	-115	-115	-115	115
CAGE_TSS_11759	2	+	16273924	16273733	61.18336105	16273733	0	-191	-191	-191	-191	191
CAGE_TSS_11770	2	+	16303401	16303259	80.30258179	16303259	0	-142	-142	-142	-142	142
CAGE_TSS_11773	2	+	16319664	16319493	38.78300858	16319493	0	-171	-171	-171	-171	171
CAGE_TSS_11777	2	+	16339899	16339858	11.51638985	16339858	0	-41	-41	-41	-41	41
CAGE_TSS_11780	2	+	16399969	16399888	16.26069069	16399888	0	-81	-81	-81	-81	81
CAGE_TSS_11787	2	+	16446588	16446301	7.812940121	16446301	0	-287	-287	-287	-287	287
CAGE_TSS_11792	2	+	16460366	16460222	255.8458252	16460222	0	-144	-144	-144	-144	144
CAGE_TSS_11794	2	+	16461381	16461314	10.47140026	16461314	0	-67	-67	-67	-67	67
CAGE_TSS_11811	2	+	16556856	16556722	25.45170975	16556722	0	-134	-134	-134	-134	134
CAGE_TSS_11813	2	+	16569468	16569179	6.807700157	16569179	0	-289	-289	-289	-289	289
CAGE_TSS_11814	2	+	16575771	16575653	10.17294025	16575653	0	-118	-118	-118	-118	118
CAGE_TSS_11816	2	+	16588705	16588558	74.67440033	16588558	0	-147	-147	-147	-147	147
CAGE_TSS_11823	2	+	16591222	16591028	5.616280079	16591028	0	-194	-194	-194	-194	194
CAGE_TSS_11832	2	+	16655964	16655693	34.17409134	16655693	0	-271	-271	-271	-271	271
CAGE_TSS_11835	2	+	16666046	16665930	75.03240967	16665930	0	-116	-116	-116	-116	116
CAGE_TSS_11841	2	+	16726481	16726261	22.77890968	16726261	0	-220	-220	-220	-220	220
CAGE_TSS_11846	2	+	16743085	16742956	9.603170395	16742956	0	-129	-129	-129	-129	129
CAGE_TSS_11848	2	+	16747995	16747930	46.5452919	16747930	0	-65	-65	-65	-65	65
CAGE_TSS_11851	2	+	16772071	16771887	68.61476898	16771887	0	-184	-184	-184	-184	184
CAGE_TSS_11862	2	+	16869355	16869252	15.13916969	16869252	0	-103	-103	-103	-103	103
CAGE_TSS_11883	2	+	16930855	16930889	168.821579	16930889	0	34	34	34	34	34
CAGE_TSS_11886	2	+	16940834	16940612	6.95028019	16940612	0	-222	-222	-222	-222	222
CAGE_TSS_11897	2	+	17032477	17032311	81.43035889	17032311	0	-166	-166	-166	-166	166
CAGE_TSS_11898	2	+	17042699	17042581	114.0943222	17042581	0	-118	-118	-118	-118	118
CAGE_TSS_11900	2	+	17045140	17044955	17.37290001	17044955	0	-185	-185	-185	-185	185
CAGE_TSS_11902	2	+	17057429	17057299	5.162529945	17057299	0	-130	-130	-130	-130	130
CAGE_TSS_11904	2	+	17082848	17082685	13.33199978	17082685	0	-163	-163	-163	-163	163
CAGE_TSS_11907	2	+	17101973	17101927	18.12570953	17101927	0	-46	-46	-46	-46	46
CAGE_TSS_11917	2	+	17138085	17137927	8.272399902	17137927	0	-158	-158	-158	-158	158
CAGE_TSS_11920	2	+	17140313	17140177	31.33394051	17140177	0	-136	-136	-136	-136	136
CAGE_TSS_11923	2	+	17150169	17150002	7.461870193	17150002	0	-167	-167	-167	-167	167
CAGE_TSS_11926	2	+	17153846	17153696	9.3499403	17153696	0	-150	-150	-150	-150	150
CAGE_TSS_11930	2	+	17177665	17177449	17.21212959	17177449	0	-216	-216	-216	-216	216
CAGE_TSS_11933	2	+	17209696	17209924	37.97750854	17209924	0	228	228	228	228	228
CAGE_TSS_11935	2	+	17222066	17221785	91.95410156	17221785	0	-281	-281	-281	-281	281
CAGE_TSS_11939	2	+	17225519	17225413	139.8308258	17225413	0	-106	-106	-106	-106	106
CAGE_TSS_11948	2	+	17269287	17269148	82.46903229	17269148	0	-139	-139	-139	-139	139
CAGE_TSS_11950	2	+	17270276	17270258	2.67979002	17270258	0	-18	-18	-18	-18	18
CAGE_TSS_11960	2	+	17326169	17325883	45.53512955	17325883	0	-286	-286	-286	-286	286
CAGE_TSS_11965	2	+	17362627	17362536	21.2209301	17362536	0	-91	-91	-91	-91	91
CAGE_TSS_11969	2	+	17367822	17367716	20.51046944	17367716	0	-106	-106	-106	-106	106
CAGE_TSS_11974	2	+	17409462	17409300	26.31599998	17409300	0	-162	-162	-162	-162	162
CAGE_TSS_11975	2	+	17421726	17421541	102.7153091	17421541	0	-185	-185	-185	-185	185
CAGE_TSS_11978	2	+	17446744	17446583	49.02133942	17446583	0	-161	-161	-161	-161	161
CAGE_TSS_11981	2	+	17474618	17474484	21.10585976	17474484	0	-134	-134	-134	-134	134
CAGE_TSS_11986	2	+	17507497	17507437	5.248970032	17507437	0	-60	-60	-60	-60	60
CAGE_TSS_11993	2	+	17548160	17547947	5.807079792	17547947	0	-213	-213	-213	-213	213
CAGE_TSS_12020	2	+	17627992	17627953	6.360270023	17627953	0	-39	-39	-39	-39	39
CAGE_TSS_12027	2	+	17663444	17663223	68.41304779	17663223	0	-221	-221	-221	-221	221
CAGE_TSS_12028	2	+	17690526	17690357	9.241029739	17690357	0	-169	-169	-169	-169	169
CAGE_TSS_12034	2	+	17728714	17728523	7.747550011	17728523	0	-191	-191	-191	-191	191
CAGE_TSS_12038	2	+	17756169	17756057	29.15331078	17756057	0	-112	-112	-112	-112	112
CAGE_TSS_12056	2	+	17836745	17836577	38.05931091	17836577	0	-168	-168	-168	-168	168
CAGE_TSS_12058	2	+	17854539	17854480	39.00909042	17854480	0	-59	-59	-59	-59	59
CAGE_TSS_12062	2	+	17863816	17863760	8.792300224	17863760	0	-56	-56	-56	-56	56
CAGE_TSS_12063	2	+	17873971	17873805	32.25490952	17873805	0	-166	-166	-166	-166	166
CAGE_TSS_12064	2	+	17879031	17878997	3.119110107	17878997	0	-34	-34	-34	-34	34
CAGE_TSS_12069	2	+	17891521	17891437	75.73651886	17891437	0	-84	-84	-84	-84	84
CAGE_TSS_12071	2	+	17892338	17892148	48.46657181	17892148	0	-190	-190	-190	-190	190
CAGE_TSS_12072	2	+	17894866	17894589	49.82580948	17894589	0	-277	-277	-277	-277	277
CAGE_TSS_12076	2	+	17909241	17909059	10.43056011	17909059	0	-182	-182	-182	-182	182
CAGE_TSS_12084	2	+	17920663	17920585	6.674600124	17920585	0	-78	-78	-78	-78	78
CAGE_TSS_12103	2	+	18000895	18000615	199.4021759	18000615	0	-280	-280	-280	-280	280
CAGE_TSS_12104	2	+	18007696	18007545	51.09809113	18007545	0	-151	-151	-151	-151	151
CAGE_TSS_12108	2	+	18039305	18039217	76.70807648	18039217	0	-88	-88	-88	-88	88
CAGE_TSS_12110	2	+	18042267	18042035	9.351119995	18042035	0	-232	-232	-232	-232	232
CAGE_TSS_12112	2	+	18061924	18061857	24.98756981	18061857	0	-67	-67	-67	-67	67
CAGE_TSS_12116	2	+	18070059	18069921	162.1545258	18069921	0	-138	-138	-138	-138	138
CAGE_TSS_12118	2	+	18071064	18070877	224.7650757	18070877	0	-187	-187	-187	-187	187
CAGE_TSS_12121	2	+	18072407	18072214	46.94137955	18072214	0	-193	-193	-193	-193	193
CAGE_TSS_12132	2	+	18108356	18108264	6.547060013	18108264	0	-92	-92	-92	-92	92
CAGE_TSS_12137	2	+	18119973	18119873	55.70333862	18119873	0	-100	-100	-100	-100	100
CAGE_TSS_12143	2	+	18138361	18138283	75.12265778	18138283	0	-78	-78	-78	-78	78
CAGE_TSS_12144	2	+	18145564	18145373	18.30122948	18145373	0	-191	-191	-191	-191	191
CAGE_TSS_12147	2	+	18152222	18152048	51.69102097	18152048	0	-174	-174	-174	-174	174
CAGE_TSS_12154	2	+	18193136	18193362	5.368989944	18193362	0	226	226	226	226	226
CAGE_TSS_12180	2	+	18276234	18276149	276.7583008	18276149	0	-85	-85	-85	-85	85
CAGE_TSS_12189	2	+	18314201	18313912	7.524260044	18313912	0	-289	-289	-289	-289	289
CAGE_TSS_12192	2	+	18328417	18328237	46.71260834	18328237	0	-180	-180	-180	-180	180
CAGE_TSS_12194	2	+	18333561	18333528	14.65456963	18333528	0	-33	-33	-33	-33	33
CAGE_TSS_12200	2	+	18364756	18364520	29.85603905	18364520	0	-236	-236	-236	-236	236
CAGE_TSS_12213	2	+	18414264	18414161	17.65928078	18414161	0	-103	-103	-103	-103	103
CAGE_TSS_12226	2	+	18462167	18461942	17.43227959	18461942	0	-225	-225	-225	-225	225
CAGE_TSS_12231	2	+	18503137	18502884	8.258419991	18502884	0	-253	-253	-253	-253	253
CAGE_TSS_12237	2	+	18537259	18536985	109.2702484	18536985	0	-274	-274	-274	-274	274
CAGE_TSS_12244	2	+	18591647	18591455	53.3356514	18591455	0	-192	-192	-192	-192	192
CAGE_TSS_12249	2	+	18610869	18610682	16.14845085	18610682	0	-187	-187	-187	-187	187
CAGE_TSS_12254	2	+	18626346	18626155	19.32842064	18626155	0	-191	-191	-191	-191	191
CAGE_TSS_12266	2	+	18677459	18677219	32.44496918	18677219	0	-240	-240	-240	-240	240
CAGE_TSS_12270	2	+	18682589	18682511	181.7566528	18682511	0	-78	-78	-78	-78	78
CAGE_TSS_12274	2	+	18727535	18727269	36.29343033	18727269	0	-266	-266	-266	-266	266
CAGE_TSS_12275	2	+	18731064	18730868	19.51597977	18730868	0	-196	-196	-196	-196	196
CAGE_TSS_12282	2	+	18786636	18786424	36.67815018	18786424	0	-212	-212	-212	-212	212
CAGE_TSS_12287	2	+	18795972	18795969	20.15904999	18795969	0	-3	-3	-3	-3	3
CAGE_TSS_12292	2	+	18833363	18833192	15.93350029	18833192	0	-171	-171	-171	-171	171
CAGE_TSS_12293	2	+	18834086	18834008	27.69174957	18834008	0	-78	-78	-78	-78	78
CAGE_TSS_12297	2	+	18842530	18842382	75.99749756	18842382	0	-148	-148	-148	-148	148
CAGE_TSS_12299	2	+	18855836	18855611	9.019109726	18855611	0	-225	-225	-225	-225	225
CAGE_TSS_12307	2	+	18894140	18894040	13.79547024	18894040	0	-100	-100	-100	-100	100
CAGE_TSS_12309	2	+	18898894	18898982	15.30706024	18898982	0	88	88	88	88	88
CAGE_TSS_12317	2	+	18919381	18919318	5.953649998	18919318	0	-63	-63	-63	-63	63
CAGE_TSS_12319	2	+	18922816	18922697	133.4801941	18922697	0	-119	-119	-119	-119	119
CAGE_TSS_12322	2	+	18953300	18953205	89.20610809	18953205	0	-95	-95	-95	-95	95
CAGE_TSS_12326	2	+	18959091	18958935	108.1531067	18958935	0	-156	-156	-156	-156	156
CAGE_TSS_12328	2	+	18961398	18961320	175.7589264	18961320	0	-78	-78	-78	-78	78
CAGE_TSS_12329	2	+	18963130	18962927	64.12503815	18962927	0	-203	-203	-203	-203	203
CAGE_TSS_12330	2	+	18965313	18965160	46.58266068	18965160	0	-153	-153	-153	-153	153
CAGE_TSS_12338	2	+	18981928	18981661	129.4264832	18981661	0	-267	-267	-267	-267	267
CAGE_TSS_12339	2	+	18986094	18986063	88.44718933	18986063	0	-31	-31	-31	-31	31
CAGE_TSS_12340	2	+	18991298	18991157	20.27806091	18991157	0	-141	-141	-141	-141	141
CAGE_TSS_12346	2	+	19011503	19011255	36.100811	19011255	0	-248	-248	-248	-248	248
CAGE_TSS_12351	2	+	19058038	19057993	31.78903961	19057993	0	-45	-45	-45	-45	45
CAGE_TSS_12354	2	+	19065697	19065503	13.51640987	19065503	0	-194	-194	-194	-194	194
CAGE_TSS_12356	2	+	19072379	19072100	54.30878067	19072100	0	-279	-279	-279	-279	279
CAGE_TSS_12363	2	+	19133225	19133297	5.330649853	19133297	0	72	72	72	72	72
CAGE_TSS_12367	2	+	19148729	19148622	81.27606201	19148622	0	-107	-107	-107	-107	107
CAGE_TSS_12374	2	+	19192036	19191938	8.070529938	19191938	0	-98	-98	-98	-98	98
CAGE_TSS_12377	2	+	19204438	19204280	8.02575016	19204280	0	-158	-158	-158	-158	158
CAGE_TSS_12378	2	+	19229240	19229208	20.6948204	19229208	0	-32	-32	-32	-32	32
CAGE_TSS_12380	2	+	19237519	19237342	59.77350998	19237342	0	-177	-177	-177	-177	177
CAGE_TSS_12389	2	+	19245675	19245414	26.62183952	19245414	0	-261	-261	-261	-261	261
CAGE_TSS_12395	2	+	19260969	19260816	5.293719769	19260816	0	-153	-153	-153	-153	153
CAGE_TSS_12399	2	+	19307786	19307796	7.430150032	19307796	0	10	10	10	10	10
CAGE_TSS_12403	2	+	19336692	19336516	157.3717041	19336516	0	-176	-176	-176	-176	176
CAGE_TSS_12418	2	+	19387003	19386916	8.840129852	19386916	0	-87	-87	-87	-87	87
CAGE_TSS_12427	2	+	19433812	19433631	77.14572906	19433631	0	-181	-181	-181	-181	181
CAGE_TSS_12429	2	+	19437794	19437594	22.63614082	19437594	0	-200	-200	-200	-200	200
CAGE_TSS_12430	2	+	19440941	19440685	166.919693	19440685	0	-256	-256	-256	-256	256
CAGE_TSS_12432	2	+	19446840	19446601	10.93653011	19446601	0	-239	-239	-239	-239	239
CAGE_TSS_12436	2	+	19469787	19469729	13.4884901	19469729	0	-58	-58	-58	-58	58
CAGE_TSS_12438	2	+	19472777	19472514	5.185530186	19472514	0	-263	-263	-263	-263	263
CAGE_TSS_12443	2	+	19478403	19478247	17.71100044	19478247	0	-156	-156	-156	-156	156
CAGE_TSS_12449	2	+	19485924	19485685	32.50426102	19485685	0	-239	-239	-239	-239	239
CAGE_TSS_12450	2	+	19487259	19487102	45.9987793	19487102	0	-157	-157	-157	-157	157
CAGE_TSS_12461	2	+	19521860	19521624	6.707560062	19521624	0	-236	-236	-236	-236	236
CAGE_TSS_12465	2	+	19529791	19529754	8.319589615	19529754	0	-37	-37	-37	-37	37
CAGE_TSS_12471	2	+	19534597	19534483	7.180089951	19534483	0	-114	-114	-114	-114	114
CAGE_TSS_12483	2	+	19568622	19568443	117.9278564	19568443	0	-179	-179	-179	-179	179
CAGE_TSS_12485	2	+	19574865	19574646	164.3591156	19574646	0	-219	-219	-219	-219	219
CAGE_TSS_12488	2	+	19599831	19599716	5.127689838	19599716	0	-115	-115	-115	-115	115
CAGE_TSS_12496	2	+	19624210	19624052	69.05861664	19624052	0	-158	-158	-158	-158	158
CAGE_TSS_15588	3	+	8956	8862	5.216479778	8862	0	-94	-94	-94	-94	94
CAGE_TSS_15592	3	+	46711	46455	9.793979645	46455	0	-256	-256	-256	-256	256
CAGE_TSS_15598	3	+	73483	73340	32.25090027	73340	0	-143	-143	-143	-143	143
CAGE_TSS_15599	3	+	85662	85436	312.4274902	85436	0	-226	-226	-226	-226	226
CAGE_TSS_15608	3	+	139027	138948	5.969669819	138948	0	-79	-79	-79	-79	79
CAGE_TSS_15610	3	+	151797	151721	62.65763092	151721	0	-76	-76	-76	-76	76
CAGE_TSS_15613	3	+	183169	183151	9.91631031	183151	0	-18	-18	-18	-18	18
CAGE_TSS_15621	3	+	205394	205310	13.24221039	205310	0	-84	-84	-84	-84	84
CAGE_TSS_15622	3	+	208477	208239	17.24213028	208239	0	-238	-238	-238	-238	238
CAGE_TSS_15626	3	+	226010	225849	36.75091171	225849	0	-161	-161	-161	-161	161
CAGE_TSS_15630	3	+	239403	239200	8.063249588	239200	0	-203	-203	-203	-203	203
CAGE_TSS_15635	3	+	251980	251765	64.16796875	251765	0	-215	-215	-215	-215	215
CAGE_TSS_15651	3	+	288658	288453	39.49061966	288453	0	-205	-205	-205	-205	205
CAGE_TSS_15660	3	+	326252	326226	6.072140217	326226	0	-26	-26	-26	-26	26
CAGE_TSS_15662	3	+	327675	327638	61.43716049	327638	0	-37	-37	-37	-37	37
CAGE_TSS_15665	3	+	350616	350545	64.62354279	350545	0	-71	-71	-71	-71	71
CAGE_TSS_15675	3	+	391119	390883	7.057109833	390883	0	-236	-236	-236	-236	236
CAGE_TSS_15680	3	+	415394	415323	57.6594696	415323	0	-71	-71	-71	-71	71
CAGE_TSS_15690	3	+	458411	458225	13.3646698	458225	0	-186	-186	-186	-186	186
CAGE_TSS_15698	3	+	479085	478971	54.8157196	478971	0	-114	-114	-114	-114	114
CAGE_TSS_15707	3	+	505656	505493	8.264080048	505493	0	-163	-163	-163	-163	163
CAGE_TSS_15708	3	+	508886	508814	44.02634811	508814	0	-72	-72	-72	-72	72
CAGE_TSS_15725	3	+	551093	551122	11.88358974	551122	0	29	29	29	29	29
CAGE_TSS_15729	3	+	560214	559920	84.38661194	559920	0	-294	-294	-294	-294	294
CAGE_TSS_15737	3	+	586300	586250	40.27973938	586250	0	-50	-50	-50	-50	50
CAGE_TSS_15738	3	+	590447	590270	11.04736996	590270	0	-177	-177	-177	-177	177
CAGE_TSS_15744	3	+	616416	616152	123.9565125	616152	0	-264	-264	-264	-264	264
CAGE_TSS_15746	3	+	631949	631841	231.8368835	631841	0	-108	-108	-108	-108	108
CAGE_TSS_15750	3	+	649809	649524	32.25090027	649524	0	-285	-285	-285	-285	285
CAGE_TSS_15755	3	+	673442	673178	183.5281219	673178	0	-264	-264	-264	-264	264
CAGE_TSS_15756	3	+	677356	677221	19.50901031	677221	0	-135	-135	-135	-135	135
CAGE_TSS_15757	3	+	680960	680805	18.37638092	680805	0	-155	-155	-155	-155	155
CAGE_TSS_15760	3	+	687010	686749	178.6789551	686749	0	-261	-261	-261	-261	261
CAGE_TSS_15762	3	+	692056	691921	5.646349907	691921	0	-135	-135	-135	-135	135
CAGE_TSS_15767	3	+	729799	729648	60.06729889	729648	0	-151	-151	-151	-151	151
CAGE_TSS_15769	3	+	731870	731810	124.4316025	731810	0	-60	-60	-60	-60	60
CAGE_TSS_15772	3	+	735023	734855	66.85865784	734855	0	-168	-168	-168	-168	168
CAGE_TSS_15773	3	+	740766	740583	41.06124878	740583	0	-183	-183	-183	-183	183
CAGE_TSS_15783	3	+	815631	815516	32.44496918	815516	0	-115	-115	-115	-115	115
CAGE_TSS_15791	3	+	881005	880925	14.02052021	880925	0	-80	-80	-80	-80	80
CAGE_TSS_15792	3	+	907474	907313	13.96313	907313	0	-161	-161	-161	-161	161
CAGE_TSS_15795	3	+	951782	951672	12.70930004	951672	0	-110	-110	-110	-110	110
CAGE_TSS_15806	3	+	992191	991974	117.7679367	991974	0	-217	-217	-217	-217	217
CAGE_TSS_15807	3	+	995350	995202	30.46096992	995202	0	-148	-148	-148	-148	148
CAGE_TSS_15819	3	+	1033767	1033469	139.1950378	1033469	0	-298	-298	-298	-298	298
CAGE_TSS_15825	3	+	1077304	1077136	11.72101021	1077136	0	-168	-168	-168	-168	168
CAGE_TSS_15826	3	+	1081001	1080745	42.17441177	1080745	0	-256	-256	-256	-256	256
CAGE_TSS_15836	3	+	1086832	1086721	70.34628296	1086721	0	-111	-111	-111	-111	111
CAGE_TSS_15842	3	+	1156252	1156136	10.3903904	1156136	0	-116	-116	-116	-116	116
CAGE_TSS_15844	3	+	1161396	1161315	63.78841019	1161315	0	-81	-81	-81	-81	81
CAGE_TSS_15860	3	+	1246665	1246598	18.40185928	1246598	0	-67	-67	-67	-67	67
CAGE_TSS_15861	3	+	1258678	1258416	6.717269897	1258416	0	-262	-262	-262	-262	262
CAGE_TSS_15870	3	+	1317261	1317140	74.57409668	1317140	0	-121	-121	-121	-121	121
CAGE_TSS_15880	3	+	1347657	1347611	52.93952179	1347611	0	-46	-46	-46	-46	46
CAGE_TSS_15882	3	+	1354741	1354703	11.20619965	1354703	0	-38	-38	-38	-38	38
CAGE_TSS_15889	3	+	1365163	1365054	57.63697815	1365054	0	-109	-109	-109	-109	109
CAGE_TSS_15890	3	+	1371674	1371597	5.612410069	1371597	0	-77	-77	-77	-77	77
CAGE_TSS_15892	3	+	1389449	1389220	84.29653168	1389220	0	-229	-229	-229	-229	229
CAGE_TSS_15897	3	+	1430448	1430259	26.88363075	1430259	0	-189	-189	-189	-189	189
CAGE_TSS_15903	3	+	1477318	1477170	6.47589016	1477170	0	-148	-148	-148	-148	148
CAGE_TSS_15904	3	+	1479545	1479383	30.47616959	1479383	0	-162	-162	-162	-162	162
CAGE_TSS_15905	3	+	1488663	1488578	57.66717148	1488578	0	-85	-85	-85	-85	85
CAGE_TSS_15914	3	+	1539576	1539489	26.34654999	1539489	0	-87	-87	-87	-87	87
CAGE_TSS_15917	3	+	1561776	1561685	6.202290058	1561685	0	-91	-91	-91	-91	91
CAGE_TSS_15918	3	+	1567640	1567431	262.4890747	1567431	0	-209	-209	-209	-209	209
CAGE_TSS_15921	3	+	1593436	1593302	53.97518921	1593302	0	-134	-134	-134	-134	134
CAGE_TSS_15923	3	+	1598589	1598355	5.28181982	1598355	0	-234	-234	-234	-234	234
CAGE_TSS_15939	3	+	1635260	1635064	13.64474964	1635064	0	-196	-196	-196	-196	196
CAGE_TSS_15954	3	+	1727336	1727216	13.3561697	1727216	0	-120	-120	-120	-120	120
CAGE_TSS_15956	3	+	1736689	1736690	42.74016953	1736690	0	1	1	1	1	1
CAGE_TSS_15965	3	+	1755644	1755488	16.84596062	1755488	0	-156	-156	-156	-156	156
CAGE_TSS_15966	3	+	1775945	1775691	29.72709084	1775691	0	-254	-254	-254	-254	254
CAGE_TSS_15974	3	+	1848882	1848755	178.8612518	1848755	0	-127	-127	-127	-127	127
CAGE_TSS_15984	3	+	1896121	1896095	7.538909912	1896095	0	-26	-26	-26	-26	26
CAGE_TSS_15986	3	+	1907637	1907561	22.18445015	1907561	0	-76	-76	-76	-76	76
CAGE_TSS_15991	3	+	1936228	1936131	22.25015068	1936131	0	-97	-97	-97	-97	97
CAGE_TSS_16000	3	+	2004143	2004039	71.03653717	2004039	0	-104	-104	-104	-104	104
CAGE_TSS_16001	3	+	2012078	2011797	145.3382874	2011797	0	-281	-281	-281	-281	281
CAGE_TSS_16010	3	+	2083910	2083742	18.44672966	2083742	0	-168	-168	-168	-168	168
CAGE_TSS_16018	3	+	2120498	2120439	11.57168961	2120439	0	-59	-59	-59	-59	59
CAGE_TSS_16024	3	+	2132807	2132671	16.85655975	2132671	0	-136	-136	-136	-136	136
CAGE_TSS_16027	3	+	2143534	2143370	55.07593918	2143370	0	-164	-164	-164	-164	164
CAGE_TSS_16030	3	+	2161881	2161727	5.867440224	2161727	0	-154	-154	-154	-154	154
CAGE_TSS_16033	3	+	2167729	2167673	26.87134933	2167673	0	-56	-56	-56	-56	56
CAGE_TSS_16034	3	+	2176864	2176755	38.64295959	2176755	0	-109	-109	-109	-109	109
CAGE_TSS_16038	3	+	2201479	2201385	14.51821995	2201385	0	-94	-94	-94	-94	94
CAGE_TSS_16044	3	+	2252028	2251823	6.087639809	2251823	0	-205	-205	-205	-205	205
CAGE_TSS_16048	3	+	2280201	2280047	22.11935043	2280047	0	-154	-154	-154	-154	154
CAGE_TSS_16055	3	+	2315099	2314874	13.61532021	2314874	0	-225	-225	-225	-225	225
CAGE_TSS_16057	3	+	2347613	2347562	94.61045074	2347562	0	-51	-51	-51	-51	51
CAGE_TSS_16060	3	+	2354714	2354598	49.42169952	2354598	0	-116	-116	-116	-116	116
CAGE_TSS_16063	3	+	2365472	2365282	75.33418274	2365282	0	-190	-190	-190	-190	190
CAGE_TSS_16071	3	+	2381364	2381176	16.2845192	2381176	0	-188	-188	-188	-188	188
CAGE_TSS_16077	3	+	2409488	2409458	8.865989685	2409458	0	-30	-30	-30	-30	30
CAGE_TSS_16080	3	+	2419582	2419422	109.0522003	2419422	0	-160	-160	-160	-160	160
CAGE_TSS_16088	3	+	2451636	2451526	8.258419991	2451526	0	-110	-110	-110	-110	110
CAGE_TSS_16107	3	+	2492258	2492170	6.91260004	2492170	0	-88	-88	-88	-88	88
CAGE_TSS_16111	3	+	2510786	2510585	29.56011963	2510585	0	-201	-201	-201	-201	201
CAGE_TSS_16112	3	+	2514070	2513859	29.39565086	2513859	0	-211	-211	-211	-211	211
CAGE_TSS_16133	3	+	2612370	2612235	6.22507	2612235	0	-135	-135	-135	-135	135
CAGE_TSS_16135	3	+	2620810	2620792	7.615240097	2620792	0	-18	-18	-18	-18	18
CAGE_TSS_16136	3	+	2622863	2622778	146.1649628	2622778	0	-85	-85	-85	-85	85
CAGE_TSS_16143	3	+	2641149	2640943	10.57931042	2640943	0	-206	-206	-206	-206	206
CAGE_TSS_16146	3	+	2645194	2644948	5.795969963	2644948	0	-246	-246	-246	-246	246
CAGE_TSS_16151	3	+	2712269	2712523	5.491940022	2712523	0	254	254	254	254	254
CAGE_TSS_16158	3	+	2737489	2737234	11.49600029	2737234	0	-255	-255	-255	-255	255
CAGE_TSS_16160	3	+	2742975	2742880	180.9129333	2742880	0	-95	-95	-95	-95	95
CAGE_TSS_16162	3	+	2745564	2745561	58.62068176	2745561	0	-3	-3	-3	-3	3
CAGE_TSS_16163	3	+	2749932	2749774	32.55469131	2749774	0	-158	-158	-158	-158	158
CAGE_TSS_16164	3	+	2753270	2753090	42.89493179	2753090	0	-180	-180	-180	-180	180
CAGE_TSS_16172	3	+	2839036	2838853	25.07669067	2838853	0	-183	-183	-183	-183	183
CAGE_TSS_16177	3	+	2857870	2857728	5.045559883	2857728	0	-142	-142	-142	-142	142
CAGE_TSS_16186	3	+	2916991	2916808	113.2675171	2916808	0	-183	-183	-183	-183	183
CAGE_TSS_16191	3	+	2940454	2940248	244.6403809	2940248	0	-206	-206	-206	-206	206
CAGE_TSS_16193	3	+	2946430	2946245	109.107399	2946245	0	-185	-185	-185	-185	185
CAGE_TSS_16197	3	+	2966410	2966411	112.5848007	2966411	0	1	1	1	1	1
CAGE_TSS_16200	3	+	2983932	2983869	12.09521961	2983869	0	-63	-63	-63	-63	63
CAGE_TSS_16207	3	+	3012052	3011826	31.61709976	3011826	0	-226	-226	-226	-226	226
CAGE_TSS_16211	3	+	3016526	3016418	227.3050842	3016418	0	-108	-108	-108	-108	108
CAGE_TSS_16232	3	+	3063811	3063740	12.67409039	3063740	0	-71	-71	-71	-71	71
CAGE_TSS_16233	3	+	3069231	3069151	44.25640106	3069151	0	-80	-80	-80	-80	80
CAGE_TSS_16247	3	+	3161791	3161700	122.86409	3161700	0	-91	-91	-91	-91	91
CAGE_TSS_16250	3	+	3186377	3186077	5.951889992	3186077	0	-300	-300	-300	-300	300
CAGE_TSS_16258	3	+	3229073	3229031	12.07956028	3229031	0	-42	-42	-42	-42	42
CAGE_TSS_16260	3	+	3239205	3239109	8.996359825	3239109	0	-96	-96	-96	-96	96
CAGE_TSS_16268	3	+	3271489	3271414	57.99940109	3271414	0	-75	-75	-75	-75	75
CAGE_TSS_16270	3	+	3285931	3285820	5.659100056	3285820	0	-111	-111	-111	-111	111
CAGE_TSS_16283	3	+	3379299	3379289	8.633850098	3379289	0	-10	-10	-10	-10	10
CAGE_TSS_16293	3	+	3438361	3438199	11.1528101	3438199	0	-162	-162	-162	-162	162
CAGE_TSS_16294	3	+	3442529	3442298	23.27145004	3442298	0	-231	-231	-231	-231	231
CAGE_TSS_16296	3	+	3455355	3455154	56.67686844	3455154	0	-201	-201	-201	-201	201
CAGE_TSS_16297	3	+	3460020	3459869	118.6712723	3459869	0	-151	-151	-151	-151	151
CAGE_TSS_16303	3	+	3479922	3479885	16.26398087	3479885	0	-37	-37	-37	-37	37
CAGE_TSS_16304	3	+	3481045	3480871	54.25828934	3480871	0	-174	-174	-174	-174	174
CAGE_TSS_16308	3	+	3516649	3516533	10.41246986	3516533	0	-116	-116	-116	-116	116
CAGE_TSS_16315	3	+	3556707	3556518	177.05336	3556518	0	-189	-189	-189	-189	189
CAGE_TSS_16318	3	+	3578468	3578354	17.18379974	3578354	0	-114	-114	-114	-114	114
CAGE_TSS_16323	3	+	3591626	3591352	193.036377	3591352	0	-274	-274	-274	-274	274
CAGE_TSS_16344	3	+	3678786	3678548	7.452320099	3678548	0	-238	-238	-238	-238	238
CAGE_TSS_16347	3	+	3698838	3698709	70.83907318	3698709	0	-129	-129	-129	-129	129
CAGE_TSS_16351	3	+	3718090	3717803	167.3014374	3717803	0	-287	-287	-287	-287	287
CAGE_TSS_16353	3	+	3726125	3725934	76.29374695	3725934	0	-191	-191	-191	-191	191
CAGE_TSS_16354	3	+	3727767	3727734	24.01503944	3727734	0	-33	-33	-33	-33	33
CAGE_TSS_16356	3	+	3732659	3732478	41.99676895	3732478	0	-181	-181	-181	-181	181
CAGE_TSS_16358	3	+	3751665	3751423	169.1642609	3751423	0	-242	-242	-242	-242	242
CAGE_TSS_16359	3	+	3755542	3755246	9.757260323	3755246	0	-296	-296	-296	-296	296
CAGE_TSS_16362	3	+	3776327	3776218	131.0537567	3776218	0	-109	-109	-109	-109	109
CAGE_TSS_16368	3	+	3820370	3820229	10.60494041	3820229	0	-141	-141	-141	-141	141
CAGE_TSS_16369	3	+	3826218	3825972	39.33998108	3825972	0	-246	-246	-246	-246	246
CAGE_TSS_16376	3	+	3857853	3857650	21.04615021	3857650	0	-203	-203	-203	-203	203
CAGE_TSS_16377	3	+	3867909	3867846	9.099909782	3867846	0	-63	-63	-63	-63	63
CAGE_TSS_16383	3	+	3894810	3894623	12.85414028	3894623	0	-187	-187	-187	-187	187
CAGE_TSS_16385	3	+	3905514	3905279	92.0725174	3905279	0	-235	-235	-235	-235	235
CAGE_TSS_16387	3	+	3919554	3919526	21.32369995	3919526	0	-28	-28	-28	-28	28
CAGE_TSS_16395	3	+	3934483	3934410	185.3397827	3934410	0	-73	-73	-73	-73	73
CAGE_TSS_16396	3	+	3942260	3942096	21.76054001	3942096	0	-164	-164	-164	-164	164
CAGE_TSS_16400	3	+	3957836	3957748	29.67098045	3957748	0	-88	-88	-88	-88	88
CAGE_TSS_16402	3	+	3967088	3966889	8.776399612	3966889	0	-199	-199	-199	-199	199
CAGE_TSS_16406	3	+	4004503	4004375	69.86846161	4004375	0	-128	-128	-128	-128	128
CAGE_TSS_16410	3	+	4012606	4012434	64.03478241	4012434	0	-172	-172	-172	-172	172
CAGE_TSS_16412	3	+	4037173	4037069	15.71557999	4037069	0	-104	-104	-104	-104	104
CAGE_TSS_16415	3	+	4054738	4054696	6.640299797	4054696	0	-42	-42	-42	-42	42
CAGE_TSS_16426	3	+	4176511	4176489	102.7630768	4176489	0	-22	-22	-22	-22	22
CAGE_TSS_16435	3	+	4240616	4240428	15.91438961	4240428	0	-188	-188	-188	-188	188
CAGE_TSS_16450	3	+	4314626	4314474	10.99792004	4314474	0	-152	-152	-152	-152	152
CAGE_TSS_16451	3	+	4331756	4331458	12.65857983	4331458	0	-298	-298	-298	-298	298
CAGE_TSS_16455	3	+	4367271	4367078	37.20809937	4367078	0	-193	-193	-193	-193	193
CAGE_TSS_16457	3	+	4371469	4371279	16.87103081	4371279	0	-190	-190	-190	-190	190
CAGE_TSS_16459	3	+	4374225	4374161	11.13494968	4374161	0	-64	-64	-64	-64	64
CAGE_TSS_16460	3	+	4375427	4375208	27.00407982	4375208	0	-219	-219	-219	-219	219
CAGE_TSS_16481	3	+	4444553	4444449	59.69240189	4444449	0	-104	-104	-104	-104	104
CAGE_TSS_16485	3	+	4463023	4462957	30.94156075	4462957	0	-66	-66	-66	-66	66
CAGE_TSS_16486	3	+	4469222	4469049	107.679039	4469049	0	-173	-173	-173	-173	173
CAGE_TSS_16491	3	+	4485791	4485518	26.21780968	4485518	0	-273	-273	-273	-273	273
CAGE_TSS_16494	3	+	4492960	4492990	6.571070194	4492990	0	30	30	30	30	30
CAGE_TSS_16496	3	+	4504291	4504188	5.576650143	4504188	0	-103	-103	-103	-103	103
CAGE_TSS_16497	3	+	4510966	4511003	10.86077976	4511003	0	37	37	37	37	37
CAGE_TSS_16501	3	+	4512409	4512581	42.92636108	4512581	0	172	172	172	172	172
CAGE_TSS_16503	3	+	4517539	4517327	25.98785973	4517327	0	-212	-212	-212	-212	212
CAGE_TSS_16507	3	+	4544449	4544277	25.88430023	4544277	0	-172	-172	-172	-172	172
CAGE_TSS_16508	3	+	4544936	4544703	23.04615021	4544703	0	-233	-233	-233	-233	233
CAGE_TSS_16509	3	+	4546401	4546267	37.33533096	4546267	0	-134	-134	-134	-134	134
CAGE_TSS_16519	3	+	4667389	4667335	65.51274872	4667335	0	-54	-54	-54	-54	54
CAGE_TSS_16521	3	+	4672802	4672723	58.00368118	4672723	0	-79	-79	-79	-79	79
CAGE_TSS_16526	3	+	4693370	4693264	12.59825039	4693264	0	-106	-106	-106	-106	106
CAGE_TSS_16569	3	+	4889071	4889020	25.03133965	4889020	0	-51	-51	-51	-51	51
CAGE_TSS_16574	3	+	4908964	4908903	5.036590099	4908903	0	-61	-61	-61	-61	61
CAGE_TSS_16581	3	+	4914924	4914790	39.8924408	4914790	0	-134	-134	-134	-134	134
CAGE_TSS_16584	3	+	4922161	4922008	121.1377792	4922008	0	-153	-153	-153	-153	153
CAGE_TSS_16585	3	+	4924901	4924826	8.587450027	4924826	0	-75	-75	-75	-75	75
CAGE_TSS_16588	3	+	4934418	4934233	27.4896698	4934233	0	-185	-185	-185	-185	185
CAGE_TSS_16593	3	+	4945700	4945538	26.53779984	4945538	0	-162	-162	-162	-162	162
CAGE_TSS_16601	3	+	4988139	4988015	50.41191101	4988015	0	-124	-124	-124	-124	124
CAGE_TSS_16605	3	+	4995603	4995546	9.907469749	4995546	0	-57	-57	-57	-57	57
CAGE_TSS_16607	3	+	5003925	5003750	126.6643982	5003750	0	-175	-175	-175	-175	175
CAGE_TSS_16608	3	+	5008782	5008493	28.61940956	5008493	0	-289	-289	-289	-289	289
CAGE_TSS_16610	3	+	5018352	5018184	14.01159954	5018184	0	-168	-168	-168	-168	168
CAGE_TSS_16616	3	+	5025268	5025132	11.54209995	5025132	0	-136	-136	-136	-136	136
CAGE_TSS_16629	3	+	5052731	5052788	6.495150089	5052788	0	57	57	57	57	57
CAGE_TSS_16631	3	+	5056075	5055929	5.572249889	5055929	0	-146	-146	-146	-146	146
CAGE_TSS_16634	3	+	5069196	5069180	12.28787041	5069180	0	-16	-16	-16	-16	16
CAGE_TSS_16635	3	+	5074264	5074071	63.40026855	5074071	0	-193	-193	-193	-193	193
CAGE_TSS_16645	3	+	5121424	5121277	12.41277027	5121277	0	-147	-147	-147	-147	147
CAGE_TSS_16649	3	+	5145010	5144841	36.33454895	5144841	0	-169	-169	-169	-169	169
CAGE_TSS_16650	3	+	5166220	5166064	35.48051834	5166064	0	-156	-156	-156	-156	156
CAGE_TSS_16662	3	+	5200710	5200525	77.08953857	5200525	0	-185	-185	-185	-185	185
CAGE_TSS_16667	3	+	5208914	5208867	9.57765007	5208867	0	-47	-47	-47	-47	47
CAGE_TSS_16668	3	+	5213004	5212774	27.06856918	5212774	0	-230	-230	-230	-230	230
CAGE_TSS_16671	3	+	5234617	5234518	210.3978729	5234518	0	-99	-99	-99	-99	99
CAGE_TSS_16672	3	+	5243513	5243263	45.71630859	5243263	0	-250	-250	-250	-250	250
CAGE_TSS_16673	3	+	5249198	5248974	43.71866989	5248974	0	-224	-224	-224	-224	224
CAGE_TSS_16676	3	+	5264023	5263748	42.8622818	5263748	0	-275	-275	-275	-275	275
CAGE_TSS_16678	3	+	5267241	5266973	14.09724045	5266973	0	-268	-268	-268	-268	268
CAGE_TSS_16683	3	+	5315024	5314742	5.476069927	5314742	0	-282	-282	-282	-282	282
CAGE_TSS_16694	3	+	5337547	5337466	40.96728134	5337466	0	-81	-81	-81	-81	81
CAGE_TSS_16695	3	+	5340079	5339949	8.585459709	5339949	0	-130	-130	-130	-130	130
CAGE_TSS_16696	3	+	5341426	5341348	11.60606956	5341348	0	-78	-78	-78	-78	78
CAGE_TSS_16697	3	+	5343017	5342760	264.2794189	5342760	0	-257	-257	-257	-257	257
CAGE_TSS_16698	3	+	5351137	5351057	13.53919983	5351057	0	-80	-80	-80	-80	80
CAGE_TSS_16699	3	+	5359058	5358836	10.96103001	5358836	0	-222	-222	-222	-222	222
CAGE_TSS_16714	3	+	5459196	5458954	32.7508316	5458954	0	-242	-242	-242	-242	242
CAGE_TSS_16725	3	+	5505462	5505280	43.53458023	5505280	0	-182	-182	-182	-182	182
CAGE_TSS_16727	3	+	5506416	5506234	102.1042786	5506234	0	-182	-182	-182	-182	182
CAGE_TSS_16730	3	+	5513323	5513261	102.7153091	5513261	0	-62	-62	-62	-62	62
CAGE_TSS_16731	3	+	5518330	5518185	132.3538513	5518185	0	-145	-145	-145	-145	145
CAGE_TSS_16732	3	+	5535196	5535087	29.77783966	5535087	0	-109	-109	-109	-109	109
CAGE_TSS_16733	3	+	5539868	5539774	15.93838024	5539774	0	-94	-94	-94	-94	94
CAGE_TSS_16734	3	+	5547551	5547267	262.6985779	5547267	0	-284	-284	-284	-284	284
CAGE_TSS_16738	3	+	5556892	5556641	65.38240814	5556641	0	-251	-251	-251	-251	251
CAGE_TSS_16743	3	+	5566346	5566271	131.4412537	5566271	0	-75	-75	-75	-75	75
CAGE_TSS_16745	3	+	5567007	5566820	14.88391972	5566820	0	-187	-187	-187	-187	187
CAGE_TSS_16750	3	+	5571993	5571865	39.92687988	5571865	0	-128	-128	-128	-128	128
CAGE_TSS_16751	3	+	5579420	5579276	373.3960876	5579276	0	-144	-144	-144	-144	144
CAGE_TSS_16753	3	+	5581695	5581577	98.26722717	5581577	0	-118	-118	-118	-118	118
CAGE_TSS_16758	3	+	5588458	5588345	131.2526093	5588345	0	-113	-113	-113	-113	113
CAGE_TSS_16760	3	+	5592619	5592549	50.56393051	5592549	0	-70	-70	-70	-70	70
CAGE_TSS_16769	3	+	5644701	5644543	10.43004036	5644543	0	-158	-158	-158	-158	158
CAGE_TSS_16777	3	+	5687788	5687492	97.84700012	5687492	0	-296	-296	-296	-296	296
CAGE_TSS_16782	3	+	5705754	5705643	18.41809082	5705643	0	-111	-111	-111	-111	111
CAGE_TSS_16785	3	+	5708938	5708656	13.79061985	5708656	0	-282	-282	-282	-282	282
CAGE_TSS_16789	3	+	5721105	5720945	41.94393921	5720945	0	-160	-160	-160	-160	160
CAGE_TSS_16795	3	+	5755831	5755760	35.48051834	5755760	0	-71	-71	-71	-71	71
CAGE_TSS_16807	3	+	5831253	5831164	173.5183258	5831164	0	-89	-89	-89	-89	89
CAGE_TSS_16809	3	+	5837838	5837570	28.19625092	5837570	0	-268	-268	-268	-268	268
CAGE_TSS_16812	3	+	5841299	5841293	115.5044022	5841293	0	-6	-6	-6	-6	6
CAGE_TSS_16813	3	+	5841985	5842007	25.87228012	5842007	0	22	22	22	22	22
CAGE_TSS_16822	3	+	5873257	5873107	52.26433945	5873107	0	-150	-150	-150	-150	150
CAGE_TSS_16825	3	+	5934078	5933886	9.838749886	5933886	0	-192	-192	-192	-192	192
CAGE_TSS_16835	3	+	6015209	6014988	6.390450001	6014988	0	-221	-221	-221	-221	221
CAGE_TSS_16840	3	+	6032365	6032218	5.393869877	6032218	0	-147	-147	-147	-147	147
CAGE_TSS_16852	3	+	6089604	6089585	6.171120167	6089585	0	-19	-19	-19	-19	19
CAGE_TSS_16857	3	+	6094135	6094032	57.01227188	6094032	0	-103	-103	-103	-103	103
CAGE_TSS_16864	3	+	6101768	6101533	31.33308983	6101533	0	-235	-235	-235	-235	235
CAGE_TSS_16866	3	+	6119808	6119571	218.6603699	6119571	0	-237	-237	-237	-237	237
CAGE_TSS_16867	3	+	6120984	6120766	208.4741669	6120766	0	-218	-218	-218	-218	218
CAGE_TSS_16870	3	+	6128558	6128348	11.2445097	6128348	0	-210	-210	-210	-210	210
CAGE_TSS_16872	3	+	6137139	6136998	36.24431992	6136998	0	-141	-141	-141	-141	141
CAGE_TSS_16874	3	+	6147940	6147861	10.51354027	6147861	0	-79	-79	-79	-79	79
CAGE_TSS_16902	3	+	6228632	6228572	27.25852966	6228572	0	-60	-60	-60	-60	60
CAGE_TSS_16904	3	+	6240886	6240739	14.18305016	6240739	0	-147	-147	-147	-147	147
CAGE_TSS_16905	3	+	6251483	6251234	12.36865044	6251234	0	-249	-249	-249	-249	249
CAGE_TSS_16909	3	+	6274135	6273918	98.86067963	6273918	0	-217	-217	-217	-217	217
CAGE_TSS_16910	3	+	6281129	6281060	50.41416931	6281060	0	-69	-69	-69	-69	69
CAGE_TSS_16911	3	+	6296851	6296801	66.74443054	6296801	0	-50	-50	-50	-50	50
CAGE_TSS_16934	3	+	6408318	6408136	58.97357178	6408136	0	-182	-182	-182	-182	182
CAGE_TSS_16941	3	+	6474917	6474751	131.5076141	6474751	0	-166	-166	-166	-166	166
CAGE_TSS_16950	3	+	6501684	6501617	6.763740063	6501617	0	-67	-67	-67	-67	67
CAGE_TSS_16968	3	+	6596052	6595766	8.996359825	6595766	0	-286	-286	-286	-286	286
CAGE_TSS_16969	3	+	6605471	6605214	112.491188	6605214	0	-257	-257	-257	-257	257
CAGE_TSS_16975	3	+	6664210	6663980	6.918330193	6663980	0	-230	-230	-230	-230	230
CAGE_TSS_16976	3	+	6687159	6687045	66.28559113	6687045	0	-114	-114	-114	-114	114
CAGE_TSS_16978	3	+	6707255	6706965	15.7143898	6706965	0	-290	-290	-290	-290	290
CAGE_TSS_16980	3	+	6714664	6714542	13.87742043	6714542	0	-122	-122	-122	-122	122
CAGE_TSS_16982	3	+	6725467	6725330	100.1974487	6725330	0	-137	-137	-137	-137	137
CAGE_TSS_16983	3	+	6731492	6731321	9.358659744	6731321	0	-171	-171	-171	-171	171
CAGE_TSS_16987	3	+	6744762	6744719	68.73397064	6744719	0	-43	-43	-43	-43	43
CAGE_TSS_16995	3	+	6752519	6752245	34.66944122	6752245	0	-274	-274	-274	-274	274
CAGE_TSS_16998	3	+	6780643	6780344	22.03652	6780344	0	-299	-299	-299	-299	299
CAGE_TSS_17005	3	+	6840344	6840221	25.26354027	6840221	0	-123	-123	-123	-123	123
CAGE_TSS_17011	3	+	6870174	6870034	6.478889942	6870034	0	-140	-140	-140	-140	140
CAGE_TSS_17012	3	+	6876137	6876061	86.24729156	6876061	0	-76	-76	-76	-76	76
CAGE_TSS_17042	3	+	6970786	6970599	16.31561089	6970599	0	-187	-187	-187	-187	187
CAGE_TSS_17050	3	+	7018997	7018749	9.98377037	7018749	0	-248	-248	-248	-248	248
CAGE_TSS_17054	3	+	7026893	7026816	88.92785645	7026816	0	-77	-77	-77	-77	77
CAGE_TSS_17058	3	+	7057045	7056876	15.13978004	7056876	0	-169	-169	-169	-169	169
CAGE_TSS_17065	3	+	7105370	7105238	106.9328079	7105238	0	-132	-132	-132	-132	132
CAGE_TSS_17071	3	+	7116256	7116066	52.47587967	7116066	0	-190	-190	-190	-190	190
CAGE_TSS_17075	3	+	7134985	7134793	14.76780987	7134793	0	-192	-192	-192	-192	192
CAGE_TSS_17078	3	+	7157906	7157851	59.45925903	7157851	0	-55	-55	-55	-55	55
CAGE_TSS_17079	3	+	7160804	7160593	60.41387939	7160593	0	-211	-211	-211	-211	211
CAGE_TSS_17083	3	+	7182034	7181849	12.72898006	7181849	0	-185	-185	-185	-185	185
CAGE_TSS_17088	3	+	7229410	7229231	18.13401031	7229231	0	-179	-179	-179	-179	179
CAGE_TSS_17089	3	+	7239962	7239836	14.11658001	7239836	0	-126	-126	-126	-126	126
CAGE_TSS_17104	3	+	7326388	7326269	11.67240047	7326269	0	-119	-119	-119	-119	119
CAGE_TSS_17107	3	+	7339717	7339552	102.9344788	7339552	0	-165	-165	-165	-165	165
CAGE_TSS_17108	3	+	7345338	7345337	31.43910027	7345337	0	-1	-1	-1	-1	1
CAGE_TSS_17122	3	+	7441177	7441046	20.46348953	7441046	0	-131	-131	-131	-131	131
CAGE_TSS_17123	3	+	7445872	7445601	241.8661652	7445601	0	-271	-271	-271	-271	271
CAGE_TSS_17132	3	+	7507239	7507175	8.842650414	7507175	0	-64	-64	-64	-64	64
CAGE_TSS_17145	3	+	7595805	7595535	10.61406994	7595535	0	-270	-270	-270	-270	270
CAGE_TSS_17156	3	+	7664470	7664381	24.51856041	7664381	0	-89	-89	-89	-89	89
CAGE_TSS_17177	3	+	7827038	7826864	8.43350029	7826864	0	-174	-174	-174	-174	174
CAGE_TSS_17207	3	+	7941011	7940889	169.998291	7940889	0	-122	-122	-122	-122	122
CAGE_TSS_17234	3	+	8089003	8088886	104.6356812	8088886	0	-117	-117	-117	-117	117
CAGE_TSS_17245	3	+	8139260	8139087	10.42216969	8139087	0	-173	-173	-173	-173	173
CAGE_TSS_17261	3	+	8194721	8194618	39.32809067	8194618	0	-103	-103	-103	-103	103
CAGE_TSS_17263	3	+	8195501	8195408	19.82379913	8195408	0	-93	-93	-93	-93	93
CAGE_TSS_17272	3	+	8254635	8254382	25.83499908	8254382	0	-253	-253	-253	-253	253
CAGE_TSS_17273	3	+	8277041	8276966	65.69902802	8276966	0	-75	-75	-75	-75	75
CAGE_TSS_17275	3	+	8281396	8281135	11.12742043	8281135	0	-261	-261	-261	-261	261
CAGE_TSS_17277	3	+	8309372	8309158	215.3075562	8309158	0	-214	-214	-214	-214	214
CAGE_TSS_17281	3	+	8333069	8332827	35.38505936	8332827	0	-242	-242	-242	-242	242
CAGE_TSS_17287	3	+	8350837	8350716	36.38932037	8350716	0	-121	-121	-121	-121	121
CAGE_TSS_17297	3	+	8414677	8414537	23.76869011	8414537	0	-140	-140	-140	-140	140
CAGE_TSS_17298	3	+	8418801	8418763	70.97592926	8418763	0	-38	-38	-38	-38	38
CAGE_TSS_17299	3	+	8427659	8427606	9.785160065	8427606	0	-53	-53	-53	-53	53
CAGE_TSS_17301	3	+	8443442	8443224	6.602650166	8443224	0	-218	-218	-218	-218	218
CAGE_TSS_17319	3	+	8519139	8518992	95.17906189	8518992	0	-147	-147	-147	-147	147
CAGE_TSS_17322	3	+	8558160	8558060	14.67873001	8558060	0	-100	-100	-100	-100	100
CAGE_TSS_17324	3	+	8581653	8581493	99.22550964	8581493	0	-160	-160	-160	-160	160
CAGE_TSS_17326	3	+	8603429	8603251	16.71503067	8603251	0	-178	-178	-178	-178	178
CAGE_TSS_17337	3	+	8641622	8641501	82.32067871	8641501	0	-121	-121	-121	-121	121
CAGE_TSS_17351	3	+	8686752	8686477	135.4058533	8686477	0	-275	-275	-275	-275	275
CAGE_TSS_17371	3	+	8941401	8941184	21.69564056	8941184	0	-217	-217	-217	-217	217
CAGE_TSS_17375	3	+	8960389	8960336	13.21685982	8960336	0	-53	-53	-53	-53	53
CAGE_TSS_17381	3	+	9025610	9025483	68.1160202	9025483	0	-127	-127	-127	-127	127
CAGE_TSS_17382	3	+	9031097	9031064	8.070529938	9031064	0	-33	-33	-33	-33	33
CAGE_TSS_17384	3	+	9036268	9036188	6.371449947	9036188	0	-80	-80	-80	-80	80
CAGE_TSS_17386	3	+	9046624	9046398	12.83316994	9046398	0	-226	-226	-226	-226	226
CAGE_TSS_17393	3	+	9066774	9066832	6.016109943	9066832	0	58	58	58	58	58
CAGE_TSS_17398	3	+	9103072	9102996	8.96364975	9102996	0	-76	-76	-76	-76	76
CAGE_TSS_17399	3	+	9103829	9103640	62.14474106	9103640	0	-189	-189	-189	-189	189
CAGE_TSS_17400	3	+	9113819	9113618	5.86097002	9113618	0	-201	-201	-201	-201	201
CAGE_TSS_17408	3	+	9132267	9132181	6.416719913	9132181	0	-86	-86	-86	-86	86
CAGE_TSS_17413	3	+	9164579	9164585	6.078139782	9164585	0	6	6	6	6	6
CAGE_TSS_17415	3	+	9180313	9180055	7.669159889	9180055	0	-258	-258	-258	-258	258
CAGE_TSS_17426	3	+	9195498	9195207	105.3495636	9195207	0	-291	-291	-291	-291	291
CAGE_TSS_17427	3	+	9208939	9208833	19.76972961	9208833	0	-106	-106	-106	-106	106
CAGE_TSS_17428	3	+	9213165	9212955	13.04566956	9212955	0	-210	-210	-210	-210	210
CAGE_TSS_17436	3	+	9274595	9274307	46.11489868	9274307	0	-288	-288	-288	-288	288
CAGE_TSS_17445	3	+	9305943	9305785	60.5418396	9305785	0	-158	-158	-158	-158	158
CAGE_TSS_17447	3	+	9307225	9307083	56.67636871	9307083	0	-142	-142	-142	-142	142
CAGE_TSS_17448	3	+	9333717	9333561	10.48447037	9333561	0	-156	-156	-156	-156	156
CAGE_TSS_17457	3	+	9369519	9369439	19.26202011	9369439	0	-80	-80	-80	-80	80
CAGE_TSS_17459	3	+	9396419	9396292	40.06332016	9396292	0	-127	-127	-127	-127	127
CAGE_TSS_17462	3	+	9406872	9406786	92.46602631	9406786	0	-86	-86	-86	-86	86
CAGE_TSS_17464	3	+	9409291	9409252	133.3230591	9409252	0	-39	-39	-39	-39	39
CAGE_TSS_17470	3	+	9475544	9475269	8.370820045	9475269	0	-275	-275	-275	-275	275
CAGE_TSS_17472	3	+	9489243	9489089	12.68659973	9489089	0	-154	-154	-154	-154	154
CAGE_TSS_17476	3	+	9494705	9494452	34.74877167	9494452	0	-253	-253	-253	-253	253
CAGE_TSS_17480	3	+	9513717	9513697	7.116089821	9513697	0	-20	-20	-20	-20	20
CAGE_TSS_17484	3	+	9521787	9521537	27.57349014	9521537	0	-250	-250	-250	-250	250
CAGE_TSS_17497	3	+	9532770	9532685	19.37797928	9532685	0	-85	-85	-85	-85	85
CAGE_TSS_17498	3	+	9537077	9536905	79.5952301	9536905	0	-172	-172	-172	-172	172
CAGE_TSS_17499	3	+	9542277	9542096	5.148369789	9542096	0	-181	-181	-181	-181	181
CAGE_TSS_17515	3	+	9676647	9676452	87.1359787	9676452	0	-195	-195	-195	-195	195
CAGE_TSS_17520	3	+	9681629	9681487	99.38072205	9681487	0	-142	-142	-142	-142	142
CAGE_TSS_17523	3	+	9686111	9685904	29.13019943	9685904	0	-207	-207	-207	-207	207
CAGE_TSS_17531	3	+	9720121	9719844	52.07424927	9719844	0	-277	-277	-277	-277	277
CAGE_TSS_17535	3	+	9758891	9758777	6.867030144	9758777	0	-114	-114	-114	-114	114
CAGE_TSS_17538	3	+	9764966	9764760	7.972770214	9764760	0	-206	-206	-206	-206	206
CAGE_TSS_17539	3	+	9769730	9769618	14.91359043	9769618	0	-112	-112	-112	-112	112
CAGE_TSS_17548	3	+	9801161	9801150	54.41851044	9801150	0	-11	-11	-11	-11	11
CAGE_TSS_17549	3	+	9809712	9809519	9.252109528	9809519	0	-193	-193	-193	-193	193
CAGE_TSS_17558	3	+	9816653	9816418	37.4450798	9816418	0	-235	-235	-235	-235	235
CAGE_TSS_17559	3	+	9823687	9823496	11.45983028	9823496	0	-191	-191	-191	-191	191
CAGE_TSS_17564	3	+	9831022	9830876	12.09521961	9830876	0	-146	-146	-146	-146	146
CAGE_TSS_17569	3	+	9867844	9867659	33.15853882	9867659	0	-185	-185	-185	-185	185
CAGE_TSS_17571	3	+	9892793	9892508	97.7010498	9892508	0	-285	-285	-285	-285	285
CAGE_TSS_17575	3	+	9930280	9930223	23.69408035	9930223	0	-57	-57	-57	-57	57
CAGE_TSS_17585	3	+	10017475	10017197	9.616330147	10017197	0	-278	-278	-278	-278	278
CAGE_TSS_17586	3	+	10024048	10023905	96.7628479	10023905	0	-143	-143	-143	-143	143
CAGE_TSS_17588	3	+	10053931	10053886	14.12228012	10053886	0	-45	-45	-45	-45	45
CAGE_TSS_17590	3	+	10067600	10067339	68.79789734	10067339	0	-261	-261	-261	-261	261
CAGE_TSS_17599	3	+	10125998	10126007	75.53325653	10126007	0	9	9	9	9	9
CAGE_TSS_17605	3	+	10148584	10148511	197.4172516	10148511	0	-73	-73	-73	-73	73
CAGE_TSS_17610	3	+	10163080	10162856	16.55175018	10162856	0	-224	-224	-224	-224	224
CAGE_TSS_17613	3	+	10205242	10205125	15.75368023	10205125	0	-117	-117	-117	-117	117
CAGE_TSS_17620	3	+	10284810	10284604	11.06379032	10284604	0	-206	-206	-206	-206	206
CAGE_TSS_17627	3	+	10318506	10318343	6.821559906	10318343	0	-163	-163	-163	-163	163
CAGE_TSS_17632	3	+	10330601	10330320	11.12742043	10330320	0	-281	-281	-281	-281	281
CAGE_TSS_17633	3	+	10338348	10338341	79.74095917	10338341	0	-7	-7	-7	-7	7
CAGE_TSS_17637	3	+	10400279	10399994	21.18401909	10399994	0	-285	-285	-285	-285	285
CAGE_TSS_17649	3	+	10456136	10455987	10.15711975	10455987	0	-149	-149	-149	-149	149
CAGE_TSS_17650	3	+	10465546	10465626	6.776219845	10465626	0	80	80	80	80	80
CAGE_TSS_17654	3	+	10505857	10505712	28.90545082	10505712	0	-145	-145	-145	-145	145
CAGE_TSS_17657	3	+	10518077	10517889	48.2417717	10517889	0	-188	-188	-188	-188	188
CAGE_TSS_17658	3	+	10520509	10520274	41.29281998	10520274	0	-235	-235	-235	-235	235
CAGE_TSS_17666	3	+	10576512	10576715	4.875279903	10576715	0	203	203	203	203	203
CAGE_TSS_17670	3	+	10667292	10667151	4.149469852	10667151	0	-141	-141	-141	-141	141
CAGE_TSS_17679	3	+	10758819	10758793	8.406350136	10758793	0	-26	-26	-26	-26	26
CAGE_TSS_17688	3	+	10848317	10848090	18.49691963	10848090	0	-227	-227	-227	-227	227
CAGE_TSS_17690	3	+	10911251	10911035	204.1141357	10911035	0	-216	-216	-216	-216	216
CAGE_TSS_17698	3	+	11005763	11005547	15.27824974	11005547	0	-216	-216	-216	-216	216
CAGE_TSS_17700	3	+	11012093	11012009	52.52470016	11012009	0	-84	-84	-84	-84	84
CAGE_TSS_17708	3	+	11148957	11148787	15.19894028	11148787	0	-170	-170	-170	-170	170
CAGE_TSS_17718	3	+	11249655	11249460	8.680830002	11249460	0	-195	-195	-195	-195	195
CAGE_TSS_17720	3	+	11252806	11252778	6.795470238	11252778	0	-28	-28	-28	-28	28
CAGE_TSS_17727	3	+	11278589	11278709	6.830770016	11278709	0	120	120	120	120	120
CAGE_TSS_17778	3	+	11974080	11974017	148.3601227	11974017	0	-63	-63	-63	-63	63
CAGE_TSS_17787	3	+	12352461	12352256	7.034749985	12352256	0	-205	-205	-205	-205	205
CAGE_TSS_17788	3	+	12360754	12360573	91.16178131	12360573	0	-181	-181	-181	-181	181
CAGE_TSS_17869	3	+	14239013	14238969	7.859459877	14238969	0	-44	-44	-44	-44	44
CAGE_TSS_17875	3	+	14309355	14309132	46.17726898	14309132	0	-223	-223	-223	-223	223
CAGE_TSS_17877	3	+	14320954	14320795	94.32244873	14320795	0	-159	-159	-159	-159	159
CAGE_TSS_17898	3	+	14905825	14905673	21.17380905	14905673	0	-152	-152	-152	-152	152
CAGE_TSS_17937	3	+	15567100	15566987	22.25411034	15566987	0	-113	-113	-113	-113	113
CAGE_TSS_17946	3	+	15660872	15660752	119.473671	15660752	0	-120	-120	-120	-120	120
CAGE_TSS_17956	3	+	15801372	15801338	13.14006996	15801338	0	-34	-34	-34	-34	34
CAGE_TSS_17959	3	+	15818653	15818469	21.97565079	15818469	0	-184	-184	-184	-184	184
CAGE_TSS_17972	3	+	15986865	15986701	138.9473114	15986701	0	-164	-164	-164	-164	164
CAGE_TSS_17977	3	+	15993381	15993257	72.07980347	15993257	0	-124	-124	-124	-124	124
CAGE_TSS_17981	3	+	16036400	16036114	22.45742989	16036114	0	-286	-286	-286	-286	286
CAGE_TSS_17989	3	+	16124020	16123876	8.580289841	16123876	0	-144	-144	-144	-144	144
CAGE_TSS_17998	3	+	16195957	16195876	35.01152039	16195876	0	-81	-81	-81	-81	81
CAGE_TSS_18015	3	+	16379632	16379437	227.8690948	16379437	0	-195	-195	-195	-195	195
CAGE_TSS_18016	3	+	16383747	16383714	158.6269531	16383714	0	-33	-33	-33	-33	33
CAGE_TSS_18029	3	+	16504452	16504331	7.96160984	16504331	0	-121	-121	-121	-121	121
CAGE_TSS_18030	3	+	16525411	16525185	35.61283875	16525185	0	-226	-226	-226	-226	226
CAGE_TSS_18040	3	+	16569032	16568830	11.03524971	16568830	0	-202	-202	-202	-202	202
CAGE_TSS_18051	3	+	16756621	16756452	219.0715179	16756452	0	-169	-169	-169	-169	169
CAGE_TSS_18053	3	+	16759215	16759038	102.0598373	16759038	0	-177	-177	-177	-177	177
CAGE_TSS_18055	3	+	16770937	16770733	18.13204956	16770733	0	-204	-204	-204	-204	204
CAGE_TSS_18059	3	+	16789984	16789798	38.42924881	16789798	0	-186	-186	-186	-186	186
CAGE_TSS_18061	3	+	16818538	16818487	69.95802307	16818487	0	-51	-51	-51	-51	51
CAGE_TSS_18080	3	+	16954002	16953914	148.6230927	16953914	0	-88	-88	-88	-88	88
CAGE_TSS_18088	3	+	17051636	17051406	8.306119919	17051406	0	-230	-230	-230	-230	230
CAGE_TSS_18091	3	+	17115588	17115439	94.41575623	17115439	0	-149	-149	-149	-149	149
CAGE_TSS_18101	3	+	17157957	17157877	15.07793999	17157877	0	-80	-80	-80	-80	80
CAGE_TSS_18104	3	+	17183090	17182858	13.09253025	17182858	0	-232	-232	-232	-232	232
CAGE_TSS_18106	3	+	17185594	17185297	29.34670067	17185297	0	-297	-297	-297	-297	297
CAGE_TSS_18125	3	+	17311885	17311639	9.157420158	17311639	0	-246	-246	-246	-246	246
CAGE_TSS_18129	3	+	17385312	17385302	17.74724007	17385302	0	-10	-10	-10	-10	10
CAGE_TSS_18130	3	+	17388008	17387807	49.73300171	17387807	0	-201	-201	-201	-201	201
CAGE_TSS_18135	3	+	17428031	17427835	5.476069927	17427835	0	-196	-196	-196	-196	196
CAGE_TSS_18162	3	+	17511078	17510848	105.3018036	17510848	0	-230	-230	-230	-230	230
CAGE_TSS_18164	3	+	17521029	17520879	22.12991905	17520879	0	-150	-150	-150	-150	150
CAGE_TSS_18165	3	+	17523490	17523323	33.19018173	17523323	0	-167	-167	-167	-167	167
CAGE_TSS_18166	3	+	17527570	17527397	89.11508942	17527397	0	-173	-173	-173	-173	173
CAGE_TSS_18171	3	+	17559029	17558816	38.89957047	17558816	0	-213	-213	-213	-213	213
CAGE_TSS_18174	3	+	17560501	17560721	108.6059189	17560721	0	220	220	220	220	220
CAGE_TSS_18175	3	+	17567590	17567457	49.17211151	17567457	0	-133	-133	-133	-133	133
CAGE_TSS_18179	3	+	17581108	17581006	10.81260014	17581006	0	-102	-102	-102	-102	102
CAGE_TSS_18182	3	+	17592609	17592403	12.93521023	17592403	0	-206	-206	-206	-206	206
CAGE_TSS_18198	3	+	17750710	17750715	39.33784866	17750715	0	5	5	5	5	5
CAGE_TSS_18223	3	+	17923610	17923498	19.07518005	17923498	0	-112	-112	-112	-112	112
CAGE_TSS_18231	3	+	17941318	17941188	56.84336853	17941188	0	-130	-130	-130	-130	130
CAGE_TSS_18233	3	+	17949467	17949361	20.11351967	17949361	0	-106	-106	-106	-106	106
CAGE_TSS_18235	3	+	17961288	17961095	55.17496109	17961095	0	-193	-193	-193	-193	193
CAGE_TSS_18242	3	+	18029607	18029502	30.35403061	18029502	0	-105	-105	-105	-105	105
CAGE_TSS_18246	3	+	18040767	18040672	38.93663025	18040672	0	-95	-95	-95	-95	95
CAGE_TSS_18262	3	+	18117515	18117287	5.653250217	18117287	0	-228	-228	-228	-228	228
CAGE_TSS_18266	3	+	18129601	18129399	71.33817291	18129399	0	-202	-202	-202	-202	202
CAGE_TSS_18270	3	+	18139286	18139146	53.72925949	18139146	0	-140	-140	-140	-140	140
CAGE_TSS_18274	3	+	18156001	18155781	39.79198074	18155781	0	-220	-220	-220	-220	220
CAGE_TSS_18279	3	+	18200659	18200575	7.734729767	18200575	0	-84	-84	-84	-84	84
CAGE_TSS_18282	3	+	18209332	18209266	6.267799854	18209266	0	-66	-66	-66	-66	66
CAGE_TSS_18287	3	+	18256041	18255936	10.59471035	18255936	0	-105	-105	-105	-105	105
CAGE_TSS_18297	3	+	18340986	18340824	19.60424042	18340824	0	-162	-162	-162	-162	162
CAGE_TSS_18301	3	+	18367901	18367723	137.0456848	18367723	0	-178	-178	-178	-178	178
CAGE_TSS_18307	3	+	18377559	18377437	9.828040123	18377437	0	-122	-122	-122	-122	122
CAGE_TSS_18308	3	+	18393827	18393602	99.16458893	18393602	0	-225	-225	-225	-225	225
CAGE_TSS_18313	3	+	18422676	18422623	58.56032181	18422623	0	-53	-53	-53	-53	53
CAGE_TSS_18319	3	+	18437766	18437652	197.098877	18437652	0	-114	-114	-114	-114	114
CAGE_TSS_18325	3	+	18487245	18487089	59.8615303	18487089	0	-156	-156	-156	-156	156
CAGE_TSS_18333	3	+	18510140	18509988	12.05687046	18509988	0	-152	-152	-152	-152	152
CAGE_TSS_18334	3	+	18514346	18514204	47.30138016	18514204	0	-142	-142	-142	-142	142
CAGE_TSS_18344	3	+	18635914	18635856	25.4349308	18635856	0	-58	-58	-58	-58	58
CAGE_TSS_18345	3	+	18637844	18637597	241.4907227	18637597	0	-247	-247	-247	-247	247
CAGE_TSS_18367	3	+	18840442	18840299	9.479260445	18840299	0	-143	-143	-143	-143	143
CAGE_TSS_18370	3	+	18868062	18867817	18.7191906	18867817	0	-245	-245	-245	-245	245
CAGE_TSS_18371	3	+	18873957	18873707	31.90765953	18873707	0	-250	-250	-250	-250	250
CAGE_TSS_18374	3	+	18892585	18892488	22.12388992	18892488	0	-97	-97	-97	-97	97
CAGE_TSS_18377	3	+	18910989	18910885	8.996359825	18910885	0	-104	-104	-104	-104	104
CAGE_TSS_18379	3	+	18916274	18916022	30.61989975	18916022	0	-252	-252	-252	-252	252
CAGE_TSS_18380	3	+	18918061	18917860	113.6551895	18917860	0	-201	-201	-201	-201	201
CAGE_TSS_18383	3	+	18929915	18929774	157.7347717	18929774	0	-141	-141	-141	-141	141
CAGE_TSS_18386	3	+	18940738	18940572	9.250060081	18940572	0	-166	-166	-166	-166	166
CAGE_TSS_18393	3	+	18994200	18993944	5.925529957	18993944	0	-256	-256	-256	-256	256
CAGE_TSS_18396	3	+	19013391	19013238	17.8904705	19013238	0	-153	-153	-153	-153	153
CAGE_TSS_18397	3	+	19025230	19024978	79.494133	19024978	0	-252	-252	-252	-252	252
CAGE_TSS_18423	3	+	19090994	19090947	112.0165024	19090947	0	-47	-47	-47	-47	47
CAGE_TSS_18425	3	+	19099437	19099382	8.312450409	19099382	0	-55	-55	-55	-55	55
CAGE_TSS_18430	3	+	19115319	19115087	108.2423706	19115087	0	-232	-232	-232	-232	232
CAGE_TSS_18442	3	+	19186842	19186715	17.46080017	19186715	0	-127	-127	-127	-127	127
CAGE_TSS_18453	3	+	19265993	19265868	24.01186943	19265868	0	-125	-125	-125	-125	125
CAGE_TSS_18454	3	+	19271610	19271469	16.72981071	19271469	0	-141	-141	-141	-141	141
CAGE_TSS_18456	3	+	19284403	19284318	105.7903214	19284318	0	-85	-85	-85	-85	85
CAGE_TSS_18463	3	+	19323159	19323267	28.5282402	19323267	0	108	108	108	108	108
CAGE_TSS_18474	3	+	19371286	19371217	98.56694794	19371217	0	-69	-69	-69	-69	69
CAGE_TSS_18476	3	+	19376162	19376052	7.415850163	19376052	0	-110	-110	-110	-110	110
CAGE_TSS_18478	3	+	19396643	19396402	27.40167999	19396402	0	-241	-241	-241	-241	241
CAGE_TSS_18482	3	+	19407023	19406943	9.030170441	19406943	0	-80	-80	-80	-80	80
CAGE_TSS_18483	3	+	19412124	19412016	12.92240047	19412016	0	-108	-108	-108	-108	108
CAGE_TSS_18485	3	+	19417522	19417263	102.877243	19417263	0	-259	-259	-259	-259	259
CAGE_TSS_18491	3	+	19431434	19431363	62.24934006	19431363	0	-71	-71	-71	-71	71
CAGE_TSS_18495	3	+	19450648	19450584	81.0269928	19450584	0	-64	-64	-64	-64	64
CAGE_TSS_18496	3	+	19452200	19451962	11.56075001	19451962	0	-238	-238	-238	-238	238
CAGE_TSS_18497	3	+	19465731	19465444	7.505700111	19465444	0	-287	-287	-287	-287	287
CAGE_TSS_18498	3	+	19473448	19473316	36.17092896	19473316	0	-132	-132	-132	-132	132
CAGE_TSS_18501	3	+	19484418	19484312	33.37844849	19484312	0	-106	-106	-106	-106	106
CAGE_TSS_18504	3	+	19501129	19500967	7.412650108	19500967	0	-162	-162	-162	-162	162
CAGE_TSS_18518	3	+	19525091	19524885	91.32598114	19524885	0	-206	-206	-206	-206	206
CAGE_TSS_18525	3	+	19581153	19581100	60.48987961	19581100	0	-53	-53	-53	-53	53
CAGE_TSS_18528	3	+	19587820	19587559	322.9496155	19587559	0	-261	-261	-261	-261	261
CAGE_TSS_18531	3	+	19607968	19607794	21.87877083	19607794	0	-174	-174	-174	-174	174
CAGE_TSS_18536	3	+	19634517	19634235	10.18515015	19634235	0	-282	-282	-282	-282	282
CAGE_TSS_18549	3	+	19687789	19687617	26.8684597	19687617	0	-172	-172	-172	-172	172
CAGE_TSS_18555	3	+	19707006	19706808	92.89095306	19706808	0	-198	-198	-198	-198	198
CAGE_TSS_18559	3	+	19720140	19720042	4.521009922	19720042	0	-98	-98	-98	-98	98
CAGE_TSS_18561	3	+	19723349	19723275	11.94838047	19723275	0	-74	-74	-74	-74	74
CAGE_TSS_18564	3	+	19742853	19742644	23.69973946	19742644	0	-209	-209	-209	-209	209
CAGE_TSS_18566	3	+	19792530	19792349	19.80615997	19792349	0	-181	-181	-181	-181	181
CAGE_TSS_18570	3	+	19825306	19825096	128.4407196	19825096	0	-210	-210	-210	-210	210
CAGE_TSS_18573	3	+	19841465	19841330	150.4441071	19841330	0	-135	-135	-135	-135	135
CAGE_TSS_18577	3	+	19864760	19864462	5.078410149	19864462	0	-298	-298	-298	-298	298
CAGE_TSS_18579	3	+	19875423	19875186	223.1760254	19875186	0	-237	-237	-237	-237	237
CAGE_TSS_18580	3	+	19880619	19880509	14.05747986	19880509	0	-110	-110	-110	-110	110
CAGE_TSS_18585	3	+	19889287	19889146	6.022570133	19889146	0	-141	-141	-141	-141	141
CAGE_TSS_18586	3	+	19890464	19890342	28.92250061	19890342	0	-122	-122	-122	-122	122
CAGE_TSS_18592	3	+	19915317	19915295	8.053050041	19915295	0	-22	-22	-22	-22	22
CAGE_TSS_18593	3	+	19930890	19930804	41.98397827	19930804	0	-86	-86	-86	-86	86
CAGE_TSS_18595	3	+	19940662	19940448	52.43814087	19940448	0	-214	-214	-214	-214	214
CAGE_TSS_18601	3	+	19953170	19953098	15.13560009	19953098	0	-72	-72	-72	-72	72
CAGE_TSS_18608	3	+	19996615	19996408	33.29999161	19996408	0	-207	-207	-207	-207	207
CAGE_TSS_18609	3	+	20000859	20000680	6.800970078	20000680	0	-179	-179	-179	-179	179
CAGE_TSS_18610	3	+	20005761	20005619	35.37459946	20005619	0	-142	-142	-142	-142	142
CAGE_TSS_18625	3	+	20066839	20066608	25.48945999	20066608	0	-231	-231	-231	-231	231
CAGE_TSS_18628	3	+	20091980	20091756	16.68745041	20091756	0	-224	-224	-224	-224	224
CAGE_TSS_18630	3	+	20132181	20132210	39.06082916	20132210	0	29	29	29	29	29
CAGE_TSS_18647	3	+	20211036	20210779	129.6294861	20210779	0	-257	-257	-257	-257	257
CAGE_TSS_18653	3	+	20244394	20244339	37.03853989	20244339	0	-55	-55	-55	-55	55
CAGE_TSS_18661	3	+	20296231	20296141	66.36804199	20296141	0	-90	-90	-90	-90	90
CAGE_TSS_18663	3	+	20296950	20296873	6.307350159	20296873	0	-77	-77	-77	-77	77
CAGE_TSS_18667	3	+	20310401	20310213	136.8970947	20310213	0	-188	-188	-188	-188	188
CAGE_TSS_18670	3	+	20321421	20321353	18.67107964	20321353	0	-68	-68	-68	-68	68
CAGE_TSS_18681	3	+	20396759	20396557	5.588749886	20396557	0	-202	-202	-202	-202	202
CAGE_TSS_18684	3	+	20438773	20438577	30.27893066	20438577	0	-196	-196	-196	-196	196
CAGE_TSS_18694	3	+	20496133	20495907	29.70017052	20495907	0	-226	-226	-226	-226	226
CAGE_TSS_18699	3	+	20518493	20518366	13.76817989	20518366	0	-127	-127	-127	-127	127
CAGE_TSS_18714	3	+	20557950	20557654	89.79212189	20557654	0	-296	-296	-296	-296	296
CAGE_TSS_18718	3	+	20564235	20564139	5.347859859	20564139	0	-96	-96	-96	-96	96
CAGE_TSS_18730	3	+	20639836	20639643	79.25385284	20639643	0	-193	-193	-193	-193	193
CAGE_TSS_18731	3	+	20644896	20644930	39.09729004	20644930	0	34	34	34	34	34
CAGE_TSS_18733	3	+	20667016	20666863	8.819299698	20666863	0	-153	-153	-153	-153	153
CAGE_TSS_18756	3	+	20714994	20714854	5.643239975	20714854	0	-140	-140	-140	-140	140
CAGE_TSS_18759	3	+	20736587	20736437	4.624509811	20736437	0	-150	-150	-150	-150	150
CAGE_TSS_18760	3	+	20740869	20740710	28.39963913	20740710	0	-159	-159	-159	-159	159
CAGE_TSS_18761	3	+	20747667	20747566	28.34012985	20747566	0	-101	-101	-101	-101	101
CAGE_TSS_18762	3	+	20752832	20752553	8.867650032	20752553	0	-279	-279	-279	-279	279
CAGE_TSS_18778	3	+	20842555	20842405	12.01996994	20842405	0	-150	-150	-150	-150	150
CAGE_TSS_18783	3	+	20859836	20859696	5.114459991	20859696	0	-140	-140	-140	-140	140
CAGE_TSS_18784	3	+	20865999	20865813	25.53297997	20865813	0	-186	-186	-186	-186	186
CAGE_TSS_18786	3	+	20872831	20872568	149.2041626	20872568	0	-263	-263	-263	-263	263
CAGE_TSS_18788	3	+	20882832	20882685	32.22840118	20882685	0	-147	-147	-147	-147	147
CAGE_TSS_18790	3	+	20896486	20896322	188.1672974	20896322	0	-164	-164	-164	-164	164
CAGE_TSS_18792	3	+	20915538	20915380	52.98395157	20915380	0	-158	-158	-158	-158	158
CAGE_TSS_18801	3	+	20961559	20961381	29.93964958	20961381	0	-178	-178	-178	-178	178
CAGE_TSS_18803	3	+	20964857	20964672	133.1748505	20964672	0	-185	-185	-185	-185	185
CAGE_TSS_18812	3	+	20991329	20991134	30.09123993	20991134	0	-195	-195	-195	-195	195
CAGE_TSS_18820	3	+	21059915	21059812	44.5303688	21059812	0	-103	-103	-103	-103	103
CAGE_TSS_18825	3	+	21076544	21076288	54.41563034	21076288	0	-256	-256	-256	-256	256
CAGE_TSS_18833	3	+	21109761	21109638	43.49826813	21109638	0	-123	-123	-123	-123	123
CAGE_TSS_18836	3	+	21121360	21121261	10.80681038	21121261	0	-99	-99	-99	-99	99
CAGE_TSS_18839	3	+	21128529	21128366	13.9261198	21128366	0	-163	-163	-163	-163	163
CAGE_TSS_18841	3	+	21150721	21150540	12.14369965	21150540	0	-181	-181	-181	-181	181
CAGE_TSS_18845	3	+	21177422	21177212	184.7454834	21177212	0	-210	-210	-210	-210	210
CAGE_TSS_18857	3	+	21229790	21229609	13.17934036	21229609	0	-181	-181	-181	-181	181
CAGE_TSS_18864	3	+	21306700	21306660	11.15729046	21306660	0	-40	-40	-40	-40	40
CAGE_TSS_18870	3	+	21349509	21349514	5.232699871	21349514	0	5	5	5	5	5
CAGE_TSS_18872	3	+	21353533	21353383	7.62857008	21353383	0	-150	-150	-150	-150	150
CAGE_TSS_18884	3	+	21426303	21426015	7.115719795	21426015	0	-288	-288	-288	-288	288
CAGE_TSS_18903	3	+	21632859	21632729	13.64398003	21632729	0	-130	-130	-130	-130	130
CAGE_TSS_18917	3	+	21680337	21680096	19.4578495	21680096	0	-241	-241	-241	-241	241
CAGE_TSS_18918	3	+	21701533	21701243	9.343150139	21701243	0	-290	-290	-290	-290	290
CAGE_TSS_18925	3	+	21715036	21714919	128.3750916	21714919	0	-117	-117	-117	-117	117
CAGE_TSS_18927	3	+	21716216	21715961	146.8480225	21715961	0	-255	-255	-255	-255	255
CAGE_TSS_18933	3	+	21748227	21748044	9.147500038	21748044	0	-183	-183	-183	-183	183
CAGE_TSS_18934	3	+	21750556	21750378	6.588749886	21750378	0	-178	-178	-178	-178	178
CAGE_TSS_18942	3	+	21839203	21839021	12.98040962	21839021	0	-182	-182	-182	-182	182
CAGE_TSS_18947	3	+	21889578	21889409	42.3288002	21889409	0	-169	-169	-169	-169	169
CAGE_TSS_18951	3	+	21911569	21911599	10.05706978	21911599	0	30	30	30	30	30
CAGE_TSS_18952	3	+	21918486	21918370	10.46298027	21918370	0	-116	-116	-116	-116	116
CAGE_TSS_18953	3	+	21932526	21932616	17.35413933	21932616	0	90	90	90	90	90
CAGE_TSS_18957	3	+	21948459	21948340	10.61697006	21948340	0	-119	-119	-119	-119	119
CAGE_TSS_18961	3	+	21986551	21986518	14.44347954	21986518	0	-33	-33	-33	-33	33
CAGE_TSS_18971	3	+	22033185	22032997	126.0274506	22032997	0	-188	-188	-188	-188	188
CAGE_TSS_18972	3	+	22039475	22039294	7.13492012	22039294	0	-181	-181	-181	-181	181
CAGE_TSS_18996	3	+	22187562	22187380	5.446670055	22187380	0	-182	-182	-182	-182	182
CAGE_TSS_18998	3	+	22197920	22197951	8.007100105	22197951	0	31	31	31	31	31
CAGE_TSS_19000	3	+	22210244	22210091	109.8578186	22210091	0	-153	-153	-153	-153	153
CAGE_TSS_19002	3	+	22211250	22211151	11.75835037	22211151	0	-99	-99	-99	-99	99
CAGE_TSS_19009	3	+	22268746	22268546	6.66794014	22268546	0	-200	-200	-200	-200	200
CAGE_TSS_19014	3	+	22273930	22273814	25.87215996	22273814	0	-116	-116	-116	-116	116
CAGE_TSS_19024	3	+	22304159	22304045	7.89718008	22304045	0	-114	-114	-114	-114	114
CAGE_TSS_19034	3	+	22349496	22349323	150.1586151	22349323	0	-173	-173	-173	-173	173
CAGE_TSS_19036	3	+	22373319	22373153	69.57881165	22373153	0	-166	-166	-166	-166	166
CAGE_TSS_19038	3	+	22374155	22374353	8.835450172	22374353	0	198	198	198	198	198
CAGE_TSS_19039	3	+	22379776	22379587	20.07929039	22379587	0	-189	-189	-189	-189	189
CAGE_TSS_19071	3	+	22481922	22481858	19.35577965	22481858	0	-64	-64	-64	-64	64
CAGE_TSS_19077	3	+	22535721	22535533	31.25396919	22535533	0	-188	-188	-188	-188	188
CAGE_TSS_19084	3	+	22603016	22602807	11.0273304	22602807	0	-209	-209	-209	-209	209
CAGE_TSS_19091	3	+	22622007	22621738	13.48099041	22621738	0	-269	-269	-269	-269	269
CAGE_TSS_19097	3	+	22645585	22645498	5.968249798	22645498	0	-87	-87	-87	-87	87
CAGE_TSS_19105	3	+	22678151	22678042	67.3793335	22678042	0	-109	-109	-109	-109	109
CAGE_TSS_19109	3	+	22702705	22702544	87.57047272	22702544	0	-161	-161	-161	-161	161
CAGE_TSS_19113	3	+	22721037	22720817	83.59027863	22720817	0	-220	-220	-220	-220	220
CAGE_TSS_19133	3	+	22776384	22776223	14.41952038	22776223	0	-161	-161	-161	-161	161
CAGE_TSS_19137	3	+	22786064	22785780	23.37449074	22785780	0	-284	-284	-284	-284	284
CAGE_TSS_19149	3	+	22827763	22827528	138.5016174	22827528	0	-235	-235	-235	-235	235
CAGE_TSS_19152	3	+	22864551	22864458	8.057800293	22864458	0	-93	-93	-93	-93	93
CAGE_TSS_19158	3	+	22895329	22895258	17.29447937	22895258	0	-71	-71	-71	-71	71
CAGE_TSS_19160	3	+	22902637	22902557	38.30519104	22902557	0	-80	-80	-80	-80	80
CAGE_TSS_19163	3	+	22922001	22921947	10.75123024	22921947	0	-54	-54	-54	-54	54
CAGE_TSS_19181	3	+	22995779	22995784	103.7885208	22995784	0	5	5	5	5	5
CAGE_TSS_19182	3	+	23004945	23004660	139.034668	23004660	0	-285	-285	-285	-285	285
CAGE_TSS_19195	3	+	23080757	23080673	7.28346014	23080673	0	-84	-84	-84	-84	84
CAGE_TSS_19197	3	+	23089648	23089433	125.8538132	23089433	0	-215	-215	-215	-215	215
CAGE_TSS_19202	3	+	23116387	23116114	18.99440956	23116114	0	-273	-273	-273	-273	273
CAGE_TSS_19212	3	+	23142532	23142438	5.044929981	23142438	0	-94	-94	-94	-94	94
CAGE_TSS_19213	3	+	23146919	23146844	84.11550903	23146844	0	-75	-75	-75	-75	75
CAGE_TSS_19215	3	+	23159830	23159555	5.028870106	23159555	0	-275	-275	-275	-275	275
CAGE_TSS_19225	3	+	23201281	23201070	43.38177109	23201070	0	-211	-211	-211	-211	211
CAGE_TSS_19234	3	+	23233369	23233624	13.19021034	23233624	0	255	255	255	255	255
CAGE_TSS_19240	3	+	23266240	23265993	44.28781891	23265993	0	-247	-247	-247	-247	247
CAGE_TSS_19243	3	+	23282745	23282643	13.4884901	23282643	0	-102	-102	-102	-102	102
CAGE_TSS_19255	3	+	23334615	23334468	21.07858086	23334468	0	-147	-147	-147	-147	147
CAGE_TSS_19257	3	+	23353807	23353532	8.736829758	23353532	0	-275	-275	-275	-275	275
CAGE_TSS_19266	3	+	23417289	23417204	5.829070091	23417204	0	-85	-85	-85	-85	85
CAGE_TSS_19267	3	+	23420386	23420289	13.8571701	23420289	0	-97	-97	-97	-97	97
CAGE_TSS_19269	3	+	23427018	23426886	12.43931961	23426886	0	-132	-132	-132	-132	132
CAGE_TSS_19271	3	+	23438474	23438259	5.266129971	23438259	0	-215	-215	-215	-215	215
CAGE_TSS_23165	4	+	128660	128566	5.48635006	128566	0	-94	-94	-94	-94	94
CAGE_TSS_23166	4	+	131468	131195	150.488205	131195	0	-273	-273	-273	-273	273
CAGE_TSS_23172	4	+	160545	160559	29.87915039	160559	0	14	14	14	14	14
CAGE_TSS_23191	4	+	290264	290361	121.0689011	290361	0	97	97	97	97	97
CAGE_TSS_23192	4	+	307738	307573	14.19565964	307573	0	-165	-165	-165	-165	165
CAGE_TSS_23193	4	+	314324	314120	12.83539009	314120	0	-204	-204	-204	-204	204
CAGE_TSS_23203	4	+	381788	381762	141.3036957	381762	0	-26	-26	-26	-26	26
CAGE_TSS_23215	4	+	447051	446920	155.1730347	446920	0	-131	-131	-131	-131	131
CAGE_TSS_23226	4	+	477155	476922	12.70930004	476922	0	-233	-233	-233	-233	233
CAGE_TSS_23238	4	+	535241	535128	18.80262947	535128	0	-113	-113	-113	-113	113
CAGE_TSS_23245	4	+	564699	564579	16.38986015	564579	0	-120	-120	-120	-120	120
CAGE_TSS_23256	4	+	626117	626093	4.811749935	626093	0	-24	-24	-24	-24	24
CAGE_TSS_23274	4	+	700585	700417	21.34334946	700417	0	-168	-168	-168	-168	168
CAGE_TSS_23284	4	+	753289	753222	11.12742043	753222	0	-67	-67	-67	-67	67
CAGE_TSS_23285	4	+	756491	756219	20.19737053	756219	0	-272	-272	-272	-272	272
CAGE_TSS_23286	4	+	761601	761353	13.57120037	761353	0	-248	-248	-248	-248	248
CAGE_TSS_23289	4	+	793395	793255	68.90209198	793255	0	-140	-140	-140	-140	140
CAGE_TSS_23290	4	+	808673	808405	8.902620316	808405	0	-268	-268	-268	-268	268
CAGE_TSS_23299	4	+	881184	881025	33.21308136	881025	0	-159	-159	-159	-159	159
CAGE_TSS_23312	4	+	930157	930097	29.81209946	930097	0	-60	-60	-60	-60	60
CAGE_TSS_23313	4	+	940792	940632	69.1882782	940632	0	-160	-160	-160	-160	160
CAGE_TSS_23317	4	+	972658	972592	18.49270058	972592	0	-66	-66	-66	-66	66
CAGE_TSS_23320	4	+	994926	994727	24.51125908	994727	0	-199	-199	-199	-199	199
CAGE_TSS_23327	4	+	1035680	1035444	19.57781982	1035444	0	-236	-236	-236	-236	236
CAGE_TSS_23329	4	+	1038095	1037801	38.23218918	1037801	0	-294	-294	-294	-294	294
CAGE_TSS_23330	4	+	1041131	1040983	181.4050751	1040983	0	-148	-148	-148	-148	148
CAGE_TSS_23335	4	+	1068974	1068936	40.40657043	1068936	0	-38	-38	-38	-38	38
CAGE_TSS_23336	4	+	1072550	1072420	30.80315971	1072420	0	-130	-130	-130	-130	130
CAGE_TSS_23339	4	+	1092066	1091869	10.89789963	1091869	0	-197	-197	-197	-197	197
CAGE_TSS_23354	4	+	1117153	1117008	135.2052002	1117008	0	-145	-145	-145	-145	145
CAGE_TSS_23364	4	+	1144003	1143738	36.99295044	1143738	0	-265	-265	-265	-265	265
CAGE_TSS_23368	4	+	1154006	1153869	66.6064682	1153869	0	-137	-137	-137	-137	137
CAGE_TSS_23390	4	+	1321845	1321678	6.36111021	1321678	0	-167	-167	-167	-167	167
CAGE_TSS_23396	4	+	1374258	1374098	41.34494019	1374098	0	-160	-160	-160	-160	160
CAGE_TSS_23407	4	+	1428196	1428097	27.90624046	1428097	0	-99	-99	-99	-99	99
CAGE_TSS_23420	4	+	1487751	1487648	16.94524956	1487648	0	-103	-103	-103	-103	103
CAGE_TSS_23425	4	+	1553177	1553028	7.670249939	1553028	0	-149	-149	-149	-149	149
CAGE_TSS_23429	4	+	1580213	1579955	47.26924896	1579955	0	-258	-258	-258	-258	258
CAGE_TSS_23449	4	+	1887607	1887444	25.89205933	1887444	0	-163	-163	-163	-163	163
CAGE_TSS_23451	4	+	1932144	1931862	9.659830093	1931862	0	-282	-282	-282	-282	282
CAGE_TSS_23473	4	+	2030359	2030241	71.21791077	2030241	0	-118	-118	-118	-118	118
CAGE_TSS_23485	4	+	2181239	2181121	11.68624973	2181121	0	-118	-118	-118	-118	118
CAGE_TSS_23502	4	+	2367534	2367235	8.919300079	2367235	0	-299	-299	-299	-299	299
CAGE_TSS_23511	4	+	2445858	2445727	55.31703186	2445727	0	-131	-131	-131	-131	131
CAGE_TSS_23512	4	+	2449624	2449461	200.5534515	2449461	0	-163	-163	-163	-163	163
CAGE_TSS_23514	4	+	2453008	2452743	167.9138641	2452743	0	-265	-265	-265	-265	265
CAGE_TSS_23517	4	+	2471989	2471736	6.213479996	2471736	0	-253	-253	-253	-253	253
CAGE_TSS_23520	4	+	2506162	2505937	21.48184013	2505937	0	-225	-225	-225	-225	225
CAGE_TSS_23522	4	+	2533055	2532804	23.71360016	2532804	0	-251	-251	-251	-251	251
CAGE_TSS_23526	4	+	2563041	2562778	9.530879974	2562778	0	-263	-263	-263	-263	263
CAGE_TSS_23529	4	+	2572697	2572457	220.4095459	2572457	0	-240	-240	-240	-240	240
CAGE_TSS_23533	4	+	2587645	2587883	6.633039951	2587883	0	238	238	238	238	238
CAGE_TSS_23535	4	+	2609146	2608955	7.952670097	2608955	0	-191	-191	-191	-191	191
CAGE_TSS_23538	4	+	2660347	2660165	17.28593063	2660165	0	-182	-182	-182	-182	182
CAGE_TSS_23539	4	+	2661611	2661530	40.33058167	2661530	0	-81	-81	-81	-81	81
CAGE_TSS_23542	4	+	2675098	2674935	10.48209953	2674935	0	-163	-163	-163	-163	163
CAGE_TSS_23544	4	+	2718013	2717987	85.32068634	2717987	0	-26	-26	-26	-26	26
CAGE_TSS_23547	4	+	2719012	2719160	7.422540188	2719160	0	148	148	148	148	148
CAGE_TSS_23604	4	+	3898946	3898810	89.79424286	3898810	0	-136	-136	-136	-136	136
CAGE_TSS_23626	4	+	4643834	4643744	47.93054962	4643744	0	-90	-90	-90	-90	90
CAGE_TSS_23639	4	+	4824621	4824321	18.49270058	4824321	0	-300	-300	-300	-300	300
CAGE_TSS_23645	4	+	4866627	4866542	5.859700203	4866542	0	-85	-85	-85	-85	85
CAGE_TSS_23647	4	+	4886981	4886778	24.34004021	4886778	0	-203	-203	-203	-203	203
CAGE_TSS_23655	4	+	5169567	5169377	18.21602058	5169377	0	-190	-190	-190	-190	190
CAGE_TSS_23657	4	+	5194684	5194526	16.93392944	5194526	0	-158	-158	-158	-158	158
CAGE_TSS_23672	4	+	5375779	5375543	5.898099899	5375543	0	-236	-236	-236	-236	236
CAGE_TSS_23679	4	+	5461485	5461238	7.89718008	5461238	0	-247	-247	-247	-247	247
CAGE_TSS_23682	4	+	5500325	5500118	7.849440098	5500118	0	-207	-207	-207	-207	207
CAGE_TSS_23691	4	+	5703378	5703151	12.28312016	5703151	0	-227	-227	-227	-227	227
CAGE_TSS_23693	4	+	5723708	5723847	17.02433968	5723847	0	139	139	139	139	139
CAGE_TSS_23699	4	+	5729489	5729378	6.667809963	5729378	0	-111	-111	-111	-111	111
CAGE_TSS_23721	4	+	5847432	5847294	15.16168022	5847294	0	-138	-138	-138	-138	138
CAGE_TSS_23725	4	+	5923467	5923236	8.316439629	5923236	0	-231	-231	-231	-231	231
CAGE_TSS_23730	4	+	5992992	5992917	40.96886063	5992917	0	-75	-75	-75	-75	75
CAGE_TSS_23733	4	+	6018170	6017959	136.4756012	6017959	0	-211	-211	-211	-211	211
CAGE_TSS_23735	4	+	6049547	6049371	26.77721977	6049371	0	-176	-176	-176	-176	176
CAGE_TSS_23758	4	+	6277040	6276824	7.127779961	6276824	0	-216	-216	-216	-216	216
CAGE_TSS_23760	4	+	6288852	6288716	193.6603241	6288716	0	-136	-136	-136	-136	136
CAGE_TSS_23761	4	+	6305424	6305164	10.75881958	6305164	0	-260	-260	-260	-260	260
CAGE_TSS_23771	4	+	6327968	6327694	36.68318176	6327694	0	-274	-274	-274	-274	274
CAGE_TSS_23786	4	+	6491069	6490953	83.12458801	6490953	0	-116	-116	-116	-116	116
CAGE_TSS_23794	4	+	6631514	6631484	110.0569	6631484	0	-30	-30	-30	-30	30
CAGE_TSS_23805	4	+	6768615	6768538	33.47153854	6768538	0	-77	-77	-77	-77	77
CAGE_TSS_23807	4	+	6771639	6771359	15.04004955	6771359	0	-280	-280	-280	-280	280
CAGE_TSS_23818	4	+	6811092	6810955	13.66151047	6810955	0	-137	-137	-137	-137	137
CAGE_TSS_23820	4	+	6826643	6826527	137.6155701	6826527	0	-116	-116	-116	-116	116
CAGE_TSS_23821	4	+	6832642	6832598	27.13312912	6832598	0	-44	-44	-44	-44	44
CAGE_TSS_23824	4	+	6847162	6846952	16.34749031	6846952	0	-210	-210	-210	-210	210
CAGE_TSS_23826	4	+	6854363	6854071	14.68387032	6854071	0	-292	-292	-292	-292	292
CAGE_TSS_23830	4	+	6877907	6877679	13.23542023	6877679	0	-228	-228	-228	-228	228
CAGE_TSS_23837	4	+	6892048	6891909	17.88764	6891909	0	-139	-139	-139	-139	139
CAGE_TSS_23839	4	+	6901488	6901496	45.12522888	6901496	0	8	8	8	8	8
CAGE_TSS_23841	4	+	6906018	6905751	23.84947014	6905751	0	-267	-267	-267	-267	267
CAGE_TSS_23853	4	+	7004354	7004127	115.3232727	7004127	0	-227	-227	-227	-227	227
CAGE_TSS_23859	4	+	7019699	7019548	9.244179726	7019548	0	-151	-151	-151	-151	151
CAGE_TSS_23860	4	+	7021356	7021223	43.69874954	7021223	0	-133	-133	-133	-133	133
CAGE_TSS_23862	4	+	7038570	7038393	17.07061958	7038393	0	-177	-177	-177	-177	177
CAGE_TSS_23863	4	+	7042621	7042401	24.34288979	7042401	0	-220	-220	-220	-220	220
CAGE_TSS_23875	4	+	7201627	7201583	9.621729851	7201583	0	-44	-44	-44	-44	44
CAGE_TSS_23876	4	+	7210934	7210778	29.13019943	7210778	0	-156	-156	-156	-156	156
CAGE_TSS_23879	4	+	7231905	7231630	7.689970016	7231630	0	-275	-275	-275	-275	275
CAGE_TSS_23883	4	+	7254045	7253890	10.21897984	7253890	0	-155	-155	-155	-155	155
CAGE_TSS_23884	4	+	7263592	7263607	30.89786911	7263607	0	15	15	15	15	15
CAGE_TSS_23886	4	+	7284596	7284385	14.24230957	7284385	0	-211	-211	-211	-211	211
CAGE_TSS_23907	4	+	7391275	7391223	11.91930962	7391223	0	-52	-52	-52	-52	52
CAGE_TSS_23913	4	+	7441767	7441672	26.21773911	7441672	0	-95	-95	-95	-95	95
CAGE_TSS_23914	4	+	7445367	7445339	44.60942078	7445339	0	-28	-28	-28	-28	28
CAGE_TSS_23919	4	+	7480725	7480513	132.7905579	7480513	0	-212	-212	-212	-212	212
CAGE_TSS_23920	4	+	7487566	7487414	34.36217117	7487414	0	-152	-152	-152	-152	152
CAGE_TSS_23925	4	+	7521439	7521152	14.31923008	7521152	0	-287	-287	-287	-287	287
CAGE_TSS_23937	4	+	7603139	7603042	30.04545021	7603042	0	-97	-97	-97	-97	97
CAGE_TSS_23938	4	+	7607359	7607184	12.23118973	7607184	0	-175	-175	-175	-175	175
CAGE_TSS_23939	4	+	7613295	7613206	89.86663055	7613206	0	-89	-89	-89	-89	89
CAGE_TSS_23941	4	+	7617553	7617443	48.3370285	7617443	0	-110	-110	-110	-110	110
CAGE_TSS_23943	4	+	7641506	7641393	272.1435242	7641393	0	-113	-113	-113	-113	113
CAGE_TSS_23945	4	+	7653644	7653456	83.90908813	7653456	0	-188	-188	-188	-188	188
CAGE_TSS_23958	4	+	7775127	7774944	168.4015656	7774944	0	-183	-183	-183	-183	183
CAGE_TSS_23963	4	+	7809027	7808881	107.1270599	7808881	0	-146	-146	-146	-146	146
CAGE_TSS_23965	4	+	7810188	7809942	10.44289017	7809942	0	-246	-246	-246	-246	246
CAGE_TSS_23968	4	+	7842968	7842733	9.747249603	7842733	0	-235	-235	-235	-235	235
CAGE_TSS_23975	4	+	7858182	7858100	14.18072987	7858100	0	-82	-82	-82	-82	82
CAGE_TSS_23977	4	+	7864417	7864152	6.116799831	7864152	0	-265	-265	-265	-265	265
CAGE_TSS_23982	4	+	7869781	7869624	38.13357925	7869624	0	-157	-157	-157	-157	157
CAGE_TSS_23985	4	+	7924264	7924274	11.90546036	7924274	0	10	10	10	10	10
CAGE_TSS_23989	4	+	7946228	7945963	35.35229111	7945963	0	-265	-265	-265	-265	265
CAGE_TSS_23996	4	+	7970279	7970005	11.57721996	7970005	0	-274	-274	-274	-274	274
CAGE_TSS_23998	4	+	8011410	8011321	29.03473091	8011321	0	-89	-89	-89	-89	89
CAGE_TSS_24001	4	+	8012355	8012225	23.07541084	8012225	0	-130	-130	-130	-130	130
CAGE_TSS_24006	4	+	8022503	8022406	167.7554169	8022406	0	-97	-97	-97	-97	97
CAGE_TSS_24012	4	+	8084250	8083954	11.9000597	8083954	0	-296	-296	-296	-296	296
CAGE_TSS_24015	4	+	8103649	8103353	62.93904114	8103353	0	-296	-296	-296	-296	296
CAGE_TSS_24038	4	+	8320630	8320541	16.46578979	8320541	0	-89	-89	-89	-89	89
CAGE_TSS_24039	4	+	8334253	8333966	169.1698151	8333966	0	-287	-287	-287	-287	287
CAGE_TSS_24046	4	+	8347087	8346966	5.76843977	8346966	0	-121	-121	-121	-121	121
CAGE_TSS_24057	4	+	8397735	8397539	41.91791916	8397539	0	-196	-196	-196	-196	196
CAGE_TSS_24073	4	+	8538741	8538482	34.55529022	8538482	0	-259	-259	-259	-259	259
CAGE_TSS_24074	4	+	8541862	8541746	202.4331665	8541746	0	-116	-116	-116	-116	116
CAGE_TSS_24075	4	+	8543500	8543247	20.2410202	8543247	0	-253	-253	-253	-253	253
CAGE_TSS_24091	4	+	8634761	8634507	14.93626022	8634507	0	-254	-254	-254	-254	254
CAGE_TSS_24092	4	+	8637713	8637508	31.81343079	8637508	0	-205	-205	-205	-205	205
CAGE_TSS_24093	4	+	8641474	8641372	65.81278229	8641372	0	-102	-102	-102	-102	102
CAGE_TSS_24094	4	+	8646150	8646022	24.54413033	8646022	0	-128	-128	-128	-128	128
CAGE_TSS_24106	4	+	8708865	8708642	21.2589798	8708642	0	-223	-223	-223	-223	223
CAGE_TSS_24107	4	+	8713688	8713716	7.106249809	8713716	0	28	28	28	28	28
CAGE_TSS_24111	4	+	8804119	8804026	11.06221962	8804026	0	-93	-93	-93	-93	93
CAGE_TSS_24112	4	+	8806413	8806182	62.71403122	8806182	0	-231	-231	-231	-231	231
CAGE_TSS_24113	4	+	8807521	8807300	233.3027954	8807300	0	-221	-221	-221	-221	221
CAGE_TSS_24115	4	+	8817083	8816987	15.99069023	8816987	0	-96	-96	-96	-96	96
CAGE_TSS_24116	4	+	8821686	8821453	8.808859825	8821453	0	-233	-233	-233	-233	233
CAGE_TSS_24120	4	+	8837456	8837264	107.7323685	8837264	0	-192	-192	-192	-192	192
CAGE_TSS_24139	4	+	8884013	8883754	193.6699066	8883754	0	-259	-259	-259	-259	259
CAGE_TSS_24154	4	+	8909101	8908997	20.66188049	8908997	0	-104	-104	-104	-104	104
CAGE_TSS_24157	4	+	8917434	8917214	18.39345932	8917214	0	-220	-220	-220	-220	220
CAGE_TSS_24159	4	+	8918350	8918065	27.03796005	8918065	0	-285	-285	-285	-285	285
CAGE_TSS_24166	4	+	8976642	8976599	185.715683	8976599	0	-43	-43	-43	-43	43
CAGE_TSS_24171	4	+	8982281	8982071	80.01386261	8982071	0	-210	-210	-210	-210	210
CAGE_TSS_24173	4	+	8984858	8984665	59.34307098	8984665	0	-193	-193	-193	-193	193
CAGE_TSS_24178	4	+	9012644	9012434	16.64417076	9012434	0	-210	-210	-210	-210	210
CAGE_TSS_24202	4	+	9120868	9120791	5.643260002	9120791	0	-77	-77	-77	-77	77
CAGE_TSS_24210	4	+	9171468	9171388	6.682499886	9171388	0	-80	-80	-80	-80	80
CAGE_TSS_24217	4	+	9200205	9200013	5.79776001	9200013	0	-192	-192	-192	-192	192
CAGE_TSS_24224	4	+	9254569	9254469	85.68701172	9254469	0	-100	-100	-100	-100	100
CAGE_TSS_24229	4	+	9260553	9260445	21.91990089	9260445	0	-108	-108	-108	-108	108
CAGE_TSS_24232	4	+	9267535	9267423	16.27359009	9267423	0	-112	-112	-112	-112	112
CAGE_TSS_24233	4	+	9278786	9278597	6.624650002	9278597	0	-189	-189	-189	-189	189
CAGE_TSS_24246	4	+	9376750	9376642	13.75566006	9376642	0	-108	-108	-108	-108	108
CAGE_TSS_24251	4	+	9385219	9385126	94.04678345	9385126	0	-93	-93	-93	-93	93
CAGE_TSS_24252	4	+	9386190	9385991	19.72249031	9385991	0	-199	-199	-199	-199	199
CAGE_TSS_24258	4	+	9449204	9449006	50.78676987	9449006	0	-198	-198	-198	-198	198
CAGE_TSS_24259	4	+	9470457	9470381	97.93351746	9470381	0	-76	-76	-76	-76	76
CAGE_TSS_24303	4	+	9701446	9701360	14.92928028	9701360	0	-86	-86	-86	-86	86
CAGE_TSS_24309	4	+	9759324	9759137	312.0857849	9759137	0	-187	-187	-187	-187	187
CAGE_TSS_24318	4	+	9780318	9780125	13.08246994	9780125	0	-193	-193	-193	-193	193
CAGE_TSS_24326	4	+	9816555	9816382	43.97476959	9816382	0	-173	-173	-173	-173	173
CAGE_TSS_24327	4	+	9818019	9817990	51.70075989	9817990	0	-29	-29	-29	-29	29
CAGE_TSS_24334	4	+	9865135	9865101	70.44651031	9865101	0	-34	-34	-34	-34	34
CAGE_TSS_24344	4	+	9915897	9915728	6.360270023	9915728	0	-169	-169	-169	-169	169
CAGE_TSS_24345	4	+	9928666	9928519	11.59265041	9928519	0	-147	-147	-147	-147	147
CAGE_TSS_24357	4	+	9965744	9965555	18.42860985	9965555	0	-189	-189	-189	-189	189
CAGE_TSS_24365	4	+	10031131	10031101	9.992939949	10031101	0	-30	-30	-30	-30	30
CAGE_TSS_24366	4	+	10038085	10037947	29.63022995	10037947	0	-138	-138	-138	-138	138
CAGE_TSS_24369	4	+	10055449	10055302	247.4875946	10055302	0	-147	-147	-147	-147	147
CAGE_TSS_24372	4	+	10073789	10073637	9.692660332	10073637	0	-152	-152	-152	-152	152
CAGE_TSS_24378	4	+	10082108	10082001	47.47726822	10082001	0	-107	-107	-107	-107	107
CAGE_TSS_24386	4	+	10157912	10157700	81.84358215	10157700	0	-212	-212	-212	-212	212
CAGE_TSS_24396	4	+	10217397	10217344	58.66857147	10217344	0	-53	-53	-53	-53	53
CAGE_TSS_24404	4	+	10250778	10250543	13.06138039	10250543	0	-235	-235	-235	-235	235
CAGE_TSS_24412	4	+	10296408	10296240	77.85193634	10296240	0	-168	-168	-168	-168	168
CAGE_TSS_24419	4	+	10322143	10321971	5.148369789	10321971	0	-172	-172	-172	-172	172
CAGE_TSS_24422	4	+	10352607	10352494	214.298584	10352494	0	-113	-113	-113	-113	113
CAGE_TSS_24425	4	+	10366131	10365980	23.51860046	10365980	0	-151	-151	-151	-151	151
CAGE_TSS_24426	4	+	10370768	10370571	7.239280224	10370571	0	-197	-197	-197	-197	197
CAGE_TSS_24427	4	+	10372719	10372541	14.97504044	10372541	0	-178	-178	-178	-178	178
CAGE_TSS_24428	4	+	10375463	10375182	106.7055206	10375182	0	-281	-281	-281	-281	281
CAGE_TSS_24431	4	+	10398904	10398760	58.48173904	10398760	0	-144	-144	-144	-144	144
CAGE_TSS_24438	4	+	10469664	10469631	168.2946625	10469631	0	-33	-33	-33	-33	33
CAGE_TSS_24452	4	+	10578497	10578323	140.8058167	10578323	0	-174	-174	-174	-174	174
CAGE_TSS_24458	4	+	10633772	10633649	11.69256973	10633649	0	-123	-123	-123	-123	123
CAGE_TSS_24468	4	+	10703339	10703097	48.9233284	10703097	0	-242	-242	-242	-242	242
CAGE_TSS_24478	4	+	10813340	10813093	17.3355999	10813093	0	-247	-247	-247	-247	247
CAGE_TSS_24481	4	+	10823639	10823359	37.28358841	10823359	0	-280	-280	-280	-280	280
CAGE_TSS_24484	4	+	10838309	10838160	8.380249977	10838160	0	-149	-149	-149	-149	149
CAGE_TSS_24487	4	+	10861454	10861224	45.31663132	10861224	0	-230	-230	-230	-230	230
CAGE_TSS_24494	4	+	10883905	10883779	11.03501987	10883779	0	-126	-126	-126	-126	126
CAGE_TSS_24495	4	+	10896685	10896547	5.004220009	10896547	0	-138	-138	-138	-138	138
CAGE_TSS_24498	4	+	10942213	10942347	15.0962801	10942347	0	134	134	134	134	134
CAGE_TSS_24513	4	+	10989970	10989789	23.07790947	10989789	0	-181	-181	-181	-181	181
CAGE_TSS_24518	4	+	11004579	11004418	43.88975906	11004418	0	-161	-161	-161	-161	161
CAGE_TSS_24527	4	+	11155455	11155349	24.95749092	11155349	0	-106	-106	-106	-106	106
CAGE_TSS_24533	4	+	11172621	11172412	56.71286011	11172412	0	-209	-209	-209	-209	209
CAGE_TSS_24534	4	+	11182092	11181850	82.51702118	11181850	0	-242	-242	-242	-242	242
CAGE_TSS_24539	4	+	11216948	11216781	7.02241993	11216781	0	-167	-167	-167	-167	167
CAGE_TSS_24540	4	+	11241513	11241426	28.97793961	11241426	0	-87	-87	-87	-87	87
CAGE_TSS_24568	4	+	11345977	11345842	49.32524109	11345842	0	-135	-135	-135	-135	135
CAGE_TSS_24574	4	+	11426055	11425999	28.3567009	11425999	0	-56	-56	-56	-56	56
CAGE_TSS_24581	4	+	11456139	11456181	7.780960083	11456181	0	42	42	42	42	42
CAGE_TSS_24583	4	+	11475746	11475469	5.956910133	11475469	0	-277	-277	-277	-277	277
CAGE_TSS_24586	4	+	11485130	11485056	63.75495148	11485056	0	-74	-74	-74	-74	74
CAGE_TSS_24589	4	+	11491482	11491243	27.16770935	11491243	0	-239	-239	-239	-239	239
CAGE_TSS_24591	4	+	11511062	11510961	6.789259911	11510961	0	-101	-101	-101	-101	101
CAGE_TSS_24596	4	+	11545902	11545855	20.43714905	11545855	0	-47	-47	-47	-47	47
CAGE_TSS_24601	4	+	11561185	11560892	28.73047066	11560892	0	-293	-293	-293	-293	293
CAGE_TSS_24608	4	+	11601916	11601808	57.84672165	11601808	0	-108	-108	-108	-108	108
CAGE_TSS_24619	4	+	11655690	11655614	11.87642002	11655614	0	-76	-76	-76	-76	76
CAGE_TSS_24627	4	+	11755309	11755103	79.11672211	11755103	0	-206	-206	-206	-206	206
CAGE_TSS_24631	4	+	11773337	11773232	30.09863091	11773232	0	-105	-105	-105	-105	105
CAGE_TSS_24637	4	+	11807648	11807441	11.91633987	11807441	0	-207	-207	-207	-207	207
CAGE_TSS_24644	4	+	11907463	11907244	5.257420063	11907244	0	-219	-219	-219	-219	219
CAGE_TSS_24646	4	+	11917086	11916902	20.87781906	11916902	0	-184	-184	-184	-184	184
CAGE_TSS_24653	4	+	11934968	11934689	34.02268982	11934689	0	-279	-279	-279	-279	279
CAGE_TSS_24656	4	+	11958381	11958179	6.448239803	11958179	0	-202	-202	-202	-202	202
CAGE_TSS_24658	4	+	11984139	11984150	6.017809868	11984150	0	11	11	11	11	11
CAGE_TSS_24667	4	+	12012676	12012392	25.96647072	12012392	0	-284	-284	-284	-284	284
CAGE_TSS_24669	4	+	12019500	12019450	10.56377983	12019450	0	-50	-50	-50	-50	50
CAGE_TSS_24672	4	+	12054439	12054235	10.17294025	12054235	0	-204	-204	-204	-204	204
CAGE_TSS_24673	4	+	12080059	12079863	226.6005249	12079863	0	-196	-196	-196	-196	196
CAGE_TSS_24679	4	+	12138184	12137945	6.107820034	12137945	0	-239	-239	-239	-239	239
CAGE_TSS_24681	4	+	12171069	12170932	101.3219376	12170932	0	-137	-137	-137	-137	137
CAGE_TSS_24692	4	+	12226152	12226092	121.6782837	12226092	0	-60	-60	-60	-60	60
CAGE_TSS_24693	4	+	12229107	12228922	93.32652283	12228922	0	-185	-185	-185	-185	185
CAGE_TSS_24696	4	+	12249141	12249065	10.44027042	12249065	0	-76	-76	-76	-76	76
CAGE_TSS_24700	4	+	12265605	12265411	7.631629944	12265411	0	-194	-194	-194	-194	194
CAGE_TSS_24701	4	+	12279032	12278945	14.25088978	12278945	0	-87	-87	-87	-87	87
CAGE_TSS_24702	4	+	12291740	12291468	41.75722122	12291468	0	-272	-272	-272	-272	272
CAGE_TSS_24729	4	+	12376191	12376183	20.55540085	12376183	0	-8	-8	-8	-8	8
CAGE_TSS_24750	4	+	12451196	12451100	9.650460243	12451100	0	-96	-96	-96	-96	96
CAGE_TSS_24751	4	+	12456490	12456262	6.418809891	12456262	0	-228	-228	-228	-228	228
CAGE_TSS_24757	4	+	12497057	12496893	5.860499859	12496893	0	-164	-164	-164	-164	164
CAGE_TSS_24759	4	+	12503810	12503783	12.70522976	12503783	0	-27	-27	-27	-27	27
CAGE_TSS_24763	4	+	12515049	12514976	16.46578979	12514976	0	-73	-73	-73	-73	73
CAGE_TSS_24765	4	+	12527755	12527495	9.732780457	12527495	0	-260	-260	-260	-260	260
CAGE_TSS_24771	4	+	12565204	12565056	31.46571922	12565056	0	-148	-148	-148	-148	148
CAGE_TSS_24773	4	+	12571760	12571641	38.22951126	12571641	0	-119	-119	-119	-119	119
CAGE_TSS_24776	4	+	12588523	12588301	53.74642181	12588301	0	-222	-222	-222	-222	222
CAGE_TSS_24783	4	+	12594339	12594050	79.494133	12594050	0	-289	-289	-289	-289	289
CAGE_TSS_24785	4	+	12600874	12600816	22.51070976	12600816	0	-58	-58	-58	-58	58
CAGE_TSS_24786	4	+	12607451	12607265	212.6650543	12607265	0	-186	-186	-186	-186	186
CAGE_TSS_24787	4	+	12609617	12609508	164.229187	12609508	0	-109	-109	-109	-109	109
CAGE_TSS_24788	4	+	12612534	12612405	122.7286606	12612405	0	-129	-129	-129	-129	129
CAGE_TSS_24803	4	+	12650035	12649961	25.11433029	12649961	0	-74	-74	-74	-74	74
CAGE_TSS_24805	4	+	12660901	12660639	87.39830017	12660639	0	-262	-262	-262	-262	262
CAGE_TSS_24807	4	+	12686495	12686317	28.06679916	12686317	0	-178	-178	-178	-178	178
CAGE_TSS_24809	4	+	12696475	12696364	6.547060013	12696364	0	-111	-111	-111	-111	111
CAGE_TSS_24810	4	+	12714657	12714594	7.346710205	12714594	0	-63	-63	-63	-63	63
CAGE_TSS_24812	4	+	12741035	12740959	17.75181961	12740959	0	-76	-76	-76	-76	76
CAGE_TSS_24819	4	+	12777613	12777440	6.633039951	12777440	0	-173	-173	-173	-173	173
CAGE_TSS_24820	4	+	12781925	12781832	5.674459934	12781832	0	-93	-93	-93	-93	93
CAGE_TSS_24825	4	+	12827937	12827675	21.09365082	12827675	0	-262	-262	-262	-262	262
CAGE_TSS_24829	4	+	12864641	12864472	290.2161255	12864472	0	-169	-169	-169	-169	169
CAGE_TSS_24836	4	+	12872445	12872277	20.0092392	12872277	0	-168	-168	-168	-168	168
CAGE_TSS_24843	4	+	12909617	12909458	28.79743004	12909458	0	-159	-159	-159	-159	159
CAGE_TSS_24849	4	+	12923854	12923751	129.2337189	12923751	0	-103	-103	-103	-103	103
CAGE_TSS_24852	4	+	12937249	12936962	169.1921234	12936962	0	-287	-287	-287	-287	287
CAGE_TSS_24862	4	+	12985691	12985628	16.62557983	12985628	0	-63	-63	-63	-63	63
CAGE_TSS_24872	4	+	13074168	13074117	10.16331005	13074117	0	-51	-51	-51	-51	51
CAGE_TSS_24877	4	+	13088074	13088006	18.88229942	13088006	0	-68	-68	-68	-68	68
CAGE_TSS_24883	4	+	13124935	13124793	108.9482498	13124793	0	-142	-142	-142	-142	142
CAGE_TSS_24885	4	+	13130296	13130202	22.00120926	13130202	0	-94	-94	-94	-94	94
CAGE_TSS_24889	4	+	13136058	13135913	6.577129841	13135913	0	-145	-145	-145	-145	145
CAGE_TSS_24909	4	+	13232651	13232423	8.191479683	13232423	0	-228	-228	-228	-228	228
CAGE_TSS_24926	4	+	13293840	13293648	105.9674683	13293648	0	-192	-192	-192	-192	192
CAGE_TSS_24931	4	+	13361952	13361703	7.59705019	13361703	0	-249	-249	-249	-249	249
CAGE_TSS_24932	4	+	13365367	13365235	83.91075897	13365235	0	-132	-132	-132	-132	132
CAGE_TSS_24939	4	+	13383851	13383910	44.52428818	13383910	0	59	59	59	59	59
CAGE_TSS_24948	4	+	13419575	13419309	26.05023956	13419309	0	-266	-266	-266	-266	266
CAGE_TSS_24970	4	+	13542987	13542702	22.79987907	13542702	0	-285	-285	-285	-285	285
CAGE_TSS_24977	4	+	13586514	13586323	92.27763367	13586323	0	-191	-191	-191	-191	191
CAGE_TSS_24985	4	+	13653611	13653323	7.711999893	13653323	0	-288	-288	-288	-288	288
CAGE_TSS_24986	4	+	13666263	13666030	30.09300995	13666030	0	-233	-233	-233	-233	233
CAGE_TSS_24995	4	+	13718578	13718548	25.54018974	13718548	0	-30	-30	-30	-30	30
CAGE_TSS_24999	4	+	13725590	13725290	25.87215996	13725290	0	-300	-300	-300	-300	300
CAGE_TSS_25005	4	+	13735056	13735050	16.72430038	13735050	0	-6	-6	-6	-6	6
CAGE_TSS_25019	4	+	13809834	13809752	125.2678528	13809752	0	-82	-82	-82	-82	82
CAGE_TSS_25020	4	+	13811644	13811523	224.8072052	13811523	0	-121	-121	-121	-121	121
CAGE_TSS_25021	4	+	13813043	13812853	110.0613022	13812853	0	-190	-190	-190	-190	190
CAGE_TSS_25026	4	+	13831120	13830994	12.55644035	13830994	0	-126	-126	-126	-126	126
CAGE_TSS_25035	4	+	13844065	13844001	14.03761959	13844001	0	-64	-64	-64	-64	64
CAGE_TSS_25037	4	+	13873790	13873729	200.6061859	13873729	0	-61	-61	-61	-61	61
CAGE_TSS_25038	4	+	13878923	13878717	229.7822876	13878717	0	-206	-206	-206	-206	206
CAGE_TSS_25041	4	+	13890816	13890585	28.99464035	13890585	0	-231	-231	-231	-231	231
CAGE_TSS_25045	4	+	13940677	13940615	9.288669586	13940615	0	-62	-62	-62	-62	62
CAGE_TSS_25048	4	+	13960031	13959845	38.00257874	13959845	0	-186	-186	-186	-186	186
CAGE_TSS_25054	4	+	13993023	13992810	45.47779083	13992810	0	-213	-213	-213	-213	213
CAGE_TSS_25056	4	+	14004502	14004411	163.5342865	14004411	0	-91	-91	-91	-91	91
CAGE_TSS_25059	4	+	14014711	14014719	208.3526917	14014719	0	8	8	8	8	8
CAGE_TSS_25069	4	+	14059989	14059870	31.75905037	14059870	0	-119	-119	-119	-119	119
CAGE_TSS_25073	4	+	14073044	14072996	11.33290958	14072996	0	-48	-48	-48	-48	48
CAGE_TSS_25098	4	+	14207444	14207240	20.30130005	14207240	0	-204	-204	-204	-204	204
CAGE_TSS_25103	4	+	14240722	14240452	75.83847809	14240452	0	-270	-270	-270	-270	270
CAGE_TSS_25105	4	+	14244280	14244061	39.9790802	14244061	0	-219	-219	-219	-219	219
CAGE_TSS_25106	4	+	14246286	14246086	5.934010029	14246086	0	-200	-200	-200	-200	200
CAGE_TSS_25108	4	+	14251139	14251081	9.870220184	14251081	0	-58	-58	-58	-58	58
CAGE_TSS_25112	4	+	14271038	14270836	52.75196838	14270836	0	-202	-202	-202	-202	202
CAGE_TSS_25113	4	+	14274348	14274304	93.7911911	14274304	0	-44	-44	-44	-44	44
CAGE_TSS_25135	4	+	14321807	14321761	12.11116982	14321761	0	-46	-46	-46	-46	46
CAGE_TSS_25139	4	+	14341067	14340831	101.7040634	14340831	0	-236	-236	-236	-236	236
CAGE_TSS_25141	4	+	14348787	14348618	9.568169594	14348618	0	-169	-169	-169	-169	169
CAGE_TSS_25146	4	+	14380780	14380693	17.49246979	14380693	0	-87	-87	-87	-87	87
CAGE_TSS_25153	4	+	14385526	14385410	10.22902966	14385410	0	-116	-116	-116	-116	116
CAGE_TSS_25156	4	+	14400931	14400783	56.24808121	14400783	0	-148	-148	-148	-148	148
CAGE_TSS_25158	4	+	14409907	14409723	12.29279995	14409723	0	-184	-184	-184	-184	184
CAGE_TSS_25167	4	+	14450036	14449942	15.27215958	14449942	0	-94	-94	-94	-94	94
CAGE_TSS_25170	4	+	14458685	14458619	86.03901672	14458619	0	-66	-66	-66	-66	66
CAGE_TSS_25179	4	+	14517426	14517348	29.78466034	14517348	0	-78	-78	-78	-78	78
CAGE_TSS_25193	4	+	14644011	14643899	55.30516815	14643899	0	-112	-112	-112	-112	112
CAGE_TSS_25196	4	+	14657048	14657129	12.85439968	14657129	0	81	81	81	81	81
CAGE_TSS_25201	4	+	14713432	14713243	12.91543007	14713243	0	-189	-189	-189	-189	189
CAGE_TSS_25203	4	+	14742361	14742127	50.69099045	14742127	0	-234	-234	-234	-234	234
CAGE_TSS_25207	4	+	14762899	14762689	17.7297802	14762689	0	-210	-210	-210	-210	210
CAGE_TSS_25209	4	+	14763853	14763658	6.067510128	14763658	0	-195	-195	-195	-195	195
CAGE_TSS_25211	4	+	14796763	14796732	109.58461	14796732	0	-31	-31	-31	-31	31
CAGE_TSS_25216	4	+	14835818	14835649	8.797960281	14835649	0	-169	-169	-169	-169	169
CAGE_TSS_25221	4	+	14866987	14866908	16.63611031	14866908	0	-79	-79	-79	-79	79
CAGE_TSS_25226	4	+	14894168	14894066	90.90274811	14894066	0	-102	-102	-102	-102	102
CAGE_TSS_25231	4	+	14920533	14920392	260.9894714	14920392	0	-141	-141	-141	-141	141
CAGE_TSS_25233	4	+	14921512	14921297	7.505700111	14921297	0	-215	-215	-215	-215	215
CAGE_TSS_25235	4	+	14925518	14925243	13.92862988	14925243	0	-275	-275	-275	-275	275
CAGE_TSS_25236	4	+	14944178	14943993	28.05736923	14943993	0	-185	-185	-185	-185	185
CAGE_TSS_25238	4	+	14950335	14950315	68.37013245	14950315	0	-20	-20	-20	-20	20
CAGE_TSS_25244	4	+	14954317	14954073	7.748740196	14954073	0	-244	-244	-244	-244	244
CAGE_TSS_25245	4	+	14955378	14955199	139.2521667	14955199	0	-179	-179	-179	-179	179
CAGE_TSS_25248	4	+	14982521	14982645	5.951889992	14982645	0	124	124	124	124	124
CAGE_TSS_25249	4	+	14990361	14990069	256.6452332	14990069	0	-292	-292	-292	-292	292
CAGE_TSS_25259	4	+	15039431	15039439	30.47616959	15039439	0	8	8	8	8	8
CAGE_TSS_25261	4	+	15054873	15054848	38.64839172	15054848	0	-25	-25	-25	-25	25
CAGE_TSS_25262	4	+	15067057	15066929	15.27548027	15066929	0	-128	-128	-128	-128	128
CAGE_TSS_25266	4	+	15074730	15074509	42.60599899	15074509	0	-221	-221	-221	-221	221
CAGE_TSS_25274	4	+	15103164	15103037	8.554260254	15103037	0	-127	-127	-127	-127	127
CAGE_TSS_25278	4	+	15120948	15120781	16.38958931	15120781	0	-167	-167	-167	-167	167
CAGE_TSS_25279	4	+	15123780	15123619	93.25611877	15123619	0	-161	-161	-161	-161	161
CAGE_TSS_25289	4	+	15185990	15185879	38.84035873	15185879	0	-111	-111	-111	-111	111
CAGE_TSS_25293	4	+	15188844	15188730	29.06522942	15188730	0	-114	-114	-114	-114	114
CAGE_TSS_25301	4	+	15205592	15205455	8.633850098	15205455	0	-137	-137	-137	-137	137
CAGE_TSS_25305	4	+	15216355	15216268	5.208590031	15216268	0	-87	-87	-87	-87	87
CAGE_TSS_25306	4	+	15221867	15221689	11.61283016	15221689	0	-178	-178	-178	-178	178
CAGE_TSS_25307	4	+	15229917	15229848	10.66670036	15229848	0	-69	-69	-69	-69	69
CAGE_TSS_25320	4	+	15295201	15294907	44.95003128	15294907	0	-294	-294	-294	-294	294
CAGE_TSS_25328	4	+	15374108	15373812	25.25963974	15373812	0	-296	-296	-296	-296	296
CAGE_TSS_25331	4	+	15383202	15382919	39.61832809	15382919	0	-283	-283	-283	-283	283
CAGE_TSS_25335	4	+	15410135	15409984	34.15385056	15409984	0	-151	-151	-151	-151	151
CAGE_TSS_25340	4	+	15464719	15464541	22.83621979	15464541	0	-178	-178	-178	-178	178
CAGE_TSS_25345	4	+	15479523	15479373	74.6830368	15479373	0	-150	-150	-150	-150	150
CAGE_TSS_25347	4	+	15487943	15487897	39.05480957	15487897	0	-46	-46	-46	-46	46
CAGE_TSS_25349	4	+	15490748	15490489	87.52467346	15490489	0	-259	-259	-259	-259	259
CAGE_TSS_25357	4	+	15501078	15501081	6.324699879	15501081	0	3	3	3	3	3
CAGE_TSS_25362	4	+	15528761	15528694	40.29504013	15528694	0	-67	-67	-67	-67	67
CAGE_TSS_25365	4	+	15568344	15568056	14.37388992	15568056	0	-288	-288	-288	-288	288
CAGE_TSS_25381	4	+	15638616	15638376	100.8031769	15638376	0	-240	-240	-240	-240	240
CAGE_TSS_25382	4	+	15656685	15656623	8.700860023	15656623	0	-62	-62	-62	-62	62
CAGE_TSS_25384	4	+	15676404	15676259	38.54032898	15676259	0	-145	-145	-145	-145	145
CAGE_TSS_25388	4	+	15707509	15707334	162.9611664	15707334	0	-175	-175	-175	-175	175
CAGE_TSS_25394	4	+	15731444	15731180	79.5952301	15731180	0	-264	-264	-264	-264	264
CAGE_TSS_25398	4	+	15765438	15765291	9.057979584	15765291	0	-147	-147	-147	-147	147
CAGE_TSS_25406	4	+	15804917	15804683	6.887090206	15804683	0	-234	-234	-234	-234	234
CAGE_TSS_25410	4	+	15819535	15819380	5.421740055	15819380	0	-155	-155	-155	-155	155
CAGE_TSS_25440	4	+	16000220	16000091	10.19279957	16000091	0	-129	-129	-129	-129	129
CAGE_TSS_25442	4	+	16022440	16022247	9.717980385	16022247	0	-193	-193	-193	-193	193
CAGE_TSS_25446	4	+	16056038	16055930	8.304650307	16055930	0	-108	-108	-108	-108	108
CAGE_TSS_25447	4	+	16072027	16071942	5.63037014	16071942	0	-85	-85	-85	-85	85
CAGE_TSS_25457	4	+	16118950	16118879	17.66222	16118879	0	-71	-71	-71	-71	71
CAGE_TSS_25478	4	+	16185040	16184889	13.78966045	16184889	0	-151	-151	-151	-151	151
CAGE_TSS_25479	4	+	16186817	16186629	23.65821075	16186629	0	-188	-188	-188	-188	188
CAGE_TSS_25482	4	+	16249655	16249585	15.68325043	16249585	0	-70	-70	-70	-70	70
CAGE_TSS_25487	4	+	16266114	16265927	6.206230164	16265927	0	-187	-187	-187	-187	187
CAGE_TSS_25490	4	+	16271903	16271749	15.79413033	16271749	0	-154	-154	-154	-154	154
CAGE_TSS_25495	4	+	16295373	16295255	92.73287964	16295255	0	-118	-118	-118	-118	118
CAGE_TSS_25520	4	+	16341060	16340959	13.24053001	16340959	0	-101	-101	-101	-101	101
CAGE_TSS_25524	4	+	16354974	16354804	9.079230309	16354804	0	-170	-170	-170	-170	170
CAGE_TSS_25528	4	+	16357649	16357531	13.7047596	16357531	0	-118	-118	-118	-118	118
CAGE_TSS_25530	4	+	16394723	16394605	10.23410034	16394605	0	-118	-118	-118	-118	118
CAGE_TSS_25531	4	+	16398033	16397839	64.92336273	16397839	0	-194	-194	-194	-194	194
CAGE_TSS_25535	4	+	16407070	16406842	106.4818726	16406842	0	-228	-228	-228	-228	228
CAGE_TSS_25538	4	+	16414081	16414005	11.41499996	16414005	0	-76	-76	-76	-76	76
CAGE_TSS_25546	4	+	16456570	16456425	9.613180161	16456425	0	-145	-145	-145	-145	145
CAGE_TSS_25548	4	+	16471009	16470904	7.882649899	16470904	0	-105	-105	-105	-105	105
CAGE_TSS_25556	4	+	16500473	16500386	16.14845085	16500386	0	-87	-87	-87	-87	87
CAGE_TSS_25564	4	+	16538359	16538181	90.01394653	16538181	0	-178	-178	-178	-178	178
CAGE_TSS_25567	4	+	16542353	16542311	51.30118179	16542311	0	-42	-42	-42	-42	42
CAGE_TSS_25579	4	+	16591229	16591033	46.73738098	16591033	0	-196	-196	-196	-196	196
CAGE_TSS_25580	4	+	16594471	16594218	233.5110474	16594218	0	-253	-253	-253	-253	253
CAGE_TSS_25581	4	+	16596613	16596647	187.7492371	16596647	0	34	34	34	34	34
CAGE_TSS_25583	4	+	16599045	16598899	106.4238434	16598899	0	-146	-146	-146	-146	146
CAGE_TSS_25585	4	+	16614395	16614342	8.727629662	16614342	0	-53	-53	-53	-53	53
CAGE_TSS_25592	4	+	16637535	16637360	13.62133026	16637360	0	-175	-175	-175	-175	175
CAGE_TSS_25600	4	+	16680490	16680279	20.37208939	16680279	0	-211	-211	-211	-211	211
CAGE_TSS_25602	4	+	16694231	16694087	235.0630951	16694087	0	-144	-144	-144	-144	144
CAGE_TSS_25607	4	+	16709259	16709225	3.99770999	16709225	0	-34	-34	-34	-34	34
CAGE_TSS_25608	4	+	16709605	16709676	4.88740015	16709676	0	71	71	71	71	71
CAGE_TSS_25616	4	+	16802008	16801928	19.18931007	16801928	0	-80	-80	-80	-80	80
CAGE_TSS_25622	4	+	16819815	16819627	36.18107986	16819627	0	-188	-188	-188	-188	188
CAGE_TSS_25638	4	+	16881356	16881232	5.005650043	16881232	0	-124	-124	-124	-124	124
CAGE_TSS_25640	4	+	16896365	16896155	19.32842064	16896155	0	-210	-210	-210	-210	210
CAGE_TSS_25641	4	+	16901620	16901413	5.576429844	16901413	0	-207	-207	-207	-207	207
CAGE_TSS_25642	4	+	16904144	16904024	19.22929001	16904024	0	-120	-120	-120	-120	120
CAGE_TSS_25649	4	+	16927928	16927712	118.7627411	16927712	0	-216	-216	-216	-216	216
CAGE_TSS_25653	4	+	16945021	16944872	11.22644997	16944872	0	-149	-149	-149	-149	149
CAGE_TSS_25656	4	+	16952515	16952363	90.9580307	16952363	0	-152	-152	-152	-152	152
CAGE_TSS_25661	4	+	16993084	16993059	20.21450996	16993059	0	-25	-25	-25	-25	25
CAGE_TSS_25662	4	+	16997137	16997070	9.204710007	16997070	0	-67	-67	-67	-67	67
CAGE_TSS_25664	4	+	17004594	17004459	13.42765045	17004459	0	-135	-135	-135	-135	135
CAGE_TSS_25671	4	+	17045092	17045027	89.19445038	17045027	0	-65	-65	-65	-65	65
CAGE_TSS_25680	4	+	17104673	17104664	29.86548042	17104664	0	-9	-9	-9	-9	9
CAGE_TSS_25681	4	+	17124000	17123900	17.28593063	17123900	0	-100	-100	-100	-100	100
CAGE_TSS_25682	4	+	17127166	17127096	5.368720055	17127096	0	-70	-70	-70	-70	70
CAGE_TSS_25700	4	+	17306073	17305778	22.24286079	17305778	0	-295	-295	-295	-295	295
CAGE_TSS_25701	4	+	17307705	17307585	5.331480026	17307585	0	-120	-120	-120	-120	120
CAGE_TSS_25706	4	+	17336272	17336105	29.36746025	17336105	0	-167	-167	-167	-167	167
CAGE_TSS_25714	4	+	17369063	17368959	26.9649601	17368959	0	-104	-104	-104	-104	104
CAGE_TSS_25716	4	+	17388813	17388690	71.58937836	17388690	0	-123	-123	-123	-123	123
CAGE_TSS_25719	4	+	17400788	17400611	25.38727951	17400611	0	-177	-177	-177	-177	177
CAGE_TSS_25721	4	+	17414129	17413972	13.89688015	17413972	0	-157	-157	-157	-157	157
CAGE_TSS_25723	4	+	17426971	17426861	7.583159924	17426861	0	-110	-110	-110	-110	110
CAGE_TSS_25728	4	+	17442617	17442333	19.00374031	17442333	0	-284	-284	-284	-284	284
CAGE_TSS_25731	4	+	17444309	17444134	272.1318054	17444134	0	-175	-175	-175	-175	175
CAGE_TSS_25732	4	+	17445736	17445482	19.83036041	17445482	0	-254	-254	-254	-254	254
CAGE_TSS_25737	4	+	17473070	17472833	17.84860039	17472833	0	-237	-237	-237	-237	237
CAGE_TSS_25744	4	+	17489475	17489428	7.34965992	17489428	0	-47	-47	-47	-47	47
CAGE_TSS_25745	4	+	17504414	17504421	29.21331978	17504421	0	7	7	7	7	7
CAGE_TSS_25752	4	+	17515077	17514898	9.45252037	17514898	0	-179	-179	-179	-179	179
CAGE_TSS_25753	4	+	17524460	17524284	27.11401939	17524284	0	-176	-176	-176	-176	176
CAGE_TSS_25761	4	+	17557252	17557050	16.08511925	17557050	0	-202	-202	-202	-202	202
CAGE_TSS_25762	4	+	17558351	17558224	21.92329979	17558224	0	-127	-127	-127	-127	127
CAGE_TSS_25764	4	+	17564072	17563915	131.2735138	17563915	0	-157	-157	-157	-157	157
CAGE_TSS_25765	4	+	17579660	17579601	53.51517105	17579601	0	-59	-59	-59	-59	59
CAGE_TSS_25766	4	+	17584050	17583854	36.29381943	17583854	0	-196	-196	-196	-196	196
CAGE_TSS_25772	4	+	17592207	17592109	5.657619953	17592109	0	-98	-98	-98	-98	98
CAGE_TSS_25774	4	+	17597191	17596982	16.07537079	17596982	0	-209	-209	-209	-209	209
CAGE_TSS_25776	4	+	17617062	17616903	5.48635006	17616903	0	-159	-159	-159	-159	159
CAGE_TSS_25779	4	+	17631658	17631482	8.516429901	17631482	0	-176	-176	-176	-176	176
CAGE_TSS_25783	4	+	17639559	17639459	11.97120953	17639459	0	-100	-100	-100	-100	100
CAGE_TSS_25784	4	+	17643656	17643378	18.59979057	17643378	0	-278	-278	-278	-278	278
CAGE_TSS_25792	4	+	17679156	17678928	7.537759781	17678928	0	-228	-228	-228	-228	228
CAGE_TSS_25795	4	+	17691913	17691875	40.33256149	17691875	0	-38	-38	-38	-38	38
CAGE_TSS_25797	4	+	17700703	17700448	13.37633038	17700448	0	-255	-255	-255	-255	255
CAGE_TSS_25805	4	+	17752084	17751971	13.22476959	17751971	0	-113	-113	-113	-113	113
CAGE_TSS_25806	4	+	17768131	17767921	61.65343857	17767921	0	-210	-210	-210	-210	210
CAGE_TSS_25814	4	+	17809713	17809654	143.283905	17809654	0	-59	-59	-59	-59	59
CAGE_TSS_25823	4	+	17867479	17867390	24.02564049	17867390	0	-89	-89	-89	-89	89
CAGE_TSS_25824	4	+	17876206	17875943	137.2223206	17875943	0	-263	-263	-263	-263	263
CAGE_TSS_25834	4	+	17938420	17938341	22.26771927	17938341	0	-79	-79	-79	-79	79
CAGE_TSS_25838	4	+	17951431	17951266	39.17453003	17951266	0	-165	-165	-165	-165	165
CAGE_TSS_25844	4	+	17986518	17986388	17.50251007	17986388	0	-130	-130	-130	-130	130
CAGE_TSS_25849	4	+	18003915	18003800	6.384980202	18003800	0	-115	-115	-115	-115	115
CAGE_TSS_25854	4	+	18020673	18020552	44.69673157	18020552	0	-121	-121	-121	-121	121
CAGE_TSS_25855	4	+	18023169	18022980	36.85160828	18022980	0	-189	-189	-189	-189	189
CAGE_TSS_25857	4	+	18025656	18025603	26.87071037	18025603	0	-53	-53	-53	-53	53
CAGE_TSS_25868	4	+	18076428	18076187	73.38583374	18076187	0	-241	-241	-241	-241	241
CAGE_TSS_25871	4	+	18097017	18096931	75.28224945	18096931	0	-86	-86	-86	-86	86
CAGE_TSS_25873	4	+	18117998	18117856	8.875289917	18117856	0	-142	-142	-142	-142	142
CAGE_TSS_25874	4	+	18121524	18121376	14.68387032	18121376	0	-148	-148	-148	-148	148
CAGE_TSS_25876	4	+	18126168	18125872	52.61014938	18125872	0	-296	-296	-296	-296	296
CAGE_TSS_25882	4	+	18149534	18149354	46.46738815	18149354	0	-180	-180	-180	-180	180
CAGE_TSS_25883	4	+	18151960	18151998	49.84909821	18151998	0	38	38	38	38	38
CAGE_TSS_25889	4	+	18185667	18185592	197.0818024	18185592	0	-75	-75	-75	-75	75
CAGE_TSS_25905	4	+	18259656	18259481	8.086830139	18259481	0	-175	-175	-175	-175	175
CAGE_TSS_25911	4	+	18276533	18276417	17.41366005	18276417	0	-116	-116	-116	-116	116
CAGE_TSS_25928	4	+	18315630	18315544	5.253220081	18315544	0	-86	-86	-86	-86	86
CAGE_TSS_25929	4	+	18324661	18324581	71.0700531	18324581	0	-80	-80	-80	-80	80
CAGE_TSS_25934	4	+	18378280	18378181	6.139379978	18378181	0	-99	-99	-99	-99	99
CAGE_TSS_25939	4	+	18400026	18399891	136.4248047	18399891	0	-135	-135	-135	-135	135
CAGE_TSS_25946	4	+	18432912	18432776	77.71929169	18432776	0	-136	-136	-136	-136	136
CAGE_TSS_25948	4	+	18458071	18457905	66.91191864	18457905	0	-166	-166	-166	-166	166
CAGE_TSS_25949	4	+	18466544	18466453	33.43865967	18466453	0	-91	-91	-91	-91	91
CAGE_TSS_25954	4	+	18488503	18488478	28.52359009	18488478	0	-25	-25	-25	-25	25
CAGE_TSS_25963	4	+	18505966	18505883	15.83356953	18505883	0	-83	-83	-83	-83	83
CAGE_TSS_25965	4	+	18519720	18519605	139.7338867	18519605	0	-115	-115	-115	-115	115
CAGE_TSS_25966	4	+	18520608	18520853	22.53686905	18520853	0	245	245	245	245	245
CAGE_TSS_25969	4	+	18525249	18525000	227.5994263	18525000	0	-249	-249	-249	-249	249
CAGE_TSS_25970	4	+	18530525	18530233	158.1621857	18530233	0	-292	-292	-292	-292	292
CAGE_TSS_25976	4	+	18542565	18542433	182.4074554	18542433	0	-132	-132	-132	-132	132
CAGE_TSS_25980	4	+	18576422	18576204	10.2425499	18576204	0	-218	-218	-218	-218	218
CAGE_TSS_25981	4	+	18579313	18579122	25.35187912	18579122	0	-191	-191	-191	-191	191
CAGE_TSS_29087	5	+	58185	58131	35.35034943	58131	0	-54	-54	-54	-54	54
CAGE_TSS_29090	5	+	77022	76845	135.9624786	76845	0	-177	-177	-177	-177	177
CAGE_TSS_29095	5	+	101195	101159	11.06221962	101159	0	-36	-36	-36	-36	36
CAGE_TSS_29096	5	+	105362	105173	56.46028137	105173	0	-189	-189	-189	-189	189
CAGE_TSS_29099	5	+	144207	144154	32.33113861	144154	0	-53	-53	-53	-53	53
CAGE_TSS_29106	5	+	206432	206238	57.71620178	206238	0	-194	-194	-194	-194	194
CAGE_TSS_29119	5	+	232766	232521	26.45463943	232521	0	-245	-245	-245	-245	245
CAGE_TSS_29123	5	+	287649	287814	26.32419968	287814	0	165	165	165	165	165
CAGE_TSS_29124	5	+	289926	289658	17.34095001	289658	0	-268	-268	-268	-268	268
CAGE_TSS_29125	5	+	290610	290768	19.75797081	290768	0	158	158	158	158	158
CAGE_TSS_29127	5	+	306969	306871	6.787220001	306871	0	-98	-98	-98	-98	98
CAGE_TSS_29130	5	+	309716	309490	24.2105999	309490	0	-226	-226	-226	-226	226
CAGE_TSS_29136	5	+	332330	332070	202.6335754	332070	0	-260	-260	-260	-260	260
CAGE_TSS_29139	5	+	338906	338728	15.91588974	338728	0	-178	-178	-178	-178	178
CAGE_TSS_29140	5	+	339816	339526	9.687270164	339526	0	-290	-290	-290	-290	290
CAGE_TSS_29150	5	+	413522	413370	29.07049942	413370	0	-152	-152	-152	-152	152
CAGE_TSS_29151	5	+	419120	418925	53.81229019	418925	0	-195	-195	-195	-195	195
CAGE_TSS_29159	5	+	437446	437188	9.426460266	437188	0	-258	-258	-258	-258	258
CAGE_TSS_29160	5	+	448137	447961	55.61661911	447961	0	-176	-176	-176	-176	176
CAGE_TSS_29168	5	+	463157	462979	63.39363098	462979	0	-178	-178	-178	-178	178
CAGE_TSS_29172	5	+	473870	473737	7.31772995	473737	0	-133	-133	-133	-133	133
CAGE_TSS_29175	5	+	503407	503108	28.96751976	503108	0	-299	-299	-299	-299	299
CAGE_TSS_29177	5	+	523431	523386	6.450910091	523386	0	-45	-45	-45	-45	45
CAGE_TSS_29183	5	+	547563	547449	40.44499969	547449	0	-114	-114	-114	-114	114
CAGE_TSS_29191	5	+	568522	568794	6.300879955	568794	0	272	272	272	272	272
CAGE_TSS_29194	5	+	579903	579800	6.92031002	579800	0	-103	-103	-103	-103	103
CAGE_TSS_29199	5	+	589254	589415	48.43954086	589415	0	161	161	161	161	161
CAGE_TSS_29207	5	+	620061	619902	6.889520168	619902	0	-159	-159	-159	-159	159
CAGE_TSS_29215	5	+	642579	642346	9.315190315	642346	0	-233	-233	-233	-233	233
CAGE_TSS_29216	5	+	648709	648645	12.28719997	648645	0	-64	-64	-64	-64	64
CAGE_TSS_29219	5	+	654031	653867	32.20409012	653867	0	-164	-164	-164	-164	164
CAGE_TSS_29224	5	+	662064	661772	23.79676056	661772	0	-292	-292	-292	-292	292
CAGE_TSS_29225	5	+	677070	676853	6.337170124	676853	0	-217	-217	-217	-217	217
CAGE_TSS_29238	5	+	730275	730188	47.50072098	730188	0	-87	-87	-87	-87	87
CAGE_TSS_29239	5	+	733978	733934	31.0138092	733934	0	-44	-44	-44	-44	44
CAGE_TSS_29242	5	+	745564	745312	33.27310944	745312	0	-252	-252	-252	-252	252
CAGE_TSS_29244	5	+	750128	750061	83.2958374	750061	0	-67	-67	-67	-67	67
CAGE_TSS_29245	5	+	758372	758152	103.3670502	758152	0	-220	-220	-220	-220	220
CAGE_TSS_29247	5	+	769513	769340	82.34934235	769340	0	-173	-173	-173	-173	173
CAGE_TSS_29250	5	+	781709	781649	38.12514114	781649	0	-60	-60	-60	-60	60
CAGE_TSS_29251	5	+	787428	787322	52.05049896	787322	0	-106	-106	-106	-106	106
CAGE_TSS_29260	5	+	807040	806918	31.05600929	806918	0	-122	-122	-122	-122	122
CAGE_TSS_29264	5	+	817834	817686	67.31768036	817686	0	-148	-148	-148	-148	148
CAGE_TSS_29265	5	+	835152	834976	60.48070145	834976	0	-176	-176	-176	-176	176
CAGE_TSS_29270	5	+	864306	864129	36.33454895	864129	0	-177	-177	-177	-177	177
CAGE_TSS_29273	5	+	866449	866161	63.78841019	866161	0	-288	-288	-288	-288	288
CAGE_TSS_29283	5	+	894707	894462	30.31093025	894462	0	-245	-245	-245	-245	245
CAGE_TSS_29284	5	+	895939	895836	17.57933998	895836	0	-103	-103	-103	-103	103
CAGE_TSS_29288	5	+	927170	927007	5.266129971	927007	0	-163	-163	-163	-163	163
CAGE_TSS_29289	5	+	931820	931650	5.956910133	931650	0	-170	-170	-170	-170	170
CAGE_TSS_29294	5	+	947141	946954	97.50097656	946954	0	-187	-187	-187	-187	187
CAGE_TSS_29303	5	+	1038570	1038383	33.71595001	1038383	0	-187	-187	-187	-187	187
CAGE_TSS_29308	5	+	1075818	1075542	27.4896698	1075542	0	-276	-276	-276	-276	276
CAGE_TSS_29310	5	+	1089674	1089655	41.64397049	1089655	0	-19	-19	-19	-19	19
CAGE_TSS_29315	5	+	1119998	1119817	45.95280075	1119817	0	-181	-181	-181	-181	181
CAGE_TSS_29316	5	+	1130029	1129759	5.184209824	1129759	0	-270	-270	-270	-270	270
CAGE_TSS_29346	5	+	1231961	1231879	82.04412842	1231879	0	-82	-82	-82	-82	82
CAGE_TSS_29347	5	+	1243753	1243623	21.0138607	1243623	0	-130	-130	-130	-130	130
CAGE_TSS_29348	5	+	1254847	1254567	7.689970016	1254567	0	-280	-280	-280	-280	280
CAGE_TSS_29349	5	+	1259613	1259367	50.12398911	1259367	0	-246	-246	-246	-246	246
CAGE_TSS_29351	5	+	1279798	1279627	16.94750023	1279627	0	-171	-171	-171	-171	171
CAGE_TSS_29367	5	+	1323646	1323508	5.230939865	1323508	0	-138	-138	-138	-138	138
CAGE_TSS_29384	5	+	1422862	1422778	16.33406067	1422778	0	-84	-84	-84	-84	84
CAGE_TSS_29389	5	+	1444876	1444700	12.00584984	1444700	0	-176	-176	-176	-176	176
CAGE_TSS_29397	5	+	1519811	1519641	49.00485992	1519641	0	-170	-170	-170	-170	170
CAGE_TSS_29400	5	+	1536064	1535957	5.923749924	1535957	0	-107	-107	-107	-107	107
CAGE_TSS_29412	5	+	1588373	1588210	15.13166046	1588210	0	-163	-163	-163	-163	163
CAGE_TSS_29414	5	+	1592149	1592129	9.275799751	1592129	0	-20	-20	-20	-20	20
CAGE_TSS_29422	5	+	1615555	1615440	33.7857399	1615440	0	-115	-115	-115	-115	115
CAGE_TSS_29427	5	+	1636387	1636309	44.792099	1636309	0	-78	-78	-78	-78	78
CAGE_TSS_29432	5	+	1672194	1671938	202.0628815	1671938	0	-256	-256	-256	-256	256
CAGE_TSS_29438	5	+	1705502	1705452	14.00695038	1705452	0	-50	-50	-50	-50	50
CAGE_TSS_29445	5	+	1765492	1765328	24.63748932	1765328	0	-164	-164	-164	-164	164
CAGE_TSS_29447	5	+	1767620	1767571	6.466479778	1767571	0	-49	-49	-49	-49	49
CAGE_TSS_29449	5	+	1769596	1769481	105.8058624	1769481	0	-115	-115	-115	-115	115
CAGE_TSS_29455	5	+	1795296	1795139	5.137010098	1795139	0	-157	-157	-157	-157	157
CAGE_TSS_29456	5	+	1804804	1804642	9.147470474	1804642	0	-162	-162	-162	-162	162
CAGE_TSS_29460	5	+	1837914	1837865	23.37208939	1837865	0	-49	-49	-49	-49	49
CAGE_TSS_29491	5	+	1984985	1984788	8.304800034	1984788	0	-197	-197	-197	-197	197
CAGE_TSS_29494	5	+	2029917	2029692	5.98842001	2029692	0	-225	-225	-225	-225	225
CAGE_TSS_29496	5	+	2046809	2046612	71.36981964	2046612	0	-197	-197	-197	-197	197
CAGE_TSS_29497	5	+	2056654	2056436	23.62129974	2056436	0	-218	-218	-218	-218	218
CAGE_TSS_29504	5	+	2103159	2102910	28.27709007	2102910	0	-249	-249	-249	-249	249
CAGE_TSS_29507	5	+	2120526	2120270	46.64530182	2120270	0	-256	-256	-256	-256	256
CAGE_TSS_29508	5	+	2132350	2132304	36.33771896	2132304	0	-46	-46	-46	-46	46
CAGE_TSS_29509	5	+	2133917	2133863	311.332428	2133863	0	-54	-54	-54	-54	54
CAGE_TSS_29512	5	+	2140452	2140369	9.706809998	2140369	0	-83	-83	-83	-83	83
CAGE_TSS_29513	5	+	2144998	2144752	70.6867981	2144752	0	-246	-246	-246	-246	246
CAGE_TSS_29516	5	+	2167584	2167321	55.10184097	2167321	0	-263	-263	-263	-263	263
CAGE_TSS_29519	5	+	2169662	2169612	46.99013138	2169612	0	-50	-50	-50	-50	50
CAGE_TSS_29527	5	+	2204247	2204175	10.70555019	2204175	0	-72	-72	-72	-72	72
CAGE_TSS_29528	5	+	2206098	2205998	129.3088531	2205998	0	-100	-100	-100	-100	100
CAGE_TSS_29539	5	+	2299868	2299703	100.2136688	2299703	0	-165	-165	-165	-165	165
CAGE_TSS_29540	5	+	2309942	2309874	191.4131012	2309874	0	-68	-68	-68	-68	68
CAGE_TSS_29542	5	+	2330384	2330295	20.50284004	2330295	0	-89	-89	-89	-89	89
CAGE_TSS_29564	5	+	2399689	2399428	41.45632172	2399428	0	-261	-261	-261	-261	261
CAGE_TSS_29577	5	+	2483282	2483023	9.427129745	2483023	0	-259	-259	-259	-259	259
CAGE_TSS_29579	5	+	2511442	2511264	55.57030106	2511264	0	-178	-178	-178	-178	178
CAGE_TSS_29580	5	+	2513818	2513793	29.20017052	2513793	0	-25	-25	-25	-25	25
CAGE_TSS_29596	5	+	2588340	2588081	37.68730164	2588081	0	-259	-259	-259	-259	259
CAGE_TSS_29602	5	+	2638071	2637827	17.50632095	2637827	0	-244	-244	-244	-244	244
CAGE_TSS_29603	5	+	2657169	2656988	17.01926041	2656988	0	-181	-181	-181	-181	181
CAGE_TSS_29604	5	+	2661645	2661389	15.30543995	2661389	0	-256	-256	-256	-256	256
CAGE_TSS_29612	5	+	2680790	2680742	12.14148998	2680742	0	-48	-48	-48	-48	48
CAGE_TSS_29622	5	+	2716625	2716615	70.13562012	2716615	0	-10	-10	-10	-10	10
CAGE_TSS_29626	5	+	2753139	2753039	183.6786499	2753039	0	-100	-100	-100	-100	100
CAGE_TSS_29632	5	+	2778042	2777981	15.46986961	2777981	0	-61	-61	-61	-61	61
CAGE_TSS_29634	5	+	2783408	2783289	30.73568916	2783289	0	-119	-119	-119	-119	119
CAGE_TSS_29638	5	+	2794468	2794326	24.8316803	2794326	0	-142	-142	-142	-142	142
CAGE_TSS_29677	5	+	3052166	3051878	96.11167908	3051878	0	-288	-288	-288	-288	288
CAGE_TSS_29682	5	+	3066657	3066496	60.82030106	3066496	0	-161	-161	-161	-161	161
CAGE_TSS_29688	5	+	3106412	3106144	23.94566917	3106144	0	-268	-268	-268	-268	268
CAGE_TSS_29692	5	+	3118998	3118774	29.49728012	3118774	0	-224	-224	-224	-224	224
CAGE_TSS_29694	5	+	3122756	3122558	221.3662109	3122558	0	-198	-198	-198	-198	198
CAGE_TSS_29696	5	+	3127935	3127858	40.52846909	3127858	0	-77	-77	-77	-77	77
CAGE_TSS_29724	5	+	3271914	3271677	12.36865044	3271677	0	-237	-237	-237	-237	237
CAGE_TSS_29735	5	+	3351257	3351042	9.212450027	3351042	0	-215	-215	-215	-215	215
CAGE_TSS_29736	5	+	3353490	3353460	23.9498291	3353460	0	-30	-30	-30	-30	30
CAGE_TSS_29742	5	+	3396472	3396317	29.34670067	3396317	0	-155	-155	-155	-155	155
CAGE_TSS_29744	5	+	3398997	3398708	138.3153229	3398708	0	-289	-289	-289	-289	289
CAGE_TSS_29753	5	+	3430713	3430596	6.336669922	3430596	0	-117	-117	-117	-117	117
CAGE_TSS_29757	5	+	3464248	3464061	37.08361053	3464061	0	-187	-187	-187	-187	187
CAGE_TSS_29763	5	+	3476805	3476518	8.43350029	3476518	0	-287	-287	-287	-287	287
CAGE_TSS_29769	5	+	3524680	3524490	18.28124046	3524490	0	-190	-190	-190	-190	190
CAGE_TSS_29774	5	+	3532115	3531988	28.61276054	3531988	0	-127	-127	-127	-127	127
CAGE_TSS_29776	5	+	3536230	3535944	35.38275909	3535944	0	-286	-286	-286	-286	286
CAGE_TSS_29789	5	+	3629997	3629781	5.036900043	3629781	0	-216	-216	-216	-216	216
CAGE_TSS_29807	5	+	3679814	3679724	124.8942719	3679724	0	-90	-90	-90	-90	90
CAGE_TSS_29809	5	+	3708285	3708077	20.9728508	3708077	0	-208	-208	-208	-208	208
CAGE_TSS_29815	5	+	3754352	3754166	41.37023163	3754166	0	-186	-186	-186	-186	186
CAGE_TSS_29825	5	+	3776796	3776762	11.78267956	3776762	0	-34	-34	-34	-34	34
CAGE_TSS_29837	5	+	3808719	3808501	82.08114624	3808501	0	-218	-218	-218	-218	218
CAGE_TSS_29839	5	+	3825520	3825515	9.897259712	3825515	0	-5	-5	-5	-5	5
CAGE_TSS_29840	5	+	3831702	3831507	50.74279022	3831507	0	-195	-195	-195	-195	195
CAGE_TSS_29844	5	+	3839384	3839208	6.776219845	3839208	0	-176	-176	-176	-176	176
CAGE_TSS_29857	5	+	3919594	3919311	13.72768974	3919311	0	-283	-283	-283	-283	283
CAGE_TSS_29858	5	+	3931640	3931497	60.97383881	3931497	0	-143	-143	-143	-143	143
CAGE_TSS_29860	5	+	3947124	3947082	9.444450378	3947082	0	-42	-42	-42	-42	42
CAGE_TSS_29864	5	+	3966416	3966340	9.147500038	3966340	0	-76	-76	-76	-76	76
CAGE_TSS_29866	5	+	3995327	3995118	34.13476181	3995118	0	-209	-209	-209	-209	209
CAGE_TSS_29869	5	+	4013472	4013259	10.07485008	4013259	0	-213	-213	-213	-213	213
CAGE_TSS_29872	5	+	4056153	4056001	17.68136978	4056001	0	-152	-152	-152	-152	152
CAGE_TSS_29873	5	+	4087714	4087727	9.942150116	4087727	0	13	13	13	13	13
CAGE_TSS_29875	5	+	4092550	4092374	13.12553978	4092374	0	-176	-176	-176	-176	176
CAGE_TSS_29876	5	+	4092978	4092832	6.357120037	4092832	0	-146	-146	-146	-146	146
CAGE_TSS_29881	5	+	4133213	4133058	9.3186903	4133058	0	-155	-155	-155	-155	155
CAGE_TSS_29887	5	+	4156675	4156406	106.79673	4156406	0	-269	-269	-269	-269	269
CAGE_TSS_29889	5	+	4158876	4158699	9.871100426	4158699	0	-177	-177	-177	-177	177
CAGE_TSS_29896	5	+	4218917	4218798	208.7880402	4218798	0	-119	-119	-119	-119	119
CAGE_TSS_29903	5	+	4272057	4271873	13.96531963	4271873	0	-184	-184	-184	-184	184
CAGE_TSS_29905	5	+	4283616	4283458	27.10017967	4283458	0	-158	-158	-158	-158	158
CAGE_TSS_29906	5	+	4286857	4286741	18.00797081	4286741	0	-116	-116	-116	-116	116
CAGE_TSS_29911	5	+	4335467	4335239	11.98186016	4335239	0	-228	-228	-228	-228	228
CAGE_TSS_29912	5	+	4338262	4338037	52.31293869	4338037	0	-225	-225	-225	-225	225
CAGE_TSS_29914	5	+	4345341	4345339	100.2047806	4345339	0	-2	-2	-2	-2	2
CAGE_TSS_29918	5	+	4367313	4367054	9.824910164	4367054	0	-259	-259	-259	-259	259
CAGE_TSS_29921	5	+	4383016	4382905	11.81468964	4382905	0	-111	-111	-111	-111	111
CAGE_TSS_29931	5	+	4404711	4404464	20.48657036	4404464	0	-247	-247	-247	-247	247
CAGE_TSS_29933	5	+	4426555	4426453	17.41991997	4426453	0	-102	-102	-102	-102	102
CAGE_TSS_29939	5	+	4438252	4438030	14.19565964	4438030	0	-222	-222	-222	-222	222
CAGE_TSS_29942	5	+	4442013	4441742	268.51474	4441742	0	-271	-271	-271	-271	271
CAGE_TSS_29943	5	+	4443929	4443786	14.98118019	4443786	0	-143	-143	-143	-143	143
CAGE_TSS_29944	5	+	4445401	4445295	29.3499794	4445295	0	-106	-106	-106	-106	106
CAGE_TSS_29958	5	+	4495447	4495746	9.24075985	4495746	0	299	299	299	299	299
CAGE_TSS_29959	5	+	4501460	4501397	84.34008026	4501397	0	-63	-63	-63	-63	63
CAGE_TSS_29962	5	+	4518010	4517806	64.30088043	4517806	0	-204	-204	-204	-204	204
CAGE_TSS_29963	5	+	4526811	4526544	15.5466404	4526544	0	-267	-267	-267	-267	267
CAGE_TSS_29972	5	+	4556158	4556123	63.95793915	4556123	0	-35	-35	-35	-35	35
CAGE_TSS_29974	5	+	4576203	4576134	93.00402832	4576134	0	-69	-69	-69	-69	69
CAGE_TSS_29982	5	+	4600990	4600839	6.667809963	4600839	0	-151	-151	-151	-151	151
CAGE_TSS_29986	5	+	4610626	4610461	7.716390133	4610461	0	-165	-165	-165	-165	165
CAGE_TSS_29989	5	+	4630974	4630758	145.7415466	4630758	0	-216	-216	-216	-216	216
CAGE_TSS_29990	5	+	4652980	4652841	43.13262177	4652841	0	-139	-139	-139	-139	139
CAGE_TSS_29992	5	+	4667854	4667605	16.22787094	4667605	0	-249	-249	-249	-249	249
CAGE_TSS_30009	5	+	4756217	4756100	138.9881592	4756100	0	-117	-117	-117	-117	117
CAGE_TSS_30012	5	+	4759706	4759609	31.09762955	4759609	0	-97	-97	-97	-97	97
CAGE_TSS_30014	5	+	4760843	4760870	6.541069984	4760870	0	27	27	27	27	27
CAGE_TSS_30020	5	+	4762406	4762604	6.071000099	4762604	0	198	198	198	198	198
CAGE_TSS_30030	5	+	4813998	4813902	29.63022995	4813902	0	-96	-96	-96	-96	96
CAGE_TSS_30040	5	+	4828718	4828526	10.56377983	4828526	0	-192	-192	-192	-192	192
CAGE_TSS_30041	5	+	4841256	4841107	43.53458023	4841107	0	-149	-149	-149	-149	149
CAGE_TSS_30050	5	+	4886189	4886103	75.1998291	4886103	0	-86	-86	-86	-86	86
CAGE_TSS_30052	5	+	4898763	4898627	22.80347061	4898627	0	-136	-136	-136	-136	136
CAGE_TSS_30059	5	+	4947648	4947548	70.06565094	4947548	0	-100	-100	-100	-100	100
CAGE_TSS_30060	5	+	4956500	4956234	59.66870117	4956234	0	-266	-266	-266	-266	266
CAGE_TSS_30061	5	+	4958347	4958176	47.49243927	4958176	0	-171	-171	-171	-171	171
CAGE_TSS_30071	5	+	5034009	5033773	15.76494026	5033773	0	-236	-236	-236	-236	236
CAGE_TSS_30075	5	+	5078192	5078019	75.80525208	5078019	0	-173	-173	-173	-173	173
CAGE_TSS_30080	5	+	5092156	5092088	69.66847992	5092088	0	-68	-68	-68	-68	68
CAGE_TSS_30088	5	+	5130529	5130260	11.38537025	5130260	0	-269	-269	-269	-269	269
CAGE_TSS_30092	5	+	5148740	5148443	20.81752968	5148443	0	-297	-297	-297	-297	297
CAGE_TSS_30098	5	+	5177781	5177891	7.102089882	5177891	0	110	110	110	110	110
CAGE_TSS_30108	5	+	5209931	5209788	32.75680161	5209788	0	-143	-143	-143	-143	143
CAGE_TSS_30109	5	+	5211905	5211742	165.1261444	5211742	0	-163	-163	-163	-163	163
CAGE_TSS_30113	5	+	5224175	5223953	18.19562912	5223953	0	-222	-222	-222	-222	222
CAGE_TSS_30136	5	+	5306922	5306750	23.18774986	5306750	0	-172	-172	-172	-172	172
CAGE_TSS_30139	5	+	5316277	5316206	37.58531952	5316206	0	-71	-71	-71	-71	71
CAGE_TSS_30140	5	+	5333763	5333717	95.16873169	5333717	0	-46	-46	-46	-46	46
CAGE_TSS_30145	5	+	5352675	5352409	147.1448669	5352409	0	-266	-266	-266	-266	266
CAGE_TSS_30150	5	+	5374059	5373799	28.33556938	5373799	0	-260	-260	-260	-260	260
CAGE_TSS_30152	5	+	5379418	5379173	11.47531033	5379173	0	-245	-245	-245	-245	245
CAGE_TSS_30159	5	+	5405500	5405321	9.148170471	5405321	0	-179	-179	-179	-179	179
CAGE_TSS_30160	5	+	5431673	5431384	18.45293999	5431384	0	-289	-289	-289	-289	289
CAGE_TSS_30179	5	+	5497662	5497436	123.4870605	5497436	0	-226	-226	-226	-226	226
CAGE_TSS_30183	5	+	5509691	5509590	76.36753845	5509590	0	-101	-101	-101	-101	101
CAGE_TSS_30188	5	+	5548989	5548845	8.68266964	5548845	0	-144	-144	-144	-144	144
CAGE_TSS_30191	5	+	5561026	5560843	23.35969925	5560843	0	-183	-183	-183	-183	183
CAGE_TSS_30193	5	+	5568439	5568169	8.914990425	5568169	0	-270	-270	-270	-270	270
CAGE_TSS_30196	5	+	5594735	5594662	13.22603035	5594662	0	-73	-73	-73	-73	73
CAGE_TSS_30197	5	+	5610885	5610827	7.689970016	5610827	0	-58	-58	-58	-58	58
CAGE_TSS_30204	5	+	5652228	5652147	14.28444958	5652147	0	-81	-81	-81	-81	81
CAGE_TSS_30207	5	+	5666851	5666691	28.74361992	5666691	0	-160	-160	-160	-160	160
CAGE_TSS_30209	5	+	5686296	5686306	10.24450016	5686306	0	10	10	10	10	10
CAGE_TSS_30210	5	+	5711065	5711069	32.25090027	5711069	0	4	4	4	4	4
CAGE_TSS_30213	5	+	5714308	5714109	5.160220146	5714109	0	-199	-199	-199	-199	199
CAGE_TSS_30215	5	+	5718771	5718588	44.32585907	5718588	0	-183	-183	-183	-183	183
CAGE_TSS_30216	5	+	5720375	5720172	5.925529957	5720172	0	-203	-203	-203	-203	203
CAGE_TSS_30227	5	+	5809460	5809190	20.96616936	5809190	0	-270	-270	-270	-270	270
CAGE_TSS_30236	5	+	5916956	5916772	20.27420044	5916772	0	-184	-184	-184	-184	184
CAGE_TSS_30243	5	+	5935137	5934895	21.63245964	5934895	0	-242	-242	-242	-242	242
CAGE_TSS_30244	5	+	5935879	5935678	10.08189964	5935678	0	-201	-201	-201	-201	201
CAGE_TSS_30257	5	+	5957215	5956978	248.608078	5956978	0	-237	-237	-237	-237	237
CAGE_TSS_30262	5	+	5972419	5972214	7.612410069	5972214	0	-205	-205	-205	-205	205
CAGE_TSS_30270	5	+	5991062	5990947	12.91543007	5990947	0	-115	-115	-115	-115	115
CAGE_TSS_30274	5	+	6006043	6006014	67.56198883	6006014	0	-29	-29	-29	-29	29
CAGE_TSS_30289	5	+	6122864	6122737	59.00553894	6122737	0	-127	-127	-127	-127	127
CAGE_TSS_30298	5	+	6160165	6160077	11.31377983	6160077	0	-88	-88	-88	-88	88
CAGE_TSS_30303	5	+	6202680	6202554	60.01456833	6202554	0	-126	-126	-126	-126	126
CAGE_TSS_30304	5	+	6212795	6212632	18.45890045	6212632	0	-163	-163	-163	-163	163
CAGE_TSS_30305	5	+	6217920	6217910	5.978720188	6217910	0	-10	-10	-10	-10	10
CAGE_TSS_30321	5	+	6276067	6275860	12.83434963	6275860	0	-207	-207	-207	-207	207
CAGE_TSS_30326	5	+	6310068	6309849	17.19062042	6309849	0	-219	-219	-219	-219	219
CAGE_TSS_30328	5	+	6330290	6330280	38.61500931	6330280	0	-10	-10	-10	-10	10
CAGE_TSS_30331	5	+	6369281	6369114	5.969669819	6369114	0	-167	-167	-167	-167	167
CAGE_TSS_30333	5	+	6378351	6378091	22.38969994	6378091	0	-260	-260	-260	-260	260
CAGE_TSS_30336	5	+	6414479	6414294	229.0576172	6414294	0	-185	-185	-185	-185	185
CAGE_TSS_30348	5	+	6457261	6457119	24.68876076	6457119	0	-142	-142	-142	-142	142
CAGE_TSS_30350	5	+	6458963	6458786	7.322629929	6458786	0	-177	-177	-177	-177	177
CAGE_TSS_30352	5	+	6467598	6467445	139.3360443	6467445	0	-153	-153	-153	-153	153
CAGE_TSS_30354	5	+	6470172	6470143	6.388420105	6470143	0	-29	-29	-29	-29	29
CAGE_TSS_30363	5	+	6494098	6493965	42.90161133	6493965	0	-133	-133	-133	-133	133
CAGE_TSS_30370	5	+	6531539	6531350	9.313610077	6531350	0	-189	-189	-189	-189	189
CAGE_TSS_30374	5	+	6556429	6556185	12.52939987	6556185	0	-244	-244	-244	-244	244
CAGE_TSS_30385	5	+	6585427	6585182	265.0183716	6585182	0	-245	-245	-245	-245	245
CAGE_TSS_30398	5	+	6652516	6652469	14.43330002	6652469	0	-47	-47	-47	-47	47
CAGE_TSS_30401	5	+	6673934	6673726	7.697949886	6673726	0	-208	-208	-208	-208	208
CAGE_TSS_30404	5	+	6687075	6686898	31.94831085	6686898	0	-177	-177	-177	-177	177
CAGE_TSS_30411	5	+	6718344	6718227	68.73397064	6718227	0	-117	-117	-117	-117	117
CAGE_TSS_30425	5	+	6760283	6760038	22.25015068	6760038	0	-245	-245	-245	-245	245
CAGE_TSS_30428	5	+	6762758	6762570	6.234179974	6762570	0	-188	-188	-188	-188	188
CAGE_TSS_30442	5	+	6792825	6792678	6.177529812	6792678	0	-147	-147	-147	-147	147
CAGE_TSS_30447	5	+	6802386	6802147	86.74941254	6802147	0	-239	-239	-239	-239	239
CAGE_TSS_30455	5	+	6814000	6813869	163.557312	6813869	0	-131	-131	-131	-131	131
CAGE_TSS_30461	5	+	6826506	6826298	26.80044937	6826298	0	-208	-208	-208	-208	208
CAGE_TSS_30463	5	+	6833677	6833627	10.17294025	6833627	0	-50	-50	-50	-50	50
CAGE_TSS_30474	5	+	6950118	6949844	72.0415802	6949844	0	-274	-274	-274	-274	274
CAGE_TSS_30476	5	+	6968679	6968422	24.02564049	6968422	0	-257	-257	-257	-257	257
CAGE_TSS_30491	5	+	7090790	7090646	149.4586487	7090646	0	-144	-144	-144	-144	144
CAGE_TSS_30519	5	+	7217339	7217289	7.985429764	7217289	0	-50	-50	-50	-50	50
CAGE_TSS_30531	5	+	7273227	7272970	54.47089005	7272970	0	-257	-257	-257	-257	257
CAGE_TSS_30533	5	+	7277263	7277087	150.3074951	7277087	0	-176	-176	-176	-176	176
CAGE_TSS_30555	5	+	7420422	7420669	13.61532021	7420669	0	247	247	247	247	247
CAGE_TSS_30567	5	+	7524509	7524762	31.62865067	7524762	0	253	253	253	253	253
CAGE_TSS_30587	5	+	7676941	7676837	8.286959648	7676837	0	-104	-104	-104	-104	104
CAGE_TSS_30604	5	+	7758127	7757889	8.174750328	7757889	0	-238	-238	-238	-238	238
CAGE_TSS_30613	5	+	7781225	7781107	13.72401047	7781107	0	-118	-118	-118	-118	118
CAGE_TSS_30616	5	+	7785891	7785622	41.91653824	7785622	0	-269	-269	-269	-269	269
CAGE_TSS_30619	5	+	7810854	7810670	32.11008835	7810670	0	-184	-184	-184	-184	184
CAGE_TSS_30636	5	+	7867862	7867659	20.55084038	7867659	0	-203	-203	-203	-203	203
CAGE_TSS_30641	5	+	7919438	7919400	7.020420074	7919400	0	-38	-38	-38	-38	38
CAGE_TSS_30642	5	+	7927255	7927019	41.36872864	7927019	0	-236	-236	-236	-236	236
CAGE_TSS_30656	5	+	8005233	8005132	10.54493046	8005132	0	-101	-101	-101	-101	101
CAGE_TSS_30659	5	+	8028319	8028194	137.3449402	8028194	0	-125	-125	-125	-125	125
CAGE_TSS_30661	5	+	8031316	8031181	202.5754852	8031181	0	-135	-135	-135	-135	135
CAGE_TSS_30663	5	+	8033739	8033617	178.3893433	8033617	0	-122	-122	-122	-122	122
CAGE_TSS_30664	5	+	8035810	8035604	200.8847809	8035604	0	-206	-206	-206	-206	206
CAGE_TSS_30673	5	+	8082745	8082602	9.805009842	8082602	0	-143	-143	-143	-143	143
CAGE_TSS_30681	5	+	8151960	8151822	10.11108017	8151822	0	-138	-138	-138	-138	138
CAGE_TSS_30691	5	+	8221397	8221139	8.51622963	8221139	0	-258	-258	-258	-258	258
CAGE_TSS_30702	5	+	8323897	8323724	48.5539093	8323724	0	-173	-173	-173	-173	173
CAGE_TSS_30707	5	+	8354754	8354534	5.828879833	8354534	0	-220	-220	-220	-220	220
CAGE_TSS_30712	5	+	8378887	8378769	27.34095001	8378769	0	-118	-118	-118	-118	118
CAGE_TSS_30713	5	+	8428077	8427891	173.7137756	8427891	0	-186	-186	-186	-186	186
CAGE_TSS_30716	5	+	8436375	8436271	14.06447983	8436271	0	-104	-104	-104	-104	104
CAGE_TSS_30717	5	+	8437087	8436992	6.62940979	8436992	0	-95	-95	-95	-95	95
CAGE_TSS_30731	5	+	8552596	8552298	12.38177013	8552298	0	-298	-298	-298	-298	298
CAGE_TSS_30732	5	+	8558265	8558035	23.99517059	8558035	0	-230	-230	-230	-230	230
CAGE_TSS_30734	5	+	8589418	8589227	19.16736984	8589227	0	-191	-191	-191	-191	191
CAGE_TSS_30736	5	+	8590099	8590354	11.06379032	8590354	0	255	255	255	255	255
CAGE_TSS_30740	5	+	8610550	8610395	33.72272873	8610395	0	-155	-155	-155	-155	155
CAGE_TSS_30743	5	+	8618502	8618350	8.773280144	8618350	0	-152	-152	-152	-152	152
CAGE_TSS_30749	5	+	8668335	8668182	14.22292042	8668182	0	-153	-153	-153	-153	153
CAGE_TSS_30752	5	+	8672484	8672374	14.58695984	8672374	0	-110	-110	-110	-110	110
CAGE_TSS_30758	5	+	8693201	8693034	16.14532089	8693034	0	-167	-167	-167	-167	167
CAGE_TSS_30759	5	+	8723992	8723922	11.1996603	8723922	0	-70	-70	-70	-70	70
CAGE_TSS_30760	5	+	8735964	8735822	20.85906982	8735822	0	-142	-142	-142	-142	142
CAGE_TSS_30765	5	+	8773789	8773503	8.258009911	8773503	0	-286	-286	-286	-286	286
CAGE_TSS_30772	5	+	8863393	8863170	36.12892151	8863170	0	-223	-223	-223	-223	223
CAGE_TSS_30773	5	+	8864274	8864188	45.27584839	8864188	0	-86	-86	-86	-86	86
CAGE_TSS_30791	5	+	9033462	9033169	30.57559967	9033169	0	-293	-293	-293	-293	293
CAGE_TSS_30793	5	+	9036017	9036072	20.57291031	9036072	0	55	55	55	55	55
CAGE_TSS_30807	5	+	9096525	9096340	25.1017704	9096340	0	-185	-185	-185	-185	185
CAGE_TSS_30814	5	+	9142854	9142994	61.62974167	9142994	0	140	140	140	140	140
CAGE_TSS_30816	5	+	9157170	9156948	24.58680916	9156948	0	-222	-222	-222	-222	222
CAGE_TSS_30818	5	+	9173213	9173157	6.332719803	9173157	0	-56	-56	-56	-56	56
CAGE_TSS_30819	5	+	9189555	9189312	7.709300041	9189312	0	-243	-243	-243	-243	243
CAGE_TSS_30820	5	+	9200469	9200210	184.8464661	9200210	0	-259	-259	-259	-259	259
CAGE_TSS_30836	5	+	9245948	9245736	10.40585041	9245736	0	-212	-212	-212	-212	212
CAGE_TSS_30839	5	+	9261535	9261432	43.44789886	9261432	0	-103	-103	-103	-103	103
CAGE_TSS_30845	5	+	9291934	9291762	34.36978149	9291762	0	-172	-172	-172	-172	172
CAGE_TSS_30848	5	+	9303960	9303799	60.62332153	9303799	0	-161	-161	-161	-161	161
CAGE_TSS_30857	5	+	9377411	9377227	239.1818237	9377227	0	-184	-184	-184	-184	184
CAGE_TSS_30858	5	+	9418194	9418071	29.46468925	9418071	0	-123	-123	-123	-123	123
CAGE_TSS_30865	5	+	9445443	9445377	11.51268959	9445377	0	-66	-66	-66	-66	66
CAGE_TSS_30871	5	+	9484876	9484707	92.3860321	9484707	0	-169	-169	-169	-169	169
CAGE_TSS_30874	5	+	9491083	9491042	13.35336018	9491042	0	-41	-41	-41	-41	41
CAGE_TSS_30882	5	+	9553468	9553324	7.627349854	9553324	0	-144	-144	-144	-144	144
CAGE_TSS_30889	5	+	9617518	9617218	7.053929806	9617218	0	-300	-300	-300	-300	300
CAGE_TSS_30891	5	+	9629033	9629105	6.174890041	9629105	0	72	72	72	72	72
CAGE_TSS_30896	5	+	9648831	9648612	12.77157974	9648612	0	-219	-219	-219	-219	219
CAGE_TSS_30898	5	+	9650286	9650213	154.9496002	9650213	0	-73	-73	-73	-73	73
CAGE_TSS_30900	5	+	9652988	9653019	9.3186903	9653019	0	31	31	31	31	31
CAGE_TSS_30906	5	+	9684074	9683977	5.207129955	9683977	0	-97	-97	-97	-97	97
CAGE_TSS_30910	5	+	9691034	9690911	48.38132095	9690911	0	-123	-123	-123	-123	123
CAGE_TSS_30916	5	+	9742576	9742280	36.08850098	9742280	0	-296	-296	-296	-296	296
CAGE_TSS_30928	5	+	9819428	9819308	13.3982296	9819308	0	-120	-120	-120	-120	120
CAGE_TSS_30936	5	+	9834190	9834472	7.454919815	9834472	0	282	282	282	282	282
CAGE_TSS_30951	5	+	9902752	9902542	20.92461014	9902542	0	-210	-210	-210	-210	210
CAGE_TSS_30957	5	+	9984662	9984602	9.076860428	9984602	0	-60	-60	-60	-60	60
CAGE_TSS_30959	5	+	10004526	10004504	5.461460114	10004504	0	-22	-22	-22	-22	22
CAGE_TSS_30968	5	+	10135548	10135299	8.776399612	10135299	0	-249	-249	-249	-249	249
CAGE_TSS_30974	5	+	10238549	10238519	67.90524292	10238519	0	-30	-30	-30	-30	30
CAGE_TSS_30994	5	+	10636630	10636444	40.70870972	10636444	0	-186	-186	-186	-186	186
CAGE_TSS_30998	5	+	10780544	10780349	17.89188957	10780349	0	-195	-195	-195	-195	195
CAGE_TSS_31008	5	+	10856790	10856518	47.68215942	10856518	0	-272	-272	-272	-272	272
CAGE_TSS_31010	5	+	10933915	10933809	29.39797974	10933809	0	-106	-106	-106	-106	106
CAGE_TSS_31030	5	+	11379940	11379685	14.01461029	11379685	0	-255	-255	-255	-255	255
CAGE_TSS_31055	5	+	12079667	12079502	67.47588348	12079502	0	-165	-165	-165	-165	165
CAGE_TSS_31112	5	+	13233357	13233389	121.3576813	13233389	0	32	32	32	32	32
CAGE_TSS_31121	5	+	13424417	13424242	53.91210938	13424242	0	-175	-175	-175	-175	175
CAGE_TSS_31136	5	+	13667717	13667663	5.925459862	13667663	0	-54	-54	-54	-54	54
CAGE_TSS_31137	5	+	13672588	13672310	17.75181961	13672310	0	-278	-278	-278	-278	278
CAGE_TSS_31140	5	+	13701286	13701108	40.60314178	13701108	0	-178	-178	-178	-178	178
CAGE_TSS_31141	5	+	13707477	13707237	94.329422	13707237	0	-240	-240	-240	-240	240
CAGE_TSS_31158	5	+	13893757	13893492	7.095260143	13893492	0	-265	-265	-265	-265	265
CAGE_TSS_31159	5	+	13897879	13897712	13.61872005	13897712	0	-167	-167	-167	-167	167
CAGE_TSS_31171	5	+	14090624	14090423	275.074585	14090423	0	-201	-201	-201	-201	201
CAGE_TSS_31173	5	+	14127979	14127831	5.293039799	14127831	0	-148	-148	-148	-148	148
CAGE_TSS_31178	5	+	14255526	14255268	25.5766201	14255268	0	-258	-258	-258	-258	258
CAGE_TSS_31194	5	+	14594980	14594700	28.53476906	14594700	0	-280	-280	-280	-280	280
CAGE_TSS_31197	5	+	14629532	14629259	18.82027054	14629259	0	-273	-273	-273	-273	273
CAGE_TSS_31198	5	+	14651030	14650837	158.715271	14650837	0	-193	-193	-193	-193	193
CAGE_TSS_31219	5	+	14968921	14968668	5.588270187	14968668	0	-253	-253	-253	-253	253
CAGE_TSS_31221	5	+	14978719	14978580	60.62636185	14978580	0	-139	-139	-139	-139	139
CAGE_TSS_31227	5	+	14995835	14995621	24.79014969	14995621	0	-214	-214	-214	-214	214
CAGE_TSS_31228	5	+	15022273	15022107	21.96096039	15022107	0	-166	-166	-166	-166	166
CAGE_TSS_31231	5	+	15065411	15065146	93.79540253	15065146	0	-265	-265	-265	-265	265
CAGE_TSS_31237	5	+	15155112	15155043	7.882649899	15155043	0	-69	-69	-69	-69	69
CAGE_TSS_31238	5	+	15158274	15158131	109.58461	15158131	0	-143	-143	-143	-143	143
CAGE_TSS_31251	5	+	15262794	15262564	6.226759911	15262564	0	-230	-230	-230	-230	230
CAGE_TSS_31262	5	+	15404639	15404531	5.476069927	15404531	0	-108	-108	-108	-108	108
CAGE_TSS_31267	5	+	15409730	15409569	18.39780998	15409569	0	-161	-161	-161	-161	161
CAGE_TSS_31273	5	+	15421579	15421366	8.738100052	15421366	0	-213	-213	-213	-213	213
CAGE_TSS_31278	5	+	15439359	15439353	25.87228012	15439353	0	-6	-6	-6	-6	6
CAGE_TSS_31283	5	+	15489593	15489492	72.04934692	15489492	0	-101	-101	-101	-101	101
CAGE_TSS_31286	5	+	15515198	15515091	81.23905945	15515091	0	-107	-107	-107	-107	107
CAGE_TSS_31289	5	+	15533729	15533640	14.17199039	15533640	0	-89	-89	-89	-89	89
CAGE_TSS_31298	5	+	15588716	15588470	8.423199654	15588470	0	-246	-246	-246	-246	246
CAGE_TSS_31299	5	+	15606770	15606653	9.338060379	15606653	0	-117	-117	-117	-117	117
CAGE_TSS_31301	5	+	15608787	15608853	20.50379944	15608853	0	66	66	66	66	66
CAGE_TSS_31309	5	+	15634460	15634353	8.610300064	15634353	0	-107	-107	-107	-107	107
CAGE_TSS_31310	5	+	15635269	15635174	10.88669968	15635174	0	-95	-95	-95	-95	95
CAGE_TSS_31313	5	+	15643591	15643427	6.076759815	15643427	0	-164	-164	-164	-164	164
CAGE_TSS_31317	5	+	15742791	15742647	78.21224976	15742647	0	-144	-144	-144	-144	144
CAGE_TSS_31327	5	+	15843972	15843786	49.77207947	15843786	0	-186	-186	-186	-186	186
CAGE_TSS_31333	5	+	15878847	15878638	25.0770092	15878638	0	-209	-209	-209	-209	209
CAGE_TSS_31334	5	+	15883181	15882917	27.76576042	15882917	0	-264	-264	-264	-264	264
CAGE_TSS_31336	5	+	15899610	15899532	6.078139782	15899532	0	-78	-78	-78	-78	78
CAGE_TSS_31348	5	+	15911443	15911246	33.5105896	15911246	0	-197	-197	-197	-197	197
CAGE_TSS_31352	5	+	15928973	15928724	10.33792019	15928724	0	-249	-249	-249	-249	249
CAGE_TSS_31355	5	+	15942855	15942674	13.15892029	15942674	0	-181	-181	-181	-181	181
CAGE_TSS_31359	5	+	15957437	15957311	19.64035034	15957311	0	-126	-126	-126	-126	126
CAGE_TSS_31365	5	+	15998008	15997837	48.60448837	15997837	0	-171	-171	-171	-171	171
CAGE_TSS_31370	5	+	16057173	16056882	15.68025017	16056882	0	-291	-291	-291	-291	291
CAGE_TSS_31373	5	+	16085751	16085510	50.89471054	16085510	0	-241	-241	-241	-241	241
CAGE_TSS_31378	5	+	16152147	16151936	5.067820072	16151936	0	-211	-211	-211	-211	211
CAGE_TSS_31379	5	+	16161588	16161313	227.4072571	16161313	0	-275	-275	-275	-275	275
CAGE_TSS_31385	5	+	16202247	16202265	8.086830139	16202265	0	18	18	18	18	18
CAGE_TSS_31397	5	+	16241088	16240873	68.22431183	16240873	0	-215	-215	-215	-215	215
CAGE_TSS_31401	5	+	16281456	16281217	27.48502922	16281217	0	-239	-239	-239	-239	239
CAGE_TSS_31404	5	+	16290711	16290536	25.91506958	16290536	0	-175	-175	-175	-175	175
CAGE_TSS_31407	5	+	16297438	16297219	12.34844017	16297219	0	-219	-219	-219	-219	219
CAGE_TSS_31410	5	+	16301073	16300875	29.67098045	16300875	0	-198	-198	-198	-198	198
CAGE_TSS_31417	5	+	16366671	16366508	74.40133667	16366508	0	-163	-163	-163	-163	163
CAGE_TSS_31419	5	+	16370474	16370210	108.2074814	16370210	0	-264	-264	-264	-264	264
CAGE_TSS_31420	5	+	16374907	16374797	28.70099068	16374797	0	-110	-110	-110	-110	110
CAGE_TSS_31425	5	+	16408119	16407929	18.17808914	16407929	0	-190	-190	-190	-190	190
CAGE_TSS_31438	5	+	16438339	16438210	25.88500977	16438210	0	-129	-129	-129	-129	129
CAGE_TSS_31441	5	+	16447222	16447142	18.89542007	16447142	0	-80	-80	-80	-80	80
CAGE_TSS_31447	5	+	16503726	16503535	40.46332169	16503535	0	-191	-191	-191	-191	191
CAGE_TSS_31453	5	+	16551119	16550956	18.40185928	16550956	0	-163	-163	-163	-163	163
CAGE_TSS_31458	5	+	16598781	16599000	33.76029968	16599000	0	219	219	219	219	219
CAGE_TSS_31463	5	+	16638568	16638285	5.686850071	16638285	0	-283	-283	-283	-283	283
CAGE_TSS_31464	5	+	16646254	16646026	121.3452377	16646026	0	-228	-228	-228	-228	228
CAGE_TSS_31470	5	+	16675829	16675690	16.2329998	16675690	0	-139	-139	-139	-139	139
CAGE_TSS_31481	5	+	16725883	16725597	117.8754578	16725597	0	-286	-286	-286	-286	286
CAGE_TSS_31486	5	+	16733825	16733622	7.41644001	16733622	0	-203	-203	-203	-203	203
CAGE_TSS_31500	5	+	16799353	16799241	9.076270103	16799241	0	-112	-112	-112	-112	112
CAGE_TSS_31501	5	+	16801766	16801539	175.5596924	16801539	0	-227	-227	-227	-227	227
CAGE_TSS_31502	5	+	16815522	16815249	44.90345001	16815249	0	-273	-273	-273	-273	273
CAGE_TSS_31506	5	+	16826697	16826659	6.082910061	16826659	0	-38	-38	-38	-38	38
CAGE_TSS_31510	5	+	16828716	16828571	6.427700043	16828571	0	-145	-145	-145	-145	145
CAGE_TSS_31511	5	+	16831511	16831352	10.52620029	16831352	0	-159	-159	-159	-159	159
CAGE_TSS_31517	5	+	16866042	16865755	10.10906982	16865755	0	-287	-287	-287	-287	287
CAGE_TSS_31518	5	+	16872354	16872088	40.93584824	16872088	0	-266	-266	-266	-266	266
CAGE_TSS_31522	5	+	16894017	16893939	5.572249889	16893939	0	-78	-78	-78	-78	78
CAGE_TSS_31534	5	+	16915779	16915540	6.164249897	16915540	0	-239	-239	-239	-239	239
CAGE_TSS_31541	5	+	16976031	16975985	120.7192535	16975985	0	-46	-46	-46	-46	46
CAGE_TSS_31546	5	+	17000291	17000081	11.55665016	17000081	0	-210	-210	-210	-210	210
CAGE_TSS_31548	5	+	17014975	17014917	10.62475967	17014917	0	-58	-58	-58	-58	58
CAGE_TSS_31552	5	+	17053520	17053400	152.1142273	17053400	0	-120	-120	-120	-120	120
CAGE_TSS_31554	5	+	17066421	17066174	17.38056946	17066174	0	-247	-247	-247	-247	247
CAGE_TSS_31564	5	+	17143005	17142845	57.07746887	17142845	0	-160	-160	-160	-160	160
CAGE_TSS_31572	5	+	17166805	17166710	75.6931076	17166710	0	-95	-95	-95	-95	95
CAGE_TSS_31577	5	+	17172448	17172734	17.60139084	17172734	0	286	286	286	286	286
CAGE_TSS_31580	5	+	17191495	17191394	6.324500084	17191394	0	-101	-101	-101	-101	101
CAGE_TSS_31581	5	+	17224364	17224096	22.45465088	17224096	0	-268	-268	-268	-268	268
CAGE_TSS_31584	5	+	17242726	17242612	201.44664	17242612	0	-114	-114	-114	-114	114
CAGE_TSS_31593	5	+	17325017	17324851	27.42510033	17324851	0	-166	-166	-166	-166	166
CAGE_TSS_31595	5	+	17326461	17326319	16.64417076	17326319	0	-142	-142	-142	-142	142
CAGE_TSS_31596	5	+	17328245	17328201	37.03853989	17328201	0	-44	-44	-44	-44	44
CAGE_TSS_31606	5	+	17451733	17451545	32.02806854	17451545	0	-188	-188	-188	-188	188
CAGE_TSS_31618	5	+	17506399	17506306	51.13187027	17506306	0	-93	-93	-93	-93	93
CAGE_TSS_31621	5	+	17522519	17522480	72.96350861	17522480	0	-39	-39	-39	-39	39
CAGE_TSS_31624	5	+	17546243	17546067	51.21162033	17546067	0	-176	-176	-176	-176	176
CAGE_TSS_31625	5	+	17550381	17550143	48.49518967	17550143	0	-238	-238	-238	-238	238
CAGE_TSS_31633	5	+	17610862	17610746	13.3982296	17610746	0	-116	-116	-116	-116	116
CAGE_TSS_31641	5	+	17684199	17683975	177.1337433	17683975	0	-224	-224	-224	-224	224
CAGE_TSS_31658	5	+	17722445	17722259	274.1172485	17722259	0	-186	-186	-186	-186	186
CAGE_TSS_31659	5	+	17731005	17731150	7.396490097	17731150	0	145	145	145	145	145
CAGE_TSS_31660	5	+	17731795	17731609	11.12742043	17731609	0	-186	-186	-186	-186	186
CAGE_TSS_31667	5	+	17782431	17782372	10.66670036	17782372	0	-59	-59	-59	-59	59
CAGE_TSS_31670	5	+	17798369	17798250	32.51462936	17798250	0	-119	-119	-119	-119	119
CAGE_TSS_31683	5	+	17864519	17864362	88.28569031	17864362	0	-157	-157	-157	-157	157
CAGE_TSS_31684	5	+	17917269	17917180	49.29629135	17917180	0	-89	-89	-89	-89	89
CAGE_TSS_31690	5	+	17937699	17937566	9.311260223	17937566	0	-133	-133	-133	-133	133
CAGE_TSS_31693	5	+	17945957	17945898	8.272199631	17945898	0	-59	-59	-59	-59	59
CAGE_TSS_31700	5	+	17964424	17964261	11.51268959	17964261	0	-163	-163	-163	-163	163
CAGE_TSS_31711	5	+	18013266	18012991	28.26231003	18012991	0	-275	-275	-275	-275	275
CAGE_TSS_31714	5	+	18040916	18040703	13.46395016	18040703	0	-213	-213	-213	-213	213
CAGE_TSS_31715	5	+	18043054	18042976	118.050209	18042976	0	-78	-78	-78	-78	78
CAGE_TSS_31718	5	+	18052607	18052312	10.40417957	18052312	0	-295	-295	-295	-295	295
CAGE_TSS_31735	5	+	18218698	18218518	147.0769958	18218518	0	-180	-180	-180	-180	180
CAGE_TSS_31737	5	+	18228909	18228740	235.0587769	18228740	0	-169	-169	-169	-169	169
CAGE_TSS_31738	5	+	18244302	18244351	21.07420921	18244351	0	49	49	49	49	49
CAGE_TSS_31747	5	+	18388349	18388093	93.5689621	18388093	0	-256	-256	-256	-256	256
CAGE_TSS_31753	5	+	18407393	18407379	99.0881424	18407379	0	-14	-14	-14	-14	14
CAGE_TSS_31763	5	+	18444660	18444676	60.2208519	18444676	0	16	16	16	16	16
CAGE_TSS_31772	5	+	18525071	18524888	11.50778961	18524888	0	-183	-183	-183	-183	183
CAGE_TSS_31773	5	+	18528493	18528460	8.366669655	18528460	0	-33	-33	-33	-33	33
CAGE_TSS_31778	5	+	18537338	18537136	9.288669586	18537136	0	-202	-202	-202	-202	202
CAGE_TSS_31796	5	+	18635600	18635324	19.66856003	18635324	0	-276	-276	-276	-276	276
CAGE_TSS_31804	5	+	18681505	18681289	22.14159012	18681289	0	-216	-216	-216	-216	216
CAGE_TSS_31806	5	+	18693453	18693197	55.18556976	18693197	0	-256	-256	-256	-256	256
CAGE_TSS_31810	5	+	18698539	18698434	11.73939037	18698434	0	-105	-105	-105	-105	105
CAGE_TSS_31825	5	+	18791735	18791553	87.21759033	18791553	0	-182	-182	-182	-182	182
CAGE_TSS_31828	5	+	18825106	18824961	71.89192963	18824961	0	-145	-145	-145	-145	145
CAGE_TSS_31843	5	+	18875525	18875309	8.585969925	18875309	0	-216	-216	-216	-216	216
CAGE_TSS_31872	5	+	19015381	19015148	9.486160278	19015148	0	-233	-233	-233	-233	233
CAGE_TSS_31878	5	+	19071826	19071748	21.40560913	19071748	0	-78	-78	-78	-78	78
CAGE_TSS_31884	5	+	19106377	19106323	94.09779358	19106323	0	-54	-54	-54	-54	54
CAGE_TSS_31888	5	+	19136022	19135907	57.85390091	19135907	0	-115	-115	-115	-115	115
CAGE_TSS_31896	5	+	19180018	19179873	9.431690216	19179873	0	-145	-145	-145	-145	145
CAGE_TSS_31898	5	+	19183629	19183468	108.0636292	19183468	0	-161	-161	-161	-161	161
CAGE_TSS_31909	5	+	19229223	19229117	20.13892937	19229117	0	-106	-106	-106	-106	106
CAGE_TSS_31916	5	+	19257138	19256988	10.16415977	19256988	0	-150	-150	-150	-150	150
CAGE_TSS_31918	5	+	19264043	19263762	61.70650864	19263762	0	-281	-281	-281	-281	281
CAGE_TSS_31924	5	+	19289869	19289644	318.1430054	19289644	0	-225	-225	-225	-225	225
CAGE_TSS_31926	5	+	19309229	19309043	87.76933289	19309043	0	-186	-186	-186	-186	186
CAGE_TSS_31928	5	+	19312965	19312777	8.985969543	19312777	0	-188	-188	-188	-188	188
CAGE_TSS_31934	5	+	19338634	19338568	253.9764862	19338568	0	-66	-66	-66	-66	66
CAGE_TSS_31936	5	+	19345173	19345125	153.6597443	19345125	0	-48	-48	-48	-48	48
CAGE_TSS_31957	5	+	19392336	19392193	13.22603035	19392193	0	-143	-143	-143	-143	143
CAGE_TSS_31958	5	+	19397442	19397260	11.42862988	19397260	0	-182	-182	-182	-182	182
CAGE_TSS_31961	5	+	19428889	19428909	47.39902115	19428909	0	20	20	20	20	20
CAGE_TSS_31962	5	+	19434813	19434694	240.6350555	19434694	0	-119	-119	-119	-119	119
CAGE_TSS_31973	5	+	19549901	19549841	3.181960106	19549841	0	-60	-60	-60	-60	60
CAGE_TSS_31977	5	+	19568907	19568667	30.25684929	19568667	0	-240	-240	-240	-240	240
CAGE_TSS_31978	5	+	19570255	19570041	5.293719769	19570041	0	-214	-214	-214	-214	214
CAGE_TSS_31986	5	+	19585935	19585699	19.80864906	19585699	0	-236	-236	-236	-236	236
CAGE_TSS_31996	5	+	19641743	19641600	12.69624996	19641600	0	-143	-143	-143	-143	143
CAGE_TSS_31997	5	+	19644743	19644511	10.57868004	19644511	0	-232	-232	-232	-232	232
CAGE_TSS_32002	5	+	19676194	19675924	45.4382515	19675924	0	-270	-270	-270	-270	270
CAGE_TSS_32004	5	+	19684005	19683931	17.96274948	19683931	0	-74	-74	-74	-74	74
CAGE_TSS_32008	5	+	19717339	19717149	19.37797928	19717149	0	-190	-190	-190	-190	190
CAGE_TSS_32009	5	+	19726732	19726638	101.7040634	19726638	0	-94	-94	-94	-94	94
CAGE_TSS_32011	5	+	19758959	19758869	5.12665987	19758869	0	-90	-90	-90	-90	90
CAGE_TSS_32013	5	+	19763114	19762885	10.12967968	19762885	0	-229	-229	-229	-229	229
CAGE_TSS_32017	5	+	19825136	19824971	31.09626961	19824971	0	-165	-165	-165	-165	165
CAGE_TSS_32023	5	+	19849515	19849478	172.2629089	19849478	0	-37	-37	-37	-37	37
CAGE_TSS_32028	5	+	19866412	19866300	6.627980232	19866300	0	-112	-112	-112	-112	112
CAGE_TSS_32032	5	+	19886475	19886336	176.508255	19886336	0	-139	-139	-139	-139	139
CAGE_TSS_32040	5	+	19956373	19956315	137.5698242	19956315	0	-58	-58	-58	-58	58
CAGE_TSS_32049	5	+	20051830	20051621	22.68914986	20051621	0	-209	-209	-209	-209	209
CAGE_TSS_32052	5	+	20070742	20070578	6.010749817	20070578	0	-164	-164	-164	-164	164
CAGE_TSS_32054	5	+	20090775	20090611	62.94746017	20090611	0	-164	-164	-164	-164	164
CAGE_TSS_32061	5	+	20192462	20192282	34.69942093	20192282	0	-180	-180	-180	-180	180
CAGE_TSS_32063	5	+	20195407	20195359	20.62593079	20195359	0	-48	-48	-48	-48	48
CAGE_TSS_32066	5	+	20216430	20216501	80.21788788	20216501	0	71	71	71	71	71
CAGE_TSS_32072	5	+	20239373	20239177	25.39385986	20239177	0	-196	-196	-196	-196	196
CAGE_TSS_32101	5	+	20436521	20436401	5.439680099	20436401	0	-120	-120	-120	-120	120
CAGE_TSS_32111	5	+	20540450	20540336	44.71818161	20540336	0	-114	-114	-114	-114	114
CAGE_TSS_32116	5	+	20685882	20685599	126.714119	20685599	0	-283	-283	-283	-283	283
CAGE_TSS_32124	5	+	20728361	20728122	177.848938	20728122	0	-239	-239	-239	-239	239
CAGE_TSS_32125	5	+	20729422	20729335	44.13840103	20729335	0	-87	-87	-87	-87	87
CAGE_TSS_32132	5	+	20734192	20733939	14.73781967	20733939	0	-253	-253	-253	-253	253
CAGE_TSS_32139	5	+	20753103	20752847	129.8404236	20752847	0	-256	-256	-256	-256	256
CAGE_TSS_32156	5	+	20875857	20875711	38.32862091	20875711	0	-146	-146	-146	-146	146
CAGE_TSS_32171	5	+	20945725	20945582	15.75463963	20945582	0	-143	-143	-143	-143	143
CAGE_TSS_32174	5	+	20952475	20952290	59.35985947	20952290	0	-185	-185	-185	-185	185
CAGE_TSS_32178	5	+	20980136	20980092	6.171120167	20980092	0	-44	-44	-44	-44	44
CAGE_TSS_32179	5	+	20993509	20993355	53.65702057	20993355	0	-154	-154	-154	-154	154
CAGE_TSS_32188	5	+	21034827	21034552	111.0662079	21034552	0	-275	-275	-275	-275	275
CAGE_TSS_32189	5	+	21039632	21039484	17.21212959	21039484	0	-148	-148	-148	-148	148
CAGE_TSS_32191	5	+	21071997	21071757	6.390450001	21071757	0	-240	-240	-240	-240	240
CAGE_TSS_32196	5	+	21104591	21104440	105.2478714	21104440	0	-151	-151	-151	-151	151
CAGE_TSS_32208	5	+	21138859	21138754	27.31785011	21138754	0	-105	-105	-105	-105	105
CAGE_TSS_32210	5	+	21161312	21161241	17.39669037	21161241	0	-71	-71	-71	-71	71
CAGE_TSS_32212	5	+	21201861	21201783	6.682499886	21201783	0	-78	-78	-78	-78	78
CAGE_TSS_32216	5	+	21216846	21216819	71.50824738	21216819	0	-27	-27	-27	-27	27
CAGE_TSS_32217	5	+	21220078	21219887	38.79072952	21219887	0	-191	-191	-191	-191	191
CAGE_TSS_32219	5	+	21237119	21236854	14.80370998	21236854	0	-265	-265	-265	-265	265
CAGE_TSS_32220	5	+	21240848	21240687	49.60113907	21240687	0	-161	-161	-161	-161	161
CAGE_TSS_32223	5	+	21275951	21275725	14.53553009	21275725	0	-226	-226	-226	-226	226
CAGE_TSS_32235	5	+	21307038	21306809	14.84214973	21306809	0	-229	-229	-229	-229	229
CAGE_TSS_32250	5	+	21363654	21363427	10.57458019	21363427	0	-227	-227	-227	-227	227
CAGE_TSS_32251	5	+	21378847	21378627	18.67296028	21378627	0	-220	-220	-220	-220	220
CAGE_TSS_32253	5	+	21384042	21383986	11.18943977	21383986	0	-56	-56	-56	-56	56
CAGE_TSS_32274	5	+	21499432	21499519	33.78900146	21499519	0	87	87	87	87	87
CAGE_TSS_32276	5	+	21505104	21505071	5.323840141	21505071	0	-33	-33	-33	-33	33
CAGE_TSS_32282	5	+	21523353	21523245	5.072559834	21523245	0	-108	-108	-108	-108	108
CAGE_TSS_32283	5	+	21529000	21528880	6.667809963	21528880	0	-120	-120	-120	-120	120
CAGE_TSS_32284	5	+	21534553	21534340	46.2126503	21534340	0	-213	-213	-213	-213	213
CAGE_TSS_32290	5	+	21553423	21553132	8.234769821	21553132	0	-291	-291	-291	-291	291
CAGE_TSS_32291	5	+	21560724	21560623	10.85095978	21560623	0	-101	-101	-101	-101	101
CAGE_TSS_32295	5	+	21595989	21595946	39.62162018	21595946	0	-43	-43	-43	-43	43
CAGE_TSS_32298	5	+	21603619	21603473	20.50284004	21603473	0	-146	-146	-146	-146	146
CAGE_TSS_32300	5	+	21607539	21607416	8.057800293	21607416	0	-123	-123	-123	-123	123
CAGE_TSS_32303	5	+	21639216	21638960	7.227600098	21638960	0	-256	-256	-256	-256	256
CAGE_TSS_32304	5	+	21643858	21643901	53.5279007	21643901	0	43	43	43	43	43
CAGE_TSS_32308	5	+	21647891	21647790	21.2079792	21647790	0	-101	-101	-101	-101	101
CAGE_TSS_32315	5	+	21674265	21674154	171.4638672	21674154	0	-111	-111	-111	-111	111
CAGE_TSS_32332	5	+	21755376	21755157	5.840519905	21755157	0	-219	-219	-219	-219	219
CAGE_TSS_32344	5	+	21822518	21822329	32.17232132	21822329	0	-189	-189	-189	-189	189
CAGE_TSS_32350	5	+	21856942	21856863	18.9759903	21856863	0	-79	-79	-79	-79	79
CAGE_TSS_32358	5	+	21910546	21910433	29.60740089	21910433	0	-113	-113	-113	-113	113
CAGE_TSS_32361	5	+	21924924	21924922	40.61381149	21924922	0	-2	-2	-2	-2	2
CAGE_TSS_32365	5	+	21958287	21958123	213.4308929	21958123	0	-164	-164	-164	-164	164
CAGE_TSS_32367	5	+	21962668	21962535	26.06443977	21962535	0	-133	-133	-133	-133	133
CAGE_TSS_32369	5	+	21965796	21965695	14.43330002	21965695	0	-101	-101	-101	-101	101
CAGE_TSS_32372	5	+	21981996	21981890	25.01695061	21981890	0	-106	-106	-106	-106	106
CAGE_TSS_32390	5	+	22086028	22085932	108.6638565	22085932	0	-96	-96	-96	-96	96
CAGE_TSS_32395	5	+	22124587	22124354	24.67432976	22124354	0	-233	-233	-233	-233	233
CAGE_TSS_32416	5	+	22217070	22216926	6.416860104	22216926	0	-144	-144	-144	-144	144
CAGE_TSS_32426	5	+	22261343	22261149	10.16748047	22261149	0	-194	-194	-194	-194	194
CAGE_TSS_32432	5	+	22284606	22284516	15.99213028	22284516	0	-90	-90	-90	-90	90
CAGE_TSS_32433	5	+	22289148	22289073	9.528869629	22289073	0	-75	-75	-75	-75	75
CAGE_TSS_32440	5	+	22313188	22313038	122.7195663	22313038	0	-150	-150	-150	-150	150
CAGE_TSS_32447	5	+	22347286	22347219	163.0709534	22347219	0	-67	-67	-67	-67	67
CAGE_TSS_32450	5	+	22369190	22369115	205.6654053	22369115	0	-75	-75	-75	-75	75
CAGE_TSS_32454	5	+	22388785	22388558	10.05780029	22388558	0	-227	-227	-227	-227	227
CAGE_TSS_32484	5	+	22551748	22551562	128.4137726	22551562	0	-186	-186	-186	-186	186
CAGE_TSS_32490	5	+	22594617	22594452	25.93446922	22594452	0	-165	-165	-165	-165	165
CAGE_TSS_32495	5	+	22637549	22637407	31.76250076	22637407	0	-142	-142	-142	-142	142
CAGE_TSS_32527	5	+	22731981	22731814	108.3035812	22731814	0	-167	-167	-167	-167	167
CAGE_TSS_32528	5	+	22735986	22735863	32.82677078	22735863	0	-123	-123	-123	-123	123
CAGE_TSS_32531	5	+	22754156	22754035	5.934010029	22754035	0	-121	-121	-121	-121	121
CAGE_TSS_32532	5	+	22754818	22754614	10.2674799	22754614	0	-204	-204	-204	-204	204
CAGE_TSS_32535	5	+	22786506	22786439	31.26947975	22786439	0	-67	-67	-67	-67	67
CAGE_TSS_32539	5	+	22817559	22817369	16.7949295	22817369	0	-190	-190	-190	-190	190
CAGE_TSS_32543	5	+	22871471	22871401	7.268330097	22871401	0	-70	-70	-70	-70	70
CAGE_TSS_32549	5	+	22893152	22892938	11.74145985	22892938	0	-214	-214	-214	-214	214
CAGE_TSS_32552	5	+	22916709	22916611	7.937260151	22916611	0	-98	-98	-98	-98	98
CAGE_TSS_32553	5	+	22924117	22923981	92.67585754	22923981	0	-136	-136	-136	-136	136
CAGE_TSS_32556	5	+	22936585	22936365	8.046730042	22936365	0	-220	-220	-220	-220	220
CAGE_TSS_32562	5	+	22957876	22957804	71.96009827	22957804	0	-72	-72	-72	-72	72
CAGE_TSS_32564	5	+	22968167	22968110	9.629650116	22968110	0	-57	-57	-57	-57	57
CAGE_TSS_32568	5	+	23004228	23004138	6.601950169	23004138	0	-90	-90	-90	-90	90
CAGE_TSS_32571	5	+	23032481	23032472	65.87650299	23032472	0	-9	-9	-9	-9	9
CAGE_TSS_32579	5	+	23074962	23074907	8.995109558	23074907	0	-55	-55	-55	-55	55
CAGE_TSS_32583	5	+	23080660	23080405	49.19853973	23080405	0	-255	-255	-255	-255	255
CAGE_TSS_32584	5	+	23087223	23087041	11.03380013	23087041	0	-182	-182	-182	-182	182
CAGE_TSS_32586	5	+	23096167	23095960	56.07186127	23095960	0	-207	-207	-207	-207	207
CAGE_TSS_32592	5	+	23152182	23152009	149.459671	23152009	0	-173	-173	-173	-173	173
CAGE_TSS_32601	5	+	23189994	23189846	29.59199905	23189846	0	-148	-148	-148	-148	148
CAGE_TSS_32607	5	+	23226158	23226074	43.25735855	23226074	0	-84	-84	-84	-84	84
CAGE_TSS_32616	5	+	23310282	23310115	6.554729939	23310115	0	-167	-167	-167	-167	167
CAGE_TSS_32618	5	+	23334824	23334569	14.15921021	23334569	0	-255	-255	-255	-255	255
CAGE_TSS_32623	5	+	23346925	23346665	23.62710953	23346665	0	-260	-260	-260	-260	260
CAGE_TSS_32630	5	+	23384452	23384305	20.68708992	23384305	0	-147	-147	-147	-147	147
CAGE_TSS_32633	5	+	23400715	23400558	6.200860023	23400558	0	-157	-157	-157	-157	157
CAGE_TSS_32642	5	+	23446821	23446661	14.8847599	23446661	0	-160	-160	-160	-160	160
CAGE_TSS_32643	5	+	23451203	23451079	158.633194	23451079	0	-124	-124	-124	-124	124
CAGE_TSS_32649	5	+	23466733	23466780	16.38567924	23466780	0	47	47	47	47	47
CAGE_TSS_32664	5	+	23524525	23524454	10.75524044	23524454	0	-71	-71	-71	-71	71
CAGE_TSS_32687	5	+	23577408	23577243	65.26943207	23577243	0	-165	-165	-165	-165	165
CAGE_TSS_32690	5	+	23584965	23585116	143.3811951	23585116	0	151	151	151	151	151
CAGE_TSS_32718	5	+	23701500	23701363	7.35931015	23701363	0	-137	-137	-137	-137	137
CAGE_TSS_32721	5	+	23728784	23728556	21.25712013	23728556	0	-228	-228	-228	-228	228
CAGE_TSS_32730	5	+	23798583	23798481	9.736189842	23798481	0	-102	-102	-102	-102	102
CAGE_TSS_32731	5	+	23805714	23805583	5.567510128	23805583	0	-131	-131	-131	-131	131
CAGE_TSS_32732	5	+	23806523	23806330	89.54398346	23806330	0	-193	-193	-193	-193	193
CAGE_TSS_32737	5	+	23818532	23818513	7.380219936	23818513	0	-19	-19	-19	-19	19
CAGE_TSS_32739	5	+	23833616	23833485	18.14895058	23833485	0	-131	-131	-131	-131	131
CAGE_TSS_32740	5	+	23833788	23833778	9.758130074	23833778	0	-10	-10	-10	-10	10
CAGE_TSS_32745	5	+	23879224	23879165	18.78684998	23879165	0	-59	-59	-59	-59	59
CAGE_TSS_32758	5	+	23952300	23952070	36.28723907	23952070	0	-230	-230	-230	-230	230
CAGE_TSS_32761	5	+	23961614	23961453	26.83477974	23961453	0	-161	-161	-161	-161	161
CAGE_TSS_32763	5	+	23967321	23967090	15.72321033	23967090	0	-231	-231	-231	-231	231
CAGE_TSS_32781	5	+	24051578	24051350	5.51541996	24051350	0	-228	-228	-228	-228	228
CAGE_TSS_32783	5	+	24057395	24057328	5.518449783	24057328	0	-67	-67	-67	-67	67
CAGE_TSS_32785	5	+	24064366	24064081	150.0740356	24064081	0	-285	-285	-285	-285	285
CAGE_TSS_32789	5	+	24102974	24102754	186.2984772	24102754	0	-220	-220	-220	-220	220
CAGE_TSS_32793	5	+	24120271	24120175	43.81370163	24120175	0	-96	-96	-96	-96	96
CAGE_TSS_32795	5	+	24122426	24122252	21.95006943	24122252	0	-174	-174	-174	-174	174
CAGE_TSS_32797	5	+	24127127	24126963	108.2460327	24126963	0	-164	-164	-164	-164	164
CAGE_TSS_32799	5	+	24128693	24128482	168.3926849	24128482	0	-211	-211	-211	-211	211
CAGE_TSS_32803	5	+	24173295	24173198	8.182889938	24173198	0	-97	-97	-97	-97	97
CAGE_TSS_32804	5	+	24207712	24207552	21.01518059	24207552	0	-160	-160	-160	-160	160
CAGE_TSS_32805	5	+	24217982	24217787	18.36515045	24217787	0	-195	-195	-195	-195	195
CAGE_TSS_32806	5	+	24227415	24227362	51.74420929	24227362	0	-53	-53	-53	-53	53
CAGE_TSS_32809	5	+	24240974	24240834	67.3793335	24240834	0	-140	-140	-140	-140	140
CAGE_TSS_32815	5	+	24264553	24264433	234.4446869	24264433	0	-120	-120	-120	-120	120
CAGE_TSS_32816	5	+	24279971	24279725	25.98811913	24279725	0	-246	-246	-246	-246	246
CAGE_TSS_32829	5	+	24291401	24291108	29.51213074	24291108	0	-293	-293	-293	-293	293
CAGE_TSS_32830	5	+	24294890	24294651	151.5802155	24294651	0	-239	-239	-239	-239	239
CAGE_TSS_32832	5	+	24339280	24339048	23.36730957	24339048	0	-232	-232	-232	-232	232
CAGE_TSS_32837	5	+	24353797	24353659	11.44499016	24353659	0	-138	-138	-138	-138	138
CAGE_TSS_32841	5	+	24358966	24358796	11.76885033	24358796	0	-170	-170	-170	-170	170
CAGE_TSS_32855	5	+	24397104	24397006	56.07818985	24397006	0	-98	-98	-98	-98	98
CAGE_TSS_32859	5	+	24430918	24430742	6.015570164	24430742	0	-176	-176	-176	-176	176
CAGE_TSS_32863	5	+	24480452	24480369	153.1867065	24480369	0	-83	-83	-83	-83	83
CAGE_TSS_32866	5	+	24494690	24494534	71.47850037	24494534	0	-156	-156	-156	-156	156
CAGE_TSS_32869	5	+	24495624	24495560	29.15222931	24495560	0	-64	-64	-64	-64	64
CAGE_TSS_32876	5	+	24590119	24589929	11.06231022	24589929	0	-190	-190	-190	-190	190
CAGE_TSS_32883	5	+	24623333	24623265	118.9348602	24623265	0	-68	-68	-68	-68	68
CAGE_TSS_32886	5	+	24627193	24627138	6.016109943	24627138	0	-55	-55	-55	-55	55
CAGE_TSS_32890	5	+	24636327	24636218	14.97671032	24636218	0	-109	-109	-109	-109	109
CAGE_TSS_32897	5	+	24667892	24667740	25.57744026	24667740	0	-152	-152	-152	-152	152
CAGE_TSS_32905	5	+	24742084	24741793	11.96613979	24741793	0	-291	-291	-291	-291	291
CAGE_TSS_32910	5	+	24758388	24758279	12.41497993	24758279	0	-109	-109	-109	-109	109
CAGE_TSS_32912	5	+	24766670	24766525	156.6981812	24766525	0	-145	-145	-145	-145	145
CAGE_TSS_32927	5	+	24850319	24850208	41.25239182	24850208	0	-111	-111	-111	-111	111
CAGE_TSS_32937	5	+	24916076	24915989	24.25919914	24915989	0	-87	-87	-87	-87	87
CAGE_TSS_32940	5	+	24940309	24940186	110.7112885	24940186	0	-123	-123	-123	-123	123
CAGE_TSS_32942	5	+	24954574	24954353	23.43560028	24954353	0	-221	-221	-221	-221	221
CAGE_TSS_32943	5	+	24958225	24958248	35.67942047	24958248	0	23	23	23	23	23
CAGE_TSS_32946	5	+	24973290	24973047	60.13534164	24973047	0	-243	-243	-243	-243	243
CAGE_TSS_32947	5	+	24978867	24978606	99.95620728	24978606	0	-261	-261	-261	-261	261
CAGE_TSS_32949	5	+	25008929	25008740	34.51927948	25008740	0	-189	-189	-189	-189	189
CAGE_TSS_32953	5	+	25014930	25014774	37.32192993	25014774	0	-156	-156	-156	-156	156
CAGE_TSS_32964	5	+	25050132	25050060	7.710569859	25050060	0	-72	-72	-72	-72	72
CAGE_TSS_32969	5	+	25071679	25071402	6.705800056	25071402	0	-277	-277	-277	-277	277
CAGE_TSS_32977	5	+	25104090	25103817	58.7569313	25103817	0	-273	-273	-273	-273	273
CAGE_TSS_32985	5	+	25159234	25159104	92.73287964	25159104	0	-130	-130	-130	-130	130
CAGE_TSS_32994	5	+	25187302	25187002	28.64888	25187002	0	-300	-300	-300	-300	300
CAGE_TSS_32995	5	+	25191842	25191754	14.40449047	25191754	0	-88	-88	-88	-88	88
CAGE_TSS_33008	5	+	25234035	25233885	5.421740055	25233885	0	-150	-150	-150	-150	150
CAGE_TSS_33013	5	+	25243464	25243253	23.58324051	25243253	0	-211	-211	-211	-211	211
CAGE_TSS_33015	5	+	25248794	25248527	11.48672962	25248527	0	-267	-267	-267	-267	267
CAGE_TSS_33017	5	+	25250634	25250652	23.7959404	25250652	0	18	18	18	18	18
CAGE_TSS_33024	5	+	25277441	25277408	41.99676895	25277408	0	-33	-33	-33	-33	33
CAGE_TSS_33031	5	+	25323104	25322949	6.311240196	25322949	0	-155	-155	-155	-155	155
CAGE_TSS_33032	5	+	25328224	25328134	6.910379887	25328134	0	-90	-90	-90	-90	90
CAGE_TSS_33033	5	+	25330200	25330165	8.544019699	25330165	0	-35	-35	-35	-35	35
CAGE_TSS_33041	5	+	25400321	25400194	9.035479546	25400194	0	-127	-127	-127	-127	127
CAGE_TSS_33042	5	+	25406301	25406052	9.070079803	25406052	0	-249	-249	-249	-249	249
CAGE_TSS_33044	5	+	25423406	25423381	24.28790092	25423381	0	-25	-25	-25	-25	25
CAGE_TSS_33047	5	+	25433237	25433135	84.6815033	25433135	0	-102	-102	-102	-102	102
CAGE_TSS_33051	5	+	25435118	25434954	95.79160309	25434954	0	-164	-164	-164	-164	164
CAGE_TSS_33054	5	+	25451877	25451641	6.547060013	25451641	0	-236	-236	-236	-236	236
CAGE_TSS_33061	5	+	25490118	25490014	32.90620041	25490014	0	-104	-104	-104	-104	104
CAGE_TSS_33070	5	+	25530882	25530743	5.168190002	25530743	0	-139	-139	-139	-139	139
CAGE_TSS_33071	5	+	25532430	25532239	101.1556015	25532239	0	-191	-191	-191	-191	191
CAGE_TSS_33075	5	+	25551217	25551078	59.95317078	25551078	0	-139	-139	-139	-139	139
CAGE_TSS_33079	5	+	25574418	25574264	8.773280144	25574264	0	-154	-154	-154	-154	154
CAGE_TSS_33081	5	+	25582774	25582587	8.875289917	25582587	0	-187	-187	-187	-187	187
CAGE_TSS_33082	5	+	25588075	25587883	119.9955978	25587883	0	-192	-192	-192	-192	192
CAGE_TSS_33084	5	+	25609882	25609599	249.0980377	25609599	0	-283	-283	-283	-283	283
CAGE_TSS_33085	5	+	25613293	25613064	42.59584045	25613064	0	-229	-229	-229	-229	229
CAGE_TSS_33088	5	+	25624195	25623925	12.32450962	25623925	0	-270	-270	-270	-270	270
CAGE_TSS_33096	5	+	25686203	25685941	191.5556946	25685941	0	-262	-262	-262	-262	262
CAGE_TSS_33098	5	+	25695800	25695610	8.007309914	25695610	0	-190	-190	-190	-190	190
CAGE_TSS_33099	5	+	25703928	25703738	22.33116913	25703738	0	-190	-190	-190	-190	190
CAGE_TSS_33106	5	+	25727475	25727283	6.084040165	25727283	0	-192	-192	-192	-192	192
CAGE_TSS_33110	5	+	25748848	25748836	49.47097015	25748836	0	-12	-12	-12	-12	12
CAGE_TSS_33114	5	+	25756329	25756137	42.67164993	25756137	0	-192	-192	-192	-192	192
CAGE_TSS_33124	5	+	25788020	25787749	6.554329872	25787749	0	-271	-271	-271	-271	271
CAGE_TSS_33126	5	+	25810284	25810042	117.3718796	25810042	0	-242	-242	-242	-242	242
CAGE_TSS_33129	5	+	25831835	25831655	12.67593956	25831655	0	-180	-180	-180	-180	180
CAGE_TSS_33137	5	+	25873127	25873123	8.251159668	25873123	0	-4	-4	-4	-4	4
CAGE_TSS_33142	5	+	25908336	25908161	52.82435989	25908161	0	-175	-175	-175	-175	175
CAGE_TSS_33146	5	+	25921515	25921559	7.521140099	25921559	0	44	44	44	44	44
CAGE_TSS_33152	5	+	25934567	25934278	47.1384201	25934278	0	-289	-289	-289	-289	289
CAGE_TSS_33153	5	+	25937169	25936966	113.7264862	25936966	0	-203	-203	-203	-203	203
CAGE_TSS_33172	5	+	25973850	25973692	94.74481964	25973692	0	-158	-158	-158	-158	158
CAGE_TSS_33182	5	+	26004229	26004111	19.27647018	26004111	0	-118	-118	-118	-118	118
CAGE_TSS_33186	5	+	26045395	26045268	8.312450409	26045268	0	-127	-127	-127	-127	127
CAGE_TSS_33196	5	+	26083375	26083231	16.78348923	26083231	0	-144	-144	-144	-144	144
CAGE_TSS_33200	5	+	26107600	26107319	12.94834995	26107319	0	-281	-281	-281	-281	281
CAGE_TSS_33201	5	+	26128869	26128658	38.43706131	26128658	0	-211	-211	-211	-211	211
CAGE_TSS_33203	5	+	26136093	26135853	9.379920006	26135853	0	-240	-240	-240	-240	240
CAGE_TSS_33206	5	+	26172131	26171958	77.50176239	26171958	0	-173	-173	-173	-173	173
CAGE_TSS_33210	5	+	26176025	26175780	30.68305969	26175780	0	-245	-245	-245	-245	245
CAGE_TSS_33214	5	+	26189991	26189865	58.62068176	26189865	0	-126	-126	-126	-126	126
CAGE_TSS_33221	5	+	26237062	26236910	81.93158722	26236910	0	-152	-152	-152	-152	152
CAGE_TSS_33229	5	+	26261354	26261166	36.68635178	26261166	0	-188	-188	-188	-188	188
CAGE_TSS_33231	5	+	26281747	26281685	5.206260204	26281685	0	-62	-62	-62	-62	62
CAGE_TSS_33243	5	+	26311439	26311150	7.35931015	26311150	0	-289	-289	-289	-289	289
CAGE_TSS_33247	5	+	26322938	26322758	6.409309864	26322758	0	-180	-180	-180	-180	180
CAGE_TSS_33250	5	+	26351510	26351356	55.7179718	26351356	0	-154	-154	-154	-154	154
CAGE_TSS_33251	5	+	26353035	26352843	28.06679916	26352843	0	-192	-192	-192	-192	192
CAGE_TSS_33252	5	+	26354908	26354849	14.7365303	26354849	0	-59	-59	-59	-59	59
CAGE_TSS_33254	5	+	26369045	26368987	91.56604767	26368987	0	-58	-58	-58	-58	58
CAGE_TSS_33256	5	+	26379616	26379426	137.4857788	26379426	0	-190	-190	-190	-190	190
CAGE_TSS_33261	5	+	26394900	26394704	221.474823	26394704	0	-196	-196	-196	-196	196
CAGE_TSS_33266	5	+	26416125	26415994	3.168370008	26415994	0	-131	-131	-131	-131	131
CAGE_TSS_33270	5	+	26421862	26421738	30.75905037	26421738	0	-124	-124	-124	-124	124
CAGE_TSS_33275	5	+	26430229	26430159	19.6119194	26430159	0	-70	-70	-70	-70	70
CAGE_TSS_33279	5	+	26447792	26447692	200.1565552	26447692	0	-100	-100	-100	-100	100
CAGE_TSS_33283	5	+	26465216	26465044	13.60124969	26465044	0	-172	-172	-172	-172	172
CAGE_TSS_33290	5	+	26510266	26510098	7.029290199	26510098	0	-168	-168	-168	-168	168
CAGE_TSS_33297	5	+	26568698	26568519	12.34928989	26568519	0	-179	-179	-179	-179	179
CAGE_TSS_33300	5	+	26574240	26574046	135.5448456	26574046	0	-194	-194	-194	-194	194
CAGE_TSS_33301	5	+	26575111	26574992	15.37003994	26574992	0	-119	-119	-119	-119	119
CAGE_TSS_33302	5	+	26584754	26584698	105.6160431	26584698	0	-56	-56	-56	-56	56
CAGE_TSS_33303	5	+	26588404	26588312	86.25897217	26588312	0	-92	-92	-92	-92	92
CAGE_TSS_33314	5	+	26648951	26648835	17.41991997	26648835	0	-116	-116	-116	-116	116
CAGE_TSS_33324	5	+	26677364	26677230	13.57658958	26677230	0	-134	-134	-134	-134	134
CAGE_TSS_33333	5	+	26743335	26743145	47.66353989	26743145	0	-190	-190	-190	-190	190
CAGE_TSS_33335	5	+	26766097	26765976	44.84181976	26765976	0	-121	-121	-121	-121	121
CAGE_TSS_33339	5	+	26772628	26772529	58.48760986	26772529	0	-99	-99	-99	-99	99
CAGE_TSS_33343	5	+	26797420	26797373	81.81208038	26797373	0	-47	-47	-47	-47	47
CAGE_TSS_33345	5	+	26818965	26818809	7.200180054	26818809	0	-156	-156	-156	-156	156
CAGE_TSS_33346	5	+	26822489	26822233	195.1478424	26822233	0	-256	-256	-256	-256	256
CAGE_TSS_33357	5	+	26864528	26864376	23.90306091	26864376	0	-152	-152	-152	-152	152
CAGE_TSS_33367	5	+	26904058	26903990	114.8959503	26903990	0	-68	-68	-68	-68	68
CAGE_TSS_33368	5	+	26910315	26910106	9.570380211	26910106	0	-209	-209	-209	-209	209
CAGE_TSS_33373	5	+	26935163	26935133	199.8934631	26935133	0	-30	-30	-30	-30	30
CAGE_TSS_33379	5	+	26939260	26939132	101.7928314	26939132	0	-128	-128	-128	-128	128
CAGE_TSS_33382	5	+	26950245	26950009	13.3982296	26950009	0	-236	-236	-236	-236	236
