tss_id	chromosome	strand	tss_position_0based	summit_position_0based	summit_score	window_center_position_0based	genomic_shift_center_minus_summit	genomic_offset_center_minus_tss	strand_oriented_offset	genomic_offset_summit_minus_tss	strand_oriented_offset_summit_minus_tss	absolute_summit_tss_distance
CAGE_TSS_4792	1	-	37778	37992	51.78453827	37992	0	214	-214	214	-214	214
CAGE_TSS_4804	1	-	59126	59294	8.604009628	59294	0	168	-168	168	-168	168
CAGE_TSS_4807	1	-	67624	67783	6.543089867	67783	0	159	-159	159	-159	159
CAGE_TSS_4824	1	-	149813	149797	6.734200001	149797	0	-16	16	-16	16	16
CAGE_TSS_4825	1	-	156054	155991	7.162489891	155991	0	-63	63	-63	63	63
CAGE_TSS_4826	1	-	158610	158764	51.67481995	158764	0	154	-154	154	-154	154
CAGE_TSS_4828	1	-	162716	162783	6.113430023	162783	0	67	-67	67	-67	67
CAGE_TSS_4834	1	-	182356	182327	22.08078957	182327	0	-29	29	-29	29	29
CAGE_TSS_4843	1	-	232480	232676	30.96467018	232676	0	196	-196	196	-196	196
CAGE_TSS_4844	1	-	237744	237899	124.9123688	237899	0	155	-155	155	-155	155
CAGE_TSS_4854	1	-	298097	298344	5.085199833	298344	0	247	-247	247	-247	247
CAGE_TSS_4888	1	-	464923	465189	6.893499851	465189	0	266	-266	266	-266	266
CAGE_TSS_4893	1	-	467754	467925	52.41545868	467925	0	171	-171	171	-171	171
CAGE_TSS_4895	1	-	471504	471614	26.02154922	471614	0	110	-110	110	-110	110
CAGE_TSS_4896	1	-	473139	473228	6.834780216	473228	0	89	-89	89	-89	89
CAGE_TSS_4904	1	-	598655	598798	14.97278976	598798	0	143	-143	143	-143	143
CAGE_TSS_4917	1	-	644531	644680	155.672226	644680	0	149	-149	149	-149	149
CAGE_TSS_4930	1	-	687327	687517	244.0130615	687517	0	190	-190	190	-190	190
CAGE_TSS_4936	1	-	727530	727562	14.86843967	727562	0	32	-32	32	-32	32
CAGE_TSS_4938	1	-	737995	738164	102.6601028	738164	0	169	-169	169	-169	169
CAGE_TSS_4952	1	-	844165	844305	6.159719944	844305	0	140	-140	140	-140	140
CAGE_TSS_4958	1	-	864069	864288	30.60758018	864288	0	219	-219	219	-219	219
CAGE_TSS_4967	1	-	880181	880293	13.58821964	880293	0	112	-112	112	-112	112
CAGE_TSS_4973	1	-	896527	896568	145.443573	896568	0	41	-41	41	-41	41
CAGE_TSS_4983	1	-	931652	931765	51.07849121	931765	0	113	-113	113	-113	113
CAGE_TSS_4984	1	-	937580	937726	34.92911148	937726	0	146	-146	146	-146	146
CAGE_TSS_4990	1	-	966751	967050	12.15773964	967050	0	299	-299	299	-299	299
CAGE_TSS_4993	1	-	977760	977816	91.08656311	977816	0	56	-56	56	-56	56
CAGE_TSS_4997	1	-	981865	982079	60.9992981	982079	0	214	-214	214	-214	214
CAGE_TSS_4999	1	-	983403	983604	37.26475906	983604	0	201	-201	201	-201	201
CAGE_TSS_5003	1	-	1028270	1028465	18.02450943	1028465	0	195	-195	195	-195	195
CAGE_TSS_5011	1	-	1049775	1049995	22.07093048	1049995	0	220	-220	220	-220	220
CAGE_TSS_5016	1	-	1108658	1108781	10.91769981	1108781	0	123	-123	123	-123	123
CAGE_TSS_5018	1	-	1129414	1129686	61.58940125	1129686	0	272	-272	272	-272	272
CAGE_TSS_5022	1	-	1143038	1143212	37.02920151	1143212	0	174	-174	174	-174	174
CAGE_TSS_5025	1	-	1146685	1146779	11.24051952	1146779	0	94	-94	94	-94	94
CAGE_TSS_5040	1	-	1188340	1188418	11.88282967	1188418	0	78	-78	78	-78	78
CAGE_TSS_5049	1	-	1215831	1215723	8.159469604	1215723	0	-108	108	-108	108	108
CAGE_TSS_5056	1	-	1261420	1261635	6.947879791	1261635	0	215	-215	215	-215	215
CAGE_TSS_5066	1	-	1333532	1333727	17.58091927	1333727	0	195	-195	195	-195	195
CAGE_TSS_5068	1	-	1337848	1337989	13.34352016	1337989	0	141	-141	141	-141	141
CAGE_TSS_5077	1	-	1358374	1358523	34.94245911	1358523	0	149	-149	149	-149	149
CAGE_TSS_5090	1	-	1410737	1410945	12.7401104	1410945	0	208	-208	208	-208	208
CAGE_TSS_5096	1	-	1421803	1421863	14.51601028	1421863	0	60	-60	60	-60	60
CAGE_TSS_5100	1	-	1441439	1441436	19.97274017	1441436	0	-3	3	-3	3	3
CAGE_TSS_5105	1	-	1455319	1455361	7.784530163	1455361	0	42	-42	42	-42	42
CAGE_TSS_5108	1	-	1476098	1476354	9.804719925	1476354	0	256	-256	256	-256	256
CAGE_TSS_5112	1	-	1478878	1478792	11.27665997	1478792	0	-86	86	-86	86	86
CAGE_TSS_5114	1	-	1480829	1480998	5.172780037	1480998	0	169	-169	169	-169	169
CAGE_TSS_5115	1	-	1486940	1487071	9.638560295	1487071	0	131	-131	131	-131	131
CAGE_TSS_5116	1	-	1490908	1490937	9.822299957	1490937	0	29	-29	29	-29	29
CAGE_TSS_5126	1	-	1518801	1518856	6.548540115	1518856	0	55	-55	55	-55	55
CAGE_TSS_5131	1	-	1547823	1547882	7.761419773	1547882	0	59	-59	59	-59	59
CAGE_TSS_5135	1	-	1559755	1559973	130.9367828	1559973	0	218	-218	218	-218	218
CAGE_TSS_5145	1	-	1597883	1597993	78.85797882	1597993	0	110	-110	110	-110	110
CAGE_TSS_5146	1	-	1605003	1605105	118.7400589	1605105	0	102	-102	102	-102	102
CAGE_TSS_5148	1	-	1635805	1636000	6.548870087	1636000	0	195	-195	195	-195	195
CAGE_TSS_5152	1	-	1647146	1647242	11.89342022	1647242	0	96	-96	96	-96	96
CAGE_TSS_5154	1	-	1659439	1659491	16.0204792	1659491	0	52	-52	52	-52	52
CAGE_TSS_5156	1	-	1696091	1696238	34.07125092	1696238	0	147	-147	147	-147	147
CAGE_TSS_5159	1	-	1704690	1704915	35.23913956	1704915	0	225	-225	225	-225	225
CAGE_TSS_5174	1	-	1768662	1768805	11.5672102	1768805	0	143	-143	143	-143	143
CAGE_TSS_5176	1	-	1773299	1773367	13.74481964	1773367	0	68	-68	68	-68	68
CAGE_TSS_5178	1	-	1807648	1807680	26.88974953	1807680	0	32	-32	32	-32	32
CAGE_TSS_5180	1	-	1815498	1815678	10.6841898	1815678	0	180	-180	180	-180	180
CAGE_TSS_5182	1	-	1817301	1817296	5.454080105	1817296	0	-5	5	-5	5	5
CAGE_TSS_5192	1	-	1837638	1837877	131.3778534	1837877	0	239	-239	239	-239	239
CAGE_TSS_5206	1	-	1940462	1940638	21.1134491	1940638	0	176	-176	176	-176	176
CAGE_TSS_5217	1	-	1974302	1974585	14.35748005	1974585	0	283	-283	283	-283	283
CAGE_TSS_5224	1	-	2013514	2013722	58.15150833	2013722	0	208	-208	208	-208	208
CAGE_TSS_5225	1	-	2016053	2016222	9.441740036	2016222	0	169	-169	169	-169	169
CAGE_TSS_5241	1	-	2091453	2091564	138.0149841	2091564	0	111	-111	111	-111	111
CAGE_TSS_5257	1	-	2152330	2152556	16.1893692	2152556	0	226	-226	226	-226	226
CAGE_TSS_5261	1	-	2160695	2160831	5.820079803	2160831	0	136	-136	136	-136	136
CAGE_TSS_5263	1	-	2163307	2163421	5.555069923	2163421	0	114	-114	114	-114	114
CAGE_TSS_5265	1	-	2174913	2175090	73.5298233	2175090	0	177	-177	177	-177	177
CAGE_TSS_5267	1	-	2188530	2188559	21.7990303	2188559	0	29	-29	29	-29	29
CAGE_TSS_5269	1	-	2190653	2190755	5.024889946	2190755	0	102	-102	102	-102	102
CAGE_TSS_5275	1	-	2195795	2195941	94.00981903	2195941	0	146	-146	146	-146	146
CAGE_TSS_5276	1	-	2212421	2212532	7.730490208	2212532	0	111	-111	111	-111	111
CAGE_TSS_5282	1	-	2229225	2229297	29.27338982	2229297	0	72	-72	72	-72	72
CAGE_TSS_5294	1	-	2260087	2260093	51.59799957	2260093	0	6	-6	6	-6	6
CAGE_TSS_5300	1	-	2282827	2282924	62.76021957	2282924	0	97	-97	97	-97	97
CAGE_TSS_5304	1	-	2299464	2299590	37.95236969	2299590	0	126	-126	126	-126	126
CAGE_TSS_5306	1	-	2305056	2305207	306.7037048	2305207	0	151	-151	151	-151	151
CAGE_TSS_5313	1	-	2338503	2338711	5.596149921	2338711	0	208	-208	208	-208	208
CAGE_TSS_5322	1	-	2366531	2366669	16.29203033	2366669	0	138	-138	138	-138	138
CAGE_TSS_5324	1	-	2374539	2374783	173.3078918	2374783	0	244	-244	244	-244	244
CAGE_TSS_5329	1	-	2405941	2406114	30.06683922	2406114	0	173	-173	173	-173	173
CAGE_TSS_5357	1	-	2538236	2538359	10.36388016	2538359	0	123	-123	123	-123	123
CAGE_TSS_5365	1	-	2565141	2565137	5.837200165	2565137	0	-4	4	-4	4	4
CAGE_TSS_5367	1	-	2576692	2576810	328.7580566	2576810	0	118	-118	118	-118	118
CAGE_TSS_5369	1	-	2580608	2580715	12.70007992	2580715	0	107	-107	107	-107	107
CAGE_TSS_5370	1	-	2583331	2583345	5.268819809	2583345	0	14	-14	14	-14	14
CAGE_TSS_5372	1	-	2590272	2590314	34.48683167	2590314	0	42	-42	42	-42	42
CAGE_TSS_5374	1	-	2613237	2613442	10.83067989	2613442	0	205	-205	205	-205	205
CAGE_TSS_5375	1	-	2621496	2621709	26.40740013	2621709	0	213	-213	213	-213	213
CAGE_TSS_5377	1	-	2627843	2627864	7.820950031	2627864	0	21	-21	21	-21	21
CAGE_TSS_5402	1	-	2721916	2722040	14.09967995	2722040	0	124	-124	124	-124	124
CAGE_TSS_5410	1	-	2759727	2759874	186.4069366	2759874	0	147	-147	147	-147	147
CAGE_TSS_5429	1	-	2899370	2899378	27.69592094	2899378	0	8	-8	8	-8	8
CAGE_TSS_5437	1	-	2931850	2932016	13.16384983	2932016	0	166	-166	166	-166	166
CAGE_TSS_5438	1	-	2939286	2939475	7.495399952	2939475	0	189	-189	189	-189	189
CAGE_TSS_5457	1	-	2982581	2982730	39.36843109	2982730	0	149	-149	149	-149	149
CAGE_TSS_5466	1	-	3038387	3038499	33.01980972	3038499	0	112	-112	112	-112	112
CAGE_TSS_5470	1	-	3057141	3057291	58.53533936	3057291	0	150	-150	150	-150	150
CAGE_TSS_5490	1	-	3167868	3168033	50.51869965	3168033	0	165	-165	165	-165	165
CAGE_TSS_5491	1	-	3180375	3180494	17.16103935	3180494	0	119	-119	119	-119	119
CAGE_TSS_5492	1	-	3184187	3184445	29.23716927	3184445	0	258	-258	258	-258	258
CAGE_TSS_5500	1	-	3239343	3239590	80.20297241	3239590	0	247	-247	247	-247	247
CAGE_TSS_5503	1	-	3263587	3263687	13.08592033	3263687	0	100	-100	100	-100	100
CAGE_TSS_5506	1	-	3278708	3278780	150.3230286	3278780	0	72	-72	72	-72	72
CAGE_TSS_5508	1	-	3296101	3296378	88.62323761	3296378	0	277	-277	277	-277	277
CAGE_TSS_5524	1	-	3369103	3369265	5.535550117	3369265	0	162	-162	162	-162	162
CAGE_TSS_5531	1	-	3396850	3397011	138.5819244	3397011	0	161	-161	161	-161	161
CAGE_TSS_5534	1	-	3412831	3413073	9.1749897	3413073	0	242	-242	242	-242	242
CAGE_TSS_5544	1	-	3443836	3444043	17.63760948	3444043	0	207	-207	207	-207	207
CAGE_TSS_5548	1	-	3461419	3461473	38.9249115	3461473	0	54	-54	54	-54	54
CAGE_TSS_5549	1	-	3472672	3472932	128.3095856	3472932	0	260	-260	260	-260	260
CAGE_TSS_5551	1	-	3493739	3494031	15.55589962	3494031	0	292	-292	292	-292	292
CAGE_TSS_5556	1	-	3503451	3503518	6.062580109	3503518	0	67	-67	67	-67	67
CAGE_TSS_5565	1	-	3545144	3544927	15.49155045	3544927	0	-217	217	-217	217	217
CAGE_TSS_5566	1	-	3545472	3545660	23.15262032	3545660	0	188	-188	188	-188	188
CAGE_TSS_5568	1	-	3550779	3551007	7.676109791	3551007	0	228	-228	228	-228	228
CAGE_TSS_5569	1	-	3570670	3570918	19.76709938	3570918	0	248	-248	248	-248	248
CAGE_TSS_5574	1	-	3590570	3590636	38.7277298	3590636	0	66	-66	66	-66	66
CAGE_TSS_5582	1	-	3610450	3610593	7.159440041	3610593	0	143	-143	143	-143	143
CAGE_TSS_5591	1	-	3658539	3658614	31.9008007	3658614	0	75	-75	75	-75	75
CAGE_TSS_5594	1	-	3671144	3671195	16.93279076	3671195	0	51	-51	51	-51	51
CAGE_TSS_5595	1	-	3675961	3676078	64.20609283	3676078	0	117	-117	117	-117	117
CAGE_TSS_5598	1	-	3709591	3709731	13.48828983	3709731	0	140	-140	140	-140	140
CAGE_TSS_5600	1	-	3752772	3752953	44.07537079	3752953	0	181	-181	181	-181	181
CAGE_TSS_5602	1	-	3756997	3757262	67.76947784	3757262	0	265	-265	265	-265	265
CAGE_TSS_5603	1	-	3761199	3761336	39.67695999	3761336	0	137	-137	137	-137	137
CAGE_TSS_5607	1	-	3775916	3775826	9.717720032	3775826	0	-90	90	-90	90	90
CAGE_TSS_5609	1	-	3790690	3790809	7.583330154	3790809	0	119	-119	119	-119	119
CAGE_TSS_5610	1	-	3790813	3791061	8.214799881	3791061	0	248	-248	248	-248	248
CAGE_TSS_5615	1	-	3804030	3804194	20.18078041	3804194	0	164	-164	164	-164	164
CAGE_TSS_5621	1	-	3837544	3837681	11.95273018	3837681	0	137	-137	137	-137	137
CAGE_TSS_5623	1	-	3866919	3867070	21.68803024	3867070	0	151	-151	151	-151	151
CAGE_TSS_5628	1	-	3931586	3931760	41.17243958	3931760	0	174	-174	174	-174	174
CAGE_TSS_5629	1	-	3947015	3947295	21.21718979	3947295	0	280	-280	280	-280	280
CAGE_TSS_5631	1	-	3963623	3963824	9.887949944	3963824	0	201	-201	201	-201	201
CAGE_TSS_5651	1	-	4020982	4021133	48.96878815	4021133	0	151	-151	151	-151	151
CAGE_TSS_5652	1	-	4034060	4034207	17.42697906	4034207	0	147	-147	147	-147	147
CAGE_TSS_5660	1	-	4066341	4066438	15.99956036	4066438	0	97	-97	97	-97	97
CAGE_TSS_5669	1	-	4117394	4117449	48.17068863	4117449	0	55	-55	55	-55	55
CAGE_TSS_5684	1	-	4229127	4229241	61.39241028	4229241	0	114	-114	114	-114	114
CAGE_TSS_5685	1	-	4238768	4238856	14.49333	4238856	0	88	-88	88	-88	88
CAGE_TSS_5700	1	-	4328546	4328573	63.37435913	4328573	0	27	-27	27	-27	27
CAGE_TSS_5703	1	-	4348326	4348396	90.41461182	4348396	0	70	-70	70	-70	70
CAGE_TSS_5708	1	-	4365320	4365419	11.38936043	4365419	0	99	-99	99	-99	99
CAGE_TSS_5711	1	-	4371268	4371475	83.90238953	4371475	0	207	-207	207	-207	207
CAGE_TSS_5713	1	-	4375149	4375327	18.60573959	4375327	0	178	-178	178	-178	178
CAGE_TSS_5714	1	-	4379408	4379603	17.47905922	4379603	0	195	-195	195	-195	195
CAGE_TSS_5723	1	-	4398149	4398220	23.32494926	4398220	0	71	-71	71	-71	71
CAGE_TSS_5727	1	-	4439372	4439648	27.09737015	4439648	0	276	-276	276	-276	276
CAGE_TSS_5731	1	-	4473197	4473422	10.80259991	4473422	0	225	-225	225	-225	225
CAGE_TSS_5736	1	-	4526064	4526276	79.14669037	4526276	0	212	-212	212	-212	212
CAGE_TSS_5737	1	-	4530062	4530320	247.9927368	4530320	0	258	-258	258	-258	258
CAGE_TSS_5738	1	-	4548545	4548757	14.60200977	4548757	0	212	-212	212	-212	212
CAGE_TSS_5743	1	-	4577584	4577398	12.89426041	4577398	0	-186	186	-186	186	186
CAGE_TSS_5746	1	-	4590409	4590457	26.14965057	4590457	0	48	-48	48	-48	48
CAGE_TSS_5748	1	-	4593607	4593695	166.1560059	4593695	0	88	-88	88	-88	88
CAGE_TSS_5750	1	-	4608468	4608260	5.397890091	4608260	0	-208	208	-208	208	208
CAGE_TSS_5758	1	-	4610464	4610601	39.75651169	4610601	0	137	-137	137	-137	137
CAGE_TSS_5759	1	-	4615184	4615412	10.00152969	4615412	0	228	-228	228	-228	228
CAGE_TSS_5763	1	-	4635147	4635254	15.6816597	4635254	0	107	-107	107	-107	107
CAGE_TSS_5766	1	-	4642039	4642112	34.46520996	4642112	0	73	-73	73	-73	73
CAGE_TSS_5767	1	-	4644347	4644437	50.73759842	4644437	0	90	-90	90	-90	90
CAGE_TSS_5774	1	-	4679810	4679903	7.006549835	4679903	0	93	-93	93	-93	93
CAGE_TSS_5776	1	-	4681522	4681668	10.69554996	4681668	0	146	-146	146	-146	146
CAGE_TSS_5779	1	-	4696027	4696160	14.47519016	4696160	0	133	-133	133	-133	133
CAGE_TSS_5785	1	-	4746910	4747180	7.269979954	4747180	0	270	-270	270	-270	270
CAGE_TSS_5790	1	-	4760192	4760422	9.826239586	4760422	0	230	-230	230	-230	230
CAGE_TSS_5796	1	-	4801840	4801926	119.0583115	4801926	0	86	-86	86	-86	86
CAGE_TSS_5801	1	-	4827434	4827586	12.23923016	4827586	0	152	-152	152	-152	152
CAGE_TSS_5804	1	-	4835088	4835210	91.54682922	4835210	0	122	-122	122	-122	122
CAGE_TSS_5807	1	-	4837604	4837702	186.506958	4837702	0	98	-98	98	-98	98
CAGE_TSS_5816	1	-	4877247	4877403	17.35560989	4877403	0	156	-156	156	-156	156
CAGE_TSS_5817	1	-	4879210	4879380	13.83955956	4879380	0	170	-170	170	-170	170
CAGE_TSS_5818	1	-	4881949	4882122	172.8747253	4882122	0	173	-173	173	-173	173
CAGE_TSS_5838	1	-	4952944	4953053	5.67621994	4953053	0	109	-109	109	-109	109
CAGE_TSS_5842	1	-	4970136	4970396	94.68086243	4970396	0	260	-260	260	-260	260
CAGE_TSS_5843	1	-	4973715	4973903	13.08269024	4973903	0	188	-188	188	-188	188
CAGE_TSS_5848	1	-	5003506	5003755	70.06131744	5003755	0	249	-249	249	-249	249
CAGE_TSS_5856	1	-	5055255	5055391	9.174710274	5055391	0	136	-136	136	-136	136
CAGE_TSS_5867	1	-	5082492	5082720	56.81861877	5082720	0	228	-228	228	-228	228
CAGE_TSS_5874	1	-	5104688	5104885	59.28268051	5104885	0	197	-197	197	-197	197
CAGE_TSS_5882	1	-	5129521	5129730	27.37667084	5129730	0	209	-209	209	-209	209
CAGE_TSS_5888	1	-	5139379	5139528	9.831689835	5139528	0	149	-149	149	-149	149
CAGE_TSS_5897	1	-	5165109	5165081	7.263289928	5165081	0	-28	28	-28	28	28
CAGE_TSS_5904	1	-	5181388	5181598	33.10898972	5181598	0	210	-210	210	-210	210
CAGE_TSS_5905	1	-	5186889	5186935	17.70661926	5186935	0	46	-46	46	-46	46
CAGE_TSS_5910	1	-	5212228	5212273	11.81536007	5212273	0	45	-45	45	-45	45
CAGE_TSS_5911	1	-	5220134	5220147	16.37191963	5220147	0	13	-13	13	-13	13
CAGE_TSS_5912	1	-	5223706	5223564	21.28064919	5223564	0	-142	142	-142	142	142
CAGE_TSS_5914	1	-	5224114	5224126	68.5817337	5224126	0	12	-12	12	-12	12
CAGE_TSS_5916	1	-	5231052	5231293	15.11633015	5231293	0	241	-241	241	-241	241
CAGE_TSS_5917	1	-	5236791	5236964	153.6621552	5236964	0	173	-173	173	-173	173
CAGE_TSS_5918	1	-	5241539	5241531	41.93251038	5241531	0	-8	8	-8	8	8
CAGE_TSS_5928	1	-	5271972	5272105	87.75254059	5272105	0	133	-133	133	-133	133
CAGE_TSS_5932	1	-	5279876	5280040	67.00022125	5280040	0	164	-164	164	-164	164
CAGE_TSS_5933	1	-	5293264	5293413	5.565770149	5293413	0	149	-149	149	-149	149
CAGE_TSS_5934	1	-	5296863	5296875	9.259269714	5296875	0	12	-12	12	-12	12
CAGE_TSS_5940	1	-	5303380	5303606	12.4153204	5303606	0	226	-226	226	-226	226
CAGE_TSS_5946	1	-	5341989	5342260	53.11209869	5342260	0	271	-271	271	-271	271
CAGE_TSS_5948	1	-	5346164	5346250	5.959849834	5346250	0	86	-86	86	-86	86
CAGE_TSS_5957	1	-	5443682	5443725	17.30603027	5443725	0	43	-43	43	-43	43
CAGE_TSS_5963	1	-	5481013	5480831	5.202929974	5480831	0	-182	182	-182	182	182
CAGE_TSS_5967	1	-	5488865	5489055	30.50547981	5489055	0	190	-190	190	-190	190
CAGE_TSS_5973	1	-	5539755	5539973	34.01984024	5539973	0	218	-218	218	-218	218
CAGE_TSS_5977	1	-	5562108	5562388	7.256159782	5562388	0	280	-280	280	-280	280
CAGE_TSS_5985	1	-	5622569	5622651	24.90913963	5622651	0	82	-82	82	-82	82
CAGE_TSS_5994	1	-	5684855	5685153	8.161310196	5685153	0	298	-298	298	-298	298
CAGE_TSS_6006	1	-	5765647	5765737	153.2286224	5765737	0	90	-90	90	-90	90
CAGE_TSS_6014	1	-	5782372	5782518	7.944809914	5782518	0	146	-146	146	-146	146
CAGE_TSS_6018	1	-	5789219	5789337	8.225769997	5789337	0	118	-118	118	-118	118
CAGE_TSS_6019	1	-	5805797	5805830	31.41328049	5805830	0	33	-33	33	-33	33
CAGE_TSS_6022	1	-	5841565	5841828	31.56905937	5841828	0	263	-263	263	-263	263
CAGE_TSS_6023	1	-	5842890	5843009	33.82490921	5843009	0	119	-119	119	-119	119
CAGE_TSS_6024	1	-	5850816	5850826	11.50123024	5850826	0	10	-10	10	-10	10
CAGE_TSS_6026	1	-	5858444	5858608	41.0304184	5858608	0	164	-164	164	-164	164
CAGE_TSS_6030	1	-	5884751	5884914	48.58200836	5884914	0	163	-163	163	-163	163
CAGE_TSS_6040	1	-	5954877	5955129	44.2804985	5955129	0	252	-252	252	-252	252
CAGE_TSS_6041	1	-	5957184	5957239	9.157119751	5957239	0	55	-55	55	-55	55
CAGE_TSS_6046	1	-	5996906	5997074	21.34268951	5997074	0	168	-168	168	-168	168
CAGE_TSS_6054	1	-	6038667	6038888	56.38467026	6038888	0	221	-221	221	-221	221
CAGE_TSS_6067	1	-	6098337	6098504	11.26410007	6098504	0	167	-167	167	-167	167
CAGE_TSS_6068	1	-	6116614	6116649	6.681819916	6116649	0	35	-35	35	-35	35
CAGE_TSS_6069	1	-	6127477	6127553	60.5766716	6127553	0	76	-76	76	-76	76
CAGE_TSS_6084	1	-	6155748	6155993	18.26518059	6155993	0	245	-245	245	-245	245
CAGE_TSS_6100	1	-	6218318	6218377	136.0624847	6218377	0	59	-59	59	-59	59
CAGE_TSS_6102	1	-	6230200	6230283	37.89933014	6230283	0	83	-83	83	-83	83
CAGE_TSS_6104	1	-	6247659	6247895	17.01502991	6247895	0	236	-236	236	-236	236
CAGE_TSS_6108	1	-	6266771	6266911	16.41116905	6266911	0	140	-140	140	-140	140
CAGE_TSS_6114	1	-	6282096	6282199	7.411029816	6282199	0	103	-103	103	-103	103
CAGE_TSS_6122	1	-	6324301	6324444	162.2784424	6324444	0	143	-143	143	-143	143
CAGE_TSS_6124	1	-	6360127	6360261	33.19401932	6360261	0	134	-134	134	-134	134
CAGE_TSS_6137	1	-	6452958	6453188	179.4956665	6453188	0	230	-230	230	-230	230
CAGE_TSS_6139	1	-	6459718	6459894	8.384209633	6459894	0	176	-176	176	-176	176
CAGE_TSS_6140	1	-	6460378	6460405	7.566319942	6460405	0	27	-27	27	-27	27
CAGE_TSS_6142	1	-	6466453	6466501	7.084720135	6466501	0	48	-48	48	-48	48
CAGE_TSS_6144	1	-	6483595	6483872	22.14893913	6483872	0	277	-277	277	-277	277
CAGE_TSS_6154	1	-	6538059	6538264	19.08609962	6538264	0	205	-205	205	-205	205
CAGE_TSS_6160	1	-	6562779	6562882	54.27291107	6562882	0	103	-103	103	-103	103
CAGE_TSS_6165	1	-	6612465	6612604	7.247029781	6612604	0	139	-139	139	-139	139
CAGE_TSS_6169	1	-	6633073	6633125	20.59493065	6633125	0	52	-52	52	-52	52
CAGE_TSS_6172	1	-	6672571	6672622	23.86169052	6672622	0	51	-51	51	-51	51
CAGE_TSS_6173	1	-	6677643	6677755	141.7650452	6677755	0	112	-112	112	-112	112
CAGE_TSS_6174	1	-	6683487	6683668	25.65266991	6683668	0	181	-181	181	-181	181
CAGE_TSS_6175	1	-	6692428	6692652	17.71200943	6692652	0	224	-224	224	-224	224
CAGE_TSS_6180	1	-	6714243	6714364	6.592619896	6714364	0	121	-121	121	-121	121
CAGE_TSS_6181	1	-	6714532	6714660	7.579400063	6714660	0	128	-128	128	-128	128
CAGE_TSS_6186	1	-	6754000	6754200	16.05731964	6754200	0	200	-200	200	-200	200
CAGE_TSS_6192	1	-	6774454	6774565	243.0996857	6774565	0	111	-111	111	-111	111
CAGE_TSS_6196	1	-	6799757	6799861	20.31418037	6799861	0	104	-104	104	-104	104
CAGE_TSS_6205	1	-	6802653	6802825	32.56122971	6802825	0	172	-172	172	-172	172
CAGE_TSS_6208	1	-	6804969	6805158	81.60459137	6805158	0	189	-189	189	-189	189
CAGE_TSS_6212	1	-	6811982	6812005	6.093080044	6812005	0	23	-23	23	-23	23
CAGE_TSS_6213	1	-	6812616	6812892	58.53533936	6812892	0	276	-276	276	-276	276
CAGE_TSS_6216	1	-	6822744	6822803	13.33955956	6822803	0	59	-59	59	-59	59
CAGE_TSS_6218	1	-	6824191	6824212	7.489389896	6824212	0	21	-21	21	-21	21
CAGE_TSS_6219	1	-	6860331	6860604	33.73126984	6860604	0	273	-273	273	-273	273
CAGE_TSS_6221	1	-	6873347	6873213	7.05284977	6873213	0	-134	134	-134	134	134
CAGE_TSS_6222	1	-	6894697	6894745	37.81972122	6894745	0	48	-48	48	-48	48
CAGE_TSS_6227	1	-	6903955	6904195	5.404679775	6904195	0	240	-240	240	-240	240
CAGE_TSS_6236	1	-	6940584	6940789	89.1013031	6940789	0	205	-205	205	-205	205
CAGE_TSS_6241	1	-	6970953	6971124	13.59547997	6971124	0	171	-171	171	-171	171
CAGE_TSS_6244	1	-	6999750	6999853	23.28087044	6999853	0	103	-103	103	-103	103
CAGE_TSS_6251	1	-	7023066	7023234	8.848119736	7023234	0	168	-168	168	-168	168
CAGE_TSS_6252	1	-	7039281	7039368	7.950290203	7039368	0	87	-87	87	-87	87
CAGE_TSS_6259	1	-	7082543	7082642	106.4216003	7082642	0	99	-99	99	-99	99
CAGE_TSS_6263	1	-	7085771	7085841	10.46226025	7085841	0	70	-70	70	-70	70
CAGE_TSS_6266	1	-	7089210	7089298	7.941050053	7089298	0	88	-88	88	-88	88
CAGE_TSS_6269	1	-	7105868	7106002	266.7292786	7106002	0	134	-134	134	-134	134
CAGE_TSS_6279	1	-	7168006	7168111	165.721344	7168111	0	105	-105	105	-105	105
CAGE_TSS_6286	1	-	7248149	7248171	7.526380062	7248171	0	22	-22	22	-22	22
CAGE_TSS_6289	1	-	7261512	7261646	66.51271057	7261646	0	134	-134	134	-134	134
CAGE_TSS_6292	1	-	7267327	7267603	42.68286133	7267603	0	276	-276	276	-276	276
CAGE_TSS_6294	1	-	7294743	7294946	15.98221016	7294946	0	203	-203	203	-203	203
CAGE_TSS_6301	1	-	7378129	7378278	44.70499039	7378278	0	149	-149	149	-149	149
CAGE_TSS_6304	1	-	7382333	7382520	47.30937958	7382520	0	187	-187	187	-187	187
CAGE_TSS_6308	1	-	7391550	7391630	6.870850086	7391630	0	80	-80	80	-80	80
CAGE_TSS_6309	1	-	7396770	7396983	17.61021996	7396983	0	213	-213	213	-213	213
CAGE_TSS_6313	1	-	7400603	7400791	7.146550179	7400791	0	188	-188	188	-188	188
CAGE_TSS_6325	1	-	7455010	7455197	6.130650043	7455197	0	187	-187	187	-187	187
CAGE_TSS_6332	1	-	7488686	7488939	36.10773087	7488939	0	253	-253	253	-253	253
CAGE_TSS_6333	1	-	7490582	7490731	62.88594818	7490731	0	149	-149	149	-149	149
CAGE_TSS_6335	1	-	7504150	7504219	7.77699995	7504219	0	69	-69	69	-69	69
CAGE_TSS_6347	1	-	7565801	7565961	70.65544891	7565961	0	160	-160	160	-160	160
CAGE_TSS_6348	1	-	7569863	7569884	7.224589825	7569884	0	21	-21	21	-21	21
CAGE_TSS_6359	1	-	7662276	7662061	5.304369926	7662061	0	-215	215	-215	215	215
CAGE_TSS_6368	1	-	7706134	7706363	63.38097	7706363	0	229	-229	229	-229	229
CAGE_TSS_6376	1	-	7830318	7830363	85.88004303	7830363	0	45	-45	45	-45	45
CAGE_TSS_6379	1	-	7847603	7847842	21.09431076	7847842	0	239	-239	239	-239	239
CAGE_TSS_6385	1	-	7881147	7881438	5.417409897	7881438	0	291	-291	291	-291	291
CAGE_TSS_6387	1	-	7887678	7887759	10.44322014	7887759	0	81	-81	81	-81	81
CAGE_TSS_6388	1	-	7894543	7894464	22.39048958	7894464	0	-79	79	-79	79	79
CAGE_TSS_6392	1	-	7897718	7897719	241.6817932	7897719	0	1	-1	1	-1	1
CAGE_TSS_6394	1	-	7900103	7900099	18.7071209	7900099	0	-4	4	-4	4	4
CAGE_TSS_6397	1	-	7906665	7906925	65.25991058	7906925	0	260	-260	260	-260	260
CAGE_TSS_6398	1	-	7909607	7909778	13.64426994	7909778	0	171	-171	171	-171	171
CAGE_TSS_6399	1	-	7933391	7933391	3.064749956	7933391	0	0	0	0	0	0
CAGE_TSS_6401	1	-	7952664	7952774	12.90557003	7952774	0	110	-110	110	-110	110
CAGE_TSS_6403	1	-	7954381	7954510	60.84410095	7954510	0	129	-129	129	-129	129
CAGE_TSS_6406	1	-	7958379	7958525	6.238890171	7958525	0	146	-146	146	-146	146
CAGE_TSS_6407	1	-	7968649	7968775	97.79566193	7968775	0	126	-126	126	-126	126
CAGE_TSS_6409	1	-	7978724	7978842	28.0011692	7978842	0	118	-118	118	-118	118
CAGE_TSS_6410	1	-	7991619	7991880	16.76156044	7991880	0	261	-261	261	-261	261
CAGE_TSS_6411	1	-	8002828	8002899	12.93276978	8002899	0	71	-71	71	-71	71
CAGE_TSS_6415	1	-	8016088	8016168	10.33535004	8016168	0	80	-80	80	-80	80
CAGE_TSS_6427	1	-	8127248	8127299	23.2836895	8127299	0	51	-51	51	-51	51
CAGE_TSS_6428	1	-	8130402	8130533	5.079349995	8130533	0	131	-131	131	-131	131
CAGE_TSS_6433	1	-	8153635	8153796	42.87068939	8153796	0	161	-161	161	-161	161
CAGE_TSS_6434	1	-	8168950	8169057	3.809639931	8169057	0	107	-107	107	-107	107
CAGE_TSS_6435	1	-	8169270	8169386	26.39229965	8169386	0	116	-116	116	-116	116
CAGE_TSS_6437	1	-	8172928	8173095	27.99091911	8173095	0	167	-167	167	-167	167
CAGE_TSS_6439	1	-	8181278	8181433	27.71213913	8181433	0	155	-155	155	-155	155
CAGE_TSS_6443	1	-	8189030	8189022	14.75736046	8189022	0	-8	8	-8	8	8
CAGE_TSS_6465	1	-	8271720	8271982	12.82431984	8271982	0	262	-262	262	-262	262
CAGE_TSS_6466	1	-	8282226	8282269	44.10850906	8282269	0	43	-43	43	-43	43
CAGE_TSS_6469	1	-	8302679	8302889	11.62195015	8302889	0	210	-210	210	-210	210
CAGE_TSS_6470	1	-	8309723	8309438	12.54708004	8309438	0	-285	285	-285	285	285
CAGE_TSS_6472	1	-	8310647	8310728	17.84693909	8310728	0	81	-81	81	-81	81
CAGE_TSS_6484	1	-	8414876	8414991	12.46148014	8414991	0	115	-115	115	-115	115
CAGE_TSS_6487	1	-	8427089	8427322	211.702774	8427322	0	233	-233	233	-233	233
CAGE_TSS_6508	1	-	8527081	8527143	339.976532	8527143	0	62	-62	62	-62	62
CAGE_TSS_6509	1	-	8532193	8532300	16.07802963	8532300	0	107	-107	107	-107	107
CAGE_TSS_6515	1	-	8558831	8559030	68.56890869	8559030	0	199	-199	199	-199	199
CAGE_TSS_6531	1	-	8675249	8675464	15.34189987	8675464	0	215	-215	215	-215	215
CAGE_TSS_6541	1	-	8727104	8727241	138.6017456	8727241	0	137	-137	137	-137	137
CAGE_TSS_6545	1	-	8839499	8839657	252.3182831	8839657	0	158	-158	158	-158	158
CAGE_TSS_6547	1	-	8842312	8842404	94.84619904	8842404	0	92	-92	92	-92	92
CAGE_TSS_6552	1	-	8899102	8899197	105.4438477	8899197	0	95	-95	95	-95	95
CAGE_TSS_6555	1	-	8912400	8912480	86.20632935	8912480	0	80	-80	80	-80	80
CAGE_TSS_6565	1	-	8957991	8957968	117.1934662	8957968	0	-23	23	-23	23	23
CAGE_TSS_6570	1	-	8978190	8978262	73.76811218	8978262	0	72	-72	72	-72	72
CAGE_TSS_6574	1	-	8983035	8983257	43.79212952	8983257	0	222	-222	222	-222	222
CAGE_TSS_6579	1	-	8999866	8999992	13.46543026	8999992	0	126	-126	126	-126	126
CAGE_TSS_6581	1	-	9004634	9004771	5.313099861	9004771	0	137	-137	137	-137	137
CAGE_TSS_6595	1	-	9046985	9047096	5.091189861	9047096	0	111	-111	111	-111	111
CAGE_TSS_6601	1	-	9072196	9072263	29.32485008	9072263	0	67	-67	67	-67	67
CAGE_TSS_6605	1	-	9092456	9092541	8.122960091	9092541	0	85	-85	85	-85	85
CAGE_TSS_6612	1	-	9143319	9143477	29.73630905	9143477	0	158	-158	158	-158	158
CAGE_TSS_6614	1	-	9146020	9146155	8.561530113	9146155	0	135	-135	135	-135	135
CAGE_TSS_6620	1	-	9199602	9199883	10.42953968	9199883	0	281	-281	281	-281	281
CAGE_TSS_6623	1	-	9225722	9225788	176.197403	9225788	0	66	-66	66	-66	66
CAGE_TSS_6626	1	-	9251639	9251706	12.27410984	9251706	0	67	-67	67	-67	67
CAGE_TSS_6627	1	-	9275120	9275323	16.88800049	9275323	0	203	-203	203	-203	203
CAGE_TSS_6629	1	-	9286204	9286445	24.46756935	9286445	0	241	-241	241	-241	241
CAGE_TSS_6639	1	-	9321491	9321530	8.750450134	9321530	0	39	-39	39	-39	39
CAGE_TSS_6640	1	-	9337604	9337900	7.532820225	9337900	0	296	-296	296	-296	296
CAGE_TSS_6648	1	-	9408631	9408864	75.37853241	9408864	0	233	-233	233	-233	233
CAGE_TSS_6650	1	-	9415946	9416144	8.214799881	9416144	0	198	-198	198	-198	198
CAGE_TSS_6654	1	-	9451700	9451962	40.5006218	9451962	0	262	-262	262	-262	262
CAGE_TSS_6656	1	-	9458027	9458004	24.51804924	9458004	0	-23	23	-23	23	23
CAGE_TSS_6665	1	-	9499441	9499588	5.707290173	9499588	0	147	-147	147	-147	147
CAGE_TSS_6678	1	-	9531245	9531528	23.39460945	9531528	0	283	-283	283	-283	283
CAGE_TSS_6689	1	-	9628495	9628695	12.44886017	9628695	0	200	-200	200	-200	200
CAGE_TSS_6691	1	-	9641900	9641918	105.5608978	9641918	0	18	-18	18	-18	18
CAGE_TSS_6693	1	-	9649072	9649302	245.1216888	9649302	0	230	-230	230	-230	230
CAGE_TSS_6696	1	-	9676286	9676281	21.44879913	9676281	0	-5	5	-5	5	5
CAGE_TSS_6697	1	-	9696359	9696656	41.6330719	9696656	0	297	-297	297	-297	297
CAGE_TSS_6703	1	-	9732479	9732629	45.84460068	9732629	0	150	-150	150	-150	150
CAGE_TSS_6708	1	-	9777812	9777808	122.3471069	9777808	0	-4	4	-4	4	4
CAGE_TSS_6720	1	-	9852331	9852503	66.98143005	9852503	0	172	-172	172	-172	172
CAGE_TSS_6722	1	-	9864614	9864800	7.038259983	9864800	0	186	-186	186	-186	186
CAGE_TSS_6728	1	-	9887507	9887674	145.0508118	9887674	0	167	-167	167	-167	167
CAGE_TSS_6738	1	-	9934350	9934475	23.55195045	9934475	0	125	-125	125	-125	125
CAGE_TSS_6743	1	-	9956937	9956819	5.88064003	9956819	0	-118	118	-118	118	118
CAGE_TSS_6745	1	-	9971473	9971608	7.625639915	9971608	0	135	-135	135	-135	135
CAGE_TSS_6750	1	-	9979182	9979434	32.99446869	9979434	0	252	-252	252	-252	252
CAGE_TSS_6751	1	-	10014072	10014276	219.3164978	10014276	0	204	-204	204	-204	204
CAGE_TSS_6755	1	-	10044111	10044293	8.109919548	10044293	0	182	-182	182	-182	182
CAGE_TSS_6759	1	-	10046429	10046569	110.4982071	10046569	0	140	-140	140	-140	140
CAGE_TSS_6766	1	-	10073386	10073539	36.90805817	10073539	0	153	-153	153	-153	153
CAGE_TSS_6770	1	-	10102915	10102775	5.178589821	10102775	0	-140	140	-140	140	140
CAGE_TSS_6771	1	-	10111649	10111739	181.9300385	10111739	0	90	-90	90	-90	90
CAGE_TSS_6779	1	-	10184396	10184568	14.38418007	10184568	0	172	-172	172	-172	172
CAGE_TSS_6780	1	-	10195182	10195476	5.759419918	10195476	0	294	-294	294	-294	294
CAGE_TSS_6781	1	-	10203359	10203489	14.75139046	10203489	0	130	-130	130	-130	130
CAGE_TSS_6787	1	-	10249560	10249687	78.17668915	10249687	0	127	-127	127	-127	127
CAGE_TSS_6789	1	-	10261110	10261400	278.0178223	10261400	0	290	-290	290	-290	290
CAGE_TSS_6791	1	-	10275726	10275787	6.727769852	10275787	0	61	-61	61	-61	61
CAGE_TSS_6792	1	-	10283231	10283326	5.116650105	10283326	0	95	-95	95	-95	95
CAGE_TSS_6798	1	-	10289577	10289706	90.5943222	10289706	0	129	-129	129	-129	129
CAGE_TSS_6799	1	-	10290351	10290267	10.38887024	10290267	0	-84	84	-84	84	84
CAGE_TSS_6805	1	-	10294516	10294637	5.626850128	10294637	0	121	-121	121	-121	121
CAGE_TSS_6807	1	-	10302002	10302213	6.354969978	10302213	0	211	-211	211	-211	211
CAGE_TSS_6818	1	-	10356481	10356614	11.59576988	10356614	0	133	-133	133	-133	133
CAGE_TSS_6820	1	-	10382036	10382252	18.12751007	10382252	0	216	-216	216	-216	216
CAGE_TSS_6839	1	-	10462800	10462942	9.860659599	10462942	0	142	-142	142	-142	142
CAGE_TSS_6850	1	-	10501453	10501480	15.27276993	10501480	0	27	-27	27	-27	27
CAGE_TSS_6856	1	-	10553214	10553503	5.478010178	10553503	0	289	-289	289	-289	289
CAGE_TSS_6858	1	-	10561429	10561590	5.435070038	10561590	0	161	-161	161	-161	161
CAGE_TSS_6860	1	-	10586501	10586711	245.2905121	10586711	0	210	-210	210	-210	210
CAGE_TSS_6870	1	-	10690810	10691014	8.114850044	10691014	0	204	-204	204	-204	204
CAGE_TSS_6888	1	-	10809914	10810042	11.10060978	10810042	0	128	-128	128	-128	128
CAGE_TSS_6892	1	-	10823753	10824034	25.2895298	10824034	0	281	-281	281	-281	281
CAGE_TSS_6928	1	-	11116020	11116162	45.78186035	11116162	0	142	-142	142	-142	142
CAGE_TSS_6936	1	-	11163481	11163465	16.2618103	11163465	0	-16	16	-16	16	16
CAGE_TSS_6937	1	-	11164923	11165197	22.34671974	11165197	0	274	-274	274	-274	274
CAGE_TSS_6945	1	-	11222786	11222875	13.38391972	11222875	0	89	-89	89	-89	89
CAGE_TSS_6949	1	-	11258674	11258925	51.30818176	11258925	0	251	-251	251	-251	251
CAGE_TSS_6957	1	-	11297233	11297466	39.65406036	11297466	0	233	-233	233	-233	233
CAGE_TSS_6961	1	-	11311712	11311813	65.1248703	11311813	0	101	-101	101	-101	101
CAGE_TSS_6963	1	-	11316474	11316581	13.7953701	11316581	0	107	-107	107	-107	107
CAGE_TSS_6967	1	-	11372072	11372250	21.08535957	11372250	0	178	-178	178	-178	178
CAGE_TSS_6977	1	-	11412197	11412313	25.72270966	11412313	0	116	-116	116	-116	116
CAGE_TSS_6983	1	-	11420962	11420938	7.8010602	11420938	0	-24	24	-24	24	24
CAGE_TSS_6991	1	-	11463725	11463874	8.439979553	11463874	0	149	-149	149	-149	149
CAGE_TSS_6993	1	-	11472651	11472745	17.07088089	11472745	0	94	-94	94	-94	94
CAGE_TSS_7014	1	-	11605052	11605065	69.16133118	11605065	0	13	-13	13	-13	13
CAGE_TSS_7023	1	-	11668689	11668853	41.07006073	11668853	0	164	-164	164	-164	164
CAGE_TSS_7027	1	-	11691455	11691689	41.17243958	11691689	0	234	-234	234	-234	234
CAGE_TSS_7037	1	-	11749726	11749906	7.655819893	11749906	0	180	-180	180	-180	180
CAGE_TSS_7039	1	-	11752087	11752074	13.72731972	11752074	0	-13	13	-13	13	13
CAGE_TSS_7052	1	-	11800986	11801026	114.8048477	11801026	0	40	-40	40	-40	40
CAGE_TSS_7054	1	-	11821730	11821909	61.5796814	11821909	0	179	-179	179	-179	179
CAGE_TSS_7074	1	-	11971017	11971186	12.23324013	11971186	0	169	-169	169	-169	169
CAGE_TSS_7076	1	-	11978503	11978799	86.92867279	11978799	0	296	-296	296	-296	296
CAGE_TSS_7087	1	-	12056270	12056235	21.7084198	12056235	0	-35	35	-35	35	35
CAGE_TSS_7089	1	-	12059498	12059666	8.559029579	12059666	0	168	-168	168	-168	168
CAGE_TSS_7097	1	-	12123567	12123706	10.12784004	12123706	0	139	-139	139	-139	139
CAGE_TSS_7110	1	-	12214186	12214367	21.92778015	12214367	0	181	-181	181	-181	181
CAGE_TSS_7148	1	-	12590199	12590251	45.32447815	12590251	0	52	-52	52	-52	52
CAGE_TSS_7149	1	-	12617029	12617203	114.0278397	12617203	0	174	-174	174	-174	174
CAGE_TSS_7155	1	-	12738087	12738172	32.49575043	12738172	0	85	-85	85	-85	85
CAGE_TSS_7159	1	-	12878722	12878951	79.14840698	12878951	0	229	-229	229	-229	229
CAGE_TSS_7160	1	-	12897401	12897518	6.995610237	12897518	0	117	-117	117	-117	117
CAGE_TSS_7162	1	-	12936330	12936575	7.748589993	12936575	0	245	-245	245	-245	245
CAGE_TSS_7165	1	-	12937791	12937955	28.15800095	12937955	0	164	-164	164	-164	164
CAGE_TSS_7174	1	-	12984644	12984788	33.99332809	12984788	0	144	-144	144	-144	144
CAGE_TSS_7178	1	-	13031127	13031179	39.67100906	13031179	0	52	-52	52	-52	52
CAGE_TSS_7181	1	-	13117101	13117138	8.193779945	13117138	0	37	-37	37	-37	37
CAGE_TSS_7194	1	-	13280254	13280448	39.18503189	13280448	0	194	-194	194	-194	194
CAGE_TSS_7220	1	-	13698640	13698860	10.90876007	13698860	0	220	-220	220	-220	220
CAGE_TSS_7227	1	-	13839088	13839188	5.289140224	13839188	0	100	-100	100	-100	100
CAGE_TSS_7294	1	-	16137505	16137641	75.39452362	16137641	0	136	-136	136	-136	136
CAGE_TSS_7313	1	-	16446851	16446964	24.77029037	16446964	0	113	-113	113	-113	113
CAGE_TSS_7314	1	-	16488383	16488511	19.83135986	16488511	0	128	-128	128	-128	128
CAGE_TSS_7323	1	-	16657656	16657872	11.05459976	16657872	0	216	-216	216	-216	216
CAGE_TSS_7325	1	-	16689580	16689522	15.15966034	16689522	0	-58	58	-58	58	58
CAGE_TSS_7332	1	-	16765748	16765953	15.04263973	16765953	0	205	-205	205	-205	205
CAGE_TSS_7333	1	-	16767531	16767612	105.4807129	16767612	0	81	-81	81	-81	81
CAGE_TSS_7334	1	-	16777247	16777431	8.378910065	16777431	0	184	-184	184	-184	184
CAGE_TSS_7337	1	-	16800099	16800171	34.57503891	16800171	0	72	-72	72	-72	72
CAGE_TSS_7339	1	-	16838272	16838327	279.4723816	16838327	0	55	-55	55	-55	55
CAGE_TSS_7346	1	-	16851195	16851358	76.25463867	16851358	0	163	-163	163	-163	163
CAGE_TSS_7352	1	-	16913613	16913669	254.1604462	16913669	0	56	-56	56	-56	56
CAGE_TSS_7361	1	-	17076318	17076538	344.0218201	17076538	0	220	-220	220	-220	220
CAGE_TSS_7363	1	-	17090506	17090677	50.8073082	17090677	0	171	-171	171	-171	171
CAGE_TSS_7366	1	-	17097918	17098128	15.62094021	17098128	0	210	-210	210	-210	210
CAGE_TSS_7380	1	-	17266510	17266513	9.077050209	17266513	0	3	-3	3	-3	3
CAGE_TSS_7388	1	-	17296461	17296507	154.5346069	17296507	0	46	-46	46	-46	46
CAGE_TSS_7396	1	-	17356542	17356660	8.773090363	17356660	0	118	-118	118	-118	118
CAGE_TSS_7398	1	-	17376041	17376189	20.81637955	17376189	0	148	-148	148	-148	148
CAGE_TSS_7415	1	-	17570158	17570280	5.849110126	17570280	0	122	-122	122	-122	122
CAGE_TSS_7421	1	-	17651661	17651590	5.783599854	17651590	0	-71	71	-71	71	71
CAGE_TSS_7437	1	-	17773492	17773559	14.66837025	17773559	0	67	-67	67	-67	67
CAGE_TSS_7438	1	-	17780070	17780293	6.488520145	17780293	0	223	-223	223	-223	223
CAGE_TSS_7443	1	-	17811894	17812000	11.80737972	17812000	0	106	-106	106	-106	106
CAGE_TSS_7451	1	-	17855647	17855749	9.878270149	17855749	0	102	-102	102	-102	102
CAGE_TSS_7458	1	-	17892567	17892788	25.34376907	17892788	0	221	-221	221	-221	221
CAGE_TSS_7462	1	-	17910412	17910497	39.68202972	17910497	0	85	-85	85	-85	85
CAGE_TSS_7469	1	-	17976332	17976480	13.59747028	17976480	0	148	-148	148	-148	148
CAGE_TSS_7492	1	-	18104795	18104888	60.55373001	18104888	0	93	-93	93	-93	93
CAGE_TSS_7495	1	-	18124142	18124325	22.81621933	18124325	0	183	-183	183	-183	183
CAGE_TSS_7496	1	-	18138844	18138867	100.2049103	18138867	0	23	-23	23	-23	23
CAGE_TSS_7514	1	-	18286971	18286988	10.94876957	18286988	0	17	-17	17	-17	17
CAGE_TSS_7516	1	-	18316386	18316369	37.13827896	18316369	0	-17	17	-17	17	17
CAGE_TSS_7518	1	-	18322281	18322412	139.6083374	18322412	0	131	-131	131	-131	131
CAGE_TSS_7529	1	-	18378552	18378666	108.5077209	18378666	0	114	-114	114	-114	114
CAGE_TSS_7535	1	-	18393781	18393973	47.42684174	18393973	0	192	-192	192	-192	192
CAGE_TSS_7536	1	-	18405560	18405593	6.777599812	18405593	0	33	-33	33	-33	33
CAGE_TSS_7541	1	-	18430338	18430411	21.69506073	18430411	0	73	-73	73	-73	73
CAGE_TSS_7544	1	-	18456521	18456681	5.429780006	18456681	0	160	-160	160	-160	160
CAGE_TSS_7559	1	-	18521716	18521871	50.69535065	18521871	0	155	-155	155	-155	155
CAGE_TSS_7564	1	-	18560273	18560381	7.129469872	18560381	0	108	-108	108	-108	108
CAGE_TSS_7574	1	-	18621757	18621808	5.036499977	18621808	0	51	-51	51	-51	51
CAGE_TSS_7575	1	-	18626394	18626419	10.76875019	18626419	0	25	-25	25	-25	25
CAGE_TSS_7581	1	-	18639507	18639527	57.389431	18639527	0	20	-20	20	-20	20
CAGE_TSS_7584	1	-	18680076	18680131	7.487490177	18680131	0	55	-55	55	-55	55
CAGE_TSS_7587	1	-	18685649	18685712	23.62129974	18685712	0	63	-63	63	-63	63
CAGE_TSS_7597	1	-	18728270	18728324	6.130090237	18728324	0	54	-54	54	-54	54
CAGE_TSS_7598	1	-	18730360	18730639	42.34590912	18730639	0	279	-279	279	-279	279
CAGE_TSS_7621	1	-	18941639	18941739	10.74639988	18941739	0	100	-100	100	-100	100
CAGE_TSS_7629	1	-	19053734	19053707	291.5339661	19053707	0	-27	27	-27	27	27
CAGE_TSS_7632	1	-	19066914	19067135	19.20903969	19067135	0	221	-221	221	-221	221
CAGE_TSS_7640	1	-	19119305	19119582	8.035639763	19119582	0	277	-277	277	-277	277
CAGE_TSS_7651	1	-	19161551	19161654	12.87753963	19161654	0	103	-103	103	-103	103
CAGE_TSS_7659	1	-	19210675	19210850	15.10906982	19210850	0	175	-175	175	-175	175
CAGE_TSS_7662	1	-	19250214	19250238	8.302339554	19250238	0	24	-24	24	-24	24
CAGE_TSS_7663	1	-	19250659	19250913	17.57736969	19250913	0	254	-254	254	-254	254
CAGE_TSS_7668	1	-	19278574	19278661	5.860239983	19278661	0	87	-87	87	-87	87
CAGE_TSS_7669	1	-	19299141	19299233	10.85153008	19299233	0	92	-92	92	-92	92
CAGE_TSS_7682	1	-	19349023	19349157	26.72710037	19349157	0	134	-134	134	-134	134
CAGE_TSS_7695	1	-	19385532	19385802	20.83065033	19385802	0	270	-270	270	-270	270
CAGE_TSS_7698	1	-	19408253	19408324	6.411640167	19408324	0	71	-71	71	-71	71
CAGE_TSS_7700	1	-	19414701	19414830	13.29045963	19414830	0	129	-129	129	-129	129
CAGE_TSS_7705	1	-	19443425	19443639	6.814760208	19443639	0	214	-214	214	-214	214
CAGE_TSS_7710	1	-	19459685	19459801	61.46924973	19459801	0	116	-116	116	-116	116
CAGE_TSS_7721	1	-	19492768	19492991	46.11516953	19492991	0	223	-223	223	-223	223
CAGE_TSS_7727	1	-	19572090	19572256	17.93947029	19572256	0	166	-166	166	-166	166
CAGE_TSS_7745	1	-	19673640	19673706	30.05381966	19673706	0	66	-66	66	-66	66
CAGE_TSS_7749	1	-	19698468	19698596	82.10349274	19698596	0	128	-128	128	-128	128
CAGE_TSS_7752	1	-	19740780	19740940	55.97586823	19740940	0	160	-160	160	-160	160
CAGE_TSS_7761	1	-	19762543	19762505	5.912370205	19762505	0	-38	38	-38	38	38
CAGE_TSS_7768	1	-	19822149	19822292	8.318969727	19822292	0	143	-143	143	-143	143
CAGE_TSS_7769	1	-	19843385	19843553	16.16955948	19843553	0	168	-168	168	-168	168
CAGE_TSS_7772	1	-	19851937	19851978	6.59762001	19851978	0	41	-41	41	-41	41
CAGE_TSS_7780	1	-	19893426	19893548	126.198288	19893548	0	122	-122	122	-122	122
CAGE_TSS_7781	1	-	19900965	19901171	50.34973145	19901171	0	206	-206	206	-206	206
CAGE_TSS_7782	1	-	19915011	19915297	206.7318115	19915297	0	286	-286	286	-286	286
CAGE_TSS_7790	1	-	19969619	19969734	251.9112396	19969734	0	115	-115	115	-115	115
CAGE_TSS_7795	1	-	19985980	19986053	140.0204163	19986053	0	73	-73	73	-73	73
CAGE_TSS_7799	1	-	19993238	19993325	96.89263916	19993325	0	87	-87	87	-87	87
CAGE_TSS_7803	1	-	20009349	20009586	11.56177044	20009586	0	237	-237	237	-237	237
CAGE_TSS_7806	1	-	20014922	20014963	30.95739937	20014963	0	41	-41	41	-41	41
CAGE_TSS_7807	1	-	20017837	20017913	6.983409882	20017913	0	76	-76	76	-76	76
CAGE_TSS_7817	1	-	20068463	20068575	215.8230743	20068575	0	112	-112	112	-112	112
CAGE_TSS_7819	1	-	20073730	20073821	56.61037064	20073821	0	91	-91	91	-91	91
CAGE_TSS_7822	1	-	20081462	20081564	196.7901154	20081564	0	102	-102	102	-102	102
CAGE_TSS_7831	1	-	20160811	20161001	28.23520088	20161001	0	190	-190	190	-190	190
CAGE_TSS_7840	1	-	20187022	20187059	37.45016098	20187059	0	37	-37	37	-37	37
CAGE_TSS_7842	1	-	20198969	20199182	269.1080933	20199182	0	213	-213	213	-213	213
CAGE_TSS_7855	1	-	20303782	20304019	12.50421047	20304019	0	237	-237	237	-237	237
CAGE_TSS_7858	1	-	20310662	20310581	5.108940125	20310581	0	-81	81	-81	81	81
CAGE_TSS_7863	1	-	20357722	20357776	29.2012291	20357776	0	54	-54	54	-54	54
CAGE_TSS_7873	1	-	20402987	20403093	6.539800167	20403093	0	106	-106	106	-106	106
CAGE_TSS_7888	1	-	20574347	20574418	5.254260063	20574418	0	71	-71	71	-71	71
CAGE_TSS_7891	1	-	20587715	20588014	166.7789764	20588014	0	299	-299	299	-299	299
CAGE_TSS_7895	1	-	20598672	20598836	94.31804657	20598836	0	164	-164	164	-164	164
CAGE_TSS_7897	1	-	20620135	20620047	15.54018021	20620047	0	-88	88	-88	88	88
CAGE_TSS_7902	1	-	20648890	20648971	13.12732029	20648971	0	81	-81	81	-81	81
CAGE_TSS_7903	1	-	20665015	20665156	17.89653969	20665156	0	141	-141	141	-141	141
CAGE_TSS_7905	1	-	20668737	20668985	5.831910133	20668985	0	248	-248	248	-248	248
CAGE_TSS_7909	1	-	20706887	20707163	9.334030151	20707163	0	276	-276	276	-276	276
CAGE_TSS_7920	1	-	20728089	20728222	22.08793068	20728222	0	133	-133	133	-133	133
CAGE_TSS_7923	1	-	20731249	20731372	73.76400757	20731372	0	123	-123	123	-123	123
CAGE_TSS_7936	1	-	20811923	20812207	5.799119949	20812207	0	284	-284	284	-284	284
CAGE_TSS_7937	1	-	20812848	20813061	7.630040169	20813061	0	213	-213	213	-213	213
CAGE_TSS_7940	1	-	20845181	20845304	16.20084	20845304	0	123	-123	123	-123	123
CAGE_TSS_7948	1	-	20898879	20899106	6.695469856	20899106	0	227	-227	227	-227	227
CAGE_TSS_7971	1	-	20979324	20979474	29.88973045	20979474	0	150	-150	150	-150	150
CAGE_TSS_7977	1	-	21007794	21007996	34.90306091	21007996	0	202	-202	202	-202	202
CAGE_TSS_7979	1	-	21013986	21014121	45.71937943	21014121	0	135	-135	135	-135	135
CAGE_TSS_7980	1	-	21024411	21024574	110.1633606	21024574	0	163	-163	163	-163	163
CAGE_TSS_7994	1	-	21080325	21080393	27.24311066	21080393	0	68	-68	68	-68	68
CAGE_TSS_8000	1	-	21088546	21088698	32.64590073	21088698	0	152	-152	152	-152	152
CAGE_TSS_8007	1	-	21092655	21092821	35.02244949	21092821	0	166	-166	166	-166	166
CAGE_TSS_8012	1	-	21188104	21188251	55.47050858	21188251	0	147	-147	147	-147	147
CAGE_TSS_8014	1	-	21198954	21199077	18.6584301	21199077	0	123	-123	123	-123	123
CAGE_TSS_8019	1	-	21227027	21227293	5.649720192	21227293	0	266	-266	266	-266	266
CAGE_TSS_8021	1	-	21235136	21235225	12.76667976	21235225	0	89	-89	89	-89	89
CAGE_TSS_8028	1	-	21311492	21311504	95.87660217	21311504	0	12	-12	12	-12	12
CAGE_TSS_8030	1	-	21334726	21334744	171.6865692	21334744	0	18	-18	18	-18	18
CAGE_TSS_8037	1	-	21364640	21364783	19.2553997	21364783	0	143	-143	143	-143	143
CAGE_TSS_8041	1	-	21417919	21417671	5.149620056	21417671	0	-248	248	-248	248	248
CAGE_TSS_8048	1	-	21440826	21440817	18.45686913	21440817	0	-9	9	-9	9	9
CAGE_TSS_8060	1	-	21468419	21468545	26.1738205	21468545	0	126	-126	126	-126	126
CAGE_TSS_8062	1	-	21474600	21474842	7.956550121	21474842	0	242	-242	242	-242	242
CAGE_TSS_8066	1	-	21507450	21507562	62.43149948	21507562	0	112	-112	112	-112	112
CAGE_TSS_8075	1	-	21539796	21539906	60.56972122	21539906	0	110	-110	110	-110	110
CAGE_TSS_8080	1	-	21553147	21553257	372.4946899	21553257	0	110	-110	110	-110	110
CAGE_TSS_8088	1	-	21614116	21614233	319.56604	21614233	0	117	-117	117	-117	117
CAGE_TSS_8098	1	-	21626199	21626339	171.9033051	21626339	0	140	-140	140	-140	140
CAGE_TSS_8104	1	-	21717291	21717463	36.16115189	21717463	0	172	-172	172	-172	172
CAGE_TSS_8110	1	-	21911175	21911384	9.611570358	21911384	0	209	-209	209	-209	209
CAGE_TSS_8112	1	-	21953455	21953741	27.24126053	21953741	0	286	-286	286	-286	286
CAGE_TSS_8120	1	-	22057194	22057336	138.6946869	22057336	0	142	-142	142	-142	142
CAGE_TSS_8136	1	-	22096568	22096596	132.6887665	22096596	0	28	-28	28	-28	28
CAGE_TSS_8142	1	-	22180842	22181132	44.97090912	22181132	0	290	-290	290	-290	290
CAGE_TSS_8144	1	-	22191436	22191604	5.190619946	22191604	0	168	-168	168	-168	168
CAGE_TSS_8145	1	-	22205311	22205442	11.83331013	22205442	0	131	-131	131	-131	131
CAGE_TSS_8147	1	-	22221400	22221512	100.1567535	22221512	0	112	-112	112	-112	112
CAGE_TSS_8148	1	-	22224285	22224428	95.68978119	22224428	0	143	-143	143	-143	143
CAGE_TSS_8151	1	-	22265996	22266145	8.074520111	22266145	0	149	-149	149	-149	149
CAGE_TSS_8152	1	-	22269240	22269248	6.045660019	22269248	0	8	-8	8	-8	8
CAGE_TSS_8161	1	-	22308198	22308329	207.547699	22308329	0	131	-131	131	-131	131
CAGE_TSS_8164	1	-	22327287	22327357	6.975880146	22327357	0	70	-70	70	-70	70
CAGE_TSS_8166	1	-	22330297	22330404	17.96775055	22330404	0	107	-107	107	-107	107
CAGE_TSS_8167	1	-	22336815	22337093	5.906010151	22337093	0	278	-278	278	-278	278
CAGE_TSS_8177	1	-	22356651	22356735	5.500170231	22356735	0	84	-84	84	-84	84
CAGE_TSS_8206	1	-	22447277	22447232	7.03042984	22447232	0	-45	45	-45	45	45
CAGE_TSS_8213	1	-	22491450	22491501	310.9647827	22491501	0	51	-51	51	-51	51
CAGE_TSS_8217	1	-	22512185	22512305	62.27692032	22512305	0	120	-120	120	-120	120
CAGE_TSS_8218	1	-	22540862	22540952	8.305870056	22540952	0	90	-90	90	-90	90
CAGE_TSS_8226	1	-	22641049	22641074	21.91887093	22641074	0	25	-25	25	-25	25
CAGE_TSS_8228	1	-	22645214	22645334	35.25704956	22645334	0	120	-120	120	-120	120
CAGE_TSS_8229	1	-	22649460	22649599	11.41777992	22649599	0	139	-139	139	-139	139
CAGE_TSS_8230	1	-	22658452	22658432	116.55513	22658432	0	-20	20	-20	20	20
CAGE_TSS_8233	1	-	22668533	22668525	10.40190983	22668525	0	-8	8	-8	8	8
CAGE_TSS_8239	1	-	22712145	22712330	43.27661896	22712330	0	185	-185	185	-185	185
CAGE_TSS_8244	1	-	22749197	22749290	31.36202049	22749290	0	93	-93	93	-93	93
CAGE_TSS_8254	1	-	22801091	22801179	6.859230042	22801179	0	88	-88	88	-88	88
CAGE_TSS_8257	1	-	22814095	22814198	16.62083054	22814198	0	103	-103	103	-103	103
CAGE_TSS_8262	1	-	22871276	22871408	31.77648926	22871408	0	132	-132	132	-132	132
CAGE_TSS_8263	1	-	22884974	22885095	6.011859894	22885095	0	121	-121	121	-121	121
CAGE_TSS_8268	1	-	22939021	22939154	10.61542988	22939154	0	133	-133	133	-133	133
CAGE_TSS_8280	1	-	22984358	22984590	32.36349869	22984590	0	232	-232	232	-232	232
CAGE_TSS_8291	1	-	23019278	23019353	11.88370037	23019353	0	75	-75	75	-75	75
CAGE_TSS_8292	1	-	23029313	23029362	40.31457138	23029362	0	49	-49	49	-49	49
CAGE_TSS_8294	1	-	23039711	23039958	166.5854645	23039958	0	247	-247	247	-247	247
CAGE_TSS_8300	1	-	23101029	23101220	73.58409119	23101220	0	191	-191	191	-191	191
CAGE_TSS_8304	1	-	23109457	23109470	64.65683746	23109470	0	13	-13	13	-13	13
CAGE_TSS_8324	1	-	23251108	23251287	239.400116	23251287	0	179	-179	179	-179	179
CAGE_TSS_8325	1	-	23257260	23257540	70.63899231	23257540	0	280	-280	280	-280	280
CAGE_TSS_8326	1	-	23261776	23261830	9.320890427	23261830	0	54	-54	54	-54	54
CAGE_TSS_8327	1	-	23264348	23264467	12.31805992	23264467	0	119	-119	119	-119	119
CAGE_TSS_8332	1	-	23286805	23286945	42.27455139	23286945	0	140	-140	140	-140	140
CAGE_TSS_8336	1	-	23320265	23320192	5.109189987	23320192	0	-73	73	-73	73	73
CAGE_TSS_8340	1	-	23352045	23352095	55.21498108	23352095	0	50	-50	50	-50	50
CAGE_TSS_8341	1	-	23352645	23352715	117.2500381	23352715	0	70	-70	70	-70	70
CAGE_TSS_8344	1	-	23390772	23390939	9.041150093	23390939	0	167	-167	167	-167	167
CAGE_TSS_8346	1	-	23392847	23392903	8.55463028	23392903	0	56	-56	56	-56	56
CAGE_TSS_8354	1	-	23458618	23458688	66.74877167	23458688	0	70	-70	70	-70	70
CAGE_TSS_8368	1	-	23512075	23512257	10.17831993	23512257	0	182	-182	182	-182	182
CAGE_TSS_8375	1	-	23585733	23585712	8.32668972	23585712	0	-21	21	-21	21	21
CAGE_TSS_8382	1	-	23637531	23637577	11.12450981	23637577	0	46	-46	46	-46	46
CAGE_TSS_8389	1	-	23667342	23667443	46.86790848	23667443	0	101	-101	101	-101	101
CAGE_TSS_8398	1	-	23690560	23690560	8.297309875	23690560	0	0	0	0	0	0
CAGE_TSS_8401	1	-	23706021	23706166	11.63918972	23706166	0	145	-145	145	-145	145
CAGE_TSS_8411	1	-	23807158	23807241	69.95275116	23807241	0	83	-83	83	-83	83
CAGE_TSS_8412	1	-	23812674	23812765	174.7977448	23812765	0	91	-91	91	-91	91
CAGE_TSS_8413	1	-	23818377	23818117	21.35437965	23818117	0	-260	260	-260	260	260
CAGE_TSS_8417	1	-	23830063	23830159	242.3434296	23830159	0	96	-96	96	-96	96
CAGE_TSS_8423	1	-	23919833	23919834	7.436079979	23919834	0	1	-1	1	-1	1
CAGE_TSS_8435	1	-	24001339	24001526	17.84277916	24001526	0	187	-187	187	-187	187
CAGE_TSS_8439	1	-	24023167	24023446	15.86114979	24023446	0	279	-279	279	-279	279
CAGE_TSS_8442	1	-	24033543	24033638	6.740729809	24033638	0	95	-95	95	-95	95
CAGE_TSS_8462	1	-	24136059	24136314	23.6762104	24136314	0	255	-255	255	-255	255
CAGE_TSS_8466	1	-	24139271	24139419	97.08042908	24139419	0	148	-148	148	-148	148
CAGE_TSS_8469	1	-	24146109	24146377	37.41598892	24146377	0	268	-268	268	-268	268
CAGE_TSS_8474	1	-	24163620	24163731	109.9141998	24163731	0	111	-111	111	-111	111
CAGE_TSS_8476	1	-	24171542	24171628	6.566130161	24171628	0	86	-86	86	-86	86
CAGE_TSS_8486	1	-	24259358	24259649	23.24283981	24259649	0	291	-291	291	-291	291
CAGE_TSS_8493	1	-	24306234	24306352	74.91477966	24306352	0	118	-118	118	-118	118
CAGE_TSS_8499	1	-	24362031	24361982	12.14062977	24361982	0	-49	49	-49	49	49
CAGE_TSS_8501	1	-	24366417	24366479	43.18024063	24366479	0	62	-62	62	-62	62
CAGE_TSS_8504	1	-	24383996	24384068	59.59502029	24384068	0	72	-72	72	-72	72
CAGE_TSS_8506	1	-	24395359	24395478	6.773729801	24395478	0	119	-119	119	-119	119
CAGE_TSS_8511	1	-	24421291	24421325	39.26272964	24421325	0	34	-34	34	-34	34
CAGE_TSS_8512	1	-	24432972	24433035	47.31560135	24433035	0	63	-63	63	-63	63
CAGE_TSS_8517	1	-	24493793	24493937	19.83135986	24493937	0	144	-144	144	-144	144
CAGE_TSS_8518	1	-	24502737	24502812	150.5016022	24502812	0	75	-75	75	-75	75
CAGE_TSS_8530	1	-	24568859	24569001	10.34193039	24569001	0	142	-142	142	-142	142
CAGE_TSS_8535	1	-	24606536	24606712	34.32593918	24606712	0	176	-176	176	-176	176
CAGE_TSS_8540	1	-	24653849	24654097	27.15693092	24654097	0	248	-248	248	-248	248
CAGE_TSS_8550	1	-	24687326	24687483	60.21001816	24687483	0	157	-157	157	-157	157
CAGE_TSS_8554	1	-	24698429	24698475	7.771440029	24698475	0	46	-46	46	-46	46
CAGE_TSS_8561	1	-	24709779	24710019	142.0874329	24710019	0	240	-240	240	-240	240
CAGE_TSS_8564	1	-	24771370	24771461	13.22451973	24771461	0	91	-91	91	-91	91
CAGE_TSS_8566	1	-	24775863	24775975	12.24339962	24775975	0	112	-112	112	-112	112
CAGE_TSS_8569	1	-	24812649	24812740	170.769165	24812740	0	91	-91	91	-91	91
CAGE_TSS_8580	1	-	24874756	24874900	5.982910156	24874900	0	144	-144	144	-144	144
CAGE_TSS_8587	1	-	24955445	24955625	170.435257	24955625	0	180	-180	180	-180	180
CAGE_TSS_8591	1	-	24974721	24974857	8.126620293	24974857	0	136	-136	136	-136	136
CAGE_TSS_8600	1	-	25029787	25029985	33.64035034	25029985	0	198	-198	198	-198	198
CAGE_TSS_8611	1	-	25095589	25095683	17.89723015	25095683	0	94	-94	94	-94	94
CAGE_TSS_8620	1	-	25156281	25156334	80.29506683	25156334	0	53	-53	53	-53	53
CAGE_TSS_8623	1	-	25176197	25176325	32.62244034	25176325	0	128	-128	128	-128	128
CAGE_TSS_8628	1	-	25197084	25197138	212.3059998	25197138	0	54	-54	54	-54	54
CAGE_TSS_8629	1	-	25203036	25203240	157.7327728	25203240	0	204	-204	204	-204	204
CAGE_TSS_8636	1	-	25238089	25238208	91.75540161	25238208	0	119	-119	119	-119	119
CAGE_TSS_8638	1	-	25250734	25250720	9.036330223	25250720	0	-14	14	-14	14	14
CAGE_TSS_8649	1	-	25331374	25331401	6.794980049	25331401	0	27	-27	27	-27	27
CAGE_TSS_8662	1	-	25417039	25417207	5.475570202	25417207	0	168	-168	168	-168	168
CAGE_TSS_8663	1	-	25423331	25423423	5.000090122	25423423	0	92	-92	92	-92	92
CAGE_TSS_8665	1	-	25425160	25425444	7.659570217	25425444	0	284	-284	284	-284	284
CAGE_TSS_8673	1	-	25455747	25455887	95.47389221	25455887	0	140	-140	140	-140	140
CAGE_TSS_8676	1	-	25472440	25472517	8.607979774	25472517	0	77	-77	77	-77	77
CAGE_TSS_8681	1	-	25484260	25484405	10.8306303	25484405	0	145	-145	145	-145	145
CAGE_TSS_8689	1	-	25541659	25541796	24.52244949	25541796	0	137	-137	137	-137	137
CAGE_TSS_8695	1	-	25599317	25599358	108.9921265	25599358	0	41	-41	41	-41	41
CAGE_TSS_8701	1	-	25652863	25652965	17.69704056	25652965	0	102	-102	102	-102	102
CAGE_TSS_8703	1	-	25662238	25662409	31.89113045	25662409	0	171	-171	171	-171	171
CAGE_TSS_8713	1	-	25714803	25714934	5.397890091	25714934	0	131	-131	131	-131	131
CAGE_TSS_8724	1	-	25758192	25758219	6.873129845	25758219	0	27	-27	27	-27	27
CAGE_TSS_8746	1	-	25870174	25870377	17.19305992	25870377	0	203	-203	203	-203	203
CAGE_TSS_8772	1	-	26030250	26030362	8.428110123	26030362	0	112	-112	112	-112	112
CAGE_TSS_8782	1	-	26058080	26058111	12.09807014	26058111	0	31	-31	31	-31	31
CAGE_TSS_8783	1	-	26065474	26065577	12.89453983	26065577	0	103	-103	103	-103	103
CAGE_TSS_8784	1	-	26076253	26076311	12.52462006	26076311	0	58	-58	58	-58	58
CAGE_TSS_8786	1	-	26110120	26110334	120.7370911	26110334	0	214	-214	214	-214	214
CAGE_TSS_8792	1	-	26117864	26118026	21.65415001	26118026	0	162	-162	162	-162	162
CAGE_TSS_8796	1	-	26163327	26163464	52.6993103	26163464	0	137	-137	137	-137	137
CAGE_TSS_8799	1	-	26195656	26195875	11.32954025	26195875	0	219	-219	219	-219	219
CAGE_TSS_8803	1	-	26210620	26210703	23.20245934	26210703	0	83	-83	83	-83	83
CAGE_TSS_8809	1	-	26240705	26240833	81.12711334	26240833	0	128	-128	128	-128	128
CAGE_TSS_8812	1	-	26276262	26276322	190.3777161	26276322	0	60	-60	60	-60	60
CAGE_TSS_8813	1	-	26279200	26279393	24.20842934	26279393	0	193	-193	193	-193	193
CAGE_TSS_8821	1	-	26324539	26324754	314.6351013	26324754	0	215	-215	215	-215	215
CAGE_TSS_8822	1	-	26327843	26328004	14.73618031	26328004	0	161	-161	161	-161	161
CAGE_TSS_8823	1	-	26331971	26332204	10.77729988	26332204	0	233	-233	233	-233	233
CAGE_TSS_8828	1	-	26350665	26350802	8.550589561	26350802	0	137	-137	137	-137	137
CAGE_TSS_8835	1	-	26394162	26394312	10.84514999	26394312	0	150	-150	150	-150	150
CAGE_TSS_8847	1	-	26474745	26474793	44.78498077	26474793	0	48	-48	48	-48	48
CAGE_TSS_8849	1	-	26481555	26481407	12.84552002	26481407	0	-148	148	-148	148	148
CAGE_TSS_8852	1	-	26487411	26487472	6.540289879	26487472	0	61	-61	61	-61	61
CAGE_TSS_8858	1	-	26508283	26508340	5.043849945	26508340	0	57	-57	57	-57	57
CAGE_TSS_8862	1	-	26534772	26535008	27.51218033	26535008	0	236	-236	236	-236	236
CAGE_TSS_8864	1	-	26536689	26536946	58.60707855	26536946	0	257	-257	257	-257	257
CAGE_TSS_8865	1	-	26537551	26537739	5.994029999	26537739	0	188	-188	188	-188	188
CAGE_TSS_8873	1	-	26565805	26565969	8.784460068	26565969	0	164	-164	164	-164	164
CAGE_TSS_8875	1	-	26587408	26587605	37.74411011	26587605	0	197	-197	197	-197	197
CAGE_TSS_8876	1	-	26591571	26591757	56.20734024	26591757	0	186	-186	186	-186	186
CAGE_TSS_8881	1	-	26660457	26660610	26.40255928	26660610	0	153	-153	153	-153	153
CAGE_TSS_8882	1	-	26662999	26663299	10.96924019	26663299	0	300	-300	300	-300	300
CAGE_TSS_8884	1	-	26675900	26676000	43.71834183	26676000	0	100	-100	100	-100	100
CAGE_TSS_8885	1	-	26683203	26683324	16.79294968	26683324	0	121	-121	121	-121	121
CAGE_TSS_8896	1	-	26716778	26716920	9.29224968	26716920	0	142	-142	142	-142	142
CAGE_TSS_8899	1	-	26725256	26725465	16.04276085	26725465	0	209	-209	209	-209	209
CAGE_TSS_8901	1	-	26726543	26726750	12.30148983	26726750	0	207	-207	207	-207	207
CAGE_TSS_8904	1	-	26768024	26768226	29.87203979	26768226	0	202	-202	202	-202	202
CAGE_TSS_8906	1	-	26793177	26793199	20.25050926	26793199	0	22	-22	22	-22	22
CAGE_TSS_8909	1	-	26796503	26796595	22.74964905	26796595	0	92	-92	92	-92	92
CAGE_TSS_8911	1	-	26803978	26804185	5.261340141	26804185	0	207	-207	207	-207	207
CAGE_TSS_8914	1	-	26809501	26809662	20.95495987	26809662	0	161	-161	161	-161	161
CAGE_TSS_8915	1	-	26811768	26811971	237.8735352	26811971	0	203	-203	203	-203	203
CAGE_TSS_8924	1	-	26887377	26887539	54.63325119	26887539	0	162	-162	162	-162	162
CAGE_TSS_8929	1	-	26894801	26894821	6.090769768	26894821	0	20	-20	20	-20	20
CAGE_TSS_8931	1	-	26917708	26917713	5.208199978	26917713	0	5	-5	5	-5	5
CAGE_TSS_8938	1	-	26981030	26981078	33.37171936	26981078	0	48	-48	48	-48	48
CAGE_TSS_8947	1	-	27081553	27081653	8.799779892	27081653	0	100	-100	100	-100	100
CAGE_TSS_8948	1	-	27088247	27088340	63.5320015	27088340	0	93	-93	93	-93	93
CAGE_TSS_8952	1	-	27110385	27110435	113.8370285	27110435	0	50	-50	50	-50	50
CAGE_TSS_8954	1	-	27114365	27114590	248.5868073	27114590	0	225	-225	225	-225	225
CAGE_TSS_8963	1	-	27169515	27169462	9.772359848	27169462	0	-53	53	-53	53	53
CAGE_TSS_8966	1	-	27171324	27171342	11.28184986	27171342	0	18	-18	18	-18	18
CAGE_TSS_8972	1	-	27221067	27221102	11.88825989	27221102	0	35	-35	35	-35	35
CAGE_TSS_8980	1	-	27260288	27260333	12.01675987	27260333	0	45	-45	45	-45	45
CAGE_TSS_8984	1	-	27273734	27273934	11.90995979	27273934	0	200	-200	200	-200	200
CAGE_TSS_8990	1	-	27298615	27298745	15.56941032	27298745	0	130	-130	130	-130	130
CAGE_TSS_8998	1	-	27358849	27359017	12.14675045	27359017	0	168	-168	168	-168	168
CAGE_TSS_9011	1	-	27462360	27462555	16.15052986	27462555	0	195	-195	195	-195	195
CAGE_TSS_9017	1	-	27473524	27473634	16.92054939	27473634	0	110	-110	110	-110	110
CAGE_TSS_9020	1	-	27497952	27498146	57.7923584	27498146	0	194	-194	194	-194	194
CAGE_TSS_9021	1	-	27506128	27506233	278.3857727	27506233	0	105	-105	105	-105	105
CAGE_TSS_9022	1	-	27514793	27514766	6.577429771	27514766	0	-27	27	-27	27	27
CAGE_TSS_9033	1	-	27546423	27546648	36.43518829	27546648	0	225	-225	225	-225	225
CAGE_TSS_9037	1	-	27555346	27555482	17.71200943	27555482	0	136	-136	136	-136	136
CAGE_TSS_9042	1	-	27568215	27568377	51.30340958	27568377	0	162	-162	162	-162	162
CAGE_TSS_9051	1	-	27629893	27629969	7.29294014	27629969	0	76	-76	76	-76	76
CAGE_TSS_9054	1	-	27640389	27640597	271.5942688	27640597	0	208	-208	208	-208	208
CAGE_TSS_9066	1	-	27691784	27691980	28.17502975	27691980	0	196	-196	196	-196	196
CAGE_TSS_9069	1	-	27707511	27707479	32.9294014	27707479	0	-32	32	-32	32	32
CAGE_TSS_9071	1	-	27713842	27713805	57.69350052	27713805	0	-37	37	-37	37	37
CAGE_TSS_9075	1	-	27741212	27741394	22.08477974	27741394	0	182	-182	182	-182	182
CAGE_TSS_9082	1	-	27785805	27786007	65.47711945	27786007	0	202	-202	202	-202	202
CAGE_TSS_9083	1	-	27797983	27797835	11.28794956	27797835	0	-148	148	-148	148	148
CAGE_TSS_9093	1	-	27837316	27837484	80.64777374	27837484	0	168	-168	168	-168	168
CAGE_TSS_9110	1	-	27910096	27910197	27.31535912	27910197	0	101	-101	101	-101	101
CAGE_TSS_9117	1	-	27940276	27940310	16.77499962	27940310	0	34	-34	34	-34	34
CAGE_TSS_9118	1	-	27947286	27947463	19.2376709	27947463	0	177	-177	177	-177	177
CAGE_TSS_9147	1	-	28105144	28105434	17.17889023	28105434	0	290	-290	290	-290	290
CAGE_TSS_9150	1	-	28117399	28117504	111.9682312	28117504	0	105	-105	105	-105	105
CAGE_TSS_9151	1	-	28122562	28122580	6.947879791	28122580	0	18	-18	18	-18	18
CAGE_TSS_9167	1	-	28150387	28150551	187.0640717	28150551	0	164	-164	164	-164	164
CAGE_TSS_9175	1	-	28183468	28183573	47.92586899	28183573	0	105	-105	105	-105	105
CAGE_TSS_9182	1	-	28204276	28204377	64.64214325	28204377	0	101	-101	101	-101	101
CAGE_TSS_9186	1	-	28216863	28216846	8.305870056	28216846	0	-17	17	-17	17	17
CAGE_TSS_9189	1	-	28218701	28218797	90.12098694	28218797	0	96	-96	96	-96	96
CAGE_TSS_9199	1	-	28257188	28257388	19.23648071	28257388	0	200	-200	200	-200	200
CAGE_TSS_9217	1	-	28336691	28336848	12.02431965	28336848	0	157	-157	157	-157	157
CAGE_TSS_9218	1	-	28338453	28338437	19.27400017	28338437	0	-16	16	-16	16	16
CAGE_TSS_9224	1	-	28348734	28348938	8.64013958	28348938	0	204	-204	204	-204	204
CAGE_TSS_9231	1	-	28373239	28373451	22.4779892	28373451	0	212	-212	212	-212	212
CAGE_TSS_9237	1	-	28419409	28419649	6.993100166	28419649	0	240	-240	240	-240	240
CAGE_TSS_9241	1	-	28423214	28423375	37.36246109	28423375	0	161	-161	161	-161	161
CAGE_TSS_9243	1	-	28439091	28439286	5.615960121	28439286	0	195	-195	195	-195	195
CAGE_TSS_9246	1	-	28442359	28442126	8.595020294	28442126	0	-233	233	-233	233	233
CAGE_TSS_9254	1	-	28485954	28486245	9.316889763	28486245	0	291	-291	291	-291	291
CAGE_TSS_9256	1	-	28515915	28516207	12.72811031	28516207	0	292	-292	292	-292	292
CAGE_TSS_9271	1	-	28548446	28548631	7.54019022	28548631	0	185	-185	185	-185	185
CAGE_TSS_9275	1	-	28554768	28554826	5.412879944	28554826	0	58	-58	58	-58	58
CAGE_TSS_9279	1	-	28560434	28560660	5.849110126	28560660	0	226	-226	226	-226	226
CAGE_TSS_9285	1	-	28581085	28581289	53.4618187	28581289	0	204	-204	204	-204	204
CAGE_TSS_9287	1	-	28587752	28587855	28.0301609	28587855	0	103	-103	103	-103	103
CAGE_TSS_9290	1	-	28603928	28604057	50.78197861	28604057	0	129	-129	129	-129	129
CAGE_TSS_9294	1	-	28630561	28630743	40.02576828	28630743	0	182	-182	182	-182	182
CAGE_TSS_9297	1	-	28646692	28646708	10.1154604	28646708	0	16	-16	16	-16	16
CAGE_TSS_9298	1	-	28654568	28654696	413.4960022	28654696	0	128	-128	128	-128	128
CAGE_TSS_9302	1	-	28683749	28683809	25.86636925	28683809	0	60	-60	60	-60	60
CAGE_TSS_9309	1	-	28765876	28766028	109.8813477	28766028	0	152	-152	152	-152	152
CAGE_TSS_9310	1	-	28767509	28767710	15.06873035	28767710	0	201	-201	201	-201	201
CAGE_TSS_9314	1	-	28774858	28775056	18.86441994	28775056	0	198	-198	198	-198	198
CAGE_TSS_9319	1	-	28804754	28804972	18.88431931	28804972	0	218	-218	218	-218	218
CAGE_TSS_9320	1	-	28813069	28813170	15.26906013	28813170	0	101	-101	101	-101	101
CAGE_TSS_9331	1	-	28836689	28836844	7.580319881	28836844	0	155	-155	155	-155	155
CAGE_TSS_9346	1	-	28925359	28925432	32.54164124	28925432	0	73	-73	73	-73	73
CAGE_TSS_9347	1	-	28927339	28927351	67.56369019	28927351	0	12	-12	12	-12	12
CAGE_TSS_9352	1	-	28953512	28953502	113.7503128	28953502	0	-10	10	-10	10	10
CAGE_TSS_9360	1	-	28991365	28991534	20.83065033	28991534	0	169	-169	169	-169	169
CAGE_TSS_9365	1	-	29005112	29005100	17.29571915	29005100	0	-12	12	-12	12	12
CAGE_TSS_9367	1	-	29023462	29023639	113.6416016	29023639	0	177	-177	177	-177	177
CAGE_TSS_9372	1	-	29073721	29073773	289.0183105	29073773	0	52	-52	52	-52	52
CAGE_TSS_9379	1	-	29134495	29134448	7.686920166	29134448	0	-47	47	-47	47	47
CAGE_TSS_9383	1	-	29147532	29147656	7.023019791	29147656	0	124	-124	124	-124	124
CAGE_TSS_9386	1	-	29162379	29162447	45.0230484	29162447	0	68	-68	68	-68	68
CAGE_TSS_9388	1	-	29187822	29188050	72.34243011	29188050	0	228	-228	228	-228	228
CAGE_TSS_9390	1	-	29196188	29196311	10.63541985	29196311	0	123	-123	123	-123	123
CAGE_TSS_9391	1	-	29203332	29203517	12.04341984	29203517	0	185	-185	185	-185	185
CAGE_TSS_9393	1	-	29231516	29231658	7.579400063	29231658	0	142	-142	142	-142	142
CAGE_TSS_9395	1	-	29239446	29239567	16.41902924	29239567	0	121	-121	121	-121	121
CAGE_TSS_9410	1	-	29332916	29333186	9.530280113	29333186	0	270	-270	270	-270	270
CAGE_TSS_9414	1	-	29403930	29403920	70.60144806	29403920	0	-10	10	-10	10	10
CAGE_TSS_9415	1	-	29419065	29419234	59.7421608	29419234	0	169	-169	169	-169	169
CAGE_TSS_9417	1	-	29424322	29424562	93.65001678	29424562	0	240	-240	240	-240	240
CAGE_TSS_9423	1	-	29464992	29465239	8.252070427	29465239	0	247	-247	247	-247	247
CAGE_TSS_9425	1	-	29473859	29473996	15.66232014	29473996	0	137	-137	137	-137	137
CAGE_TSS_9432	1	-	29487888	29488011	94.48307037	29488011	0	123	-123	123	-123	123
CAGE_TSS_9436	1	-	29526236	29526321	56.40800858	29526321	0	85	-85	85	-85	85
CAGE_TSS_9440	1	-	29544736	29544992	8.415060043	29544992	0	256	-256	256	-256	256
CAGE_TSS_9443	1	-	29548780	29548862	347.0611267	29548862	0	82	-82	82	-82	82
CAGE_TSS_9447	1	-	29560874	29561072	7.195759773	29561072	0	198	-198	198	-198	198
CAGE_TSS_9457	1	-	29627960	29628095	5.573740005	29628095	0	135	-135	135	-135	135
CAGE_TSS_9463	1	-	29638548	29638763	11.75776958	29638763	0	215	-215	215	-215	215
CAGE_TSS_9468	1	-	29643429	29643567	7.156330109	29643567	0	138	-138	138	-138	138
CAGE_TSS_9473	1	-	29659942	29660071	143.4646149	29660071	0	129	-129	129	-129	129
CAGE_TSS_9476	1	-	29688135	29688368	5.696370125	29688368	0	233	-233	233	-233	233
CAGE_TSS_9478	1	-	29715016	29715211	25.52660942	29715211	0	195	-195	195	-195	195
CAGE_TSS_9480	1	-	29716101	29716311	13.57653999	29716311	0	210	-210	210	-210	210
CAGE_TSS_9482	1	-	29724593	29724740	8.106739998	29724740	0	147	-147	147	-147	147
CAGE_TSS_9490	1	-	29734295	29734579	5.037360191	29734579	0	284	-284	284	-284	284
CAGE_TSS_9492	1	-	29741279	29741416	31.44614983	29741416	0	137	-137	137	-137	137
CAGE_TSS_9496	1	-	29760402	29760548	14.51229954	29760548	0	146	-146	146	-146	146
CAGE_TSS_9497	1	-	29777970	29778147	42.70766068	29778147	0	177	-177	177	-177	177
CAGE_TSS_9508	1	-	29809513	29809700	39.50070953	29809700	0	187	-187	187	-187	187
CAGE_TSS_9512	1	-	29832972	29833128	24.53955078	29833128	0	156	-156	156	-156	156
CAGE_TSS_9516	1	-	29864304	29864418	8.359689713	29864418	0	114	-114	114	-114	114
CAGE_TSS_9518	1	-	29869797	29869931	89.26590729	29869931	0	134	-134	134	-134	134
CAGE_TSS_9524	1	-	29909280	29909328	11.48554993	29909328	0	48	-48	48	-48	48
CAGE_TSS_9529	1	-	29914802	29914968	43.84693909	29914968	0	166	-166	166	-166	166
CAGE_TSS_9530	1	-	29919173	29919277	38.7864418	29919277	0	104	-104	104	-104	104
CAGE_TSS_9538	1	-	29938208	29938268	43.46308136	29938268	0	60	-60	60	-60	60
CAGE_TSS_9539	1	-	29952641	29952736	101.1783218	29952736	0	95	-95	95	-95	95
CAGE_TSS_9540	1	-	29957198	29957385	24.24007988	29957385	0	187	-187	187	-187	187
CAGE_TSS_9543	1	-	29965677	29965749	59.00186157	29965749	0	72	-72	72	-72	72
CAGE_TSS_9550	1	-	29993725	29993995	9.390910149	29993995	0	270	-270	270	-270	270
CAGE_TSS_9556	1	-	30011386	30011553	6.259339809	30011553	0	167	-167	167	-167	167
CAGE_TSS_9571	1	-	30108957	30109093	7.247029781	30109093	0	136	-136	136	-136	136
CAGE_TSS_9573	1	-	30111272	30111371	75.5636673	30111371	0	99	-99	99	-99	99
CAGE_TSS_9576	1	-	30129589	30129700	37.64440918	30129700	0	111	-111	111	-111	111
CAGE_TSS_9583	1	-	30157578	30157766	41.56129074	30157766	0	188	-188	188	-188	188
CAGE_TSS_9587	1	-	30172837	30173042	15.49668026	30173042	0	205	-205	205	-205	205
CAGE_TSS_9588	1	-	30186595	30186559	7.177770138	30186559	0	-36	36	-36	36	36
CAGE_TSS_9594	1	-	30211172	30211179	34.86732864	30211179	0	7	-7	7	-7	7
CAGE_TSS_9598	1	-	30237726	30237823	7.436079979	30237823	0	97	-97	97	-97	97
CAGE_TSS_9599	1	-	30244751	30244939	12.1768198	30244939	0	188	-188	188	-188	188
CAGE_TSS_9602	1	-	30249156	30249295	7.826010227	30249295	0	139	-139	139	-139	139
CAGE_TSS_9603	1	-	30260700	30260801	24.89808083	30260801	0	101	-101	101	-101	101
CAGE_TSS_9612	1	-	30304032	30304187	59.45190811	30304187	0	155	-155	155	-155	155
CAGE_TSS_9635	1	-	30415137	30415155	6.20938015	30415155	0	18	-18	18	-18	18
CAGE_TSS_9636	1	-	30424070	30424274	35.43267059	30424274	0	204	-204	204	-204	204
CAGE_TSS_12538	2	-	137802	138088	11.75123978	138088	0	286	-286	286	-286	286
CAGE_TSS_12542	2	-	151728	151934	61.01549911	151934	0	206	-206	206	-206	206
CAGE_TSS_12543	2	-	158153	158294	23.97837067	158294	0	141	-141	141	-141	141
CAGE_TSS_12549	2	-	183327	183483	71.24401855	183483	0	156	-156	156	-156	156
CAGE_TSS_12554	2	-	202301	202424	211.8001556	202424	0	123	-123	123	-123	123
CAGE_TSS_12562	2	-	243369	243423	103.8387604	243423	0	54	-54	54	-54	54
CAGE_TSS_12565	2	-	257530	257466	34.36907959	257466	0	-64	64	-64	64	64
CAGE_TSS_12576	2	-	313769	313789	6.113470078	313789	0	20	-20	20	-20	20
CAGE_TSS_12583	2	-	360862	360996	6.854849815	360996	0	134	-134	134	-134	134
CAGE_TSS_12586	2	-	368035	367914	66.82095337	367914	0	-121	121	-121	121	121
CAGE_TSS_12591	2	-	393999	394171	84.77837372	394171	0	172	-172	172	-172	172
CAGE_TSS_12599	2	-	428702	428732	8.793279648	428732	0	30	-30	30	-30	30
CAGE_TSS_12606	2	-	519600	519786	7.303329945	519786	0	186	-186	186	-186	186
CAGE_TSS_12616	2	-	556042	556163	16.11033058	556163	0	121	-121	121	-121	121
CAGE_TSS_12621	2	-	587308	587604	7.534910202	587604	0	296	-296	296	-296	296
CAGE_TSS_12623	2	-	595821	596003	10.19130039	596003	0	182	-182	182	-182	182
CAGE_TSS_12630	2	-	648927	649164	5.477650166	649164	0	237	-237	237	-237	237
CAGE_TSS_12640	2	-	784746	785016	37.30115891	785016	0	270	-270	270	-270	270
CAGE_TSS_12641	2	-	799441	799557	35.71419144	799557	0	116	-116	116	-116	116
CAGE_TSS_12653	2	-	864398	864564	35.6321907	864564	0	166	-166	166	-166	166
CAGE_TSS_12655	2	-	868293	868255	5.541900158	868255	0	-38	38	-38	38	38
CAGE_TSS_12659	2	-	918641	918861	5.728950024	918861	0	220	-220	220	-220	220
CAGE_TSS_12668	2	-	1016964	1017084	6.2707901	1017084	0	120	-120	120	-120	120
CAGE_TSS_12681	2	-	1047673	1047770	172.6238251	1047770	0	97	-97	97	-97	97
CAGE_TSS_12682	2	-	1065063	1065134	11.69073009	1065134	0	71	-71	71	-71	71
CAGE_TSS_12690	2	-	1140185	1140135	26.31067085	1140135	0	-50	50	-50	50	50
CAGE_TSS_12693	2	-	1149054	1149229	19.73163033	1149229	0	175	-175	175	-175	175
CAGE_TSS_12696	2	-	1150516	1150693	13.16129017	1150693	0	177	-177	177	-177	177
CAGE_TSS_12707	2	-	1359253	1359552	140.1915436	1359552	0	299	-299	299	-299	299
CAGE_TSS_12708	2	-	1364699	1364979	30.79404068	1364979	0	280	-280	280	-280	280
CAGE_TSS_12709	2	-	1379129	1379177	50.3398819	1379177	0	48	-48	48	-48	48
CAGE_TSS_12713	2	-	1419514	1419658	21.32016945	1419658	0	144	-144	144	-144	144
CAGE_TSS_12715	2	-	1449051	1449103	13.40532017	1449103	0	52	-52	52	-52	52
CAGE_TSS_12717	2	-	1462936	1463139	11.83714008	1463139	0	203	-203	203	-203	203
CAGE_TSS_12722	2	-	1503720	1503782	6.434529781	1503782	0	62	-62	62	-62	62
CAGE_TSS_12742	2	-	1575819	1575834	7.196450233	1575834	0	15	-15	15	-15	15
CAGE_TSS_12746	2	-	1604940	1605196	8.00137043	1605196	0	256	-256	256	-256	256
CAGE_TSS_12750	2	-	1620318	1620468	14.91032982	1620468	0	150	-150	150	-150	150
CAGE_TSS_12777	2	-	1861813	1862110	17.02313042	1862110	0	297	-297	297	-297	297
CAGE_TSS_12783	2	-	1926571	1926617	130.9812012	1926617	0	46	-46	46	-46	46
CAGE_TSS_12800	2	-	2088093	2088139	6.742839813	2088139	0	46	-46	46	-46	46
CAGE_TSS_12806	2	-	2217013	2217194	6.561940193	2217194	0	181	-181	181	-181	181
CAGE_TSS_12812	2	-	2272226	2272440	49.38373184	2272440	0	214	-214	214	-214	214
CAGE_TSS_12816	2	-	2329691	2329861	5.553329945	2329861	0	170	-170	170	-170	170
CAGE_TSS_12820	2	-	2362034	2362265	183.8006439	2362265	0	231	-231	231	-231	231
CAGE_TSS_12835	2	-	2590368	2590554	10.94480991	2590554	0	186	-186	186	-186	186
CAGE_TSS_12850	2	-	2843220	2843413	6.827990055	2843413	0	193	-193	193	-193	193
CAGE_TSS_12857	2	-	2901744	2901950	11.71399975	2901950	0	206	-206	206	-206	206
CAGE_TSS_12917	2	-	4142562	4142722	95.26426697	4142722	0	160	-160	160	-160	160
CAGE_TSS_12927	2	-	4312050	4312176	8.769960403	4312176	0	126	-126	126	-126	126
CAGE_TSS_12928	2	-	4317856	4317868	11.51663971	4317868	0	12	-12	12	-12	12
CAGE_TSS_12971	2	-	5008220	5008365	36.55289078	5008365	0	145	-145	145	-145	145
CAGE_TSS_12997	2	-	5541354	5541457	42.58433914	5541457	0	103	-103	103	-103	103
CAGE_TSS_13008	2	-	5690724	5690879	50.92102051	5690879	0	155	-155	155	-155	155
CAGE_TSS_13010	2	-	5708935	5709065	12.39046955	5709065	0	130	-130	130	-130	130
CAGE_TSS_13021	2	-	5936398	5936513	39.82841873	5936513	0	115	-115	115	-115	115
CAGE_TSS_13025	2	-	5981630	5981813	10.92368984	5981813	0	183	-183	183	-183	183
CAGE_TSS_13033	2	-	6043875	6044017	6.991690159	6044017	0	142	-142	142	-142	142
CAGE_TSS_13046	2	-	6181263	6181356	24.89886093	6181356	0	93	-93	93	-93	93
CAGE_TSS_13047	2	-	6184877	6185016	20.48821068	6185016	0	139	-139	139	-139	139
CAGE_TSS_13063	2	-	6409096	6409126	138.7387238	6409126	0	30	-30	30	-30	30
CAGE_TSS_13086	2	-	6651280	6651531	33.49520874	6651531	0	251	-251	251	-251	251
CAGE_TSS_13107	2	-	6836409	6836645	9.915530205	6836645	0	236	-236	236	-236	236
CAGE_TSS_13110	2	-	6866876	6866910	10.21168995	6866910	0	34	-34	34	-34	34
CAGE_TSS_13113	2	-	6880937	6881092	5.989520073	6881092	0	155	-155	155	-155	155
CAGE_TSS_13122	2	-	6894617	6894774	24.34015083	6894774	0	157	-157	157	-157	157
CAGE_TSS_13128	2	-	6921996	6922150	13.11802006	6922150	0	154	-154	154	-154	154
CAGE_TSS_13133	2	-	6947953	6947807	6.842989922	6947807	0	-146	146	-146	146	146
CAGE_TSS_13135	2	-	6960190	6960335	56.31771851	6960335	0	145	-145	145	-145	145
CAGE_TSS_13142	2	-	7043336	7043483	5.415880203	7043483	0	147	-147	147	-147	147
CAGE_TSS_13149	2	-	7103920	7104068	29.30628014	7104068	0	148	-148	148	-148	148
CAGE_TSS_13152	2	-	7122818	7123042	20.33208084	7123042	0	224	-224	224	-224	224
CAGE_TSS_13154	2	-	7135651	7135783	6.51846981	7135783	0	132	-132	132	-132	132
CAGE_TSS_13161	2	-	7160888	7161014	16.88660049	7161014	0	126	-126	126	-126	126
CAGE_TSS_13162	2	-	7165157	7165382	17.25222015	7165382	0	225	-225	225	-225	225
CAGE_TSS_13170	2	-	7215569	7215731	185.8795166	7215731	0	162	-162	162	-162	162
CAGE_TSS_13173	2	-	7221620	7221802	13.84127998	7221802	0	182	-182	182	-182	182
CAGE_TSS_13176	2	-	7256572	7256652	26.15467072	7256652	0	80	-80	80	-80	80
CAGE_TSS_13177	2	-	7283604	7283744	29.44257927	7283744	0	140	-140	140	-140	140
CAGE_TSS_13179	2	-	7285264	7285504	9.058540344	7285504	0	240	-240	240	-240	240
CAGE_TSS_13201	2	-	7462552	7462568	5.742159843	7462568	0	16	-16	16	-16	16
CAGE_TSS_13214	2	-	7489943	7489941	26.46733093	7489941	0	-2	2	-2	2	2
CAGE_TSS_13218	2	-	7522998	7523035	14.1222496	7523035	0	37	-37	37	-37	37
CAGE_TSS_13224	2	-	7575873	7576076	6.032239914	7576076	0	203	-203	203	-203	203
CAGE_TSS_13225	2	-	7577239	7577366	16.51214981	7577366	0	127	-127	127	-127	127
CAGE_TSS_13234	2	-	7637759	7637771	74.79747009	7637771	0	12	-12	12	-12	12
CAGE_TSS_13240	2	-	7689394	7689522	5.817369938	7689522	0	128	-128	128	-128	128
CAGE_TSS_13241	2	-	7693346	7693414	30.93647957	7693414	0	68	-68	68	-68	68
CAGE_TSS_13243	2	-	7727403	7727581	5.289140224	7727581	0	178	-178	178	-178	178
CAGE_TSS_13248	2	-	7757847	7758085	19.52290916	7758085	0	238	-238	238	-238	238
CAGE_TSS_13252	2	-	7765228	7765343	141.0285339	7765343	0	115	-115	115	-115	115
CAGE_TSS_13262	2	-	7899244	7899341	18.81945038	7899341	0	97	-97	97	-97	97
CAGE_TSS_13266	2	-	7919281	7919463	170.9143982	7919463	0	182	-182	182	-182	182
CAGE_TSS_13270	2	-	7925879	7926142	146.6731262	7926142	0	263	-263	263	-263	263
CAGE_TSS_13271	2	-	7934320	7934587	6.188149929	7934587	0	267	-267	267	-267	267
CAGE_TSS_13277	2	-	7954667	7954847	37.60573959	7954847	0	180	-180	180	-180	180
CAGE_TSS_13279	2	-	7972378	7972395	61.08164978	7972395	0	17	-17	17	-17	17
CAGE_TSS_13290	2	-	7997196	7997433	221.4451752	7997433	0	237	-237	237	-237	237
CAGE_TSS_13300	2	-	8094177	8094207	15.67599964	8094207	0	30	-30	30	-30	30
CAGE_TSS_13305	2	-	8122909	8122944	82.46891785	8122944	0	35	-35	35	-35	35
CAGE_TSS_13308	2	-	8194191	8194376	6.41590023	8194376	0	185	-185	185	-185	185
CAGE_TSS_13311	2	-	8202808	8202764	5.638840199	8202764	0	-44	44	-44	44	44
CAGE_TSS_13316	2	-	8239994	8240001	7.583330154	8240001	0	7	-7	7	-7	7
CAGE_TSS_13319	2	-	8292279	8292444	18.15785027	8292444	0	165	-165	165	-165	165
CAGE_TSS_13335	2	-	8471581	8471816	230.8484192	8471816	0	235	-235	235	-235	235
CAGE_TSS_13339	2	-	8477382	8477625	15.01426983	8477625	0	243	-243	243	-243	243
CAGE_TSS_13342	2	-	8495814	8495907	79.09573364	8495907	0	93	-93	93	-93	93
CAGE_TSS_13343	2	-	8498762	8498837	15.89708042	8498837	0	75	-75	75	-75	75
CAGE_TSS_13349	2	-	8524119	8524296	108.7028809	8524296	0	177	-177	177	-177	177
CAGE_TSS_13350	2	-	8533450	8533658	8.362369537	8533658	0	208	-208	208	-208	208
CAGE_TSS_13364	2	-	8636964	8637087	130.8174438	8637087	0	123	-123	123	-123	123
CAGE_TSS_13367	2	-	8664926	8664948	11.33738041	8664948	0	22	-22	22	-22	22
CAGE_TSS_13371	2	-	8706853	8706914	7.583330154	8706914	0	61	-61	61	-61	61
CAGE_TSS_13372	2	-	8719090	8719157	47.09384155	8719157	0	67	-67	67	-67	67
CAGE_TSS_13381	2	-	8742615	8742839	11.45641041	8742839	0	224	-224	224	-224	224
CAGE_TSS_13391	2	-	8831520	8831578	117.5486526	8831578	0	58	-58	58	-58	58
CAGE_TSS_13393	2	-	8839671	8839863	59.09077835	8839863	0	192	-192	192	-192	192
CAGE_TSS_13401	2	-	8880384	8880494	254.9345551	8880494	0	110	-110	110	-110	110
CAGE_TSS_13410	2	-	8913531	8913670	31.85230064	8913670	0	139	-139	139	-139	139
CAGE_TSS_13416	2	-	8933059	8933310	11.99386978	8933310	0	251	-251	251	-251	251
CAGE_TSS_13426	2	-	8945174	8945224	29.03458977	8945224	0	50	-50	50	-50	50
CAGE_TSS_13433	2	-	8971305	8971595	9.17043972	8971595	0	290	-290	290	-290	290
CAGE_TSS_13441	2	-	9001720	9001811	84.40602112	9001811	0	91	-91	91	-91	91
CAGE_TSS_13442	2	-	9002700	9002919	23.94494057	9002919	0	219	-219	219	-219	219
CAGE_TSS_13445	2	-	9024237	9024318	32.20663834	9024318	0	81	-81	81	-81	81
CAGE_TSS_13452	2	-	9056198	9056339	24.45272064	9056339	0	141	-141	141	-141	141
CAGE_TSS_13455	2	-	9062090	9062132	6.239039898	9062132	0	42	-42	42	-42	42
CAGE_TSS_13463	2	-	9075376	9075592	18.47056007	9075592	0	216	-216	216	-216	216
CAGE_TSS_13465	2	-	9077184	9077433	8.591290474	9077433	0	249	-249	249	-249	249
CAGE_TSS_13483	2	-	9119908	9120187	12.60894012	9120187	0	279	-279	279	-279	279
CAGE_TSS_13490	2	-	9140064	9140220	86.40531158	9140220	0	156	-156	156	-156	156
CAGE_TSS_13495	2	-	9210209	9210409	9.553250313	9210409	0	200	-200	200	-200	200
CAGE_TSS_13497	2	-	9224276	9224407	8.831279755	9224407	0	131	-131	131	-131	131
CAGE_TSS_13503	2	-	9266374	9266596	55.45154953	9266596	0	222	-222	222	-222	222
CAGE_TSS_13505	2	-	9310072	9310138	48.65584946	9310138	0	66	-66	66	-66	66
CAGE_TSS_13506	2	-	9320005	9320081	27.72266006	9320081	0	76	-76	76	-76	76
CAGE_TSS_13513	2	-	9326320	9326377	113.4272232	9326377	0	57	-57	57	-57	57
CAGE_TSS_13519	2	-	9369306	9369500	23.14925957	9369500	0	194	-194	194	-194	194
CAGE_TSS_13521	2	-	9387340	9387293	9.221229553	9387293	0	-47	47	-47	47	47
CAGE_TSS_13522	2	-	9390519	9390709	6.32047987	9390709	0	190	-190	190	-190	190
CAGE_TSS_13529	2	-	9436543	9436776	14.06054974	9436776	0	233	-233	233	-233	233
CAGE_TSS_13533	2	-	9453982	9454258	36.29214859	9454258	0	276	-276	276	-276	276
CAGE_TSS_13544	2	-	9527825	9527993	43.12662888	9527993	0	168	-168	168	-168	168
CAGE_TSS_13547	2	-	9538876	9539053	23.64602089	9539053	0	177	-177	177	-177	177
CAGE_TSS_13552	2	-	9564750	9564824	51.00083923	9564824	0	74	-74	74	-74	74
CAGE_TSS_13569	2	-	9699880	9699883	74.88661194	9699883	0	3	-3	3	-3	3
CAGE_TSS_13570	2	-	9706133	9706363	17.21352005	9706363	0	230	-230	230	-230	230
CAGE_TSS_13575	2	-	9741517	9741652	59.05215836	9741652	0	135	-135	135	-135	135
CAGE_TSS_13579	2	-	9753424	9753504	5.108940125	9753504	0	80	-80	80	-80	80
CAGE_TSS_13591	2	-	9839665	9839679	5.076789856	9839679	0	14	-14	14	-14	14
CAGE_TSS_13593	2	-	9849263	9849165	18.9603405	9849165	0	-98	98	-98	98	98
CAGE_TSS_13594	2	-	9858622	9858604	11.7677803	9858604	0	-18	18	-18	18	18
CAGE_TSS_13595	2	-	9866558	9866779	28.61619949	9866779	0	221	-221	221	-221	221
CAGE_TSS_13597	2	-	9905919	9905885	53.93500137	9905885	0	-34	34	-34	34	34
CAGE_TSS_13612	2	-	9991687	9991820	28.46390915	9991820	0	133	-133	133	-133	133
CAGE_TSS_13618	2	-	10035930	10036057	21.59991074	10036057	0	127	-127	127	-127	127
CAGE_TSS_13626	2	-	10047821	10047854	53.63837051	10047854	0	33	-33	33	-33	33
CAGE_TSS_13632	2	-	10108372	10108121	3.919179916	10108121	0	-251	251	-251	251	251
CAGE_TSS_13637	2	-	10122090	10122154	54.7660408	10122154	0	64	-64	64	-64	64
CAGE_TSS_13640	2	-	10124604	10124775	155.3817596	10124775	0	171	-171	171	-171	171
CAGE_TSS_13641	2	-	10127525	10127660	22.55171013	10127660	0	135	-135	135	-135	135
CAGE_TSS_13644	2	-	10137450	10137575	9.913129807	10137575	0	125	-125	125	-125	125
CAGE_TSS_13660	2	-	10266349	10266485	11.17601013	10266485	0	136	-136	136	-136	136
CAGE_TSS_13661	2	-	10267385	10267527	94.38040161	10267527	0	142	-142	142	-142	142
CAGE_TSS_13673	2	-	10289517	10289595	26.6301403	10289595	0	78	-78	78	-78	78
CAGE_TSS_13674	2	-	10304697	10304728	9.046699524	10304728	0	31	-31	31	-31	31
CAGE_TSS_13678	2	-	10322225	10322280	6.750559807	10322280	0	55	-55	55	-55	55
CAGE_TSS_13690	2	-	10366861	10367028	26.6237793	10367028	0	167	-167	167	-167	167
CAGE_TSS_13700	2	-	10429220	10429326	185.9196625	10429326	0	106	-106	106	-106	106
CAGE_TSS_13704	2	-	10439297	10439482	32.69311905	10439482	0	185	-185	185	-185	185
CAGE_TSS_13708	2	-	10446241	10446322	70.06500244	10446322	0	81	-81	81	-81	81
CAGE_TSS_13709	2	-	10454525	10454727	7.38064003	10454727	0	202	-202	202	-202	202
CAGE_TSS_13712	2	-	10479419	10479539	6.451129913	10479539	0	120	-120	120	-120	120
CAGE_TSS_13726	2	-	10585215	10585369	134.9523163	10585369	0	154	-154	154	-154	154
CAGE_TSS_13737	2	-	10667152	10667169	30.17679977	10667169	0	17	-17	17	-17	17
CAGE_TSS_13741	2	-	10681712	10681987	5.232480049	10681987	0	275	-275	275	-275	275
CAGE_TSS_13742	2	-	10681997	10682215	5.289140224	10682215	0	218	-218	218	-218	218
CAGE_TSS_13746	2	-	10704293	10704518	10.63269997	10704518	0	225	-225	225	-225	225
CAGE_TSS_13748	2	-	10727041	10727189	5.573740005	10727189	0	148	-148	148	-148	148
CAGE_TSS_13749	2	-	10737653	10737708	71.26080322	10737708	0	55	-55	55	-55	55
CAGE_TSS_13752	2	-	10757799	10758027	13.9675703	10758027	0	228	-228	228	-228	228
CAGE_TSS_13756	2	-	10771258	10771320	43.15552139	10771320	0	62	-62	62	-62	62
CAGE_TSS_13769	2	-	10835486	10835701	77.86920166	10835701	0	215	-215	215	-215	215
CAGE_TSS_13771	2	-	10850531	10850620	54.01688004	10850620	0	89	-89	89	-89	89
CAGE_TSS_13780	2	-	10931038	10931089	41.13621902	10931089	0	51	-51	51	-51	51
CAGE_TSS_13783	2	-	10942274	10942446	15.19353008	10942446	0	172	-172	172	-172	172
CAGE_TSS_13784	2	-	10956051	10956215	11.52558041	10956215	0	164	-164	164	-164	164
CAGE_TSS_13786	2	-	10975758	10975902	263.2291565	10975902	0	144	-144	144	-144	144
CAGE_TSS_13792	2	-	11030707	11030828	9.657449722	11030828	0	121	-121	121	-121	121
CAGE_TSS_13793	2	-	11036899	11037071	27.89747047	11037071	0	172	-172	172	-172	172
CAGE_TSS_13800	2	-	11071471	11071468	10.51070976	11071468	0	-3	3	-3	3	3
CAGE_TSS_13806	2	-	11093173	11093398	22.87388992	11093398	0	225	-225	225	-225	225
CAGE_TSS_13807	2	-	11095464	11095364	5.894120216	11095364	0	-100	100	-100	100	100
CAGE_TSS_13815	2	-	11118190	11118329	8.710269928	11118329	0	139	-139	139	-139	139
CAGE_TSS_13824	2	-	11150508	11150568	26.30328941	11150568	0	60	-60	60	-60	60
CAGE_TSS_13825	2	-	11163885	11163938	9.949580193	11163938	0	53	-53	53	-53	53
CAGE_TSS_13826	2	-	11167910	11168057	6.028749943	11168057	0	147	-147	147	-147	147
CAGE_TSS_13834	2	-	11190836	11190745	9.722709656	11190745	0	-91	91	-91	91	91
CAGE_TSS_13835	2	-	11191319	11191308	10.31742954	11191308	0	-11	11	-11	11	11
CAGE_TSS_13836	2	-	11194373	11194632	10.64278984	11194632	0	259	-259	259	-259	259
CAGE_TSS_13844	2	-	11242911	11243109	133.7563629	11243109	0	198	-198	198	-198	198
CAGE_TSS_13850	2	-	11290359	11290387	218.3975372	11290387	0	28	-28	28	-28	28
CAGE_TSS_13852	2	-	11295802	11296068	6.51293993	11296068	0	266	-266	266	-266	266
CAGE_TSS_13856	2	-	11315096	11315355	5.509089947	11315355	0	259	-259	259	-259	259
CAGE_TSS_13863	2	-	11350991	11351081	5.411590099	11351081	0	90	-90	90	-90	90
CAGE_TSS_13867	2	-	11394272	11394358	49.51132965	11394358	0	86	-86	86	-86	86
CAGE_TSS_13870	2	-	11408320	11408539	5.376130104	11408539	0	219	-219	219	-219	219
CAGE_TSS_13873	2	-	11432730	11432769	48.74388123	11432769	0	39	-39	39	-39	39
CAGE_TSS_13875	2	-	11448886	11449030	5.185609818	11449030	0	144	-144	144	-144	144
CAGE_TSS_13878	2	-	11459314	11459513	32.85002899	11459513	0	199	-199	199	-199	199
CAGE_TSS_13879	2	-	11474249	11474361	66.37773895	11474361	0	112	-112	112	-112	112
CAGE_TSS_13888	2	-	11518299	11518548	14.83802032	11518548	0	249	-249	249	-249	249
CAGE_TSS_13890	2	-	11525102	11525280	33.6588707	11525280	0	178	-178	178	-178	178
CAGE_TSS_13891	2	-	11527866	11527872	15.24553013	11527872	0	6	-6	6	-6	6
CAGE_TSS_13896	2	-	11542350	11542494	7.579400063	11542494	0	144	-144	144	-144	144
CAGE_TSS_13898	2	-	11571874	11571941	13.72515011	11571941	0	67	-67	67	-67	67
CAGE_TSS_13907	2	-	11623511	11623484	31.05969048	11623484	0	-27	27	-27	27	27
CAGE_TSS_13913	2	-	11684987	11685159	29.29911041	11685159	0	172	-172	172	-172	172
CAGE_TSS_13915	2	-	11704198	11704344	12.07207966	11704344	0	146	-146	146	-146	146
CAGE_TSS_13930	2	-	11753908	11754056	23.50000954	11754056	0	148	-148	148	-148	148
CAGE_TSS_13942	2	-	11777452	11777615	7.115970135	11777615	0	163	-163	163	-163	163
CAGE_TSS_13943	2	-	11779834	11779976	10.61839962	11779976	0	142	-142	142	-142	142
CAGE_TSS_13944	2	-	11800898	11801008	29.76497078	11801008	0	110	-110	110	-110	110
CAGE_TSS_13961	2	-	11861262	11861509	20.87059975	11861509	0	247	-247	247	-247	247
CAGE_TSS_13968	2	-	11866900	11867014	61.2252388	11867014	0	114	-114	114	-114	114
CAGE_TSS_13986	2	-	11961533	11961797	42.42245865	11961797	0	264	-264	264	-264	264
CAGE_TSS_13987	2	-	11963303	11963504	7.318890095	11963504	0	201	-201	201	-201	201
CAGE_TSS_13988	2	-	11979792	11979950	15.75226021	11979950	0	158	-158	158	-158	158
CAGE_TSS_13994	2	-	12149056	12149128	190.2685242	12149128	0	72	-72	72	-72	72
CAGE_TSS_13996	2	-	12165912	12166202	12.95203018	12166202	0	290	-290	290	-290	290
CAGE_TSS_13999	2	-	12173565	12173741	16.19496918	12173741	0	176	-176	176	-176	176
CAGE_TSS_14008	2	-	12228543	12228630	11.13718987	12228630	0	87	-87	87	-87	87
CAGE_TSS_14010	2	-	12270728	12270806	8.101229668	12270806	0	78	-78	78	-78	78
CAGE_TSS_14012	2	-	12291009	12291071	11.0478096	12291071	0	62	-62	62	-62	62
CAGE_TSS_14022	2	-	12339041	12339084	6.391749859	12339084	0	43	-43	43	-43	43
CAGE_TSS_14023	2	-	12343420	12343517	8.164070129	12343517	0	97	-97	97	-97	97
CAGE_TSS_14024	2	-	12355429	12355547	85.01020813	12355547	0	118	-118	118	-118	118
CAGE_TSS_14030	2	-	12359186	12359368	10.47243023	12359368	0	182	-182	182	-182	182
CAGE_TSS_14032	2	-	12370654	12370691	27.56714058	12370691	0	37	-37	37	-37	37
CAGE_TSS_14033	2	-	12394914	12395137	49.90639114	12395137	0	223	-223	223	-223	223
CAGE_TSS_14036	2	-	12408215	12408458	70.63899231	12408458	0	243	-243	243	-243	243
CAGE_TSS_14044	2	-	12432130	12432308	8.32668972	12432308	0	178	-178	178	-178	178
CAGE_TSS_14047	2	-	12433572	12433581	9.940660477	12433581	0	9	-9	9	-9	9
CAGE_TSS_14048	2	-	12442524	12442482	7.691269875	12442482	0	-42	42	-42	42	42
CAGE_TSS_14051	2	-	12497171	12497467	6.243589878	12497467	0	296	-296	296	-296	296
CAGE_TSS_14054	2	-	12542401	12542142	19.62870026	12542142	0	-259	259	-259	259	259
CAGE_TSS_14058	2	-	12553427	12553505	6.932690144	12553505	0	78	-78	78	-78	78
CAGE_TSS_14062	2	-	12612893	12612949	107.7359467	12612949	0	56	-56	56	-56	56
CAGE_TSS_14065	2	-	12615388	12615437	52.85771942	12615437	0	49	-49	49	-49	49
CAGE_TSS_14070	2	-	12621146	12621357	137.4721375	12621357	0	211	-211	211	-211	211
CAGE_TSS_14073	2	-	12625632	12625870	150.2229767	12625870	0	238	-238	238	-238	238
CAGE_TSS_14078	2	-	12632430	12632569	21.50638962	12632569	0	139	-139	139	-139	139
CAGE_TSS_14079	2	-	12633804	12633578	96.00337982	12633578	0	-226	226	-226	226	226
CAGE_TSS_14090	2	-	12666019	12666248	84.31455231	12666248	0	229	-229	229	-229	229
CAGE_TSS_14092	2	-	12676023	12676185	7.083759785	12676185	0	162	-162	162	-162	162
CAGE_TSS_14098	2	-	12685084	12685176	100.6747818	12685176	0	92	-92	92	-92	92
CAGE_TSS_14100	2	-	12702340	12702498	25.7845192	12702498	0	158	-158	158	-158	158
CAGE_TSS_14105	2	-	12781957	12781974	5.146719933	12781974	0	17	-17	17	-17	17
CAGE_TSS_14111	2	-	12799355	12799488	7.31938982	12799488	0	133	-133	133	-133	133
CAGE_TSS_14114	2	-	12804976	12805186	5.310170174	12805186	0	210	-210	210	-210	210
CAGE_TSS_14120	2	-	12861920	12862094	5.59995985	12862094	0	174	-174	174	-174	174
CAGE_TSS_14125	2	-	12885478	12885670	10.89408016	12885670	0	192	-192	192	-192	192
CAGE_TSS_14129	2	-	12905197	12905371	8.29668045	12905371	0	174	-174	174	-174	174
CAGE_TSS_14141	2	-	12938730	12938710	5.77643013	12938710	0	-20	20	-20	20	20
CAGE_TSS_14145	2	-	12954093	12954155	30.81160927	12954155	0	62	-62	62	-62	62
CAGE_TSS_14147	2	-	12955129	12955358	11.3566103	12955358	0	229	-229	229	-229	229
CAGE_TSS_14156	2	-	12978856	12979010	15.5102396	12979010	0	154	-154	154	-154	154
CAGE_TSS_14162	2	-	12995766	12995882	28.39336014	12995882	0	116	-116	116	-116	116
CAGE_TSS_14165	2	-	13000283	13000277	62.6266098	13000277	0	-6	6	-6	6	6
CAGE_TSS_14180	2	-	13024154	13024292	35.60438156	13024292	0	138	-138	138	-138	138
CAGE_TSS_14181	2	-	13052434	13052532	5.944519997	13052532	0	98	-98	98	-98	98
CAGE_TSS_14190	2	-	13091657	13091766	265.5646667	13091766	0	109	-109	109	-109	109
CAGE_TSS_14200	2	-	13145914	13146072	23.04291916	13146072	0	158	-158	158	-158	158
CAGE_TSS_14203	2	-	13163346	13163469	14.59296989	13163469	0	123	-123	123	-123	123
CAGE_TSS_14207	2	-	13185902	13185892	17.30920029	13185892	0	-10	10	-10	10	10
CAGE_TSS_14209	2	-	13190425	13190564	29.22289085	13190564	0	139	-139	139	-139	139
CAGE_TSS_14216	2	-	13222608	13222694	48.86085129	13222694	0	86	-86	86	-86	86
CAGE_TSS_14220	2	-	13266545	13266800	117.7663803	13266800	0	255	-255	255	-255	255
CAGE_TSS_14222	2	-	13285660	13285932	23.21910095	13285932	0	272	-272	272	-272	272
CAGE_TSS_14226	2	-	13307482	13307716	37.40620041	13307716	0	234	-234	234	-234	234
CAGE_TSS_14229	2	-	13327472	13327480	22.5748291	13327480	0	8	-8	8	-8	8
CAGE_TSS_14232	2	-	13372602	13372493	6.866889954	13372493	0	-109	109	-109	109	109
CAGE_TSS_14241	2	-	13390638	13390743	6.309770107	13390743	0	105	-105	105	-105	105
CAGE_TSS_14247	2	-	13437740	13437868	180.9269867	13437868	0	128	-128	128	-128	128
CAGE_TSS_14253	2	-	13439840	13440053	6.944459915	13440053	0	213	-213	213	-213	213
CAGE_TSS_14261	2	-	13473513	13473556	69.14998627	13473556	0	43	-43	43	-43	43
CAGE_TSS_14262	2	-	13475047	13475054	15.74540997	13475054	0	7	-7	7	-7	7
CAGE_TSS_14264	2	-	13483123	13483308	11.50866032	13483308	0	185	-185	185	-185	185
CAGE_TSS_14271	2	-	13523688	13523833	16.89524078	13523833	0	145	-145	145	-145	145
CAGE_TSS_14278	2	-	13549535	13549622	20.63608932	13549622	0	87	-87	87	-87	87
CAGE_TSS_14279	2	-	13553850	13554127	16.25107956	13554127	0	277	-277	277	-277	277
CAGE_TSS_14283	2	-	13609898	13610064	26.41743088	13610064	0	166	-166	166	-166	166
CAGE_TSS_14286	2	-	13631767	13632037	9.669039726	13632037	0	270	-270	270	-270	270
CAGE_TSS_14287	2	-	13633349	13633393	29.95255089	13633393	0	44	-44	44	-44	44
CAGE_TSS_14294	2	-	13641950	13642092	10.46860981	13642092	0	142	-142	142	-142	142
CAGE_TSS_14306	2	-	13689396	13689661	53.36156082	13689661	0	265	-265	265	-265	265
CAGE_TSS_14309	2	-	13716941	13717113	38.72052002	13717113	0	172	-172	172	-172	172
CAGE_TSS_14313	2	-	13756866	13757055	115.6466827	13757055	0	189	-189	189	-189	189
CAGE_TSS_14314	2	-	13765455	13765545	132.2310028	13765545	0	90	-90	90	-90	90
CAGE_TSS_14323	2	-	13800012	13800312	172.1896057	13800312	0	300	-300	300	-300	300
CAGE_TSS_14339	2	-	13929715	13929917	9.457690239	13929917	0	202	-202	202	-202	202
CAGE_TSS_14346	2	-	13968888	13969030	28.99517059	13969030	0	142	-142	142	-142	142
CAGE_TSS_14347	2	-	13995748	13995755	27.41942024	13995755	0	7	-7	7	-7	7
CAGE_TSS_14372	2	-	14051050	14051335	25.1112709	14051335	0	285	-285	285	-285	285
CAGE_TSS_14373	2	-	14060511	14060744	5.108950138	14060744	0	233	-233	233	-233	233
CAGE_TSS_14380	2	-	14115941	14116142	21.35614967	14116142	0	201	-201	201	-201	201
CAGE_TSS_14388	2	-	14146464	14146699	75.26286316	14146699	0	235	-235	235	-235	235
CAGE_TSS_14390	2	-	14154468	14154638	6.993100166	14154638	0	170	-170	170	-170	170
CAGE_TSS_14397	2	-	14190244	14190324	20.79850006	14190324	0	80	-80	80	-80	80
CAGE_TSS_14408	2	-	14260731	14260756	21.04639053	14260756	0	25	-25	25	-25	25
CAGE_TSS_14422	2	-	14310008	14309737	25.97262955	14309737	0	-271	271	-271	271	271
CAGE_TSS_14425	2	-	14320589	14320677	60.87511826	14320677	0	88	-88	88	-88	88
CAGE_TSS_14437	2	-	14362238	14362400	7.771160126	14362400	0	162	-162	162	-162	162
CAGE_TSS_14438	2	-	14373854	14374008	7.927939892	14374008	0	154	-154	154	-154	154
CAGE_TSS_14457	2	-	14479874	14480053	129.5249176	14480053	0	179	-179	179	-179	179
CAGE_TSS_14458	2	-	14489522	14489676	7.335269928	14489676	0	154	-154	154	-154	154
CAGE_TSS_14474	2	-	14541405	14541598	43.50841141	14541598	0	193	-193	193	-193	193
CAGE_TSS_14485	2	-	14576913	14576976	5.160019875	14576976	0	63	-63	63	-63	63
CAGE_TSS_14488	2	-	14591797	14592017	40.81637955	14592017	0	220	-220	220	-220	220
CAGE_TSS_14494	2	-	14651653	14651832	25.41980934	14651832	0	179	-179	179	-179	179
CAGE_TSS_14505	2	-	14739906	14740084	219.5216217	14740084	0	178	-178	178	-178	178
CAGE_TSS_14507	2	-	14748709	14748668	9.735489845	14748668	0	-41	41	-41	41	41
CAGE_TSS_14530	2	-	14863388	14863512	13.20322037	14863512	0	124	-124	124	-124	124
CAGE_TSS_14545	2	-	14909765	14909884	8.678609848	14909884	0	119	-119	119	-119	119
CAGE_TSS_14553	2	-	14945360	14945521	6.518479824	14945521	0	161	-161	161	-161	161
CAGE_TSS_14554	2	-	14951152	14951311	8.834659576	14951311	0	159	-159	159	-159	159
CAGE_TSS_14558	2	-	14965335	14965477	22.80717087	14965477	0	142	-142	142	-142	142
CAGE_TSS_14562	2	-	14999041	14999177	67.2614212	14999177	0	136	-136	136	-136	136
CAGE_TSS_14565	2	-	15021553	15021583	57.04011917	15021583	0	30	-30	30	-30	30
CAGE_TSS_14579	2	-	15071591	15071721	6.498630047	15071721	0	130	-130	130	-130	130
CAGE_TSS_14580	2	-	15073826	15073974	33.0663414	15073974	0	148	-148	148	-148	148
CAGE_TSS_14582	2	-	15084470	15084751	180.7887878	15084751	0	281	-281	281	-281	281
CAGE_TSS_14587	2	-	15092182	15092095	268.9543457	15092095	0	-87	87	-87	87	87
CAGE_TSS_14590	2	-	15127791	15128068	14.35039997	15128068	0	277	-277	277	-277	277
CAGE_TSS_14598	2	-	15151373	15151305	4.319220066	15151305	0	-68	68	-68	68	68
CAGE_TSS_14599	2	-	15159343	15159265	11.34726048	15159265	0	-78	78	-78	78	78
CAGE_TSS_14614	2	-	15210811	15211023	5.3821702	15211023	0	212	-212	212	-212	212
CAGE_TSS_14626	2	-	15298449	15298657	26.84963989	15298657	0	208	-208	208	-208	208
CAGE_TSS_14646	2	-	15323862	15324001	15.39430046	15324001	0	139	-139	139	-139	139
CAGE_TSS_14676	2	-	15469856	15470019	12.38854027	15470019	0	163	-163	163	-163	163
CAGE_TSS_14685	2	-	15481402	15481440	41.75418091	15481440	0	38	-38	38	-38	38
CAGE_TSS_14688	2	-	15490370	15490403	114.1330414	15490403	0	33	-33	33	-33	33
CAGE_TSS_14716	2	-	15600058	15600024	7.120419979	15600024	0	-34	34	-34	34	34
CAGE_TSS_14718	2	-	15613798	15613637	5.217700005	15613637	0	-161	161	-161	161	161
CAGE_TSS_14721	2	-	15614853	15614991	25.83017921	15614991	0	138	-138	138	-138	138
CAGE_TSS_14740	2	-	15664012	15664201	7.938710213	15664201	0	189	-189	189	-189	189
CAGE_TSS_14761	2	-	15757517	15757615	313.6293335	15757615	0	98	-98	98	-98	98
CAGE_TSS_14765	2	-	15765433	15765277	69.46206665	15765277	0	-156	156	-156	156	156
CAGE_TSS_14781	2	-	15802730	15802795	12.07468987	15802795	0	65	-65	65	-65	65
CAGE_TSS_14786	2	-	15817014	15817123	13.74481964	15817123	0	109	-109	109	-109	109
CAGE_TSS_14788	2	-	15849606	15849684	144.1249847	15849684	0	78	-78	78	-78	78
CAGE_TSS_14802	2	-	15905371	15905560	99.59832001	15905560	0	189	-189	189	-189	189
CAGE_TSS_14809	2	-	15922185	15922363	163.6537628	15922363	0	178	-178	178	-178	178
CAGE_TSS_14814	2	-	15980719	15980772	79.5422821	15980772	0	53	-53	53	-53	53
CAGE_TSS_14823	2	-	16014752	16014925	46.5254097	16014925	0	173	-173	173	-173	173
CAGE_TSS_14829	2	-	16042359	16042478	27.46974945	16042478	0	119	-119	119	-119	119
CAGE_TSS_14832	2	-	16070588	16070678	77.23161316	16070678	0	90	-90	90	-90	90
CAGE_TSS_14837	2	-	16106878	16107123	43.64884949	16107123	0	245	-245	245	-245	245
CAGE_TSS_14838	2	-	16111705	16111849	23.38656998	16111849	0	144	-144	144	-144	144
CAGE_TSS_14845	2	-	16158562	16158708	9.65639019	16158708	0	146	-146	146	-146	146
CAGE_TSS_14851	2	-	16183871	16184001	101.2220917	16184001	0	130	-130	130	-130	130
CAGE_TSS_14859	2	-	16198490	16198649	12.10081959	16198649	0	159	-159	159	-159	159
CAGE_TSS_14862	2	-	16215263	16215517	232.3566284	16215517	0	254	-254	254	-254	254
CAGE_TSS_14868	2	-	16237277	16237375	30.14049911	16237375	0	98	-98	98	-98	98
CAGE_TSS_14871	2	-	16279333	16279444	6.843349934	16279444	0	111	-111	111	-111	111
CAGE_TSS_14872	2	-	16287957	16288172	61.3418808	16288172	0	215	-215	215	-215	215
CAGE_TSS_14883	2	-	16336243	16336309	41.35589981	16336309	0	66	-66	66	-66	66
CAGE_TSS_14885	2	-	16359917	16360113	43.64030075	16360113	0	196	-196	196	-196	196
CAGE_TSS_14889	2	-	16376973	16377040	5.467589855	16377040	0	67	-67	67	-67	67
CAGE_TSS_14894	2	-	16406810	16406982	7.489389896	16406982	0	172	-172	172	-172	172
CAGE_TSS_14917	2	-	16466755	16466967	16.57481956	16466967	0	212	-212	212	-212	212
CAGE_TSS_14922	2	-	16473891	16473980	166.6242676	16473980	0	89	-89	89	-89	89
CAGE_TSS_14927	2	-	16496995	16497236	13.49925995	16497236	0	241	-241	241	-241	241
CAGE_TSS_14931	2	-	16529488	16529319	29.41987038	16529319	0	-169	169	-169	169	169
CAGE_TSS_14934	2	-	16544249	16544042	10.84014988	16544042	0	-207	207	-207	207	207
CAGE_TSS_14937	2	-	16557686	16557979	56.01361847	16557979	0	293	-293	293	-293	293
CAGE_TSS_14945	2	-	16573421	16573607	6.887949944	16573607	0	186	-186	186	-186	186
CAGE_TSS_14954	2	-	16602353	16602450	8.029279709	16602450	0	97	-97	97	-97	97
CAGE_TSS_14958	2	-	16612526	16612618	214.5353394	16612618	0	92	-92	92	-92	92
CAGE_TSS_14962	2	-	16664529	16664561	16.40139008	16664561	0	32	-32	32	-32	32
CAGE_TSS_14965	2	-	16675732	16675893	7.981979847	16675893	0	161	-161	161	-161	161
CAGE_TSS_14971	2	-	16689782	16689777	5.769499779	16689777	0	-5	5	-5	5	5
CAGE_TSS_14984	2	-	16734911	16735065	18.71100044	16735065	0	154	-154	154	-154	154
CAGE_TSS_14988	2	-	16757585	16757719	12.14560032	16757719	0	134	-134	134	-134	134
CAGE_TSS_14996	2	-	16824458	16824590	71.23188782	16824590	0	132	-132	132	-132	132
CAGE_TSS_14998	2	-	16828391	16828392	15.39430046	16828392	0	1	-1	1	-1	1
CAGE_TSS_15005	2	-	16833275	16833376	7.837269783	16833376	0	101	-101	101	-101	101
CAGE_TSS_15006	2	-	16845935	16845666	26.67769051	16845666	0	-269	269	-269	269	269
CAGE_TSS_15017	2	-	16908151	16908066	60.14871979	16908066	0	-85	85	-85	85	85
CAGE_TSS_15020	2	-	16948504	16948537	5.270180225	16948537	0	33	-33	33	-33	33
CAGE_TSS_15025	2	-	16956987	16956985	5.535550117	16956985	0	-2	2	-2	2	2
CAGE_TSS_15026	2	-	16963222	16963170	13.26091003	16963170	0	-52	52	-52	52	52
CAGE_TSS_15028	2	-	16971794	16972005	18.29257965	16972005	0	211	-211	211	-211	211
CAGE_TSS_15031	2	-	17002500	17002739	49.86349106	17002739	0	239	-239	239	-239	239
CAGE_TSS_15033	2	-	17026972	17027121	13.47377014	17027121	0	149	-149	149	-149	149
CAGE_TSS_15036	2	-	17040207	17040233	26.97963905	17040233	0	26	-26	26	-26	26
CAGE_TSS_15037	2	-	17057130	17057264	9.054109573	17057264	0	134	-134	134	-134	134
CAGE_TSS_15045	2	-	17087267	17087281	130.3767548	17087281	0	14	-14	14	-14	14
CAGE_TSS_15057	2	-	17161007	17161020	12.75438976	17161020	0	13	-13	13	-13	13
CAGE_TSS_15064	2	-	17202586	17202579	11.07182026	17202579	0	-7	7	-7	7	7
CAGE_TSS_15067	2	-	17216163	17216371	32.03345871	17216371	0	208	-208	208	-208	208
CAGE_TSS_15071	2	-	17262342	17262135	7.247029781	17262135	0	-207	207	-207	207	207
CAGE_TSS_15075	2	-	17267955	17268081	6.945469856	17268081	0	126	-126	126	-126	126
CAGE_TSS_15077	2	-	17296353	17296420	123.5254517	17296420	0	67	-67	67	-67	67
CAGE_TSS_15080	2	-	17317289	17317354	28.71245956	17317354	0	65	-65	65	-65	65
CAGE_TSS_15089	2	-	17357589	17357852	71.46733856	17357852	0	263	-263	263	-263	263
CAGE_TSS_15098	2	-	17427249	17427384	6.821259975	17427384	0	135	-135	135	-135	135
CAGE_TSS_15100	2	-	17436173	17436309	17.37496948	17436309	0	136	-136	136	-136	136
CAGE_TSS_15109	2	-	17472934	17473110	121.4654312	17473110	0	176	-176	176	-176	176
CAGE_TSS_15119	2	-	17519300	17519476	7.907320023	17519476	0	176	-176	176	-176	176
CAGE_TSS_15120	2	-	17522792	17522830	60.87688828	17522830	0	38	-38	38	-38	38
CAGE_TSS_15121	2	-	17526087	17526239	5.531829834	17526239	0	152	-152	152	-152	152
CAGE_TSS_15129	2	-	17562798	17563027	113.1722412	17563027	0	229	-229	229	-229	229
CAGE_TSS_15136	2	-	17603620	17603762	39.61373138	17603762	0	142	-142	142	-142	142
CAGE_TSS_15137	2	-	17613486	17613622	5.42772007	17613622	0	136	-136	136	-136	136
CAGE_TSS_15143	2	-	17648952	17649246	42.07888031	17649246	0	294	-294	294	-294	294
CAGE_TSS_15150	2	-	17695800	17696049	7.866189957	17696049	0	249	-249	249	-249	249
CAGE_TSS_15157	2	-	17712049	17712331	67.33512878	17712331	0	282	-282	282	-282	282
CAGE_TSS_15166	2	-	17733849	17733984	18.4048996	17733984	0	135	-135	135	-135	135
CAGE_TSS_15173	2	-	17764122	17764208	17.57069969	17764208	0	86	-86	86	-86	86
CAGE_TSS_15176	2	-	17774442	17774466	17.68254089	17774466	0	24	-24	24	-24	24
CAGE_TSS_15184	2	-	17791581	17791640	5.467589855	17791640	0	59	-59	59	-59	59
CAGE_TSS_15187	2	-	17797230	17797353	49.64855957	17797353	0	123	-123	123	-123	123
CAGE_TSS_15190	2	-	17806048	17806127	59.96236038	17806127	0	79	-79	79	-79	79
CAGE_TSS_15201	2	-	17844384	17844283	38.09775925	17844283	0	-101	101	-101	101	101
CAGE_TSS_15202	2	-	17855218	17855441	61.3966713	17855441	0	223	-223	223	-223	223
CAGE_TSS_15206	2	-	17882620	17882726	5.530399799	17882726	0	106	-106	106	-106	106
CAGE_TSS_15209	2	-	17899397	17899541	50.31000137	17899541	0	144	-144	144	-144	144
CAGE_TSS_15212	2	-	17914830	17915018	8.634050369	17915018	0	188	-188	188	-188	188
CAGE_TSS_15215	2	-	17934106	17934324	14.56159019	17934324	0	218	-218	218	-218	218
CAGE_TSS_15220	2	-	17975864	17976024	28.49551964	17976024	0	160	-160	160	-160	160
CAGE_TSS_15221	2	-	17985114	17985218	67.77590942	17985218	0	104	-104	104	-104	104
CAGE_TSS_15231	2	-	18020878	18021042	25.82127953	18021042	0	164	-164	164	-164	164
CAGE_TSS_15232	2	-	18031247	18031091	19.94898987	18031091	0	-156	156	-156	156	156
CAGE_TSS_15239	2	-	18058769	18058838	28.81448936	18058838	0	69	-69	69	-69	69
CAGE_TSS_15240	2	-	18073017	18073094	132.7374268	18073094	0	77	-77	77	-77	77
CAGE_TSS_15244	2	-	18077460	18077576	40.22148132	18077576	0	116	-116	116	-116	116
CAGE_TSS_15249	2	-	18082767	18082919	15.39430046	18082919	0	152	-152	152	-152	152
CAGE_TSS_15270	2	-	18137493	18137654	6.253769875	18137654	0	161	-161	161	-161	161
CAGE_TSS_15279	2	-	18187023	18187039	8.90184021	18187039	0	16	-16	16	-16	16
CAGE_TSS_15286	2	-	18200193	18200360	21.42684937	18200360	0	167	-167	167	-167	167
CAGE_TSS_15298	2	-	18219397	18219536	35.57381821	18219536	0	139	-139	139	-139	139
CAGE_TSS_15303	2	-	18248345	18248559	19.48390961	18248559	0	214	-214	214	-214	214
CAGE_TSS_15316	2	-	18306231	18306320	5.293089867	18306320	0	89	-89	89	-89	89
CAGE_TSS_15318	2	-	18309864	18310038	7.447859764	18310038	0	174	-174	174	-174	174
CAGE_TSS_15320	2	-	18321695	18321815	20.45689011	18321815	0	120	-120	120	-120	120
CAGE_TSS_15325	2	-	18339149	18339364	55.73923874	18339364	0	215	-215	215	-215	215
CAGE_TSS_15327	2	-	18401334	18401425	60.52305984	18401425	0	91	-91	91	-91	91
CAGE_TSS_15342	2	-	18439043	18438865	21.60840988	18438865	0	-178	178	-178	178	178
CAGE_TSS_15343	2	-	18443398	18443583	6.474180222	18443583	0	185	-185	185	-185	185
CAGE_TSS_15344	2	-	18448980	18449175	8.515310287	18449175	0	195	-195	195	-195	195
CAGE_TSS_15349	2	-	18463273	18463483	9.822299957	18463483	0	210	-210	210	-210	210
CAGE_TSS_15358	2	-	18531751	18531756	22.7326107	18531756	0	5	-5	5	-5	5
CAGE_TSS_15362	2	-	18552088	18552167	176.0378571	18552167	0	79	-79	79	-79	79
CAGE_TSS_15373	2	-	18620179	18620260	39.89133835	18620260	0	81	-81	81	-81	81
CAGE_TSS_15377	2	-	18639804	18640044	17.44323921	18640044	0	240	-240	240	-240	240
CAGE_TSS_15381	2	-	18661285	18661329	42.41165161	18661329	0	44	-44	44	-44	44
CAGE_TSS_15389	2	-	18706267	18706563	22.22126961	18706563	0	296	-296	296	-296	296
CAGE_TSS_15392	2	-	18741739	18741963	93.66734314	18741963	0	224	-224	224	-224	224
CAGE_TSS_15397	2	-	18744108	18744241	70.13292694	18744241	0	133	-133	133	-133	133
CAGE_TSS_15406	2	-	18790263	18790224	46.5254097	18790224	0	-39	39	-39	39	39
CAGE_TSS_15416	2	-	18818451	18818265	6.345789909	18818265	0	-186	186	-186	186	186
CAGE_TSS_15417	2	-	18821884	18821998	118.1522293	18821998	0	114	-114	114	-114	114
CAGE_TSS_15419	2	-	18830527	18830690	12.1768198	18830690	0	163	-163	163	-163	163
CAGE_TSS_15429	2	-	18864620	18864780	93.39356995	18864780	0	160	-160	160	-160	160
CAGE_TSS_15433	2	-	18875585	18875827	47.33678055	18875827	0	242	-242	242	-242	242
CAGE_TSS_15435	2	-	18882598	18882680	47.66178894	18882680	0	82	-82	82	-82	82
CAGE_TSS_15436	2	-	18889034	18889069	14.99190998	18889069	0	35	-35	35	-35	35
CAGE_TSS_15440	2	-	18914737	18914828	16.4124794	18914828	0	91	-91	91	-91	91
CAGE_TSS_15448	2	-	18933500	18933575	6.956610203	18933575	0	75	-75	75	-75	75
CAGE_TSS_15467	2	-	19007873	19008060	7.965129852	19008060	0	187	-187	187	-187	187
CAGE_TSS_15469	2	-	19019253	19019444	10.91977024	19019444	0	191	-191	191	-191	191
CAGE_TSS_15474	2	-	19050346	19050418	21.2399807	19050418	0	72	-72	72	-72	72
CAGE_TSS_15477	2	-	19088978	19089115	15.26319981	19089115	0	137	-137	137	-137	137
CAGE_TSS_15486	2	-	19114131	19114302	6.630459785	19114302	0	171	-171	171	-171	171
CAGE_TSS_15491	2	-	19138733	19139023	19.86635971	19139023	0	290	-290	290	-290	290
CAGE_TSS_15492	2	-	19140580	19140837	19.55731964	19140837	0	257	-257	257	-257	257
CAGE_TSS_15493	2	-	19153839	19153916	61.87228012	19153916	0	77	-77	77	-77	77
CAGE_TSS_15498	2	-	19166833	19166928	40.52175903	19166928	0	95	-95	95	-95	95
CAGE_TSS_15502	2	-	19192541	19192500	18.25328064	19192500	0	-41	41	-41	41	41
CAGE_TSS_15504	2	-	19207475	19207701	38.25616074	19207701	0	226	-226	226	-226	226
CAGE_TSS_15519	2	-	19304172	19304286	6.90282011	19304286	0	114	-114	114	-114	114
CAGE_TSS_15523	2	-	19315241	19315169	84.11122131	19315169	0	-72	72	-72	72	72
CAGE_TSS_15530	2	-	19349650	19349552	5.062200069	19349552	0	-98	98	-98	98	98
CAGE_TSS_15531	2	-	19350545	19350722	20.70859909	19350722	0	177	-177	177	-177	177
CAGE_TSS_15532	2	-	19351994	19352143	48.00251007	19352143	0	149	-149	149	-149	149
CAGE_TSS_15533	2	-	19361141	19361232	9.378490448	19361232	0	91	-91	91	-91	91
CAGE_TSS_15540	2	-	19406677	19406823	16.05250931	19406823	0	146	-146	146	-146	146
CAGE_TSS_15542	2	-	19412152	19412347	13.77637959	19412347	0	195	-195	195	-195	195
CAGE_TSS_15552	2	-	19527412	19527532	56.57818985	19527532	0	120	-120	120	-120	120
CAGE_TSS_15553	2	-	19540173	19540327	14.21026039	19540327	0	154	-154	154	-154	154
CAGE_TSS_15557	2	-	19550945	19551102	27.30949974	19551102	0	157	-157	157	-157	157
CAGE_TSS_15560	2	-	19554496	19554635	5.322669983	19554635	0	139	-139	139	-139	139
CAGE_TSS_15562	2	-	19556019	19556104	15.70938969	19556104	0	85	-85	85	-85	85
CAGE_TSS_15565	2	-	19573026	19573198	78.23278046	19573198	0	172	-172	172	-172	172
CAGE_TSS_15571	2	-	19615549	19615711	13.87148952	19615711	0	162	-162	162	-162	162
CAGE_TSS_15577	2	-	19640776	19641034	299.2019043	19641034	0	258	-258	258	-258	258
CAGE_TSS_15579	2	-	19650058	19650187	20.27984047	19650187	0	129	-129	129	-129	129
CAGE_TSS_19288	3	-	18802	18897	5.471730232	18897	0	95	-95	95	-95	95
CAGE_TSS_19291	3	-	38500	38606	23.03982925	38606	0	106	-106	106	-106	106
CAGE_TSS_19304	3	-	65945	65932	7.008269787	65932	0	-13	13	-13	13	13
CAGE_TSS_19306	3	-	68532	68752	8.822210312	68752	0	220	-220	220	-220	220
CAGE_TSS_19309	3	-	71365	71515	38.66856003	71515	0	150	-150	150	-150	150
CAGE_TSS_19315	3	-	93481	93613	26.90199089	93613	0	132	-132	132	-132	132
CAGE_TSS_19318	3	-	101992	102203	59.84553909	102203	0	211	-211	211	-211	211
CAGE_TSS_19319	3	-	105183	105209	9.29224968	105209	0	26	-26	26	-26	26
CAGE_TSS_19331	3	-	151527	151660	18.05701065	151660	0	133	-133	133	-133	133
CAGE_TSS_19343	3	-	171927	172204	31.78787041	172204	0	277	-277	277	-277	277
CAGE_TSS_19349	3	-	193531	193593	42.06364822	193593	0	62	-62	62	-62	62
CAGE_TSS_19361	3	-	201721	201865	48.65245819	201865	0	144	-144	144	-144	144
CAGE_TSS_19362	3	-	202753	202824	62.1074295	202824	0	71	-71	71	-71	71
CAGE_TSS_19369	3	-	225672	225840	9.407870293	225840	0	168	-168	168	-168	168
CAGE_TSS_19379	3	-	295457	295602	95.36360931	295602	0	145	-145	145	-145	145
CAGE_TSS_19381	3	-	302017	302229	10.05782986	302229	0	212	-212	212	-212	212
CAGE_TSS_19386	3	-	321540	321712	7.400640011	321712	0	172	-172	172	-172	172
CAGE_TSS_19392	3	-	343828	343964	14.12180996	343964	0	136	-136	136	-136	136
CAGE_TSS_19395	3	-	349424	349546	71.24401855	349546	0	122	-122	122	-122	122
CAGE_TSS_19405	3	-	399778	399866	27.31991959	399866	0	88	-88	88	-88	88
CAGE_TSS_19425	3	-	524606	524836	90.81178284	524836	0	230	-230	230	-230	230
CAGE_TSS_19439	3	-	545592	545756	167.3768158	545756	0	164	-164	164	-164	164
CAGE_TSS_19443	3	-	572364	572574	7.532820225	572574	0	210	-210	210	-210	210
CAGE_TSS_19447	3	-	589676	589814	6.917729855	589814	0	138	-138	138	-138	138
CAGE_TSS_19448	3	-	595764	595909	38.47439957	595909	0	145	-145	145	-145	145
CAGE_TSS_19450	3	-	596501	596675	30.2646904	596675	0	174	-174	174	-174	174
CAGE_TSS_19458	3	-	604595	604662	9.559929848	604662	0	67	-67	67	-67	67
CAGE_TSS_19460	3	-	607886	608033	8.575730324	608033	0	147	-147	147	-147	147
CAGE_TSS_19464	3	-	633849	633964	22.59671021	633964	0	115	-115	115	-115	115
CAGE_TSS_19470	3	-	666896	667100	5.354670048	667100	0	204	-204	204	-204	204
CAGE_TSS_19471	3	-	672484	672499	56.69430161	672499	0	15	-15	15	-15	15
CAGE_TSS_19488	3	-	744035	744189	6.909560204	744189	0	154	-154	154	-154	154
CAGE_TSS_19491	3	-	754098	754212	9.284589767	754212	0	114	-114	114	-114	114
CAGE_TSS_19500	3	-	781536	781614	6.51846981	781614	0	78	-78	78	-78	78
CAGE_TSS_19502	3	-	790647	790769	49.02416992	790769	0	122	-122	122	-122	122
CAGE_TSS_19505	3	-	821458	821559	19.65752029	821559	0	101	-101	101	-101	101
CAGE_TSS_19510	3	-	826357	826587	15.88541031	826587	0	230	-230	230	-230	230
CAGE_TSS_19520	3	-	866695	866825	7.703149796	866825	0	130	-130	130	-130	130
CAGE_TSS_19527	3	-	913665	913844	8.760829926	913844	0	179	-179	179	-179	179
CAGE_TSS_19534	3	-	977292	977523	12.20697975	977523	0	231	-231	231	-231	231
CAGE_TSS_19535	3	-	980487	980724	6.231239796	980724	0	237	-237	237	-237	237
CAGE_TSS_19540	3	-	1002489	1002483	5.811289787	1002483	0	-6	6	-6	6	6
CAGE_TSS_19549	3	-	1034569	1034743	88.07749176	1034743	0	174	-174	174	-174	174
CAGE_TSS_19559	3	-	1074128	1074402	138.0972137	1074402	0	274	-274	274	-274	274
CAGE_TSS_19562	3	-	1101614	1101785	26.66308975	1101785	0	171	-171	171	-171	171
CAGE_TSS_19565	3	-	1108064	1108188	8.740480423	1108188	0	124	-124	124	-124	124
CAGE_TSS_19568	3	-	1120871	1121020	111.1417618	1121020	0	149	-149	149	-149	149
CAGE_TSS_19570	3	-	1136287	1136271	5.021959782	1136271	0	-16	16	-16	16	16
CAGE_TSS_19575	3	-	1156755	1156924	5.421909809	1156924	0	169	-169	169	-169	169
CAGE_TSS_19578	3	-	1181055	1181193	15.41250038	1181193	0	138	-138	138	-138	138
CAGE_TSS_19589	3	-	1256857	1257148	16.88097954	1257148	0	291	-291	291	-291	291
CAGE_TSS_19590	3	-	1261554	1261664	28.95389938	1261664	0	110	-110	110	-110	110
CAGE_TSS_19595	3	-	1285341	1285486	54.87409973	1285486	0	145	-145	145	-145	145
CAGE_TSS_19597	3	-	1286555	1286683	64.84024048	1286683	0	128	-128	128	-128	128
CAGE_TSS_19599	3	-	1289787	1289967	9.234350204	1289967	0	180	-180	180	-180	180
CAGE_TSS_19616	3	-	1392953	1393076	187.5087433	1393076	0	123	-123	123	-123	123
CAGE_TSS_19627	3	-	1457072	1457178	122.9552612	1457178	0	106	-106	106	-106	106
CAGE_TSS_19635	3	-	1470543	1470732	5.185609818	1470732	0	189	-189	189	-189	189
CAGE_TSS_19638	3	-	1503341	1503394	7.279069901	1503394	0	53	-53	53	-53	53
CAGE_TSS_19649	3	-	1533867	1534131	13.08827972	1534131	0	264	-264	264	-264	264
CAGE_TSS_19654	3	-	1617364	1617572	6.804629803	1617572	0	208	-208	208	-208	208
CAGE_TSS_19669	3	-	1684557	1684734	70.16578674	1684734	0	177	-177	177	-177	177
CAGE_TSS_19675	3	-	1756300	1756527	5.398089886	1756527	0	227	-227	227	-227	227
CAGE_TSS_19677	3	-	1756802	1756800	28.67539978	1756800	0	-2	2	-2	2	2
CAGE_TSS_19679	3	-	1758510	1758571	48.48991013	1758571	0	61	-61	61	-61	61
CAGE_TSS_19683	3	-	1763984	1764090	10.60871983	1764090	0	106	-106	106	-106	106
CAGE_TSS_19684	3	-	1767439	1767704	67.94683075	1767704	0	265	-265	265	-265	265
CAGE_TSS_19685	3	-	1769480	1769616	44.31861877	1769616	0	136	-136	136	-136	136
CAGE_TSS_19688	3	-	1774384	1774637	114.3748398	1774637	0	253	-253	253	-253	253
CAGE_TSS_19689	3	-	1776663	1776876	27.58678055	1776876	0	213	-213	213	-213	213
CAGE_TSS_19691	3	-	1791800	1791834	20.51361084	1791834	0	34	-34	34	-34	34
CAGE_TSS_19692	3	-	1799804	1799920	9.801870346	1799920	0	116	-116	116	-116	116
CAGE_TSS_19694	3	-	1822839	1822946	192.1843262	1822946	0	107	-107	107	-107	107
CAGE_TSS_19700	3	-	1827860	1827973	7.040850163	1827973	0	113	-113	113	-113	113
CAGE_TSS_19703	3	-	1831920	1832054	7.613520145	1832054	0	134	-134	134	-134	134
CAGE_TSS_19708	3	-	1837853	1837953	6.974060059	1837953	0	100	-100	100	-100	100
CAGE_TSS_19710	3	-	1855054	1855280	37.78549957	1855280	0	226	-226	226	-226	226
CAGE_TSS_19713	3	-	1864176	1864378	45.51678848	1864378	0	202	-202	202	-202	202
CAGE_TSS_19724	3	-	1934007	1934245	10.97702026	1934245	0	238	-238	238	-238	238
CAGE_TSS_19726	3	-	1949722	1949869	5.558990002	1949869	0	147	-147	147	-147	147
CAGE_TSS_19730	3	-	1960057	1960057	24.52263069	1960057	0	0	0	0	0	0
CAGE_TSS_19732	3	-	1970688	1970816	33.88595963	1970816	0	128	-128	128	-128	128
CAGE_TSS_19747	3	-	2051942	2052056	6.875770092	2052056	0	114	-114	114	-114	114
CAGE_TSS_19748	3	-	2055413	2055565	8.945980072	2055565	0	152	-152	152	-152	152
CAGE_TSS_19753	3	-	2083290	2083330	101.9152374	2083330	0	40	-40	40	-40	40
CAGE_TSS_19759	3	-	2117973	2118021	25.8991394	2118021	0	48	-48	48	-48	48
CAGE_TSS_19763	3	-	2141532	2141647	5.054699898	2141647	0	115	-115	115	-115	115
CAGE_TSS_19768	3	-	2160539	2160709	8.530870438	2160709	0	170	-170	170	-170	170
CAGE_TSS_19780	3	-	2225411	2225610	70.07511139	2225610	0	199	-199	199	-199	199
CAGE_TSS_19793	3	-	2257985	2258082	6.192510128	2258082	0	97	-97	97	-97	97
CAGE_TSS_19797	3	-	2279868	2280024	21.29977989	2280024	0	156	-156	156	-156	156
CAGE_TSS_19798	3	-	2285508	2285663	15.95199966	2285663	0	155	-155	155	-155	155
CAGE_TSS_19799	3	-	2287464	2287589	5.734610081	2287589	0	125	-125	125	-125	125
CAGE_TSS_19800	3	-	2295408	2295645	25.15796089	2295645	0	237	-237	237	-237	237
CAGE_TSS_19804	3	-	2321214	2321292	53.6547699	2321292	0	78	-78	78	-78	78
CAGE_TSS_19812	3	-	2339073	2339244	5.923289776	2339244	0	171	-171	171	-171	171
CAGE_TSS_19815	3	-	2348539	2348582	47.3533783	2348582	0	43	-43	43	-43	43
CAGE_TSS_19826	3	-	2388484	2388611	14.37185001	2388611	0	127	-127	127	-127	127
CAGE_TSS_19839	3	-	2422740	2422815	22.50597	2422815	0	75	-75	75	-75	75
CAGE_TSS_19844	3	-	2463881	2464011	118.1010208	2464011	0	130	-130	130	-130	130
CAGE_TSS_19849	3	-	2518910	2519019	26.75303078	2519019	0	109	-109	109	-109	109
CAGE_TSS_19860	3	-	2569485	2569492	9.949580193	2569492	0	7	-7	7	-7	7
CAGE_TSS_19874	3	-	2595574	2595724	17.02498055	2595724	0	150	-150	150	-150	150
CAGE_TSS_19875	3	-	2604485	2604610	116.6285019	2604610	0	125	-125	125	-125	125
CAGE_TSS_19882	3	-	2607745	2608034	5.751070023	2608034	0	289	-289	289	-289	289
CAGE_TSS_19889	3	-	2633134	2633299	196.0087585	2633299	0	165	-165	165	-165	165
CAGE_TSS_19894	3	-	2654132	2654183	20.76408958	2654183	0	51	-51	51	-51	51
CAGE_TSS_19902	3	-	2660849	2661031	14.38729954	2661031	0	182	-182	182	-182	182
CAGE_TSS_19905	3	-	2667484	2667514	35.44881058	2667514	0	30	-30	30	-30	30
CAGE_TSS_19906	3	-	2686186	2686328	146.5658569	2686328	0	142	-142	142	-142	142
CAGE_TSS_19911	3	-	2706274	2706355	79.74948883	2706355	0	81	-81	81	-81	81
CAGE_TSS_19914	3	-	2736962	2737154	26.40740013	2737154	0	192	-192	192	-192	192
CAGE_TSS_19920	3	-	2793525	2793689	118.8282318	2793689	0	164	-164	164	-164	164
CAGE_TSS_19931	3	-	2830540	2830519	5.361830235	2830519	0	-21	21	-21	21	21
CAGE_TSS_19942	3	-	2849281	2849427	15.13424969	2849427	0	146	-146	146	-146	146
CAGE_TSS_19955	3	-	2905722	2905754	10.00883007	2905754	0	32	-32	32	-32	32
CAGE_TSS_19958	3	-	2911318	2911325	70.89038849	2911325	0	7	-7	7	-7	7
CAGE_TSS_19961	3	-	2915320	2915425	47.68413925	2915425	0	105	-105	105	-105	105
CAGE_TSS_19963	3	-	2939418	2939450	5.088850021	2939450	0	32	-32	32	-32	32
CAGE_TSS_19967	3	-	2970370	2970579	22.43124008	2970579	0	209	-209	209	-209	209
CAGE_TSS_19977	3	-	2998093	2998266	21.91394043	2998266	0	173	-173	173	-173	173
CAGE_TSS_19983	3	-	3038338	3038509	230.9093628	3038509	0	171	-171	171	-171	171
CAGE_TSS_19986	3	-	3052824	3052999	17.04208946	3052999	0	175	-175	175	-175	175
CAGE_TSS_19987	3	-	3059145	3059425	189.524353	3059425	0	280	-280	280	-280	280
CAGE_TSS_19990	3	-	3088549	3088783	19.38051033	3088783	0	234	-234	234	-234	234
CAGE_TSS_19992	3	-	3091732	3091932	6.819019794	3091932	0	200	-200	200	-200	200
CAGE_TSS_19994	3	-	3098085	3098137	6.336100101	3098137	0	52	-52	52	-52	52
CAGE_TSS_19999	3	-	3110017	3110226	13.12808037	3110226	0	209	-209	209	-209	209
CAGE_TSS_20008	3	-	3170925	3171003	29.77257919	3171003	0	78	-78	78	-78	78
CAGE_TSS_20011	3	-	3172963	3173020	208.1259766	3173020	0	57	-57	57	-57	57
CAGE_TSS_20012	3	-	3179685	3179772	20.60136986	3179772	0	87	-87	87	-87	87
CAGE_TSS_20030	3	-	3311410	3311562	15.0113802	3311562	0	152	-152	152	-152	152
CAGE_TSS_20031	3	-	3323194	3323277	6.820139885	3323277	0	83	-83	83	-83	83
CAGE_TSS_20035	3	-	3330910	3331207	12.09449005	3331207	0	297	-297	297	-297	297
CAGE_TSS_20038	3	-	3337386	3337367	78.49150848	3337367	0	-19	19	-19	19	19
CAGE_TSS_20049	3	-	3365601	3365611	40.92955017	3365611	0	10	-10	10	-10	10
CAGE_TSS_20065	3	-	3413866	3414110	5.615509987	3414110	0	244	-244	244	-244	244
CAGE_TSS_20068	3	-	3420831	3421098	20.59493065	3421098	0	267	-267	267	-267	267
CAGE_TSS_20071	3	-	3426790	3426930	13.24143028	3426930	0	140	-140	140	-140	140
CAGE_TSS_20073	3	-	3436227	3436489	5.888679981	3436489	0	262	-262	262	-262	262
CAGE_TSS_20087	3	-	3491870	3491986	9.22358036	3491986	0	116	-116	116	-116	116
CAGE_TSS_20091	3	-	3513058	3513193	116.5752792	3513193	0	135	-135	135	-135	135
CAGE_TSS_20101	3	-	3548836	3548975	25.68168068	3548975	0	139	-139	139	-139	139
CAGE_TSS_20102	3	-	3554832	3554811	23.61994934	3554811	0	-21	21	-21	21	21
CAGE_TSS_20106	3	-	3585789	3586041	135.0478668	3586041	0	252	-252	252	-252	252
CAGE_TSS_20115	3	-	3622540	3622666	19.1831398	3622666	0	126	-126	126	-126	126
CAGE_TSS_20120	3	-	3628373	3628504	69.1984024	3628504	0	131	-131	131	-131	131
CAGE_TSS_20122	3	-	3647367	3647522	27.12615967	3647522	0	155	-155	155	-155	155
CAGE_TSS_20123	3	-	3651330	3651469	7.35958004	3651469	0	139	-139	139	-139	139
CAGE_TSS_20132	3	-	3684557	3684664	108.4707718	3684664	0	107	-107	107	-107	107
CAGE_TSS_20135	3	-	3708610	3708772	27.66222954	3708772	0	162	-162	162	-162	162
CAGE_TSS_20138	3	-	3711529	3711555	21.42436028	3711555	0	26	-26	26	-26	26
CAGE_TSS_20139	3	-	3714526	3714806	13.86262989	3714806	0	280	-280	280	-280	280
CAGE_TSS_20146	3	-	3731118	3731071	7.8917799	3731071	0	-47	47	-47	47	47
CAGE_TSS_20148	3	-	3738211	3738378	115.3600464	3738378	0	167	-167	167	-167	167
CAGE_TSS_20152	3	-	3770402	3770556	49.48360825	3770556	0	154	-154	154	-154	154
CAGE_TSS_20169	3	-	3863029	3863090	10.38566971	3863090	0	61	-61	61	-61	61
CAGE_TSS_20171	3	-	3866547	3866705	5.286829948	3866705	0	158	-158	158	-158	158
CAGE_TSS_20174	3	-	3876214	3876344	137.2629395	3876344	0	130	-130	130	-130	130
CAGE_TSS_20184	3	-	3923145	3923334	203.2001953	3923334	0	189	-189	189	-189	189
CAGE_TSS_20189	3	-	3941896	3942065	37.04257965	3942065	0	169	-169	169	-169	169
CAGE_TSS_20212	3	-	4003764	4003790	17.16467094	4003790	0	26	-26	26	-26	26
CAGE_TSS_20213	3	-	4007805	4007890	14.41641045	4007890	0	85	-85	85	-85	85
CAGE_TSS_20224	3	-	4041943	4042176	57.83386993	4042176	0	233	-233	233	-233	233
CAGE_TSS_20226	3	-	4048389	4048620	10.17107964	4048620	0	231	-231	231	-231	231
CAGE_TSS_20235	3	-	4063182	4063061	5.728240013	4063061	0	-121	121	-121	121	121
CAGE_TSS_20240	3	-	4064786	4064888	10.0967598	4064888	0	102	-102	102	-102	102
CAGE_TSS_20242	3	-	4079618	4079720	9.053899765	4079720	0	102	-102	102	-102	102
CAGE_TSS_20246	3	-	4123501	4123680	123.6063385	4123680	0	179	-179	179	-179	179
CAGE_TSS_20257	3	-	4172028	4172153	18.34894943	4172153	0	125	-125	125	-125	125
CAGE_TSS_20259	3	-	4175145	4175366	184.1615601	4175366	0	221	-221	221	-221	221
CAGE_TSS_20267	3	-	4216041	4216252	10.37728977	4216252	0	211	-211	211	-211	211
CAGE_TSS_20280	3	-	4254266	4254382	5.243390083	4254382	0	116	-116	116	-116	116
CAGE_TSS_20286	3	-	4289805	4289802	42.98072052	4289802	0	-3	3	-3	3	3
CAGE_TSS_20289	3	-	4330208	4330486	5.643330097	4330486	0	278	-278	278	-278	278
CAGE_TSS_20290	3	-	4337851	4337694	6.14703989	4337694	0	-157	157	-157	157	157
CAGE_TSS_20293	3	-	4340411	4340515	14.36623955	4340515	0	104	-104	104	-104	104
CAGE_TSS_20294	3	-	4359364	4359390	7.30354023	4359390	0	26	-26	26	-26	26
CAGE_TSS_20301	3	-	4371931	4372115	141.4119568	4372115	0	184	-184	184	-184	184
CAGE_TSS_20311	3	-	4393964	4394089	6.57115984	4394089	0	125	-125	125	-125	125
CAGE_TSS_20313	3	-	4399324	4399532	5.686180115	4399532	0	208	-208	208	-208	208
CAGE_TSS_20314	3	-	4419500	4419629	6.122739792	4419629	0	129	-129	129	-129	129
CAGE_TSS_20315	3	-	4424870	4425050	66.40870667	4425050	0	180	-180	180	-180	180
CAGE_TSS_20320	3	-	4452581	4452667	108.6781006	4452667	0	86	-86	86	-86	86
CAGE_TSS_20325	3	-	4492689	4492809	8.29668045	4492809	0	120	-120	120	-120	120
CAGE_TSS_20328	3	-	4496064	4496170	114.2086029	4496170	0	106	-106	106	-106	106
CAGE_TSS_20329	3	-	4497174	4497429	7.421179771	4497429	0	255	-255	255	-255	255
CAGE_TSS_20332	3	-	4524455	4524685	8.550430298	4524685	0	230	-230	230	-230	230
CAGE_TSS_20356	3	-	4594918	4595095	5.133460045	4595095	0	177	-177	177	-177	177
CAGE_TSS_20358	3	-	4613281	4613486	91.41000366	4613486	0	205	-205	205	-205	205
CAGE_TSS_20368	3	-	4660783	4660926	221.3462219	4660926	0	143	-143	143	-143	143
CAGE_TSS_20369	3	-	4663339	4663547	6.918129921	4663547	0	208	-208	208	-208	208
CAGE_TSS_20376	3	-	4688250	4688282	6.34487009	4688282	0	32	-32	32	-32	32
CAGE_TSS_20380	3	-	4705636	4705593	10.05879021	4705593	0	-43	43	-43	43	43
CAGE_TSS_20390	3	-	4731563	4731650	6.208230019	4731650	0	87	-87	87	-87	87
CAGE_TSS_20391	3	-	4739134	4739211	6.971439838	4739211	0	77	-77	77	-77	77
CAGE_TSS_20393	3	-	4762409	4762559	7.959449768	4762559	0	150	-150	150	-150	150
CAGE_TSS_20395	3	-	4774056	4774043	22.51026917	4774043	0	-13	13	-13	13	13
CAGE_TSS_20400	3	-	4787056	4787179	6.636499882	4787179	0	123	-123	123	-123	123
CAGE_TSS_20402	3	-	4799501	4799757	181.5087433	4799757	0	256	-256	256	-256	256
CAGE_TSS_20404	3	-	4817981	4818212	6.454780102	4818212	0	231	-231	231	-231	231
CAGE_TSS_20407	3	-	4833598	4833671	88.23777771	4833671	0	73	-73	73	-73	73
CAGE_TSS_20413	3	-	4907991	4908126	40.698349	4908126	0	135	-135	135	-135	135
CAGE_TSS_20419	3	-	4955642	4955894	7.890089989	4955894	0	252	-252	252	-252	252
CAGE_TSS_20430	3	-	5001001	5001140	15.37506008	5001140	0	139	-139	139	-139	139
CAGE_TSS_20432	3	-	5038001	5038110	38.09223938	5038110	0	109	-109	109	-109	109
CAGE_TSS_20443	3	-	5095835	5095992	36.13640976	5095992	0	157	-157	157	-157	157
CAGE_TSS_20445	3	-	5104138	5104261	10.53499031	5104261	0	123	-123	123	-123	123
CAGE_TSS_20447	3	-	5132266	5132491	27.25329018	5132491	0	225	-225	225	-225	225
CAGE_TSS_20448	3	-	5137194	5137251	23.15439987	5137251	0	57	-57	57	-57	57
CAGE_TSS_20450	3	-	5148317	5148511	6.075799942	5148511	0	194	-194	194	-194	194
CAGE_TSS_20456	3	-	5175468	5175759	39.08303833	5175759	0	291	-291	291	-291	291
CAGE_TSS_20465	3	-	5220208	5220406	11.21617031	5220406	0	198	-198	198	-198	198
CAGE_TSS_20470	3	-	5252505	5252591	51.87770081	5252591	0	86	-86	86	-86	86
CAGE_TSS_20471	3	-	5254484	5254656	12.24339962	5254656	0	172	-172	172	-172	172
CAGE_TSS_20474	3	-	5275053	5275133	5.944519997	5275133	0	80	-80	80	-80	80
CAGE_TSS_20487	3	-	5319969	5320009	6.550459862	5320009	0	40	-40	40	-40	40
CAGE_TSS_20488	3	-	5322432	5322553	29.76497078	5322553	0	121	-121	121	-121	121
CAGE_TSS_20489	3	-	5324903	5324862	13.0165596	5324862	0	-41	41	-41	41	41
CAGE_TSS_20495	3	-	5349271	5349399	74.15107727	5349399	0	128	-128	128	-128	128
CAGE_TSS_20502	3	-	5371969	5372055	10.28026009	5372055	0	86	-86	86	-86	86
CAGE_TSS_20505	3	-	5377013	5377089	8.864150047	5377089	0	76	-76	76	-76	76
CAGE_TSS_20506	3	-	5380821	5380897	46.53807831	5380897	0	76	-76	76	-76	76
CAGE_TSS_20509	3	-	5397915	5397752	55.64089966	5397752	0	-163	163	-163	163	163
CAGE_TSS_20539	3	-	5495646	5495783	103.7893982	5495783	0	137	-137	137	-137	137
CAGE_TSS_20541	3	-	5506933	5507231	52.08589172	5507231	0	298	-298	298	-298	298
CAGE_TSS_20557	3	-	5598151	5598206	54.8596611	5598206	0	55	-55	55	-55	55
CAGE_TSS_20560	3	-	5613688	5613760	5.073800087	5613760	0	72	-72	72	-72	72
CAGE_TSS_20577	3	-	5662032	5662152	312.1177673	5662152	0	120	-120	120	-120	120
CAGE_TSS_20583	3	-	5686467	5686668	207.0495758	5686668	0	201	-201	201	-201	201
CAGE_TSS_20586	3	-	5718856	5719074	20.43881035	5719074	0	218	-218	218	-218	218
CAGE_TSS_20590	3	-	5762226	5762275	102.6202393	5762275	0	49	-49	49	-49	49
CAGE_TSS_20596	3	-	5790430	5790577	24.4466095	5790577	0	147	-147	147	-147	147
CAGE_TSS_20598	3	-	5796839	5796943	48.76081848	5796943	0	104	-104	104	-104	104
CAGE_TSS_20601	3	-	5804118	5804354	111.3368835	5804354	0	236	-236	236	-236	236
CAGE_TSS_20605	3	-	5812651	5812756	16.36071968	5812756	0	105	-105	105	-105	105
CAGE_TSS_20607	3	-	5832232	5832204	7.727789879	5832204	0	-28	28	-28	28	28
CAGE_TSS_20614	3	-	5892250	5892338	7.914959908	5892338	0	88	-88	88	-88	88
CAGE_TSS_20644	3	-	6086125	6086294	31.9008007	6086294	0	169	-169	169	-169	169
CAGE_TSS_20646	3	-	6093025	6093200	12.32277966	6093200	0	175	-175	175	-175	175
CAGE_TSS_20650	3	-	6128130	6128296	32.58739853	6128296	0	166	-166	166	-166	166
CAGE_TSS_20653	3	-	6143278	6143422	10.33786964	6143422	0	144	-144	144	-144	144
CAGE_TSS_20661	3	-	6171269	6171359	13.8083601	6171359	0	90	-90	90	-90	90
CAGE_TSS_20687	3	-	6349399	6349152	6.952429771	6349152	0	-247	247	-247	247	247
CAGE_TSS_20691	3	-	6350618	6350645	5.295259953	6350645	0	27	-27	27	-27	27
CAGE_TSS_20693	3	-	6398117	6398244	14.11532021	6398244	0	127	-127	127	-127	127
CAGE_TSS_20699	3	-	6416550	6416699	6.181570053	6416699	0	149	-149	149	-149	149
CAGE_TSS_20702	3	-	6430513	6430640	197.951416	6430640	0	127	-127	127	-127	127
CAGE_TSS_20705	3	-	6457543	6457692	7.356400013	6457692	0	149	-149	149	-149	149
CAGE_TSS_20711	3	-	6491272	6491431	48.68270874	6491431	0	159	-159	159	-159	159
CAGE_TSS_20714	3	-	6508973	6508843	7.834350109	6508843	0	-130	130	-130	130	130
CAGE_TSS_20717	3	-	6525425	6525395	5.015220165	6525395	0	-30	30	-30	30	30
CAGE_TSS_20720	3	-	6545314	6545602	14.04012012	6545602	0	288	-288	288	-288	288
CAGE_TSS_20722	3	-	6551804	6551924	18.31933975	6551924	0	120	-120	120	-120	120
CAGE_TSS_20725	3	-	6557882	6557975	77.73829651	6557975	0	93	-93	93	-93	93
CAGE_TSS_20727	3	-	6564423	6564679	237.7620087	6564679	0	256	-256	256	-256	256
CAGE_TSS_20731	3	-	6617694	6617834	12.4366703	6617834	0	140	-140	140	-140	140
CAGE_TSS_20735	3	-	6631938	6632148	45.29753876	6632148	0	210	-210	210	-210	210
CAGE_TSS_20744	3	-	6704208	6704424	24.4217701	6704424	0	216	-216	216	-216	216
CAGE_TSS_20745	3	-	6715955	6715941	26.45343971	6715941	0	-14	14	-14	14	14
CAGE_TSS_20757	3	-	6792820	6793070	115.8154602	6793070	0	250	-250	250	-250	250
CAGE_TSS_20758	3	-	6804236	6804269	25.70219994	6804269	0	33	-33	33	-33	33
CAGE_TSS_20762	3	-	6825989	6826206	22.83198929	6826206	0	217	-217	217	-217	217
CAGE_TSS_20765	3	-	6837492	6837589	8.983050346	6837589	0	97	-97	97	-97	97
CAGE_TSS_20784	3	-	6882181	6882316	33.5241394	6882316	0	135	-135	135	-135	135
CAGE_TSS_20786	3	-	6901250	6901208	5.313920021	6901208	0	-42	42	-42	42	42
CAGE_TSS_20793	3	-	6988020	6988153	17.2510891	6988153	0	133	-133	133	-133	133
CAGE_TSS_20796	3	-	7002398	7002558	18.16974068	7002558	0	160	-160	160	-160	160
CAGE_TSS_20800	3	-	7004449	7004459	30.08913994	7004459	0	10	-10	10	-10	10
CAGE_TSS_20805	3	-	7056698	7056857	12.36853027	7056857	0	159	-159	159	-159	159
CAGE_TSS_20808	3	-	7066195	7066301	38.99081039	7066301	0	106	-106	106	-106	106
CAGE_TSS_20809	3	-	7078856	7078962	6.297389984	7078962	0	106	-106	106	-106	106
CAGE_TSS_20816	3	-	7089745	7089924	10.31742954	7089924	0	179	-179	179	-179	179
CAGE_TSS_20817	3	-	7092613	7092775	5.212039948	7092775	0	162	-162	162	-162	162
CAGE_TSS_20818	3	-	7093442	7093296	50.67816162	7093296	0	-146	146	-146	146	146
CAGE_TSS_20822	3	-	7111742	7111816	344.214447	7111816	0	74	-74	74	-74	74
CAGE_TSS_20827	3	-	7141179	7141386	9.318030357	7141386	0	207	-207	207	-207	207
CAGE_TSS_20838	3	-	7202481	7202487	34.12791824	7202487	0	6	-6	6	-6	6
CAGE_TSS_20842	3	-	7224000	7224162	5.076789856	7224162	0	162	-162	162	-162	162
CAGE_TSS_20843	3	-	7228590	7228844	36.79277039	7228844	0	254	-254	254	-254	254
CAGE_TSS_20846	3	-	7239132	7239382	10.98791027	7239382	0	250	-250	250	-250	250
CAGE_TSS_20855	3	-	7263230	7263290	82.97020721	7263290	0	60	-60	60	-60	60
CAGE_TSS_20858	3	-	7286280	7286460	18.11758041	7286460	0	180	-180	180	-180	180
CAGE_TSS_20864	3	-	7377111	7377253	49.58216858	7377253	0	142	-142	142	-142	142
CAGE_TSS_20870	3	-	7405620	7405620	6.784659863	7405620	0	0	0	0	0	0
CAGE_TSS_20872	3	-	7413486	7413710	5.772329807	7413710	0	224	-224	224	-224	224
CAGE_TSS_20884	3	-	7464876	7464961	13.89923954	7464961	0	85	-85	85	-85	85
CAGE_TSS_20889	3	-	7536500	7536480	11.71452045	7536480	0	-20	20	-20	20	20
CAGE_TSS_20894	3	-	7579590	7579825	72.98049927	7579825	0	235	-235	235	-235	235
CAGE_TSS_20895	3	-	7584578	7584854	12.24339962	7584854	0	276	-276	276	-276	276
CAGE_TSS_20900	3	-	7608377	7608657	5.817369938	7608657	0	280	-280	280	-280	280
CAGE_TSS_20903	3	-	7618581	7618691	5.451179981	7618691	0	110	-110	110	-110	110
CAGE_TSS_20906	3	-	7623840	7624110	37.78258133	7624110	0	270	-270	270	-270	270
CAGE_TSS_20917	3	-	7666031	7665959	20.81200027	7665959	0	-72	72	-72	72	72
CAGE_TSS_20919	3	-	7675686	7675794	72.70684052	7675794	0	108	-108	108	-108	108
CAGE_TSS_20926	3	-	7703332	7703461	49.82432175	7703461	0	129	-129	129	-129	129
CAGE_TSS_20929	3	-	7709732	7709850	12.48231983	7709850	0	118	-118	118	-118	118
CAGE_TSS_20939	3	-	7818763	7818910	12.58059025	7818910	0	147	-147	147	-147	147
CAGE_TSS_20943	3	-	7826074	7826191	47.63862991	7826191	0	117	-117	117	-117	117
CAGE_TSS_20945	3	-	7833942	7834076	134.8442535	7834076	0	134	-134	134	-134	134
CAGE_TSS_20981	3	-	8010819	8010902	7.294370174	8010902	0	83	-83	83	-83	83
CAGE_TSS_20987	3	-	8025911	8025919	5.542660236	8025919	0	8	-8	8	-8	8
CAGE_TSS_21000	3	-	8100818	8101063	13.4566803	8101063	0	245	-245	245	-245	245
CAGE_TSS_21011	3	-	8181799	8181959	113.7082977	8181959	0	160	-160	160	-160	160
CAGE_TSS_21014	3	-	8209245	8209385	8.778380394	8209385	0	140	-140	140	-140	140
CAGE_TSS_21023	3	-	8268734	8268807	15.25286961	8268807	0	73	-73	73	-73	73
CAGE_TSS_21025	3	-	8275396	8275570	23.94594002	8275570	0	174	-174	174	-174	174
CAGE_TSS_21027	3	-	8290141	8290258	42.4591217	8290258	0	117	-117	117	-117	117
CAGE_TSS_21038	3	-	8450695	8450848	41.76390076	8450848	0	153	-153	153	-153	153
CAGE_TSS_21041	3	-	8459637	8459758	64.32306671	8459758	0	121	-121	121	-121	121
CAGE_TSS_21050	3	-	8531274	8531181	36.86936188	8531181	0	-93	93	-93	93	93
CAGE_TSS_21062	3	-	8604938	8605123	45.4189682	8605123	0	185	-185	185	-185	185
CAGE_TSS_21067	3	-	8623163	8623309	90.73735046	8623309	0	146	-146	146	-146	146
CAGE_TSS_21068	3	-	8636064	8636195	11.09348011	8636195	0	131	-131	131	-131	131
CAGE_TSS_21074	3	-	8680822	8680772	5.849110126	8680772	0	-50	50	-50	50	50
CAGE_TSS_21082	3	-	8701026	8701193	179.5951843	8701193	0	167	-167	167	-167	167
CAGE_TSS_21084	3	-	8708187	8708327	40.69863129	8708327	0	140	-140	140	-140	140
CAGE_TSS_21094	3	-	8734508	8734573	81.7633667	8734573	0	65	-65	65	-65	65
CAGE_TSS_21095	3	-	8741729	8741846	30.80600929	8741846	0	117	-117	117	-117	117
CAGE_TSS_21104	3	-	8829693	8829695	10.51955032	8829695	0	2	-2	2	-2	2
CAGE_TSS_21110	3	-	8878422	8878357	6.716519833	8878357	0	-65	65	-65	65	65
CAGE_TSS_21114	3	-	8902797	8902891	36.43753052	8902891	0	94	-94	94	-94	94
CAGE_TSS_21121	3	-	8923072	8923211	98.32568359	8923211	0	139	-139	139	-139	139
CAGE_TSS_21132	3	-	8979712	8979939	17.78351021	8979939	0	227	-227	227	-227	227
CAGE_TSS_21134	3	-	9007605	9007823	337.616333	9007823	0	218	-218	218	-218	218
CAGE_TSS_21142	3	-	9148515	9148565	257.1460571	9148565	0	50	-50	50	-50	50
CAGE_TSS_21147	3	-	9164909	9165075	19.48686981	9165075	0	166	-166	166	-166	166
CAGE_TSS_21152	3	-	9255018	9255133	12.46455956	9255133	0	115	-115	115	-115	115
CAGE_TSS_21153	3	-	9268837	9269085	6.446630001	9269085	0	248	-248	248	-248	248
CAGE_TSS_21163	3	-	9273589	9273713	52.05038834	9273713	0	124	-124	124	-124	124
CAGE_TSS_21167	3	-	9313503	9313577	61.00939941	9313577	0	74	-74	74	-74	74
CAGE_TSS_21172	3	-	9375674	9375800	15.07324028	9375800	0	126	-126	126	-126	126
CAGE_TSS_21184	3	-	9464266	9464282	49.40890121	9464282	0	16	-16	16	-16	16
CAGE_TSS_21186	3	-	9470927	9471121	30.94318008	9471121	0	194	-194	194	-194	194
CAGE_TSS_21187	3	-	9486807	9486829	23.48135948	9486829	0	22	-22	22	-22	22
CAGE_TSS_21191	3	-	9492582	9492768	13.33530998	9492768	0	186	-186	186	-186	186
CAGE_TSS_21196	3	-	9509251	9509289	59.29598999	9509289	0	38	-38	38	-38	38
CAGE_TSS_21202	3	-	9595253	9595394	21.1134491	9595394	0	141	-141	141	-141	141
CAGE_TSS_21203	3	-	9597862	9597962	8.968740463	9597962	0	100	-100	100	-100	100
CAGE_TSS_21216	3	-	9640879	9641051	15.80055046	9641051	0	172	-172	172	-172	172
CAGE_TSS_21217	3	-	9642782	9642828	13.9394598	9642828	0	46	-46	46	-46	46
CAGE_TSS_21223	3	-	9666184	9666185	141.7883148	9666185	0	1	-1	1	-1	1
CAGE_TSS_21226	3	-	9681796	9681779	8.311300278	9681779	0	-17	17	-17	17	17
CAGE_TSS_21228	3	-	9683367	9683575	48.70817184	9683575	0	208	-208	208	-208	208
CAGE_TSS_21229	3	-	9684656	9684829	82.28014374	9684829	0	173	-173	173	-173	173
CAGE_TSS_21232	3	-	9709963	9710048	15.26395988	9710048	0	85	-85	85	-85	85
CAGE_TSS_21236	3	-	9722875	9723141	6.476079941	9723141	0	266	-266	266	-266	266
CAGE_TSS_21242	3	-	9753772	9753899	5.623589993	9753899	0	127	-127	127	-127	127
CAGE_TSS_21244	3	-	9765314	9765509	11.0478096	9765509	0	195	-195	195	-195	195
CAGE_TSS_21249	3	-	9805725	9805855	39.18653107	9805855	0	130	-130	130	-130	130
CAGE_TSS_21250	3	-	9827353	9827416	21.68803024	9827416	0	63	-63	63	-63	63
CAGE_TSS_21266	3	-	9918805	9918919	16.02683067	9918919	0	114	-114	114	-114	114
CAGE_TSS_21282	3	-	9964573	9964716	13.58570957	9964716	0	143	-143	143	-143	143
CAGE_TSS_21292	3	-	9980420	9980131	20.20759964	9980131	0	-289	289	-289	289	289
CAGE_TSS_21306	3	-	10047340	10047467	168.5649719	10047467	0	127	-127	127	-127	127
CAGE_TSS_21317	3	-	10086684	10086782	5.000939846	10086782	0	98	-98	98	-98	98
CAGE_TSS_21324	3	-	10128586	10128721	38.92456818	10128721	0	135	-135	135	-135	135
CAGE_TSS_21325	3	-	10129936	10130099	31.39908981	10130099	0	163	-163	163	-163	163
CAGE_TSS_21327	3	-	10132692	10132986	19.55731964	10132986	0	294	-294	294	-294	294
CAGE_TSS_21329	3	-	10136536	10136558	8.318969727	10136558	0	22	-22	22	-22	22
CAGE_TSS_21334	3	-	10199934	10200023	8.281860352	10200023	0	89	-89	89	-89	89
CAGE_TSS_21339	3	-	10219873	10220132	8.493089676	10220132	0	259	-259	259	-259	259
CAGE_TSS_21356	3	-	10363592	10363617	6.254829884	10363617	0	25	-25	25	-25	25
CAGE_TSS_21362	3	-	10401384	10401435	5.56539011	10401435	0	51	-51	51	-51	51
CAGE_TSS_21370	3	-	10590551	10590669	20.29906082	10590669	0	118	-118	118	-118	118
CAGE_TSS_21373	3	-	10662634	10662771	16.90904999	10662771	0	137	-137	137	-137	137
CAGE_TSS_21383	3	-	10703972	10704105	21.27032089	10704105	0	133	-133	133	-133	133
CAGE_TSS_21388	3	-	10759212	10759295	5.734600067	10759295	0	83	-83	83	-83	83
CAGE_TSS_21391	3	-	10775675	10775742	58.52542877	10775742	0	67	-67	67	-67	67
CAGE_TSS_21392	3	-	10790552	10790750	230.9311981	10790750	0	198	-198	198	-198	198
CAGE_TSS_21409	3	-	10941751	10941830	7.459320068	10941830	0	79	-79	79	-79	79
CAGE_TSS_21417	3	-	10969334	10969327	122.7475128	10969327	0	-7	7	-7	7	7
CAGE_TSS_21431	3	-	11035756	11035799	21.72647095	11035799	0	43	-43	43	-43	43
CAGE_TSS_21434	3	-	11052678	11052774	19.96175003	11052774	0	96	-96	96	-96	96
CAGE_TSS_21441	3	-	11106145	11106217	12.94909	11106217	0	72	-72	72	-72	72
CAGE_TSS_21446	3	-	11139119	11139098	32.7482605	11139098	0	-21	21	-21	21	21
CAGE_TSS_21451	3	-	11166318	11166459	5.399340153	11166459	0	141	-141	141	-141	141
CAGE_TSS_21455	3	-	11194899	11195119	95.95896149	11195119	0	220	-220	220	-220	220
CAGE_TSS_21467	3	-	11269227	11269436	9.576410294	11269436	0	209	-209	209	-209	209
CAGE_TSS_21468	3	-	11299598	11299786	10.49386024	11299786	0	188	-188	188	-188	188
CAGE_TSS_21472	3	-	11383957	11384171	233.1855316	11384171	0	214	-214	214	-214	214
CAGE_TSS_21491	3	-	11592331	11592345	5.546879768	11592345	0	14	-14	14	-14	14
CAGE_TSS_21500	3	-	11924312	11924397	16.53886986	11924397	0	85	-85	85	-85	85
CAGE_TSS_21504	3	-	11961803	11961997	6.126450062	11961997	0	194	-194	194	-194	194
CAGE_TSS_21520	3	-	12358005	12358292	7.247449875	12358292	0	287	-287	287	-287	287
CAGE_TSS_21524	3	-	12451247	12451289	32.34669876	12451289	0	42	-42	42	-42	42
CAGE_TSS_21555	3	-	13035438	13035500	120.5250168	13035500	0	62	-62	62	-62	62
CAGE_TSS_21556	3	-	13049072	13049137	5.814109802	13049137	0	65	-65	65	-65	65
CAGE_TSS_21657	3	-	15092309	15092574	128.5150757	15092574	0	265	-265	265	-265	265
CAGE_TSS_21660	3	-	15183995	15184233	10.44554043	15184233	0	238	-238	238	-238	238
CAGE_TSS_21663	3	-	15214731	15214962	40.5897789	15214962	0	231	-231	231	-231	231
CAGE_TSS_21671	3	-	15355303	15355531	11.80737972	15355531	0	228	-228	228	-228	228
CAGE_TSS_21690	3	-	15617143	15617162	6.188149929	15617162	0	19	-19	19	-19	19
CAGE_TSS_21704	3	-	15779298	15779445	19.07148933	15779445	0	147	-147	147	-147	147
CAGE_TSS_21713	3	-	15867297	15867499	143.4339142	15867499	0	202	-202	202	-202	202
CAGE_TSS_21718	3	-	15891951	15892068	41.9967308	15892068	0	117	-117	117	-117	117
CAGE_TSS_21732	3	-	16002071	16002328	89.30705261	16002328	0	257	-257	257	-257	257
CAGE_TSS_21737	3	-	16036872	16036968	5.651710033	16036968	0	96	-96	96	-96	96
CAGE_TSS_21739	3	-	16049687	16049756	5.136400223	16049756	0	69	-69	69	-69	69
CAGE_TSS_21747	3	-	16111190	16111311	5.612929821	16111311	0	121	-121	121	-121	121
CAGE_TSS_21769	3	-	16470152	16470232	5.008609772	16470232	0	80	-80	80	-80	80
CAGE_TSS_21771	3	-	16475749	16475798	121.6162872	16475798	0	49	-49	49	-49	49
CAGE_TSS_21775	3	-	16494763	16494776	24.78885078	16494776	0	13	-13	13	-13	13
CAGE_TSS_21776	3	-	16524170	16524410	214.3180542	16524410	0	240	-240	240	-240	240
CAGE_TSS_21778	3	-	16548270	16548516	7.408289909	16548516	0	246	-246	246	-246	246
CAGE_TSS_21786	3	-	16624875	16625137	12.70750046	16625137	0	262	-262	262	-262	262
CAGE_TSS_21790	3	-	16660233	16660226	215.6016541	16660226	0	-7	7	-7	7	7
CAGE_TSS_21792	3	-	16668689	16668819	12.31521034	16668819	0	130	-130	130	-130	130
CAGE_TSS_21793	3	-	16669574	16669748	5.662509918	16669748	0	174	-174	174	-174	174
CAGE_TSS_21801	3	-	16734822	16734611	5.369780064	16734611	0	-211	211	-211	211	211
CAGE_TSS_21803	3	-	16735928	16736015	53.9500885	16736015	0	87	-87	87	-87	87
CAGE_TSS_21810	3	-	16807816	16807943	18.39414978	16807943	0	127	-127	127	-127	127
CAGE_TSS_21843	3	-	16984786	16985066	230.4699249	16985066	0	280	-280	280	-280	280
CAGE_TSS_21846	3	-	17008424	17008602	35.98070145	17008602	0	178	-178	178	-178	178
CAGE_TSS_21857	3	-	17095567	17095673	10.31941986	17095673	0	106	-106	106	-106	106
CAGE_TSS_21860	3	-	17097385	17097563	13.07544041	17097563	0	178	-178	178	-178	178
CAGE_TSS_21867	3	-	17137105	17137039	34.10898972	17137039	0	-66	66	-66	66	66
CAGE_TSS_21869	3	-	17137950	17138165	51.66297913	17138165	0	215	-215	215	-215	215
CAGE_TSS_21871	3	-	17162451	17162603	9.362990379	17162603	0	152	-152	152	-152	152
CAGE_TSS_21873	3	-	17180069	17180197	81.82301331	17180197	0	128	-128	128	-128	128
CAGE_TSS_21875	3	-	17186063	17186164	24.51580048	17186164	0	101	-101	101	-101	101
CAGE_TSS_21879	3	-	17199220	17199405	23.81966019	17199405	0	185	-185	185	-185	185
CAGE_TSS_21880	3	-	17201888	17202085	261.3840332	17202085	0	197	-197	197	-197	197
CAGE_TSS_21881	3	-	17209124	17209248	9.638560295	17209248	0	124	-124	124	-124	124
CAGE_TSS_21892	3	-	17248675	17248828	12.57096958	17248828	0	153	-153	153	-153	153
CAGE_TSS_21894	3	-	17255184	17255312	7.965129852	17255312	0	128	-128	128	-128	128
CAGE_TSS_21899	3	-	17284945	17285098	154.7548065	17285098	0	153	-153	153	-153	153
CAGE_TSS_21906	3	-	17316558	17316650	31.39966965	17316650	0	92	-92	92	-92	92
CAGE_TSS_21907	3	-	17319540	17319653	105.7911682	17319653	0	113	-113	113	-113	113
CAGE_TSS_21912	3	-	17340381	17340576	147.497879	17340576	0	195	-195	195	-195	195
CAGE_TSS_21913	3	-	17344714	17344913	14.0127697	17344913	0	199	-199	199	-199	199
CAGE_TSS_21915	3	-	17352773	17352813	6.827990055	17352813	0	40	-40	40	-40	40
CAGE_TSS_21923	3	-	17401820	17401865	7.863900185	17401865	0	45	-45	45	-45	45
CAGE_TSS_21928	3	-	17441238	17441406	70.26048279	17441406	0	168	-168	168	-168	168
CAGE_TSS_21941	3	-	17475206	17475246	23.15262032	17475246	0	40	-40	40	-40	40
CAGE_TSS_21944	3	-	17494849	17495117	23.48135948	17495117	0	268	-268	268	-268	268
CAGE_TSS_21948	3	-	17506053	17506200	8.31427002	17506200	0	147	-147	147	-147	147
CAGE_TSS_21952	3	-	17526994	17527041	5.076789856	17527041	0	47	-47	47	-47	47
CAGE_TSS_21955	3	-	17551173	17551372	252.1512299	17551372	0	199	-199	199	-199	199
CAGE_TSS_21960	3	-	17579577	17579627	19.07899094	17579627	0	50	-50	50	-50	50
CAGE_TSS_21966	3	-	17639619	17639773	6.879630089	17639773	0	154	-154	154	-154	154
CAGE_TSS_21973	3	-	17681711	17681830	5.423130035	17681830	0	119	-119	119	-119	119
CAGE_TSS_21977	3	-	17700767	17700906	21.96455002	17700906	0	139	-139	139	-139	139
CAGE_TSS_21984	3	-	17719914	17720069	66.81072235	17720069	0	155	-155	155	-155	155
CAGE_TSS_21987	3	-	17739720	17739945	163.3389435	17739945	0	225	-225	225	-225	225
CAGE_TSS_21990	3	-	17757755	17757875	16.30567932	17757875	0	120	-120	120	-120	120
CAGE_TSS_21991	3	-	17760808	17760936	22.15193939	17760936	0	128	-128	128	-128	128
CAGE_TSS_21997	3	-	17782657	17782709	5.372179985	17782709	0	52	-52	52	-52	52
CAGE_TSS_22000	3	-	17790819	17790791	5.639050007	17790791	0	-28	28	-28	28	28
CAGE_TSS_22004	3	-	17838430	17838521	124.2115631	17838521	0	91	-91	91	-91	91
CAGE_TSS_22007	3	-	17875441	17875465	7.202589989	17875465	0	24	-24	24	-24	24
CAGE_TSS_22010	3	-	17894134	17894154	80.69893646	17894154	0	20	-20	20	-20	20
CAGE_TSS_22011	3	-	17910523	17910583	15.27756023	17910583	0	60	-60	60	-60	60
CAGE_TSS_22014	3	-	17944866	17945077	207.7827301	17945077	0	211	-211	211	-211	211
CAGE_TSS_22016	3	-	17968537	17968616	22.41444016	17968616	0	79	-79	79	-79	79
CAGE_TSS_22025	3	-	18003576	18003727	87.75704193	18003727	0	151	-151	151	-151	151
CAGE_TSS_22034	3	-	18038199	18038255	66.40870667	18038255	0	56	-56	56	-56	56
CAGE_TSS_22035	3	-	18039827	18040046	8.035639763	18040046	0	219	-219	219	-219	219
CAGE_TSS_22041	3	-	18092311	18092372	121.764328	18092372	0	61	-61	61	-61	61
CAGE_TSS_22043	3	-	18096807	18096846	22.63619041	18096846	0	39	-39	39	-39	39
CAGE_TSS_22058	3	-	18153373	18153509	7.105040073	18153509	0	136	-136	136	-136	136
CAGE_TSS_22079	3	-	18224884	18224922	6.434529781	18224922	0	38	-38	38	-38	38
CAGE_TSS_22084	3	-	18288032	18288184	28.28553963	18288184	0	152	-152	152	-152	152
CAGE_TSS_22087	3	-	18300204	18300112	21.93671036	18300112	0	-92	92	-92	92	92
CAGE_TSS_22092	3	-	18324487	18324540	15.38560009	18324540	0	53	-53	53	-53	53
CAGE_TSS_22094	3	-	18353612	18353658	14.12987995	18353658	0	46	-46	46	-46	46
CAGE_TSS_22095	3	-	18364924	18365118	34.70080948	18365118	0	194	-194	194	-194	194
CAGE_TSS_22097	3	-	18373023	18373161	217.515213	18373161	0	138	-138	138	-138	138
CAGE_TSS_22098	3	-	18375776	18375837	9.054120064	18375837	0	61	-61	61	-61	61
CAGE_TSS_22110	3	-	18409703	18409727	25.63665962	18409727	0	24	-24	24	-24	24
CAGE_TSS_22120	3	-	18469682	18469838	20.64414024	18469838	0	156	-156	156	-156	156
CAGE_TSS_22124	3	-	18476824	18476574	178.0738831	18476574	0	-250	250	-250	250	250
CAGE_TSS_22145	3	-	18559105	18559378	52.10142899	18559378	0	273	-273	273	-273	273
CAGE_TSS_22154	3	-	18666687	18666735	5.027229786	18666735	0	48	-48	48	-48	48
CAGE_TSS_22155	3	-	18684346	18684494	12.24339962	18684494	0	148	-148	148	-148	148
CAGE_TSS_22157	3	-	18713555	18713552	139.2431641	18713552	0	-3	3	-3	3	3
CAGE_TSS_22170	3	-	18786887	18786918	40.90185928	18786918	0	31	-31	31	-31	31
CAGE_TSS_22178	3	-	18834535	18834260	17.52046013	18834260	0	-275	275	-275	275	275
CAGE_TSS_22181	3	-	18837375	18837487	29.08448982	18837487	0	112	-112	112	-112	112
CAGE_TSS_22185	3	-	18856883	18857130	3.941230059	18857130	0	247	-247	247	-247	247
CAGE_TSS_22187	3	-	18877634	18877771	30.90815926	18877771	0	137	-137	137	-137	137
CAGE_TSS_22188	3	-	18881980	18882266	67.31562042	18882266	0	286	-286	286	-286	286
CAGE_TSS_22190	3	-	18889987	18890172	5.760029793	18890172	0	185	-185	185	-185	185
CAGE_TSS_22196	3	-	18893642	18893863	4.315189838	18893863	0	221	-221	221	-221	221
CAGE_TSS_22197	3	-	18895494	18895599	41.77310944	18895599	0	105	-105	105	-105	105
CAGE_TSS_22198	3	-	18898623	18898815	5.411739826	18898815	0	192	-192	192	-192	192
CAGE_TSS_22210	3	-	18979973	18980063	241.5716248	18980063	0	90	-90	90	-90	90
CAGE_TSS_22214	3	-	18999467	18999703	8.506429672	18999703	0	236	-236	236	-236	236
CAGE_TSS_22215	3	-	19008421	19008389	18.94124985	19008389	0	-32	32	-32	32	32
CAGE_TSS_22222	3	-	19074442	19074682	5.786109924	19074682	0	240	-240	240	-240	240
CAGE_TSS_22223	3	-	19078954	19079036	15.36347961	19079036	0	82	-82	82	-82	82
CAGE_TSS_22224	3	-	19082139	19082263	39.40256882	19082263	0	124	-124	124	-124	124
CAGE_TSS_22231	3	-	19120880	19121133	66.68589783	19121133	0	253	-253	253	-253	253
CAGE_TSS_22240	3	-	19197344	19197534	36.93352127	19197534	0	190	-190	190	-190	190
CAGE_TSS_22243	3	-	19208188	19208299	10.83623981	19208299	0	111	-111	111	-111	111
CAGE_TSS_22259	3	-	19229060	19229240	26.45229912	19229240	0	180	-180	180	-180	180
CAGE_TSS_22267	3	-	19250930	19251052	41.16968155	19251052	0	122	-122	122	-122	122
CAGE_TSS_22270	3	-	19269387	19269476	20.28731918	19269476	0	89	-89	89	-89	89
CAGE_TSS_22274	3	-	19281301	19281415	84.77837372	19281415	0	114	-114	114	-114	114
CAGE_TSS_22281	3	-	19312101	19312260	57.64812851	19312260	0	159	-159	159	-159	159
CAGE_TSS_22283	3	-	19319075	19319148	24.46813965	19319148	0	73	-73	73	-73	73
CAGE_TSS_22289	3	-	19325653	19325807	148.2839813	19325807	0	154	-154	154	-154	154
CAGE_TSS_22292	3	-	19353528	19353678	5.326759815	19353678	0	150	-150	150	-150	150
CAGE_TSS_22294	3	-	19357088	19357210	12.07207966	19357210	0	122	-122	122	-122	122
CAGE_TSS_22306	3	-	19427089	19427298	44.35919952	19427298	0	209	-209	209	-209	209
CAGE_TSS_22310	3	-	19453108	19453350	51.53895187	19453350	0	242	-242	242	-242	242
CAGE_TSS_22338	3	-	19576994	19577094	12.68363953	19577094	0	100	-100	100	-100	100
CAGE_TSS_22357	3	-	19628938	19629216	16.32741928	19629216	0	278	-278	278	-278	278
CAGE_TSS_22359	3	-	19657977	19658162	6.411640167	19658162	0	185	-185	185	-185	185
CAGE_TSS_22373	3	-	19745997	19746112	23.19945908	19746112	0	115	-115	115	-115	115
CAGE_TSS_22375	3	-	19746722	19746962	39.20378113	19746962	0	240	-240	240	-240	240
CAGE_TSS_22376	3	-	19753168	19753251	49.72457886	19753251	0	83	-83	83	-83	83
CAGE_TSS_22383	3	-	19782669	19782962	84.85114288	19782962	0	293	-293	293	-293	293
CAGE_TSS_22384	3	-	19788810	19788897	289.7645874	19788897	0	87	-87	87	-87	87
CAGE_TSS_22385	3	-	19791489	19791599	123.5679169	19791599	0	110	-110	110	-110	110
CAGE_TSS_22389	3	-	19805512	19805524	18.48007011	19805524	0	12	-12	12	-12	12
CAGE_TSS_22391	3	-	19815650	19815794	66.35804749	19815794	0	144	-144	144	-144	144
CAGE_TSS_22401	3	-	19837010	19837127	25.02186012	19837127	0	117	-117	117	-117	117
CAGE_TSS_22403	3	-	19850934	19851039	6.368500233	19851039	0	105	-105	105	-105	105
CAGE_TSS_22408	3	-	19897940	19897960	5.639050007	19897960	0	20	-20	20	-20	20
CAGE_TSS_22414	3	-	19910111	19910145	30.81320953	19910145	0	34	-34	34	-34	34
CAGE_TSS_22416	3	-	19913036	19912979	6.255569935	19912979	0	-57	57	-57	57	57
CAGE_TSS_22422	3	-	19926848	19926900	9.686579704	19926900	0	52	-52	52	-52	52
CAGE_TSS_22423	3	-	19935232	19935438	39.12530899	19935438	0	206	-206	206	-206	206
CAGE_TSS_22434	3	-	19964550	19964803	61.07733154	19964803	0	253	-253	253	-253	253
CAGE_TSS_22443	3	-	20015436	20015422	10.81552029	20015422	0	-14	14	-14	14	14
CAGE_TSS_22446	3	-	20037944	20038124	77.55377197	20038124	0	180	-180	180	-180	180
CAGE_TSS_22449	3	-	20048571	20048651	10.86822987	20048651	0	80	-80	80	-80	80
CAGE_TSS_22451	3	-	20064150	20064240	31.38365936	20064240	0	90	-90	90	-90	90
CAGE_TSS_22457	3	-	20089774	20089976	23.51314926	20089976	0	202	-202	202	-202	202
CAGE_TSS_22473	3	-	20142639	20142792	8.988490105	20142792	0	153	-153	153	-153	153
CAGE_TSS_22474	3	-	20148126	20148176	21.25260925	20148176	0	50	-50	50	-50	50
CAGE_TSS_22475	3	-	20157137	20157212	17.4327507	20157212	0	75	-75	75	-75	75
CAGE_TSS_22476	3	-	20167312	20167511	181.9174652	20167511	0	199	-199	199	-199	199
CAGE_TSS_22480	3	-	20173409	20173421	38.83927155	20173421	0	12	-12	12	-12	12
CAGE_TSS_22486	3	-	20178996	20179091	124.6096878	20179091	0	95	-95	95	-95	95
CAGE_TSS_22498	3	-	20203864	20204002	35.3305397	20204002	0	138	-138	138	-138	138
CAGE_TSS_22502	3	-	20220388	20220480	56.83269882	20220480	0	92	-92	92	-92	92
CAGE_TSS_22505	3	-	20225336	20225432	55.16984177	20225432	0	96	-96	96	-96	96
CAGE_TSS_22508	3	-	20228948	20229139	78.5707016	20229139	0	191	-191	191	-191	191
CAGE_TSS_22512	3	-	20233184	20233238	81.24651337	20233238	0	54	-54	54	-54	54
CAGE_TSS_22519	3	-	20272454	20272588	11.7677803	20272588	0	134	-134	134	-134	134
CAGE_TSS_22525	3	-	20315177	20315187	12.19425011	20315187	0	10	-10	10	-10	10
CAGE_TSS_22528	3	-	20338522	20338718	85.75411987	20338718	0	196	-196	196	-196	196
CAGE_TSS_22533	3	-	20342390	20342475	17.13616943	20342475	0	85	-85	85	-85	85
CAGE_TSS_22537	3	-	20361121	20361228	7.379879951	20361228	0	107	-107	107	-107	107
CAGE_TSS_22538	3	-	20366841	20366966	50.00399017	20366966	0	125	-125	125	-125	125
CAGE_TSS_22539	3	-	20370097	20370078	6.130090237	20370078	0	-19	19	-19	19	19
CAGE_TSS_22540	3	-	20376673	20376666	63.12210083	20376666	0	-7	7	-7	7	7
CAGE_TSS_22541	3	-	20394867	20394898	38.12715149	20394898	0	31	-31	31	-31	31
CAGE_TSS_22545	3	-	20402470	20402649	28.53845978	20402649	0	179	-179	179	-179	179
CAGE_TSS_22552	3	-	20431465	20431579	106.667717	20431579	0	114	-114	114	-114	114
CAGE_TSS_22556	3	-	20436389	20436628	12.75115967	20436628	0	239	-239	239	-239	239
CAGE_TSS_22557	3	-	20442587	20442781	9.876150131	20442781	0	194	-194	194	-194	194
CAGE_TSS_22564	3	-	20474758	20474909	16.96200943	20474909	0	151	-151	151	-151	151
CAGE_TSS_22567	3	-	20515352	20515483	11.47609997	20515483	0	131	-131	131	-131	131
CAGE_TSS_22571	3	-	20552091	20552259	136.336853	20552259	0	168	-168	168	-168	168
CAGE_TSS_22582	3	-	20629084	20629313	16.27683067	20629313	0	229	-229	229	-229	229
CAGE_TSS_22584	3	-	20684051	20684145	28.90926933	20684145	0	94	-94	94	-94	94
CAGE_TSS_22587	3	-	20756459	20756597	129.5651855	20756597	0	138	-138	138	-138	138
CAGE_TSS_22599	3	-	20808149	20808311	6.238890171	20808311	0	162	-162	162	-162	162
CAGE_TSS_22600	3	-	20813022	20813151	7.279069901	20813151	0	129	-129	129	-129	129
CAGE_TSS_22603	3	-	20816031	20816148	9.938969612	20816148	0	117	-117	117	-117	117
CAGE_TSS_22605	3	-	20822946	20823023	14.12180996	20823023	0	77	-77	77	-77	77
CAGE_TSS_22633	3	-	20893414	20893657	24.36260986	20893657	0	243	-243	243	-243	243
CAGE_TSS_22635	3	-	20903009	20903113	83.77848816	20903113	0	104	-104	104	-104	104
CAGE_TSS_22638	3	-	20910476	20910555	13.06610012	20910555	0	79	-79	79	-79	79
CAGE_TSS_22652	3	-	21007564	21007860	17.32517052	21007860	0	296	-296	296	-296	296
CAGE_TSS_22657	3	-	21036025	21036220	51.65375137	21036220	0	195	-195	195	-195	195
CAGE_TSS_22659	3	-	21038954	21039051	14.1079998	21039051	0	97	-97	97	-97	97
CAGE_TSS_22664	3	-	21064988	21065119	7.744530201	21065119	0	131	-131	131	-131	131
CAGE_TSS_22668	3	-	21079674	21079865	5.402450085	21079865	0	191	-191	191	-191	191
CAGE_TSS_22683	3	-	21114642	21114745	98.56059265	21114745	0	103	-103	103	-103	103
CAGE_TSS_22697	3	-	21189858	21190103	144.440155	21190103	0	245	-245	245	-245	245
CAGE_TSS_22702	3	-	21216521	21216501	14.48355961	21216501	0	-20	20	-20	20	20
CAGE_TSS_22705	3	-	21239824	21240103	92.5353775	21240103	0	279	-279	279	-279	279
CAGE_TSS_22710	3	-	21255424	21255506	75.51023102	21255506	0	82	-82	82	-82	82
CAGE_TSS_22713	3	-	21276012	21276149	94.69931793	21276149	0	137	-137	137	-137	137
CAGE_TSS_22718	3	-	21293157	21293367	11.24596977	21293367	0	210	-210	210	-210	210
CAGE_TSS_22721	3	-	21301807	21302070	5.133460045	21302070	0	263	-263	263	-263	263
CAGE_TSS_22723	3	-	21312263	21312318	12.31805992	21312318	0	55	-55	55	-55	55
CAGE_TSS_22727	3	-	21331425	21331556	14.09461975	21331556	0	131	-131	131	-131	131
CAGE_TSS_22730	3	-	21343147	21343216	14.33119965	21343216	0	69	-69	69	-69	69
CAGE_TSS_22745	3	-	21409326	21409620	5.106569767	21409620	0	294	-294	294	-294	294
CAGE_TSS_22752	3	-	21434502	21434718	65.3934021	21434718	0	216	-216	216	-216	216
CAGE_TSS_22755	3	-	21448686	21448789	62.04888153	21448789	0	103	-103	103	-103	103
CAGE_TSS_22756	3	-	21469287	21469451	20.54668045	21469451	0	164	-164	164	-164	164
CAGE_TSS_22759	3	-	21471487	21471567	18.11758041	21471567	0	80	-80	80	-80	80
CAGE_TSS_22766	3	-	21523282	21523541	231.5665741	21523541	0	259	-259	259	-259	259
CAGE_TSS_22775	3	-	21543903	21543955	111.1417618	21543955	0	52	-52	52	-52	52
CAGE_TSS_22779	3	-	21577726	21577999	30.96912003	21577999	0	273	-273	273	-273	273
CAGE_TSS_22800	3	-	21693830	21693925	56.08900833	21693925	0	95	-95	95	-95	95
CAGE_TSS_22808	3	-	21719900	21720133	76.83759308	21720133	0	233	-233	233	-233	233
CAGE_TSS_22812	3	-	21746236	21746421	41.9874115	21746421	0	185	-185	185	-185	185
CAGE_TSS_22816	3	-	21758760	21758810	353.2244568	21758810	0	50	-50	50	-50	50
CAGE_TSS_22826	3	-	21798300	21798423	232.7839355	21798423	0	123	-123	123	-123	123
CAGE_TSS_22830	3	-	21817511	21817643	88.12120056	21817643	0	132	-132	132	-132	132
CAGE_TSS_22832	3	-	21827497	21827617	78.18289185	21827617	0	120	-120	120	-120	120
CAGE_TSS_22835	3	-	21830451	21830671	6.065020084	21830671	0	220	-220	220	-220	220
CAGE_TSS_22836	3	-	21830852	21830979	53.32078934	21830979	0	127	-127	127	-127	127
CAGE_TSS_22838	3	-	21868985	21869237	5.91738987	21869237	0	252	-252	252	-252	252
CAGE_TSS_22843	3	-	21910645	21910750	8.370059967	21910750	0	105	-105	105	-105	105
CAGE_TSS_22849	3	-	21940166	21940391	63.27103043	21940391	0	225	-225	225	-225	225
CAGE_TSS_22858	3	-	21980772	21980876	5.777709961	21980876	0	104	-104	104	-104	104
CAGE_TSS_22864	3	-	22027882	22028032	5.239960194	22028032	0	150	-150	150	-150	150
CAGE_TSS_22867	3	-	22056920	22057027	84.20760345	22057027	0	107	-107	107	-107	107
CAGE_TSS_22869	3	-	22075397	22075534	319.771698	22075534	0	137	-137	137	-137	137
CAGE_TSS_22871	3	-	22078360	22078167	131.3133545	22078167	0	-193	193	-193	193	193
CAGE_TSS_22873	3	-	22086182	22086238	6.270959854	22086238	0	56	-56	56	-56	56
CAGE_TSS_22877	3	-	22102174	22102342	115.8246765	22102342	0	168	-168	168	-168	168
CAGE_TSS_22880	3	-	22118240	22118333	20.17204094	22118333	0	93	-93	93	-93	93
CAGE_TSS_22886	3	-	22140195	22140225	14.36896992	22140225	0	30	-30	30	-30	30
CAGE_TSS_22898	3	-	22169867	22170098	14.85604	22170098	0	231	-231	231	-231	231
CAGE_TSS_22903	3	-	22186512	22186808	48.68270874	22186808	0	296	-296	296	-296	296
CAGE_TSS_22908	3	-	22244059	22244135	82.19525909	22244135	0	76	-76	76	-76	76
CAGE_TSS_22915	3	-	22252822	22252798	5.036739826	22252798	0	-24	24	-24	24	24
CAGE_TSS_22916	3	-	22255826	22255973	10.83938026	22255973	0	147	-147	147	-147	147
CAGE_TSS_22918	3	-	22280673	22280907	22.20458984	22280907	0	234	-234	234	-234	234
CAGE_TSS_22921	3	-	22311184	22311444	7.957970142	22311444	0	260	-260	260	-260	260
CAGE_TSS_22928	3	-	22322508	22322611	5.381410122	22322611	0	103	-103	103	-103	103
CAGE_TSS_22932	3	-	22362575	22362726	29.13599014	22362726	0	151	-151	151	-151	151
CAGE_TSS_22935	3	-	22375870	22375937	18.83448982	22375937	0	67	-67	67	-67	67
CAGE_TSS_22939	3	-	22453397	22453597	9.438659668	22453597	0	200	-200	200	-200	200
CAGE_TSS_22942	3	-	22461733	22461883	7.485300064	22461883	0	150	-150	150	-150	150
CAGE_TSS_22950	3	-	22500882	22500992	119.290741	22500992	0	110	-110	110	-110	110
CAGE_TSS_22957	3	-	22606734	22606858	10.98507977	22606858	0	124	-124	124	-124	124
CAGE_TSS_22961	3	-	22615467	22615704	13.00463963	22615704	0	237	-237	237	-237	237
CAGE_TSS_22973	3	-	22676778	22676912	28.47672081	22676912	0	134	-134	134	-134	134
CAGE_TSS_22982	3	-	22726429	22726570	8.537879944	22726570	0	141	-141	141	-141	141
CAGE_TSS_22986	3	-	22771311	22771462	5.149620056	22771462	0	151	-151	151	-151	151
CAGE_TSS_22998	3	-	22856972	22857216	18.16529083	22857216	0	244	-244	244	-244	244
CAGE_TSS_22999	3	-	22859290	22859512	56.2558403	22859512	0	222	-222	222	-222	222
CAGE_TSS_23002	3	-	22873776	22873982	48.95951843	22873982	0	206	-206	206	-206	206
CAGE_TSS_23005	3	-	22881539	22881601	51.57662964	22881601	0	62	-62	62	-62	62
CAGE_TSS_23012	3	-	22956819	22957038	12.38854027	22957038	0	219	-219	219	-219	219
CAGE_TSS_23021	3	-	22984573	22984348	6.289000034	22984348	0	-225	225	-225	225	225
CAGE_TSS_23034	3	-	23040583	23040619	89.33396912	23040619	0	36	-36	36	-36	36
CAGE_TSS_23042	3	-	23065758	23065905	44.05012894	23065905	0	147	-147	147	-147	147
CAGE_TSS_23048	3	-	23092805	23093019	212.6253357	23093019	0	214	-214	214	-214	214
CAGE_TSS_23051	3	-	23116938	23117072	107.9314804	23117072	0	134	-134	134	-134	134
CAGE_TSS_23057	3	-	23153428	23153612	5.542970181	23153612	0	184	-184	184	-184	184
CAGE_TSS_23059	3	-	23165194	23165353	72.07051086	23165353	0	159	-159	159	-159	159
CAGE_TSS_23066	3	-	23218307	23218603	22.34135056	23218603	0	296	-296	296	-296	296
CAGE_TSS_23070	3	-	23224273	23224318	12.35175037	23224318	0	45	-45	45	-45	45
CAGE_TSS_23073	3	-	23227530	23227567	13.10367966	23227567	0	37	-37	37	-37	37
CAGE_TSS_23076	3	-	23242197	23242342	17.05475044	23242342	0	145	-145	145	-145	145
CAGE_TSS_23085	3	-	23255198	23255328	6.291699886	23255328	0	130	-130	130	-130	130
CAGE_TSS_23090	3	-	23276356	23276524	69.82398224	23276524	0	168	-168	168	-168	168
CAGE_TSS_23096	3	-	23319543	23319699	16.75234032	23319699	0	156	-156	156	-156	156
CAGE_TSS_23098	3	-	23324245	23324383	8.00965023	23324383	0	138	-138	138	-138	138
CAGE_TSS_23105	3	-	23332733	23332848	38.8728981	23332848	0	115	-115	115	-115	115
CAGE_TSS_23107	3	-	23334033	23333749	10.97686005	23333749	0	-284	284	-284	284	284
CAGE_TSS_23112	3	-	23344699	23344968	66.62149811	23344968	0	269	-269	269	-269	269
CAGE_TSS_23115	3	-	23355028	23355298	8.267800331	23355298	0	270	-270	270	-270	270
CAGE_TSS_23116	3	-	23359194	23359368	10.71889019	23359368	0	174	-174	174	-174	174
CAGE_TSS_23117	3	-	23367395	23367513	20.26284027	23367513	0	118	-118	118	-118	118
CAGE_TSS_23124	3	-	23389008	23389182	13.58570957	23389182	0	174	-174	174	-174	174
CAGE_TSS_23127	3	-	23401649	23401799	8.109330177	23401799	0	150	-150	150	-150	150
CAGE_TSS_23133	3	-	23417016	23417118	65.45018768	23417118	0	102	-102	102	-102	102
CAGE_TSS_23136	3	-	23429141	23429207	8.507269859	23429207	0	66	-66	66	-66	66
CAGE_TSS_23139	3	-	23437335	23437602	119.4854202	23437602	0	267	-267	267	-267	267
CAGE_TSS_23143	3	-	23450192	23450337	100.2240906	23450337	0	145	-145	145	-145	145
CAGE_TSS_25983	4	-	10454	10594	5.906010151	10594	0	140	-140	140	-140	140
CAGE_TSS_25985	4	-	13357	13408	7.451330185	13408	0	51	-51	51	-51	51
CAGE_TSS_25992	4	-	59184	59314	21.40967941	59314	0	130	-130	130	-130	130
CAGE_TSS_26007	4	-	144522	144456	27.57600975	144456	0	-66	66	-66	66	66
CAGE_TSS_26009	4	-	163428	163713	26.49704933	163713	0	285	-285	285	-285	285
CAGE_TSS_26010	4	-	166231	166410	20.49761009	166410	0	179	-179	179	-179	179
CAGE_TSS_26013	4	-	176777	177005	66.18070984	177005	0	228	-228	228	-228	228
CAGE_TSS_26024	4	-	227210	227372	11.68369007	227372	0	162	-162	162	-162	162
CAGE_TSS_26028	4	-	240473	240504	7.540289879	240504	0	31	-31	31	-31	31
CAGE_TSS_26031	4	-	246771	246998	28.40958023	246998	0	227	-227	227	-227	227
CAGE_TSS_26036	4	-	279121	279267	6.559669971	279267	0	146	-146	146	-146	146
CAGE_TSS_26038	4	-	280706	280888	12.82553005	280888	0	182	-182	182	-182	182
CAGE_TSS_26042	4	-	297290	297427	35.33422089	297427	0	137	-137	137	-137	137
CAGE_TSS_26051	4	-	347170	347470	121.283371	347470	0	300	-300	300	-300	300
CAGE_TSS_26059	4	-	375371	375501	10.35552979	375501	0	130	-130	130	-130	130
CAGE_TSS_26086	4	-	473757	473931	7.124199867	473931	0	174	-174	174	-174	174
CAGE_TSS_26093	4	-	512792	513080	161.4530945	513080	0	288	-288	288	-288	288
CAGE_TSS_26096	4	-	524213	524206	5.817470074	524206	0	-7	7	-7	7	7
CAGE_TSS_26116	4	-	676348	676514	53.11087036	676514	0	166	-166	166	-166	166
CAGE_TSS_26118	4	-	682651	682841	14.86489964	682841	0	190	-190	190	-190	190
CAGE_TSS_26127	4	-	733511	733707	10.39132977	733707	0	196	-196	196	-196	196
CAGE_TSS_26130	4	-	776175	776305	7.997829914	776305	0	130	-130	130	-130	130
CAGE_TSS_26138	4	-	810445	810594	30.63639069	810594	0	149	-149	149	-149	149
CAGE_TSS_26144	4	-	831296	831299	17.75748062	831299	0	3	-3	3	-3	3
CAGE_TSS_26149	4	-	843408	843570	38.92456818	843570	0	162	-162	162	-162	162
CAGE_TSS_26150	4	-	846790	846906	12.53384018	846906	0	116	-116	116	-116	116
CAGE_TSS_26158	4	-	879624	879860	11.94711018	879860	0	236	-236	236	-236	236
CAGE_TSS_26159	4	-	900242	900347	62.98054123	900347	0	105	-105	105	-105	105
CAGE_TSS_26161	4	-	916506	916667	35.09584045	916667	0	161	-161	161	-161	161
CAGE_TSS_26162	4	-	947073	947235	14.61108971	947235	0	162	-162	162	-162	162
CAGE_TSS_26175	4	-	1046993	1047204	14.23262978	1047204	0	211	-211	211	-211	211
CAGE_TSS_26179	4	-	1068837	1068903	44.11462021	1068903	0	66	-66	66	-66	66
CAGE_TSS_26208	4	-	1151199	1151340	19.38657951	1151340	0	141	-141	141	-141	141
CAGE_TSS_26214	4	-	1203340	1203478	7.938930035	1203478	0	138	-138	138	-138	138
CAGE_TSS_26227	4	-	1270524	1270506	12.44139957	1270506	0	-18	18	-18	18	18
CAGE_TSS_26230	4	-	1279730	1279974	5.457459927	1279974	0	244	-244	244	-244	244
CAGE_TSS_26231	4	-	1280027	1280188	6.451129913	1280188	0	161	-161	161	-161	161
CAGE_TSS_26243	4	-	1337367	1337461	9.480179787	1337461	0	94	-94	94	-94	94
CAGE_TSS_26244	4	-	1353929	1354149	12.84218025	1354149	0	220	-220	220	-220	220
CAGE_TSS_26254	4	-	1407136	1407342	34.68864822	1407342	0	206	-206	206	-206	206
CAGE_TSS_26265	4	-	1499875	1500029	32.71401978	1500029	0	154	-154	154	-154	154
CAGE_TSS_26270	4	-	1529106	1529275	38.47439957	1529275	0	169	-169	169	-169	169
CAGE_TSS_26274	4	-	1559388	1559630	10.19248962	1559630	0	242	-242	242	-242	242
CAGE_TSS_26280	4	-	1604342	1604542	7.076769829	1604542	0	200	-200	200	-200	200
CAGE_TSS_26291	4	-	1774426	1774648	6.335589886	1774648	0	222	-222	222	-222	222
CAGE_TSS_26339	4	-	2330135	2330269	5.285140038	2330269	0	134	-134	134	-134	134
CAGE_TSS_26354	4	-	2413285	2413378	13.77641964	2413378	0	93	-93	93	-93	93
CAGE_TSS_26361	4	-	2464087	2464200	73.84068298	2464200	0	113	-113	113	-113	113
CAGE_TSS_26381	4	-	2525269	2525484	38.62485886	2525484	0	215	-215	215	-215	215
CAGE_TSS_26385	4	-	2589359	2589436	17.44135094	2589436	0	77	-77	77	-77	77
CAGE_TSS_26394	4	-	2635109	2634956	14.7098999	2634956	0	-153	153	-153	153	153
CAGE_TSS_26395	4	-	2660717	2660945	5.313920021	2660945	0	228	-228	228	-228	228
CAGE_TSS_26399	4	-	2673187	2673375	234.5848083	2673375	0	188	-188	188	-188	188
CAGE_TSS_26400	4	-	2682323	2682457	14.61804008	2682457	0	134	-134	134	-134	134
CAGE_TSS_26408	4	-	2740683	2740765	16.46640015	2740765	0	82	-82	82	-82	82
CAGE_TSS_26475	4	-	4074552	4074693	11.65484047	4074693	0	141	-141	141	-141	141
CAGE_TSS_26491	4	-	4805281	4805355	22.44932938	4805355	0	74	-74	74	-74	74
CAGE_TSS_26508	4	-	5086640	5086687	20.33208084	5086687	0	47	-47	47	-47	47
CAGE_TSS_26517	4	-	5167178	5167246	155.1407013	5167246	0	68	-68	68	-68	68
CAGE_TSS_26520	4	-	5189809	5189759	39.38261032	5189759	0	-50	50	-50	50	50
CAGE_TSS_26522	4	-	5256696	5256739	5.223070145	5256739	0	43	-43	43	-43	43
CAGE_TSS_26529	4	-	5407297	5407325	7.425059795	5407325	0	28	-28	28	-28	28
CAGE_TSS_26547	4	-	5617943	5618013	8.783849716	5618013	0	70	-70	70	-70	70
CAGE_TSS_26551	4	-	5640496	5640628	16.7609005	5640628	0	132	-132	132	-132	132
CAGE_TSS_26568	4	-	5797333	5797364	42.4905014	5797364	0	31	-31	31	-31	31
CAGE_TSS_26572	4	-	5927626	5927724	10.09595013	5927724	0	98	-98	98	-98	98
CAGE_TSS_26630	4	-	6435064	6435328	78.65390015	6435328	0	264	-264	264	-264	264
CAGE_TSS_26651	4	-	6614856	6615016	50.77508163	6615016	0	160	-160	160	-160	160
CAGE_TSS_26663	4	-	6704599	6704651	15.78915024	6704651	0	52	-52	52	-52	52
CAGE_TSS_26665	4	-	6711223	6711266	235.9047546	6711266	0	43	-43	43	-43	43
CAGE_TSS_26668	4	-	6718552	6718672	37.05855179	6718672	0	120	-120	120	-120	120
CAGE_TSS_26676	4	-	6734358	6734420	206.0627899	6734420	0	62	-62	62	-62	62
CAGE_TSS_26689	4	-	6839794	6839892	88.79016876	6839892	0	98	-98	98	-98	98
CAGE_TSS_26691	4	-	6853747	6853879	6.385960102	6853879	0	132	-132	132	-132	132
CAGE_TSS_26698	4	-	6947227	6947277	7.775279999	6947277	0	50	-50	50	-50	50
CAGE_TSS_26711	4	-	6998947	6998973	74.25588226	6998973	0	26	-26	26	-26	26
CAGE_TSS_26716	4	-	7011332	7011433	21.90279007	7011433	0	101	-101	101	-101	101
CAGE_TSS_26721	4	-	7026142	7026282	5.010320187	7026282	0	140	-140	140	-140	140
CAGE_TSS_26722	4	-	7053110	7053170	78.5059967	7053170	0	60	-60	60	-60	60
CAGE_TSS_26723	4	-	7055720	7055671	5.362120152	7055671	0	-49	49	-49	49	49
CAGE_TSS_26724	4	-	7099696	7099757	19.20903969	7099757	0	61	-61	61	-61	61
CAGE_TSS_26729	4	-	7128102	7128146	23.06819916	7128146	0	44	-44	44	-44	44
CAGE_TSS_26734	4	-	7163372	7163555	6.861710072	7163555	0	183	-183	183	-183	183
CAGE_TSS_26735	4	-	7177747	7177902	21.78796005	7177902	0	155	-155	155	-155	155
CAGE_TSS_26736	4	-	7185569	7185622	92.85186768	7185622	0	53	-53	53	-53	53
CAGE_TSS_26737	4	-	7189866	7190113	29.48286057	7190113	0	247	-247	247	-247	247
CAGE_TSS_26738	4	-	7195151	7195249	31.70190048	7195249	0	98	-98	98	-98	98
CAGE_TSS_26744	4	-	7239993	7240181	6.720339775	7240181	0	188	-188	188	-188	188
CAGE_TSS_26746	4	-	7243031	7243205	24.58419037	7243205	0	174	-174	174	-174	174
CAGE_TSS_26748	4	-	7261162	7261190	15.76350021	7261190	0	28	-28	28	-28	28
CAGE_TSS_26749	4	-	7290975	7291173	102.4069824	7291173	0	198	-198	198	-198	198
CAGE_TSS_26751	4	-	7309733	7309813	8.397780418	7309813	0	80	-80	80	-80	80
CAGE_TSS_26755	4	-	7319738	7319946	19.54776001	7319946	0	208	-208	208	-208	208
CAGE_TSS_26770	4	-	7386808	7386924	6.651569843	7386924	0	116	-116	116	-116	116
CAGE_TSS_26786	4	-	7470620	7470669	27.16237068	7470669	0	49	-49	49	-49	49
CAGE_TSS_26793	4	-	7494227	7494388	170.2229462	7494388	0	161	-161	161	-161	161
CAGE_TSS_26798	4	-	7519422	7519582	274.8273926	7519582	0	160	-160	160	-160	160
CAGE_TSS_26801	4	-	7544714	7544723	7.664619923	7544723	0	9	-9	9	-9	9
CAGE_TSS_26806	4	-	7553349	7553394	24.78227997	7553394	0	45	-45	45	-45	45
CAGE_TSS_26827	4	-	7658206	7658315	44.16664124	7658315	0	109	-109	109	-109	109
CAGE_TSS_26828	4	-	7663173	7663221	21.5683403	7663221	0	48	-48	48	-48	48
CAGE_TSS_26830	4	-	7675274	7675281	17.96781921	7675281	0	7	-7	7	-7	7
CAGE_TSS_26836	4	-	7686875	7687011	19.88919067	7687011	0	136	-136	136	-136	136
CAGE_TSS_26837	4	-	7724013	7724132	24.66839981	7724132	0	119	-119	119	-119	119
CAGE_TSS_26840	4	-	7760906	7761013	9.113610268	7761013	0	107	-107	107	-107	107
CAGE_TSS_26842	4	-	7773686	7773762	6.622320175	7773762	0	76	-76	76	-76	76
CAGE_TSS_26845	4	-	7786112	7786252	128.9620361	7786252	0	140	-140	140	-140	140
CAGE_TSS_26855	4	-	7807850	7808008	62.78313065	7808008	0	158	-158	158	-158	158
CAGE_TSS_26857	4	-	7826929	7826994	15.52359009	7826994	0	65	-65	65	-65	65
CAGE_TSS_26860	4	-	7857902	7858004	9.462639809	7858004	0	102	-102	102	-102	102
CAGE_TSS_26870	4	-	7903943	7904027	50.28720856	7904027	0	84	-84	84	-84	84
CAGE_TSS_26872	4	-	7936425	7936515	6.338610172	7936515	0	90	-90	90	-90	90
CAGE_TSS_26884	4	-	7992308	7992491	84.5296936	7992491	0	183	-183	183	-183	183
CAGE_TSS_26896	4	-	8025574	8025669	9.516500473	8025669	0	95	-95	95	-95	95
CAGE_TSS_26910	4	-	8095735	8095669	23.17886925	8095669	0	-66	66	-66	66	66
CAGE_TSS_26916	4	-	8100215	8100328	8.717709541	8100328	0	113	-113	113	-113	113
CAGE_TSS_26942	4	-	8203182	8203449	27.96285057	8203449	0	267	-267	267	-267	267
CAGE_TSS_26952	4	-	8249096	8249186	5.964960098	8249186	0	90	-90	90	-90	90
CAGE_TSS_26955	4	-	8255479	8255610	46.83388138	8255610	0	131	-131	131	-131	131
CAGE_TSS_26958	4	-	8260815	8260998	24.46756935	8260998	0	183	-183	183	-183	183
CAGE_TSS_26959	4	-	8271050	8271257	18.55677032	8271257	0	207	-207	207	-207	207
CAGE_TSS_26967	4	-	8303840	8303991	10.23165989	8303991	0	151	-151	151	-151	151
CAGE_TSS_26982	4	-	8350017	8350240	42.01747894	8350240	0	223	-223	223	-223	223
CAGE_TSS_26995	4	-	8426445	8426484	7.951320171	8426484	0	39	-39	39	-39	39
CAGE_TSS_26999	4	-	8431925	8431870	14.74470997	8431870	0	-55	55	-55	55	55
CAGE_TSS_27005	4	-	8464389	8464647	15.11025047	8464647	0	258	-258	258	-258	258
CAGE_TSS_27020	4	-	8520435	8520455	79.44435883	8520455	0	20	-20	20	-20	20
CAGE_TSS_27022	4	-	8523690	8523912	18.60527992	8523912	0	222	-222	222	-222	222
CAGE_TSS_27025	4	-	8536137	8536360	5.51388979	8536360	0	223	-223	223	-223	223
CAGE_TSS_27029	4	-	8550424	8550549	33.7105484	8550549	0	125	-125	125	-125	125
CAGE_TSS_27031	4	-	8569833	8569791	10.54872036	8569791	0	-42	42	-42	42	42
CAGE_TSS_27033	4	-	8606189	8606337	14.06054974	8606337	0	148	-148	148	-148	148
CAGE_TSS_27035	4	-	8633047	8633166	14.23707962	8633166	0	119	-119	119	-119	119
CAGE_TSS_27036	4	-	8640288	8640297	10.80259991	8640297	0	9	-9	9	-9	9
CAGE_TSS_27041	4	-	8669464	8669745	128.6536102	8669745	0	281	-281	281	-281	281
CAGE_TSS_27043	4	-	8695629	8695608	259.3294067	8695608	0	-21	21	-21	21	21
CAGE_TSS_27044	4	-	8705417	8705576	33.4291687	8705576	0	159	-159	159	-159	159
CAGE_TSS_27049	4	-	8732822	8733040	12.82137966	8733040	0	218	-218	218	-218	218
CAGE_TSS_27050	4	-	8753162	8753285	72.30319977	8753285	0	123	-123	123	-123	123
CAGE_TSS_27052	4	-	8760603	8760877	15.9109602	8760877	0	274	-274	274	-274	274
CAGE_TSS_27055	4	-	8794280	8794520	22.03499985	8794520	0	240	-240	240	-240	240
CAGE_TSS_27071	4	-	8879335	8879592	49.84421921	8879592	0	257	-257	257	-257	257
CAGE_TSS_27080	4	-	8974537	8974640	9.54403019	8974640	0	103	-103	103	-103	103
CAGE_TSS_27084	4	-	8977242	8977305	6.935820103	8977305	0	63	-63	63	-63	63
CAGE_TSS_27088	4	-	8985598	8985499	105.5409775	8985499	0	-99	99	-99	99	99
CAGE_TSS_27097	4	-	9033394	9033462	25.23802948	9033462	0	68	-68	68	-68	68
CAGE_TSS_27105	4	-	9129736	9130022	11.56219006	9130022	0	286	-286	286	-286	286
CAGE_TSS_27111	4	-	9144577	9144584	68.67948151	9144584	0	7	-7	7	-7	7
CAGE_TSS_27113	4	-	9157202	9157376	110.4684372	9157376	0	174	-174	174	-174	174
CAGE_TSS_27119	4	-	9199735	9199884	33.95811081	9199884	0	149	-149	149	-149	149
CAGE_TSS_27123	4	-	9204063	9204251	9.904170036	9204251	0	188	-188	188	-188	188
CAGE_TSS_27132	4	-	9265996	9266081	6.81276989	9266081	0	85	-85	85	-85	85
CAGE_TSS_27142	4	-	9295624	9295900	141.6794434	9295900	0	276	-276	276	-276	276
CAGE_TSS_27143	4	-	9301914	9302153	136.7708588	9302153	0	239	-239	239	-239	239
CAGE_TSS_27144	4	-	9305762	9305883	5.320539951	9305883	0	121	-121	121	-121	121
CAGE_TSS_27150	4	-	9308429	9308722	63.17134094	9308722	0	293	-293	293	-293	293
CAGE_TSS_27156	4	-	9342959	9343213	7.676579952	9343213	0	254	-254	254	-254	254
CAGE_TSS_27158	4	-	9360093	9360185	7.921460152	9360185	0	92	-92	92	-92	92
CAGE_TSS_27162	4	-	9390886	9390997	119.5468979	9390997	0	111	-111	111	-111	111
CAGE_TSS_27169	4	-	9421765	9421986	8.666330338	9421986	0	221	-221	221	-221	221
CAGE_TSS_27194	4	-	9525782	9525794	29.35569	9525794	0	12	-12	12	-12	12
CAGE_TSS_27203	4	-	9555783	9555958	15.5454998	9555958	0	175	-175	175	-175	175
CAGE_TSS_27214	4	-	9598137	9598151	26.72047997	9598151	0	14	-14	14	-14	14
CAGE_TSS_27221	4	-	9612558	9612641	11.33020973	9612641	0	83	-83	83	-83	83
CAGE_TSS_27226	4	-	9646292	9646387	5.734600067	9646387	0	95	-95	95	-95	95
CAGE_TSS_27227	4	-	9650910	9650961	24.77890015	9650961	0	51	-51	51	-51	51
CAGE_TSS_27229	4	-	9663766	9663814	17.31974983	9663814	0	48	-48	48	-48	48
CAGE_TSS_27237	4	-	9697687	9697775	17.19400024	9697775	0	88	-88	88	-88	88
CAGE_TSS_27243	4	-	9724639	9724677	29.93840981	9724677	0	38	-38	38	-38	38
CAGE_TSS_27244	4	-	9726812	9726849	27.73048019	9726849	0	37	-37	37	-37	37
CAGE_TSS_27247	4	-	9744862	9745049	45.90047073	9745049	0	187	-187	187	-187	187
CAGE_TSS_27260	4	-	9775591	9775620	10.90415001	9775620	0	29	-29	29	-29	29
CAGE_TSS_27271	4	-	9844199	9844258	9.246080399	9844258	0	59	-59	59	-59	59
CAGE_TSS_27279	4	-	9896683	9896670	11.80241013	9896670	0	-13	13	-13	13	13
CAGE_TSS_27286	4	-	9920448	9920613	206.1735229	9920613	0	165	-165	165	-165	165
CAGE_TSS_27299	4	-	10006797	10006976	29.85425949	10006976	0	179	-179	179	-179	179
CAGE_TSS_27303	4	-	10015678	10015931	45.00959015	10015931	0	253	-253	253	-253	253
CAGE_TSS_27317	4	-	10049414	10049557	126.134613	10049557	0	143	-143	143	-143	143
CAGE_TSS_27327	4	-	10148777	10148857	114.2754211	10148857	0	80	-80	80	-80	80
CAGE_TSS_27336	4	-	10182139	10182220	7.331729889	10182220	0	81	-81	81	-81	81
CAGE_TSS_27337	4	-	10185290	10185494	20.58386993	10185494	0	204	-204	204	-204	204
CAGE_TSS_27340	4	-	10188909	10189057	47.81562042	10189057	0	148	-148	148	-148	148
CAGE_TSS_27350	4	-	10247395	10247544	12.5782299	10247544	0	149	-149	149	-149	149
CAGE_TSS_27366	4	-	10309502	10309581	15.59720039	10309581	0	79	-79	79	-79	79
CAGE_TSS_27369	4	-	10321514	10321681	20.52106094	10321681	0	167	-167	167	-167	167
CAGE_TSS_27378	4	-	10393879	10394025	8.638699532	10394025	0	146	-146	146	-146	146
CAGE_TSS_27384	4	-	10414247	10414368	111.4215164	10414368	0	121	-121	121	-121	121
CAGE_TSS_27398	4	-	10459271	10459451	107.9713516	10459451	0	180	-180	180	-180	180
CAGE_TSS_27401	4	-	10464173	10464441	19.54598045	10464441	0	268	-268	268	-268	268
CAGE_TSS_27405	4	-	10488418	10488654	9.509719849	10488654	0	236	-236	236	-236	236
CAGE_TSS_27416	4	-	10576379	10576516	30.34114075	10576516	0	137	-137	137	-137	137
CAGE_TSS_27421	4	-	10585734	10585931	32.07532883	10585931	0	197	-197	197	-197	197
CAGE_TSS_27431	4	-	10647111	10647215	7.905769825	10647215	0	104	-104	104	-104	104
CAGE_TSS_27435	4	-	10661192	10661246	62.78179932	10661246	0	54	-54	54	-54	54
CAGE_TSS_27439	4	-	10689575	10689690	12.97233963	10689690	0	115	-115	115	-115	115
CAGE_TSS_27441	4	-	10698685	10698784	12.49635983	10698784	0	99	-99	99	-99	99
CAGE_TSS_27443	4	-	10702039	10702268	17.84277916	10702268	0	229	-229	229	-229	229
CAGE_TSS_27454	4	-	10780362	10780478	10.65256977	10780478	0	116	-116	116	-116	116
CAGE_TSS_27467	4	-	10832080	10832135	76.0173111	10832135	0	55	-55	55	-55	55
CAGE_TSS_27474	4	-	10907732	10907845	142.8970947	10907845	0	113	-113	113	-113	113
CAGE_TSS_27483	4	-	10992181	10992267	16.61696053	10992267	0	86	-86	86	-86	86
CAGE_TSS_27490	4	-	11023750	11023985	21.11615944	11023985	0	235	-235	235	-235	235
CAGE_TSS_27492	4	-	11032630	11032600	11.0478096	11032600	0	-30	30	-30	30	30
CAGE_TSS_27497	4	-	11133935	11134078	7.598949909	11134078	0	143	-143	143	-143	143
CAGE_TSS_27504	4	-	11176790	11176880	34.72723007	11176880	0	90	-90	90	-90	90
CAGE_TSS_27505	4	-	11180821	11180866	20.15043068	11180866	0	45	-45	45	-45	45
CAGE_TSS_27515	4	-	11288752	11288757	5.19175005	11288757	0	5	-5	5	-5	5
CAGE_TSS_27520	4	-	11313655	11313784	21.47858047	11313784	0	129	-129	129	-129	129
CAGE_TSS_27523	4	-	11334174	11334254	37.06439972	11334254	0	80	-80	80	-80	80
CAGE_TSS_27528	4	-	11405055	11405305	29.87854958	11405305	0	250	-250	250	-250	250
CAGE_TSS_27534	4	-	11447050	11447058	24.73908043	11447058	0	8	-8	8	-8	8
CAGE_TSS_27540	4	-	11470531	11470491	6.773729801	11470491	0	-40	40	-40	40	40
CAGE_TSS_27542	4	-	11472816	11472933	216.0298767	11472933	0	117	-117	117	-117	117
CAGE_TSS_27554	4	-	11567598	11567784	10.64377022	11567784	0	186	-186	186	-186	186
CAGE_TSS_27558	4	-	11585390	11585681	167.6334076	11585681	0	291	-291	291	-291	291
CAGE_TSS_27559	4	-	11588270	11588498	131.2698669	11588498	0	228	-228	228	-228	228
CAGE_TSS_27562	4	-	11592237	11592490	106.9807663	11592490	0	253	-253	253	-253	253
CAGE_TSS_27569	4	-	11619349	11619617	184.415329	11619617	0	268	-268	268	-268	268
CAGE_TSS_27570	4	-	11623783	11623926	29.72808075	11623926	0	143	-143	143	-143	143
CAGE_TSS_27571	4	-	11629352	11629637	42.98921967	11629637	0	285	-285	285	-285	285
CAGE_TSS_27572	4	-	11631016	11631100	10.07896042	11631100	0	84	-84	84	-84	84
CAGE_TSS_27577	4	-	11647894	11647883	3.189549923	11647883	0	-11	11	-11	11	11
CAGE_TSS_27578	4	-	11648355	11648237	5.905459881	11648237	0	-118	118	-118	118	118
CAGE_TSS_27582	4	-	11659058	11659206	15.23721981	11659206	0	148	-148	148	-148	148
CAGE_TSS_27595	4	-	11732650	11732760	8.530870438	11732760	0	110	-110	110	-110	110
CAGE_TSS_27596	4	-	11743196	11743236	19.57905006	11743236	0	40	-40	40	-40	40
CAGE_TSS_27600	4	-	11760930	11761162	9.438220024	11761162	0	232	-232	232	-232	232
CAGE_TSS_27606	4	-	11772513	11772713	26.49671936	11772713	0	200	-200	200	-200	200
CAGE_TSS_27612	4	-	11794724	11794853	14.23369026	11794853	0	129	-129	129	-129	129
CAGE_TSS_27624	4	-	11860163	11860388	8.705249786	11860388	0	225	-225	225	-225	225
CAGE_TSS_27625	4	-	11864335	11864586	16.21713066	11864586	0	251	-251	251	-251	251
CAGE_TSS_27631	4	-	11885391	11885520	7.630040169	11885520	0	129	-129	129	-129	129
CAGE_TSS_27633	4	-	11895755	11895960	49.41212845	11895960	0	205	-205	205	-205	205
CAGE_TSS_27635	4	-	11902602	11902816	44.34468079	11902816	0	214	-214	214	-214	214
CAGE_TSS_27647	4	-	11965649	11965921	7.177010059	11965921	0	272	-272	272	-272	272
CAGE_TSS_27657	4	-	12018300	12018370	9.373920441	12018370	0	70	-70	70	-70	70
CAGE_TSS_27660	4	-	12043652	12043778	15.33452034	12043778	0	126	-126	126	-126	126
CAGE_TSS_27663	4	-	12060716	12060881	6.456550121	12060881	0	165	-165	165	-165	165
CAGE_TSS_27664	4	-	12062819	12062823	77.10955811	12062823	0	4	-4	4	-4	4
CAGE_TSS_27675	4	-	12143837	12143931	11.10859013	12143931	0	94	-94	94	-94	94
CAGE_TSS_27678	4	-	12153414	12153536	6.909289837	12153536	0	122	-122	122	-122	122
CAGE_TSS_27682	4	-	12167061	12167102	10.75166988	12167102	0	41	-41	41	-41	41
CAGE_TSS_27683	4	-	12170003	12170292	25.88476944	12170292	0	289	-289	289	-289	289
CAGE_TSS_27696	4	-	12270558	12270838	53.0653801	12270838	0	280	-280	280	-280	280
CAGE_TSS_27697	4	-	12272923	12273128	19.47426033	12273128	0	205	-205	205	-205	205
CAGE_TSS_27703	4	-	12327448	12327570	13.45812988	12327570	0	122	-122	122	-122	122
CAGE_TSS_27708	4	-	12333710	12333953	97.51437378	12333953	0	243	-243	243	-243	243
CAGE_TSS_27710	4	-	12337478	12337697	59.81307983	12337697	0	219	-219	219	-219	219
CAGE_TSS_27715	4	-	12393984	12394254	10.72616959	12394254	0	270	-270	270	-270	270
CAGE_TSS_27717	4	-	12400090	12400140	39.59193039	12400140	0	50	-50	50	-50	50
CAGE_TSS_27730	4	-	12520814	12521083	7.688109875	12521083	0	269	-269	269	-269	269
CAGE_TSS_27748	4	-	12555904	12556171	37.49330902	12556171	0	267	-267	267	-267	267
CAGE_TSS_27749	4	-	12560883	12561011	198.2645111	12561011	0	128	-128	128	-128	128
CAGE_TSS_27774	4	-	12684885	12685083	19.74246979	12685083	0	198	-198	198	-198	198
CAGE_TSS_27779	4	-	12712655	12712907	48.31847	12712907	0	252	-252	252	-252	252
CAGE_TSS_27789	4	-	12757734	12757828	8.176560402	12757828	0	94	-94	94	-94	94
CAGE_TSS_27793	4	-	12763772	12764038	34.92921829	12764038	0	266	-266	266	-266	266
CAGE_TSS_27802	4	-	12785837	12785919	12.19425011	12785919	0	82	-82	82	-82	82
CAGE_TSS_27808	4	-	12795909	12796053	79.72644043	12796053	0	144	-144	144	-144	144
CAGE_TSS_27810	4	-	12800938	12801157	5.941979885	12801157	0	219	-219	219	-219	219
CAGE_TSS_27816	4	-	12820735	12820779	42.87533188	12820779	0	44	-44	44	-44	44
CAGE_TSS_27823	4	-	12861982	12862059	200.1134338	12862059	0	77	-77	77	-77	77
CAGE_TSS_27825	4	-	12883744	12883838	19.31835938	12883838	0	94	-94	94	-94	94
CAGE_TSS_27826	4	-	12884667	12884389	6.952429771	12884389	0	-278	278	-278	278	278
CAGE_TSS_27834	4	-	12900024	12900318	89.71520233	12900318	0	294	-294	294	-294	294
CAGE_TSS_27838	4	-	12913999	12913984	6.618579865	12913984	0	-15	15	-15	15	15
CAGE_TSS_27842	4	-	12936653	12936944	131.5275421	12936944	0	291	-291	291	-291	291
CAGE_TSS_27844	4	-	12940925	12941109	196.9056091	12941109	0	184	-184	184	-184	184
CAGE_TSS_27857	4	-	13013915	13014084	5.106739998	13014084	0	169	-169	169	-169	169
CAGE_TSS_27858	4	-	13016234	13016389	20.72792053	13016389	0	155	-155	155	-155	155
CAGE_TSS_27859	4	-	13019140	13019230	20.67992973	13019230	0	90	-90	90	-90	90
CAGE_TSS_27865	4	-	13055617	13055735	32.530159	13055735	0	118	-118	118	-118	118
CAGE_TSS_27866	4	-	13069451	13069567	168.2963257	13069567	0	116	-116	116	-116	116
CAGE_TSS_27870	4	-	13079037	13079171	44.02270889	13079171	0	134	-134	134	-134	134
CAGE_TSS_27876	4	-	13087053	13087125	19.82505989	13087125	0	72	-72	72	-72	72
CAGE_TSS_27879	4	-	13091809	13092035	69.96808624	13092035	0	226	-226	226	-226	226
CAGE_TSS_27881	4	-	13095868	13096042	16.76269913	13096042	0	174	-174	174	-174	174
CAGE_TSS_27882	4	-	13099549	13099651	5.955120087	13099651	0	102	-102	102	-102	102
CAGE_TSS_27892	4	-	13151896	13151970	20.32744026	13151970	0	74	-74	74	-74	74
CAGE_TSS_27904	4	-	13216500	13216464	37.14907074	13216464	0	-36	36	-36	36	36
CAGE_TSS_27908	4	-	13222266	13222444	58.4473381	13222444	0	178	-178	178	-178	178
CAGE_TSS_27914	4	-	13247926	13247991	7.448550224	13247991	0	65	-65	65	-65	65
CAGE_TSS_27930	4	-	13336174	13336348	9.686579704	13336348	0	174	-174	174	-174	174
CAGE_TSS_27936	4	-	13375969	13376179	80.50482941	13376179	0	210	-210	210	-210	210
CAGE_TSS_27946	4	-	13411057	13411267	74.12024689	13411267	0	210	-210	210	-210	210
CAGE_TSS_27965	4	-	13460016	13460034	8.41506958	13460034	0	18	-18	18	-18	18
CAGE_TSS_27968	4	-	13478436	13478580	10.33786964	13478580	0	144	-144	144	-144	144
CAGE_TSS_27970	4	-	13481741	13481922	53.5745697	13481922	0	181	-181	181	-181	181
CAGE_TSS_27975	4	-	13492941	13493115	5.27218008	13493115	0	174	-174	174	-174	174
CAGE_TSS_27987	4	-	13523211	13523241	8.756529808	13523241	0	30	-30	30	-30	30
CAGE_TSS_27992	4	-	13554329	13554421	8.490449905	13554421	0	92	-92	92	-92	92
CAGE_TSS_27998	4	-	13571445	13571519	10.2703104	13571519	0	74	-74	74	-74	74
CAGE_TSS_28013	4	-	13638414	13638547	11.00806046	13638547	0	133	-133	133	-133	133
CAGE_TSS_28016	4	-	13664239	13664334	23.85663033	13664334	0	95	-95	95	-95	95
CAGE_TSS_28019	4	-	13674332	13674339	48.62181091	13674339	0	7	-7	7	-7	7
CAGE_TSS_28022	4	-	13680772	13680936	69.19847107	13680936	0	164	-164	164	-164	164
CAGE_TSS_28028	4	-	13708694	13708792	5.628600121	13708792	0	98	-98	98	-98	98
CAGE_TSS_28029	4	-	13709117	13709324	255.0119934	13709324	0	207	-207	207	-207	207
CAGE_TSS_28039	4	-	13754685	13754814	11.26968956	13754814	0	129	-129	129	-129	129
CAGE_TSS_28040	4	-	13761528	13761625	40.10346985	13761625	0	97	-97	97	-97	97
CAGE_TSS_28042	4	-	13769861	13769969	12.87012005	13769969	0	108	-108	108	-108	108
CAGE_TSS_28046	4	-	13788352	13788456	16.01754951	13788456	0	104	-104	104	-104	104
CAGE_TSS_28052	4	-	13810173	13810298	6.57886982	13810298	0	125	-125	125	-125	125
CAGE_TSS_28058	4	-	13827754	13827815	19.44595909	13827815	0	61	-61	61	-61	61
CAGE_TSS_28060	4	-	13836577	13836684	13.26496983	13836684	0	107	-107	107	-107	107
CAGE_TSS_28064	4	-	13854146	13854273	5.039899826	13854273	0	127	-127	127	-127	127
CAGE_TSS_28066	4	-	13860688	13860866	16.35350037	13860866	0	178	-178	178	-178	178
CAGE_TSS_28068	4	-	13866282	13866442	38.02883148	13866442	0	160	-160	160	-160	160
CAGE_TSS_28074	4	-	13924693	13924963	50.08758163	13924963	0	270	-270	270	-270	270
CAGE_TSS_28079	4	-	13937381	13937362	12.94909	13937362	0	-19	19	-19	19	19
CAGE_TSS_28100	4	-	13985310	13985416	13.51809025	13985416	0	106	-106	106	-106	106
CAGE_TSS_28102	4	-	13997260	13997415	12.01165009	13997415	0	155	-155	155	-155	155
CAGE_TSS_28104	4	-	13998342	13998494	51.87770081	13998494	0	152	-152	152	-152	152
CAGE_TSS_28107	4	-	14002040	14002288	5.753520012	14002288	0	248	-248	248	-248	248
CAGE_TSS_28109	4	-	14008949	14009114	21.10885048	14009114	0	165	-165	165	-165	165
CAGE_TSS_28110	4	-	14012582	14012668	43.93722153	14012668	0	86	-86	86	-86	86
CAGE_TSS_28112	4	-	14023070	14023156	55.65412903	14023156	0	86	-86	86	-86	86
CAGE_TSS_28120	4	-	14086843	14086991	30.59642982	14086991	0	148	-148	148	-148	148
CAGE_TSS_28125	4	-	14135254	14135418	7.200819969	14135418	0	164	-164	164	-164	164
CAGE_TSS_28127	4	-	14140952	14141177	31.5633297	14141177	0	225	-225	225	-225	225
CAGE_TSS_28128	4	-	14147411	14147668	17.89723015	14147668	0	257	-257	257	-257	257
CAGE_TSS_28134	4	-	14257815	14258106	6.524849892	14258106	0	291	-291	291	-291	291
CAGE_TSS_28135	4	-	14266645	14266744	224.2222595	14266744	0	99	-99	99	-99	99
CAGE_TSS_28141	4	-	14302020	14302183	7.877940178	14302183	0	163	-163	163	-163	163
CAGE_TSS_28143	4	-	14316945	14317123	7.106460094	14317123	0	178	-178	178	-178	178
CAGE_TSS_28147	4	-	14355113	14355272	67.60533905	14355272	0	159	-159	159	-159	159
CAGE_TSS_28148	4	-	14393376	14393483	15.70938969	14393483	0	107	-107	107	-107	107
CAGE_TSS_28153	4	-	14424881	14424979	102.6744232	14424979	0	98	-98	98	-98	98
CAGE_TSS_28163	4	-	14472226	14472304	70.26168823	14472304	0	78	-78	78	-78	78
CAGE_TSS_28164	4	-	14477938	14478013	27.59046936	14478013	0	75	-75	75	-75	75
CAGE_TSS_28175	4	-	14537244	14537305	7.100609779	14537305	0	61	-61	61	-61	61
CAGE_TSS_28179	4	-	14545137	14545266	107.3557816	14545266	0	129	-129	129	-129	129
CAGE_TSS_28181	4	-	14555166	14555432	27.81491089	14555432	0	266	-266	266	-266	266
CAGE_TSS_28182	4	-	14562537	14562610	19.48823929	14562610	0	73	-73	73	-73	73
CAGE_TSS_28188	4	-	14595268	14595411	52.10847092	14595411	0	143	-143	143	-143	143
CAGE_TSS_28190	4	-	14601024	14601294	201.5422821	14601294	0	270	-270	270	-270	270
CAGE_TSS_28191	4	-	14603046	14603124	39.4500885	14603124	0	78	-78	78	-78	78
CAGE_TSS_28195	4	-	14619486	14619518	20.54199028	14619518	0	32	-32	32	-32	32
CAGE_TSS_28196	4	-	14627439	14627401	5.42772007	14627401	0	-38	38	-38	38	38
CAGE_TSS_28204	4	-	14688918	14688931	5.221119881	14688931	0	13	-13	13	-13	13
CAGE_TSS_28225	4	-	14804326	14804530	20.71039009	14804530	0	204	-204	204	-204	204
CAGE_TSS_28227	4	-	14809955	14810061	175.4524841	14810061	0	106	-106	106	-106	106
CAGE_TSS_28228	4	-	14818829	14819087	252.9525757	14819087	0	258	-258	258	-258	258
CAGE_TSS_28234	4	-	14827046	14827275	27.68162918	14827275	0	229	-229	229	-229	229
CAGE_TSS_28235	4	-	14830015	14830111	43.04521942	14830111	0	96	-96	96	-96	96
CAGE_TSS_28237	4	-	14841075	14841081	61.01549911	14841081	0	6	-6	6	-6	6
CAGE_TSS_28240	4	-	14859403	14859607	22.36360931	14859607	0	204	-204	204	-204	204
CAGE_TSS_28241	4	-	14863020	14863160	7.884799957	14863160	0	140	-140	140	-140	140
CAGE_TSS_28242	4	-	14872175	14872305	14.61067009	14872305	0	130	-130	130	-130	130
CAGE_TSS_28245	4	-	14882556	14882731	4.562839985	14882731	0	175	-175	175	-175	175
CAGE_TSS_28246	4	-	14883419	14883432	13.23816013	14883432	0	13	-13	13	-13	13
CAGE_TSS_28251	4	-	14902029	14902211	219.9848328	14902211	0	182	-182	182	-182	182
CAGE_TSS_28259	4	-	14930256	14930414	8.799779892	14930414	0	158	-158	158	-158	158
CAGE_TSS_28261	4	-	14934410	14934487	10.46860981	14934487	0	77	-77	77	-77	77
CAGE_TSS_28269	4	-	14957954	14958152	73.12143707	14958152	0	198	-198	198	-198	198
CAGE_TSS_28274	4	-	14981758	14981776	6.093510151	14981776	0	18	-18	18	-18	18
CAGE_TSS_28281	4	-	15022426	15022554	41.61497116	15022554	0	128	-128	128	-128	128
CAGE_TSS_28299	4	-	15068948	15069003	24.20788002	15069003	0	55	-55	55	-55	55
CAGE_TSS_28311	4	-	15138807	15138862	12.3238802	15138862	0	55	-55	55	-55	55
CAGE_TSS_28320	4	-	15178630	15178859	11.05459976	15178859	0	229	-229	229	-229	229
CAGE_TSS_28331	4	-	15258800	15259000	6.037990093	15259000	0	200	-200	200	-200	200
CAGE_TSS_28335	4	-	15262336	15262432	5.412260056	15262432	0	96	-96	96	-96	96
CAGE_TSS_28336	4	-	15275309	15275409	213.5846252	15275409	0	100	-100	100	-100	100
CAGE_TSS_28337	4	-	15277365	15277570	5.675590038	15277570	0	205	-205	205	-205	205
CAGE_TSS_28351	4	-	15367715	15367848	28.6779995	15367848	0	133	-133	133	-133	133
CAGE_TSS_28362	4	-	15415834	15415991	5.987939835	15415991	0	157	-157	157	-157	157
CAGE_TSS_28365	4	-	15446922	15447010	6.402589798	15447010	0	88	-88	88	-88	88
CAGE_TSS_28373	4	-	15476812	15476888	6.336209774	15476888	0	76	-76	76	-76	76
CAGE_TSS_28375	4	-	15507260	15507366	24.15537071	15507366	0	106	-106	106	-106	106
CAGE_TSS_28381	4	-	15525450	15525502	9.39910984	15525502	0	52	-52	52	-52	52
CAGE_TSS_28384	4	-	15527788	15527998	15.79395008	15527998	0	210	-210	210	-210	210
CAGE_TSS_28387	4	-	15558065	15558204	9.425219536	15558204	0	139	-139	139	-139	139
CAGE_TSS_28392	4	-	15579846	15579933	203.7179871	15579933	0	87	-87	87	-87	87
CAGE_TSS_28395	4	-	15613892	15613771	14.65421963	15613771	0	-121	121	-121	121	121
CAGE_TSS_28403	4	-	15646546	15646804	63.0017395	15646804	0	258	-258	258	-258	258
CAGE_TSS_28407	4	-	15663522	15663696	6.130469799	15663696	0	174	-174	174	-174	174
CAGE_TSS_28416	4	-	15695062	15695165	24.53290939	15695165	0	103	-103	103	-103	103
CAGE_TSS_28419	4	-	15718789	15718944	6.336160183	15718944	0	155	-155	155	-155	155
CAGE_TSS_28426	4	-	15841655	15841613	7.258419991	15841613	0	-42	42	-42	42	42
CAGE_TSS_28429	4	-	15868560	15868660	7.965129852	15868660	0	100	-100	100	-100	100
CAGE_TSS_28432	4	-	15896267	15896330	72.47560883	15896330	0	63	-63	63	-63	63
CAGE_TSS_28437	4	-	15903232	15903234	67.70529938	15903234	0	2	-2	2	-2	2
CAGE_TSS_28458	4	-	15931331	15931434	40.15256882	15931434	0	103	-103	103	-103	103
CAGE_TSS_28459	4	-	15941255	15941538	29.73630905	15941538	0	283	-283	283	-283	283
CAGE_TSS_28460	4	-	15946712	15946811	10.40382957	15946811	0	99	-99	99	-99	99
CAGE_TSS_28465	4	-	15970437	15970563	16.22351074	15970563	0	126	-126	126	-126	126
CAGE_TSS_28466	4	-	15974585	15974856	69.76223755	15974856	0	271	-271	271	-271	271
CAGE_TSS_28467	4	-	15978110	15978238	51.09526062	15978238	0	128	-128	128	-128	128
CAGE_TSS_28468	4	-	15980691	15980941	6.237349987	15980941	0	250	-250	250	-250	250
CAGE_TSS_28471	4	-	15988106	15988344	37.58998871	15988344	0	238	-238	238	-238	238
CAGE_TSS_28475	4	-	16021117	16021322	17.62270927	16021322	0	205	-205	205	-205	205
CAGE_TSS_28476	4	-	16037632	16037659	31.14179993	16037659	0	27	-27	27	-27	27
CAGE_TSS_28477	4	-	16038037	16038131	6.750780106	16038131	0	94	-94	94	-94	94
CAGE_TSS_28482	4	-	16054028	16054175	63.17570877	16054175	0	147	-147	147	-147	147
CAGE_TSS_28483	4	-	16056523	16056751	13.89968967	16056751	0	228	-228	228	-228	228
CAGE_TSS_28484	4	-	16063073	16063183	9.425219536	16063183	0	110	-110	110	-110	110
CAGE_TSS_28485	4	-	16066757	16066912	9.355879784	16066912	0	155	-155	155	-155	155
CAGE_TSS_28487	4	-	16069352	16069302	8.416330338	16069302	0	-50	50	-50	50	50
CAGE_TSS_28488	4	-	16080506	16080536	13.34844017	16080536	0	30	-30	30	-30	30
CAGE_TSS_28489	4	-	16090742	16090955	58.66511154	16090955	0	213	-213	213	-213	213
CAGE_TSS_28492	4	-	16102195	16102355	162.233078	16102355	0	160	-160	160	-160	160
CAGE_TSS_28497	4	-	16110675	16110742	21.42684937	16110742	0	67	-67	67	-67	67
CAGE_TSS_28502	4	-	16130451	16130607	12.00121975	16130607	0	156	-156	156	-156	156
CAGE_TSS_28504	4	-	16136497	16136616	9.845210075	16136616	0	119	-119	119	-119	119
CAGE_TSS_28509	4	-	16154721	16154998	57.69350052	16154998	0	277	-277	277	-277	277
CAGE_TSS_28511	4	-	16160295	16160483	15.05230999	16160483	0	188	-188	188	-188	188
CAGE_TSS_28521	4	-	16179477	16179501	208.7632141	16179501	0	24	-24	24	-24	24
CAGE_TSS_28525	4	-	16196443	16196679	8.661729813	16196679	0	236	-236	236	-236	236
CAGE_TSS_28536	4	-	16258757	16258931	5.542660236	16258931	0	174	-174	174	-174	174
CAGE_TSS_28538	4	-	16288915	16288942	12.6771698	16288942	0	27	-27	27	-27	27
CAGE_TSS_28542	4	-	16314868	16314645	11.19468021	16314645	0	-223	223	-223	223	223
CAGE_TSS_28546	4	-	16344812	16344878	53.48604965	16344878	0	66	-66	66	-66	66
CAGE_TSS_28549	4	-	16347132	16347292	32.18820953	16347292	0	160	-160	160	-160	160
CAGE_TSS_28551	4	-	16349972	16350131	125.8666916	16350131	0	159	-159	159	-159	159
CAGE_TSS_28556	4	-	16371429	16371637	82.66840363	16371637	0	208	-208	208	-208	208
CAGE_TSS_28559	4	-	16373615	16373628	36.71940994	16373628	0	13	-13	13	-13	13
CAGE_TSS_28564	4	-	16376612	16376645	25.1112709	16376645	0	33	-33	33	-33	33
CAGE_TSS_28571	4	-	16388721	16388758	7.820950031	16388758	0	37	-37	37	-37	37
CAGE_TSS_28584	4	-	16471519	16471541	48.61491013	16471541	0	22	-22	22	-22	22
CAGE_TSS_28588	4	-	16484011	16484096	27.27528	16484096	0	85	-85	85	-85	85
CAGE_TSS_28590	4	-	16487375	16487556	86.70568848	16487556	0	181	-181	181	-181	181
CAGE_TSS_28597	4	-	16532965	16532995	10.39132977	16532995	0	30	-30	30	-30	30
CAGE_TSS_28618	4	-	16576598	16576846	26.07299042	16576846	0	248	-248	248	-248	248
CAGE_TSS_28619	4	-	16582875	16582997	56.60525131	16582997	0	122	-122	122	-122	122
CAGE_TSS_28629	4	-	16662300	16662443	8.762999535	16662443	0	143	-143	143	-143	143
CAGE_TSS_28634	4	-	16667653	16667760	56.06848145	16667760	0	107	-107	107	-107	107
CAGE_TSS_28644	4	-	16703286	16703359	32.00350189	16703359	0	73	-73	73	-73	73
CAGE_TSS_28649	4	-	16749964	16750241	47.80511093	16750241	0	277	-277	277	-277	277
CAGE_TSS_28652	4	-	16764490	16764531	18.60783958	16764531	0	41	-41	41	-41	41
CAGE_TSS_28657	4	-	16781772	16781825	8.182279587	16781825	0	53	-53	53	-53	53
CAGE_TSS_28662	4	-	16799753	16799734	16.23180962	16799734	0	-19	19	-19	19	19
CAGE_TSS_28663	4	-	16806654	16806783	6.328420162	16806783	0	129	-129	129	-129	129
CAGE_TSS_28667	4	-	16839372	16839493	10.93902016	16839493	0	121	-121	121	-121	121
CAGE_TSS_28674	4	-	16888248	16888317	10.00316048	16888317	0	69	-69	69	-69	69
CAGE_TSS_28675	4	-	16890836	16890897	99.56556702	16890897	0	61	-61	61	-61	61
CAGE_TSS_28676	4	-	16891851	16891904	20.44721031	16891904	0	53	-53	53	-53	53
CAGE_TSS_28679	4	-	16940925	16940646	22.02276993	16940646	0	-279	279	-279	279	279
CAGE_TSS_28680	4	-	16941272	16941210	5.051589966	16941210	0	-62	62	-62	62	62
CAGE_TSS_28681	4	-	16941760	16941959	58.15975189	16941959	0	199	-199	199	-199	199
CAGE_TSS_28683	4	-	16950593	16950738	19.52469063	16950738	0	145	-145	145	-145	145
CAGE_TSS_28684	4	-	16955218	16955322	23.65962982	16955322	0	104	-104	104	-104	104
CAGE_TSS_28686	4	-	16959957	16960210	93.00589752	16960210	0	253	-253	253	-253	253
CAGE_TSS_28687	4	-	16968122	16968230	53.27711868	16968230	0	108	-108	108	-108	108
CAGE_TSS_28693	4	-	16978037	16978012	13.20423031	16978012	0	-25	25	-25	25	25
CAGE_TSS_28702	4	-	17033890	17034062	9.881409645	17034062	0	172	-172	172	-172	172
CAGE_TSS_28703	4	-	17041080	17041289	67.75010681	17041289	0	209	-209	209	-209	209
CAGE_TSS_28704	4	-	17044393	17044496	9.623069763	17044496	0	103	-103	103	-103	103
CAGE_TSS_28714	4	-	17104512	17104571	12.03081989	17104571	0	59	-59	59	-59	59
CAGE_TSS_28715	4	-	17114153	17114237	8.548919678	17114237	0	84	-84	84	-84	84
CAGE_TSS_28722	4	-	17148276	17148406	5.240429878	17148406	0	130	-130	130	-130	130
CAGE_TSS_28724	4	-	17165191	17165356	57.45783997	17165356	0	165	-165	165	-165	165
CAGE_TSS_28725	4	-	17169374	17169418	5.941979885	17169418	0	44	-44	44	-44	44
CAGE_TSS_28729	4	-	17181241	17181461	8.220080376	17181461	0	220	-220	220	-220	220
CAGE_TSS_28730	4	-	17192335	17192467	5.000090122	17192467	0	132	-132	132	-132	132
CAGE_TSS_28743	4	-	17230204	17230466	47.75835037	17230466	0	262	-262	262	-262	262
CAGE_TSS_28748	4	-	17248503	17248596	12.59136963	17248596	0	93	-93	93	-93	93
CAGE_TSS_28755	4	-	17276586	17276633	25.25415039	17276633	0	47	-47	47	-47	47
CAGE_TSS_28761	4	-	17282085	17282104	6.006579876	17282104	0	19	-19	19	-19	19
CAGE_TSS_28763	4	-	17282729	17282937	255.7290344	17282937	0	208	-208	208	-208	208
CAGE_TSS_28765	4	-	17285563	17285591	19.49975014	17285591	0	28	-28	28	-28	28
CAGE_TSS_28770	4	-	17293745	17293950	9.149629593	17293950	0	205	-205	205	-205	205
CAGE_TSS_28773	4	-	17297720	17297800	6.962880135	17297800	0	80	-80	80	-80	80
CAGE_TSS_28775	4	-	17312487	17312555	116.587532	17312555	0	68	-68	68	-68	68
CAGE_TSS_28779	4	-	17334349	17334475	158.3810272	17334475	0	126	-126	126	-126	126
CAGE_TSS_28783	4	-	17342730	17342921	46.52429962	17342921	0	191	-191	191	-191	191
CAGE_TSS_28789	4	-	17381779	17382055	6.138339996	17382055	0	276	-276	276	-276	276
CAGE_TSS_28790	4	-	17393288	17393415	65.88330078	17393415	0	127	-127	127	-127	127
CAGE_TSS_28791	4	-	17422115	17422403	143.5914459	17422403	0	288	-288	288	-288	288
CAGE_TSS_28794	4	-	17437056	17437250	44.99720001	17437250	0	194	-194	194	-194	194
CAGE_TSS_28798	4	-	17486270	17486398	9.14097023	17486398	0	128	-128	128	-128	128
CAGE_TSS_28799	4	-	17492743	17492835	20.59493065	17492835	0	92	-92	92	-92	92
CAGE_TSS_28805	4	-	17516854	17517021	27.83793068	17517021	0	167	-167	167	-167	167
CAGE_TSS_28814	4	-	17558805	17558918	5.122769833	17558918	0	113	-113	113	-113	113
CAGE_TSS_28818	4	-	17561680	17561751	3.392450094	17561751	0	71	-71	71	-71	71
CAGE_TSS_28820	4	-	17564611	17564644	56.13375092	17564644	0	33	-33	33	-33	33
CAGE_TSS_28824	4	-	17571700	17571903	37.57040024	17571903	0	203	-203	203	-203	203
CAGE_TSS_28829	4	-	17606832	17607019	68.55518341	17607019	0	187	-187	187	-187	187
CAGE_TSS_28833	4	-	17618409	17618509	17.98213005	17618509	0	100	-100	100	-100	100
CAGE_TSS_28839	4	-	17649023	17649240	10.96150017	17649240	0	217	-217	217	-217	217
CAGE_TSS_28847	4	-	17672339	17672534	32.7093811	17672534	0	195	-195	195	-195	195
CAGE_TSS_28848	4	-	17686946	17687150	37.95792007	17687150	0	204	-204	204	-204	204
CAGE_TSS_28855	4	-	17769375	17769589	6.667860031	17769589	0	214	-214	214	-214	214
CAGE_TSS_28856	4	-	17776063	17776317	14.98499966	17776317	0	254	-254	254	-254	254
CAGE_TSS_28868	4	-	17805666	17805710	60.55323029	17805710	0	44	-44	44	-44	44
CAGE_TSS_28874	4	-	17828176	17828304	14.23626995	17828304	0	128	-128	128	-128	128
CAGE_TSS_28898	4	-	17884725	17884881	5.994530201	17884881	0	156	-156	156	-156	156
CAGE_TSS_28903	4	-	17899479	17899637	5.483679771	17899637	0	158	-158	158	-158	158
CAGE_TSS_28913	4	-	17966926	17967011	10.90820026	17967011	0	85	-85	85	-85	85
CAGE_TSS_28915	4	-	17975098	17975328	9.028809547	17975328	0	230	-230	230	-230	230
CAGE_TSS_28925	4	-	18018409	18018458	5.958590031	18018458	0	49	-49	49	-49	49
CAGE_TSS_28929	4	-	18033474	18033610	9.113610268	18033610	0	136	-136	136	-136	136
CAGE_TSS_28930	4	-	18033831	18034105	12.53931999	18034105	0	274	-274	274	-274	274
CAGE_TSS_28940	4	-	18062288	18062414	6.716629982	18062414	0	126	-126	126	-126	126
CAGE_TSS_28942	4	-	18071354	18071482	283.4515076	18071482	0	128	-128	128	-128	128
CAGE_TSS_28945	4	-	18077127	18077148	10.68803024	18077148	0	21	-21	21	-21	21
CAGE_TSS_28950	4	-	18084201	18084424	195.3504944	18084424	0	223	-223	223	-223	223
CAGE_TSS_28963	4	-	18125524	18125776	25.01807022	18125776	0	252	-252	252	-252	252
CAGE_TSS_28968	4	-	18141844	18142039	130.4093475	18142039	0	195	-195	195	-195	195
CAGE_TSS_28973	4	-	18158757	18158970	63.19239044	18158970	0	213	-213	213	-213	213
CAGE_TSS_28977	4	-	18163960	18163832	6.917729855	18163832	0	-128	128	-128	128	128
CAGE_TSS_28983	4	-	18165739	18165451	5.553329945	18165451	0	-288	288	-288	288	288
CAGE_TSS_28989	4	-	18205579	18205676	14.36380959	18205676	0	97	-97	97	-97	97
CAGE_TSS_28990	4	-	18206510	18206630	21.69593048	18206630	0	120	-120	120	-120	120
CAGE_TSS_28994	4	-	18217338	18217590	110.7692719	18217590	0	252	-252	252	-252	252
CAGE_TSS_28996	4	-	18220165	18220443	28.66268921	18220443	0	278	-278	278	-278	278
CAGE_TSS_29003	4	-	18236112	18236197	29.79866982	18236197	0	85	-85	85	-85	85
CAGE_TSS_29010	4	-	18275016	18275171	60.70935822	18275171	0	155	-155	155	-155	155
CAGE_TSS_29011	4	-	18279707	18279979	13.45856953	18279979	0	272	-272	272	-272	272
CAGE_TSS_29015	4	-	18329602	18329386	62.89728928	18329386	0	-216	216	-216	216	216
CAGE_TSS_29016	4	-	18330015	18329968	124.7894135	18329968	0	-47	47	-47	47	47
CAGE_TSS_29027	4	-	18381897	18382154	246.2426758	18382154	0	257	-257	257	-257	257
CAGE_TSS_29039	4	-	18451292	18451551	39.33224869	18451551	0	259	-259	259	-259	259
CAGE_TSS_29050	4	-	18486324	18486494	7.506309986	18486494	0	170	-170	170	-170	170
CAGE_TSS_29051	4	-	18510446	18510706	5.104070187	18510706	0	260	-260	260	-260	260
CAGE_TSS_29057	4	-	18547544	18547584	24.85189056	18547584	0	40	-40	40	-40	40
CAGE_TSS_29058	4	-	18551184	18551286	19.90645027	18551286	0	102	-102	102	-102	102
CAGE_TSS_29063	4	-	18556969	18557017	13.22451973	18557017	0	48	-48	48	-48	48
CAGE_TSS_29065	4	-	18557738	18557573	15.25531006	18557573	0	-165	165	-165	165	165
CAGE_TSS_29069	4	-	18558718	18558863	125.3458099	18558863	0	145	-145	145	-145	145
CAGE_TSS_29074	4	-	18573058	18573035	18.20569992	18573035	0	-23	23	-23	23	23
CAGE_TSS_29075	4	-	18575681	18575735	10.27655029	18575735	0	54	-54	54	-54	54
CAGE_TSS_29080	4	-	18581587	18581712	10.17831993	18581712	0	125	-125	125	-125	125
CAGE_TSS_33392	5	-	5786	5900	7.143020153	5900	0	114	-114	114	-114	114
CAGE_TSS_33393	5	-	8408	8602	10.89239979	8602	0	194	-194	194	-194	194
CAGE_TSS_33394	5	-	16172	16359	45.48160172	16359	0	187	-187	187	-187	187
CAGE_TSS_33397	5	-	27442	27662	21.24678993	27662	0	220	-220	220	-220	220
CAGE_TSS_33400	5	-	37979	38098	5.985070229	38098	0	119	-119	119	-119	119
CAGE_TSS_33411	5	-	89833	90063	22.63072014	90063	0	230	-230	230	-230	230
CAGE_TSS_33412	5	-	95690	95825	12.09838009	95825	0	135	-135	135	-135	135
CAGE_TSS_33413	5	-	103723	103733	24.26095963	103733	0	10	-10	10	-10	10
CAGE_TSS_33414	5	-	112311	112456	14.49051952	112456	0	145	-145	145	-145	145
CAGE_TSS_33416	5	-	122521	122631	20.71969032	122631	0	110	-110	110	-110	110
CAGE_TSS_33419	5	-	144635	144792	6.742839813	144792	0	157	-157	157	-157	157
CAGE_TSS_33426	5	-	149366	149359	12.83032036	149359	0	-7	7	-7	7	7
CAGE_TSS_33440	5	-	213370	213637	23.71138954	213637	0	267	-267	267	-267	267
CAGE_TSS_33442	5	-	216789	216723	5.156380177	216723	0	-66	66	-66	66	66
CAGE_TSS_33448	5	-	229659	229811	87.80410004	229811	0	152	-152	152	-152	152
CAGE_TSS_33452	5	-	244089	244239	6.962880135	244239	0	150	-150	150	-150	150
CAGE_TSS_33456	5	-	265613	265701	25.17214966	265701	0	88	-88	88	-88	88
CAGE_TSS_33462	5	-	304181	304298	5.040599823	304298	0	117	-117	117	-117	117
CAGE_TSS_33467	5	-	315128	315297	44.7343483	315297	0	169	-169	169	-169	169
CAGE_TSS_33473	5	-	370186	370249	20.28731918	370249	0	63	-63	63	-63	63
CAGE_TSS_33476	5	-	379646	379737	66.835289	379737	0	91	-91	91	-91	91
CAGE_TSS_33480	5	-	387934	387999	15.33255959	387999	0	65	-65	65	-65	65
CAGE_TSS_33485	5	-	412694	412766	12.78948021	412766	0	72	-72	72	-72	72
CAGE_TSS_33488	5	-	442152	442379	23.84000015	442379	0	227	-227	227	-227	227
CAGE_TSS_33490	5	-	469047	469168	42.73925018	469168	0	121	-121	121	-121	121
CAGE_TSS_33492	5	-	486443	486628	11.28065968	486628	0	185	-185	185	-185	185
CAGE_TSS_33500	5	-	552644	552877	39.0476799	552877	0	233	-233	233	-233	233
CAGE_TSS_33505	5	-	556437	556686	180.5326843	556686	0	249	-249	249	-249	249
CAGE_TSS_33509	5	-	565859	566085	157.8594513	566085	0	226	-226	226	-226	226
CAGE_TSS_33512	5	-	577188	577417	53.06444168	577417	0	229	-229	229	-229	229
CAGE_TSS_33513	5	-	584590	584794	31.73819923	584794	0	204	-204	204	-204	204
CAGE_TSS_33516	5	-	594862	595090	14.85690022	595090	0	228	-228	228	-228	228
CAGE_TSS_33521	5	-	629254	629507	58.69738007	629507	0	253	-253	253	-253	253
CAGE_TSS_33524	5	-	641975	642263	13.65987968	642263	0	288	-288	288	-288	288
CAGE_TSS_33526	5	-	671468	671564	9.876150131	671564	0	96	-96	96	-96	96
CAGE_TSS_33534	5	-	709701	709871	5.245979786	709871	0	170	-170	170	-170	170
CAGE_TSS_33538	5	-	712790	712851	10.79246998	712851	0	61	-61	61	-61	61
CAGE_TSS_33544	5	-	739939	740148	95.45410156	740148	0	209	-209	209	-209	209
CAGE_TSS_33549	5	-	761704	761855	6.612390041	761855	0	151	-151	151	-151	151
CAGE_TSS_33551	5	-	763320	763547	199.2833557	763547	0	227	-227	227	-227	227
CAGE_TSS_33557	5	-	773354	773546	19.2376709	773546	0	192	-192	192	-192	192
CAGE_TSS_33559	5	-	813227	813407	6.993000031	813407	0	180	-180	180	-180	180
CAGE_TSS_33560	5	-	816665	816824	157.8152618	816824	0	159	-159	159	-159	159
CAGE_TSS_33569	5	-	834405	834249	14.76844025	834249	0	-156	156	-156	156	156
CAGE_TSS_33585	5	-	895186	895298	8.647029877	895298	0	112	-112	112	-112	112
CAGE_TSS_33587	5	-	897846	897933	44.39189911	897933	0	87	-87	87	-87	87
CAGE_TSS_33588	5	-	900043	900322	110.278511	900322	0	279	-279	279	-279	279
CAGE_TSS_33589	5	-	902758	902949	33.40137863	902949	0	191	-191	191	-191	191
CAGE_TSS_33597	5	-	924678	924844	285.4428711	924844	0	166	-166	166	-166	166
CAGE_TSS_33600	5	-	966192	966077	10.77635956	966077	0	-115	115	-115	115	115
CAGE_TSS_33603	5	-	974012	974208	16.90052032	974208	0	196	-196	196	-196	196
CAGE_TSS_33628	5	-	1078302	1078135	10.26945972	1078135	0	-167	167	-167	167	167
CAGE_TSS_33629	5	-	1079806	1079946	17.15757942	1079946	0	140	-140	140	-140	140
CAGE_TSS_33632	5	-	1108236	1108394	47.95426178	1108394	0	158	-158	158	-158	158
CAGE_TSS_33650	5	-	1217105	1217325	129.2328644	1217325	0	220	-220	220	-220	220
CAGE_TSS_33661	5	-	1291094	1291299	12.28878021	1291299	0	205	-205	205	-205	205
CAGE_TSS_33663	5	-	1302405	1302389	10.76016045	1302389	0	-16	16	-16	16	16
CAGE_TSS_33667	5	-	1306115	1306116	19.00746918	1306116	0	1	-1	1	-1	1
CAGE_TSS_33668	5	-	1318736	1318853	305.0184021	1318853	0	117	-117	117	-117	117
CAGE_TSS_33675	5	-	1360242	1360397	20.99299049	1360397	0	155	-155	155	-155	155
CAGE_TSS_33678	5	-	1371432	1371706	24.45685959	1371706	0	274	-274	274	-274	274
CAGE_TSS_33684	5	-	1403869	1403973	249.7489166	1403973	0	104	-104	104	-104	104
CAGE_TSS_33686	5	-	1414672	1414625	7.532820225	1414625	0	-47	47	-47	47	47
CAGE_TSS_33691	5	-	1441925	1442217	47.37042999	1442217	0	292	-292	292	-292	292
CAGE_TSS_33693	5	-	1456989	1457286	6.451129913	1457286	0	297	-297	297	-297	297
CAGE_TSS_33696	5	-	1458848	1458723	10.98497009	1458723	0	-125	125	-125	125	125
CAGE_TSS_33709	5	-	1500721	1500865	9.582719803	1500865	0	144	-144	144	-144	144
CAGE_TSS_33710	5	-	1507223	1507257	11.59263992	1507257	0	34	-34	34	-34	34
CAGE_TSS_33723	5	-	1547139	1547252	77.76322937	1547252	0	113	-113	113	-113	113
CAGE_TSS_33728	5	-	1576703	1576841	17.48925972	1576841	0	138	-138	138	-138	138
CAGE_TSS_33732	5	-	1600375	1600649	76.54390717	1600649	0	274	-274	274	-274	274
CAGE_TSS_33734	5	-	1601172	1601455	103.4545593	1601455	0	283	-283	283	-283	283
CAGE_TSS_33738	5	-	1624213	1624428	70.21704865	1624428	0	215	-215	215	-215	215
CAGE_TSS_33747	5	-	1695494	1695532	9.142129898	1695532	0	38	-38	38	-38	38
CAGE_TSS_33751	5	-	1706060	1706195	9.259269714	1706195	0	135	-135	135	-135	135
CAGE_TSS_33757	5	-	1722902	1723035	140.3138733	1723035	0	133	-133	133	-133	133
CAGE_TSS_33758	5	-	1727013	1727136	11.76204014	1727136	0	123	-123	123	-123	123
CAGE_TSS_33765	5	-	1760528	1760702	21.72647095	1760702	0	174	-174	174	-174	174
CAGE_TSS_33766	5	-	1764677	1764759	135.3598175	1764759	0	82	-82	82	-82	82
CAGE_TSS_33769	5	-	1783254	1783415	38.48456955	1783415	0	161	-161	161	-161	161
CAGE_TSS_33788	5	-	1868243	1868284	16.56399918	1868284	0	41	-41	41	-41	41
CAGE_TSS_33796	5	-	1925381	1925472	46.70095825	1925472	0	91	-91	91	-91	91
CAGE_TSS_33803	5	-	1948549	1948633	32.62244034	1948633	0	84	-84	84	-84	84
CAGE_TSS_33818	5	-	2011040	2011193	172.6273346	2011193	0	153	-153	153	-153	153
CAGE_TSS_33830	5	-	2081683	2081891	27.98846054	2081891	0	208	-208	208	-208	208
CAGE_TSS_33832	5	-	2088403	2088535	102.4830399	2088535	0	132	-132	132	-132	132
CAGE_TSS_33833	5	-	2090390	2090540	71.78491974	2090540	0	150	-150	150	-150	150
CAGE_TSS_33836	5	-	2097105	2097197	5.21765995	2097197	0	92	-92	92	-92	92
CAGE_TSS_33843	5	-	2133755	2133815	288.2001343	2133815	0	60	-60	60	-60	60
CAGE_TSS_33850	5	-	2176105	2176212	161.2812042	2176212	0	107	-107	107	-107	107
CAGE_TSS_33853	5	-	2182320	2182562	8.104969978	2182562	0	242	-242	242	-242	242
CAGE_TSS_33856	5	-	2198449	2198614	50.56858063	2198614	0	165	-165	165	-165	165
CAGE_TSS_33863	5	-	2266931	2267038	21.88153076	2267038	0	107	-107	107	-107	107
CAGE_TSS_33864	5	-	2275989	2276274	6.106919765	2276274	0	285	-285	285	-285	285
CAGE_TSS_33866	5	-	2313560	2313659	10.36201	2313659	0	99	-99	99	-99	99
CAGE_TSS_33881	5	-	2397228	2397315	14.1551199	2397315	0	87	-87	87	-87	87
CAGE_TSS_33885	5	-	2409124	2409346	14.90106964	2409346	0	222	-222	222	-222	222
CAGE_TSS_33887	5	-	2458469	2458549	415.263031	2458549	0	80	-80	80	-80	80
CAGE_TSS_33897	5	-	2529329	2529482	111.0236435	2529482	0	153	-153	153	-153	153
CAGE_TSS_33904	5	-	2600140	2600285	24.24641037	2600285	0	145	-145	145	-145	145
CAGE_TSS_33907	5	-	2628053	2628213	14.11483002	2628213	0	160	-160	160	-160	160
CAGE_TSS_33908	5	-	2631056	2631266	15.4839201	2631266	0	210	-210	210	-210	210
CAGE_TSS_33912	5	-	2635684	2635669	50.67060089	2635669	0	-15	15	-15	15	15
CAGE_TSS_33914	5	-	2652375	2652446	6.882540226	2652446	0	71	-71	71	-71	71
CAGE_TSS_33933	5	-	2732892	2732991	5.401199818	2732991	0	99	-99	99	-99	99
CAGE_TSS_33935	5	-	2758302	2758585	35.66622162	2758585	0	283	-283	283	-283	283
CAGE_TSS_33955	5	-	2821200	2821233	11.09490013	2821233	0	33	-33	33	-33	33
CAGE_TSS_33961	5	-	2860258	2860400	232.7708435	2860400	0	142	-142	142	-142	142
CAGE_TSS_33967	5	-	2876574	2876629	5.91738987	2876629	0	55	-55	55	-55	55
CAGE_TSS_33968	5	-	2886827	2886893	50.46234131	2886893	0	66	-66	66	-66	66
CAGE_TSS_33973	5	-	2906148	2906300	21.53120041	2906300	0	152	-152	152	-152	152
CAGE_TSS_33992	5	-	2985437	2985575	75.08116913	2985575	0	138	-138	138	-138	138
CAGE_TSS_33999	5	-	2993200	2993247	107.000412	2993247	0	47	-47	47	-47	47
CAGE_TSS_34029	5	-	3065520	3065642	5.768809795	3065642	0	122	-122	122	-122	122
CAGE_TSS_34030	5	-	3065829	3065900	26.31432915	3065900	0	71	-71	71	-71	71
CAGE_TSS_34032	5	-	3085257	3085456	5.989520073	3085456	0	199	-199	199	-199	199
CAGE_TSS_34034	5	-	3088933	3089111	83.06115723	3089111	0	178	-178	178	-178	178
CAGE_TSS_34041	5	-	3140290	3140493	40.69766998	3140493	0	203	-203	203	-203	203
CAGE_TSS_34044	5	-	3150433	3150528	66.59265137	3150528	0	95	-95	95	-95	95
CAGE_TSS_34048	5	-	3179425	3179525	22.5028801	3179525	0	100	-100	100	-100	100
CAGE_TSS_34053	5	-	3216466	3216653	22.52759933	3216653	0	187	-187	187	-187	187
CAGE_TSS_34061	5	-	3246785	3246870	6.716700077	3246870	0	85	-85	85	-85	85
CAGE_TSS_34062	5	-	3250114	3250336	8.517410278	3250336	0	222	-222	222	-222	222
CAGE_TSS_34063	5	-	3253227	3253042	5.533780098	3253042	0	-185	185	-185	185	185
CAGE_TSS_34070	5	-	3269549	3269714	20.61734962	3269714	0	165	-165	165	-165	165
CAGE_TSS_34073	5	-	3277837	3277628	5.643330097	3277628	0	-209	209	-209	209	209
CAGE_TSS_34075	5	-	3278311	3278412	34.73567963	3278412	0	101	-101	101	-101	101
CAGE_TSS_34082	5	-	3286312	3286404	30.92915916	3286404	0	92	-92	92	-92	92
CAGE_TSS_34085	5	-	3300080	3300146	5.233439922	3300146	0	66	-66	66	-66	66
CAGE_TSS_34088	5	-	3304760	3304793	13.04666996	3304793	0	33	-33	33	-33	33
CAGE_TSS_34090	5	-	3335096	3335336	27.07364082	3335336	0	240	-240	240	-240	240
CAGE_TSS_34091	5	-	3335943	3336128	25.86636925	3336128	0	185	-185	185	-185	185
CAGE_TSS_34094	5	-	3356636	3356650	5.483679771	3356650	0	14	-14	14	-14	14
CAGE_TSS_34097	5	-	3368125	3368097	65.76908875	3368097	0	-28	28	-28	28	28
CAGE_TSS_34099	5	-	3378866	3378882	97.71687317	3378882	0	16	-16	16	-16	16
CAGE_TSS_34100	5	-	3393064	3393201	9.662730217	3393201	0	137	-137	137	-137	137
CAGE_TSS_34102	5	-	3396148	3396284	80.78769684	3396284	0	136	-136	136	-136	136
CAGE_TSS_34105	5	-	3405365	3405583	8.96487999	3405583	0	218	-218	218	-218	218
CAGE_TSS_34108	5	-	3420632	3420708	14.22325993	3420708	0	76	-76	76	-76	76
CAGE_TSS_34109	5	-	3423199	3423315	82.62640381	3423315	0	116	-116	116	-116	116
CAGE_TSS_34121	5	-	3447120	3447180	13.7134304	3447180	0	60	-60	60	-60	60
CAGE_TSS_34124	5	-	3461743	3461828	52.36727905	3461828	0	85	-85	85	-85	85
CAGE_TSS_34125	5	-	3471564	3471352	8.799779892	3471352	0	-212	212	-212	212	212
CAGE_TSS_34130	5	-	3480055	3479813	12.51581001	3479813	0	-242	242	-242	242	242
CAGE_TSS_34132	5	-	3480435	3480552	21.23459053	3480552	0	117	-117	117	-117	117
CAGE_TSS_34136	5	-	3516994	3517054	10.0850296	3517054	0	60	-60	60	-60	60
CAGE_TSS_34143	5	-	3594933	3595219	182.7376862	3595219	0	286	-286	286	-286	286
CAGE_TSS_34152	5	-	3658962	3658988	7.820950031	3658988	0	26	-26	26	-26	26
CAGE_TSS_34159	5	-	3687755	3687861	16.75300026	3687861	0	106	-106	106	-106	106
CAGE_TSS_34160	5	-	3705089	3705234	8.027729988	3705234	0	145	-145	145	-145	145
CAGE_TSS_34162	5	-	3709190	3709352	69.68412018	3709352	0	162	-162	162	-162	162
CAGE_TSS_34166	5	-	3728729	3728872	10.0880003	3728872	0	143	-143	143	-143	143
CAGE_TSS_34169	5	-	3740145	3740284	19.72570992	3740284	0	139	-139	139	-139	139
CAGE_TSS_34171	5	-	3771398	3771603	143.2025452	3771603	0	205	-205	205	-205	205
CAGE_TSS_34174	5	-	3792995	3793129	5.860720158	3793129	0	134	-134	134	-134	134
CAGE_TSS_34177	5	-	3821117	3821244	15.07081032	3821244	0	127	-127	127	-127	127
CAGE_TSS_34178	5	-	3823735	3823976	13.62534046	3823976	0	241	-241	241	-241	241
CAGE_TSS_34189	5	-	3872266	3872423	21.52067947	3872423	0	157	-157	157	-157	157
CAGE_TSS_34191	5	-	3879538	3879714	13.40532017	3879714	0	176	-176	176	-176	176
CAGE_TSS_34194	5	-	3901627	3901852	8.701020241	3901852	0	225	-225	225	-225	225
CAGE_TSS_34199	5	-	3930284	3930436	14.97762012	3930436	0	152	-152	152	-152	152
CAGE_TSS_34200	5	-	3932455	3932544	25.54865074	3932544	0	89	-89	89	-89	89
CAGE_TSS_34218	5	-	3989736	3989980	44.94752121	3989980	0	244	-244	244	-244	244
CAGE_TSS_34236	5	-	4047413	4047643	9.706520081	4047643	0	230	-230	230	-230	230
CAGE_TSS_34238	5	-	4050544	4050511	23.15216064	4050511	0	-33	33	-33	33	33
CAGE_TSS_34239	5	-	4053596	4053886	26.19463921	4053886	0	290	-290	290	-290	290
CAGE_TSS_34242	5	-	4061949	4062150	7.604720116	4062150	0	201	-201	201	-201	201
CAGE_TSS_34244	5	-	4068992	4069050	10.85052967	4069050	0	58	-58	58	-58	58
CAGE_TSS_34245	5	-	4071223	4071432	198.8407745	4071432	0	209	-209	209	-209	209
CAGE_TSS_34247	5	-	4074617	4074691	21.21821976	4074691	0	74	-74	74	-74	74
CAGE_TSS_34250	5	-	4108181	4108281	13.34453011	4108281	0	100	-100	100	-100	100
CAGE_TSS_34256	5	-	4154630	4154670	5.138070107	4154670	0	40	-40	40	-40	40
CAGE_TSS_34262	5	-	4164783	4164972	5.729859829	4164972	0	189	-189	189	-189	189
CAGE_TSS_34264	5	-	4175129	4175279	8.686309814	4175279	0	150	-150	150	-150	150
CAGE_TSS_34265	5	-	4181648	4181846	15.39937019	4181846	0	198	-198	198	-198	198
CAGE_TSS_34267	5	-	4183305	4183400	9.951450348	4183400	0	95	-95	95	-95	95
CAGE_TSS_34273	5	-	4227565	4227708	82.42047882	4227708	0	143	-143	143	-143	143
CAGE_TSS_34283	5	-	4299127	4299342	93.21965027	4299342	0	215	-215	215	-215	215
CAGE_TSS_34307	5	-	4379352	4379310	7.583330154	4379310	0	-42	42	-42	42	42
CAGE_TSS_34319	5	-	4392225	4392333	6.324779987	4392333	0	108	-108	108	-108	108
CAGE_TSS_34335	5	-	4454608	4454712	68.56942749	4454712	0	104	-104	104	-104	104
CAGE_TSS_34342	5	-	4478110	4478163	5.037119865	4478163	0	53	-53	53	-53	53
CAGE_TSS_34350	5	-	4507841	4508113	18.53854942	4508113	0	272	-272	272	-272	272
CAGE_TSS_34369	5	-	4570951	4571067	23.83053017	4571067	0	116	-116	116	-116	116
CAGE_TSS_34373	5	-	4581874	4582085	74.90545654	4582085	0	211	-211	211	-211	211
CAGE_TSS_34380	5	-	4620221	4620343	26.07992935	4620343	0	122	-122	122	-122	122
CAGE_TSS_34392	5	-	4662600	4662728	11.57594967	4662728	0	128	-128	128	-128	128
CAGE_TSS_34394	5	-	4676764	4676873	6.785749912	4676873	0	109	-109	109	-109	109
CAGE_TSS_34402	5	-	4690431	4690668	6.411640167	4690668	0	237	-237	237	-237	237
CAGE_TSS_34416	5	-	4736620	4736681	62.63954163	4736681	0	61	-61	61	-61	61
CAGE_TSS_34417	5	-	4743444	4743573	11.8434	4743573	0	129	-129	129	-129	129
CAGE_TSS_34419	5	-	4753601	4753721	10.77744961	4753721	0	120	-120	120	-120	120
CAGE_TSS_34430	5	-	4804989	4804996	25.21936989	4804996	0	7	-7	7	-7	7
CAGE_TSS_34443	5	-	4891459	4891680	11.24328995	4891680	0	221	-221	221	-221	221
CAGE_TSS_34444	5	-	4915804	4915911	21.5637207	4915911	0	107	-107	107	-107	107
CAGE_TSS_34447	5	-	4933569	4933759	29.82748032	4933759	0	190	-190	190	-190	190
CAGE_TSS_34453	5	-	4942717	4942941	64.72406769	4942941	0	224	-224	224	-224	224
CAGE_TSS_34454	5	-	4954919	4954972	6.998670101	4954972	0	53	-53	53	-53	53
CAGE_TSS_34462	5	-	5006809	5007057	7.747489929	5007057	0	248	-248	248	-248	248
CAGE_TSS_34467	5	-	5018406	5018442	10.47226048	5018442	0	36	-36	36	-36	36
CAGE_TSS_34471	5	-	5033463	5033730	37.0302887	5033730	0	267	-267	267	-267	267
CAGE_TSS_34475	5	-	5057628	5057775	6.610189915	5057775	0	147	-147	147	-147	147
CAGE_TSS_34480	5	-	5121762	5121848	39.32761002	5121848	0	86	-86	86	-86	86
CAGE_TSS_34482	5	-	5137595	5137742	8.20306015	5137742	0	147	-147	147	-147	147
CAGE_TSS_34494	5	-	5181380	5181620	97.82582092	5181620	0	240	-240	240	-240	240
CAGE_TSS_34495	5	-	5184797	5184973	61.68447113	5184973	0	176	-176	176	-176	176
CAGE_TSS_34508	5	-	5245831	5245928	32.10710907	5245928	0	97	-97	97	-97	97
CAGE_TSS_34523	5	-	5271930	5272092	121.8086166	5272092	0	162	-162	162	-162	162
CAGE_TSS_34524	5	-	5276605	5276833	8.214799881	5276833	0	228	-228	228	-228	228
CAGE_TSS_34525	5	-	5286639	5286897	77.62152863	5286897	0	258	-258	258	-258	258
CAGE_TSS_34527	5	-	5290210	5290409	87.86839294	5290409	0	199	-199	199	-199	199
CAGE_TSS_34528	5	-	5297972	5298027	245.1549072	5298027	0	55	-55	55	-55	55
CAGE_TSS_34535	5	-	5350936	5351003	48.68270874	5351003	0	67	-67	67	-67	67
CAGE_TSS_34537	5	-	5356299	5356372	81.93588257	5356372	0	73	-73	73	-73	73
CAGE_TSS_34540	5	-	5363125	5363112	5.399340153	5363112	0	-13	13	-13	13	13
CAGE_TSS_34542	5	-	5367403	5367552	73.01849365	5367552	0	149	-149	149	-149	149
CAGE_TSS_34544	5	-	5382913	5382980	11.46903992	5382980	0	67	-67	67	-67	67
CAGE_TSS_34548	5	-	5411538	5411598	8.207839966	5411598	0	60	-60	60	-60	60
CAGE_TSS_34555	5	-	5467059	5467167	11.86744022	5467167	0	108	-108	108	-108	108
CAGE_TSS_34556	5	-	5473514	5473514	54.35778046	5473514	0	0	0	0	0	0
CAGE_TSS_34562	5	-	5526572	5526636	30.84666061	5526636	0	64	-64	64	-64	64
CAGE_TSS_34563	5	-	5529919	5530017	22.34306908	5530017	0	98	-98	98	-98	98
CAGE_TSS_34564	5	-	5535213	5535315	181.4227448	5535315	0	102	-102	102	-102	102
CAGE_TSS_34568	5	-	5578045	5578238	6.294650078	5578238	0	193	-193	193	-193	193
CAGE_TSS_34572	5	-	5587042	5587202	28.37194061	5587202	0	160	-160	160	-160	160
CAGE_TSS_34578	5	-	5616139	5616262	175.4216461	5616262	0	123	-123	123	-123	123
CAGE_TSS_34580	5	-	5642512	5642689	9.994270325	5642689	0	177	-177	177	-177	177
CAGE_TSS_34587	5	-	5662747	5663017	14.00590038	5663017	0	270	-270	270	-270	270
CAGE_TSS_34589	5	-	5675041	5675135	5.34581995	5675135	0	94	-94	94	-94	94
CAGE_TSS_34591	5	-	5692901	5693051	118.9547501	5693051	0	150	-150	150	-150	150
CAGE_TSS_34597	5	-	5724614	5724753	43.59389877	5724753	0	139	-139	139	-139	139
CAGE_TSS_34603	5	-	5759717	5759945	92.20536804	5759945	0	228	-228	228	-228	228
CAGE_TSS_34612	5	-	5813276	5813261	5.751070023	5813261	0	-15	15	-15	15	15
CAGE_TSS_34622	5	-	5862314	5862548	20.74580002	5862548	0	234	-234	234	-234	234
CAGE_TSS_34627	5	-	5866504	5866650	24.96524048	5866650	0	146	-146	146	-146	146
CAGE_TSS_34630	5	-	5888453	5888432	10.3555603	5888432	0	-21	21	-21	21	21
CAGE_TSS_34632	5	-	5890160	5890312	61.96371841	5890312	0	152	-152	152	-152	152
CAGE_TSS_34634	5	-	5904378	5904641	19.25341034	5904641	0	263	-263	263	-263	263
CAGE_TSS_34638	5	-	5963402	5963549	29.89059067	5963549	0	147	-147	147	-147	147
CAGE_TSS_34641	5	-	5967811	5968095	16.09988022	5968095	0	284	-284	284	-284	284
CAGE_TSS_34647	5	-	6000530	6000565	8.634409904	6000565	0	35	-35	35	-35	35
CAGE_TSS_34664	5	-	6072297	6072502	11.2997303	6072502	0	205	-205	205	-205	205
CAGE_TSS_34670	5	-	6094986	6095154	20.75239944	6095154	0	168	-168	168	-168	168
CAGE_TSS_34677	5	-	6133905	6134070	123.5679169	6134070	0	165	-165	165	-165	165
CAGE_TSS_34684	5	-	6182760	6182752	8.204979897	6182752	0	-8	8	-8	8	8
CAGE_TSS_34694	5	-	6240877	6241032	7.481860161	6241032	0	155	-155	155	-155	155
CAGE_TSS_34695	5	-	6260879	6260965	6.634419918	6260965	0	86	-86	86	-86	86
CAGE_TSS_34707	5	-	6348238	6348372	8.104969978	6348372	0	134	-134	134	-134	134
CAGE_TSS_34715	5	-	6413230	6413425	118.1307068	6413425	0	195	-195	195	-195	195
CAGE_TSS_34720	5	-	6458274	6458351	25.34376907	6458351	0	77	-77	77	-77	77
CAGE_TSS_34728	5	-	6480457	6480635	6.327489853	6480635	0	178	-178	178	-178	178
CAGE_TSS_34736	5	-	6530590	6530720	35.59526062	6530720	0	130	-130	130	-130	130
CAGE_TSS_34742	5	-	6578374	6578423	15.25286961	6578423	0	49	-49	49	-49	49
CAGE_TSS_34765	5	-	6690050	6690293	8.075710297	6690293	0	243	-243	243	-243	243
CAGE_TSS_34769	5	-	6713548	6713787	67.29781342	6713787	0	239	-239	239	-239	239
CAGE_TSS_34770	5	-	6715851	6715960	8.059309959	6715960	0	109	-109	109	-109	109
CAGE_TSS_34779	5	-	6730408	6730454	16.66237068	6730454	0	46	-46	46	-46	46
CAGE_TSS_34782	5	-	6737380	6737452	5.376130104	6737452	0	72	-72	72	-72	72
CAGE_TSS_34786	5	-	6751024	6751223	9.937239647	6751223	0	199	-199	199	-199	199
CAGE_TSS_34794	5	-	6793284	6793482	11.88479042	6793482	0	198	-198	198	-198	198
CAGE_TSS_34803	5	-	6842719	6842895	5.553589821	6842895	0	176	-176	176	-176	176
CAGE_TSS_34814	5	-	6885039	6885159	14.22113037	6885159	0	120	-120	120	-120	120
CAGE_TSS_34818	5	-	6937796	6937857	20.86107063	6937857	0	61	-61	61	-61	61
CAGE_TSS_34819	5	-	6942894	6943046	5.894120216	6943046	0	152	-152	152	-152	152
CAGE_TSS_34822	5	-	6953862	6953982	57.33818054	6953982	0	120	-120	120	-120	120
CAGE_TSS_34832	5	-	6975992	6976110	8.305649757	6976110	0	118	-118	118	-118	118
CAGE_TSS_34836	5	-	6993872	6994035	29.04870033	6994035	0	163	-163	163	-163	163
CAGE_TSS_34837	5	-	7007115	7007240	138.4454041	7007240	0	125	-125	125	-125	125
CAGE_TSS_34839	5	-	7022096	7022292	5.150139809	7022292	0	196	-196	196	-196	196
CAGE_TSS_34840	5	-	7026527	7026791	5.989520073	7026791	0	264	-264	264	-264	264
CAGE_TSS_34844	5	-	7054290	7054361	8.21269989	7054361	0	71	-71	71	-71	71
CAGE_TSS_34846	5	-	7069138	7069375	13.11802006	7069375	0	237	-237	237	-237	237
CAGE_TSS_34871	5	-	7147157	7147272	36.44327164	7147272	0	115	-115	115	-115	115
CAGE_TSS_34885	5	-	7250401	7250578	63.81520081	7250578	0	177	-177	177	-177	177
CAGE_TSS_34889	5	-	7265681	7265702	10.24475956	7265702	0	21	-21	21	-21	21
CAGE_TSS_34891	5	-	7287380	7287587	19.13727951	7287587	0	207	-207	207	-207	207
CAGE_TSS_34911	5	-	7366510	7366623	173.2520752	7366623	0	113	-113	113	-113	113
CAGE_TSS_34916	5	-	7377613	7377701	6.439509869	7377701	0	88	-88	88	-88	88
CAGE_TSS_34917	5	-	7380605	7380623	26.05998993	7380623	0	18	-18	18	-18	18
CAGE_TSS_34918	5	-	7385730	7385909	5.849740028	7385909	0	179	-179	179	-179	179
CAGE_TSS_34923	5	-	7405741	7405899	7.071889877	7405899	0	158	-158	158	-158	158
CAGE_TSS_34941	5	-	7477917	7477938	31.04261017	7477938	0	21	-21	21	-21	21
CAGE_TSS_34944	5	-	7520230	7520329	7.345680237	7520329	0	99	-99	99	-99	99
CAGE_TSS_34948	5	-	7553473	7553663	11.05459976	7553663	0	190	-190	190	-190	190
CAGE_TSS_34953	5	-	7598048	7598145	105.8848038	7598145	0	97	-97	97	-97	97
CAGE_TSS_34958	5	-	7626974	7627177	15.17547035	7627177	0	203	-203	203	-203	203
CAGE_TSS_34959	5	-	7633223	7633294	5.636449814	7633294	0	71	-71	71	-71	71
CAGE_TSS_34960	5	-	7636566	7636578	58.86677933	7636578	0	12	-12	12	-12	12
CAGE_TSS_34968	5	-	7709170	7709274	78.82176971	7709274	0	104	-104	104	-104	104
CAGE_TSS_34977	5	-	7740854	7740914	15.25016022	7740914	0	60	-60	60	-60	60
CAGE_TSS_34992	5	-	7874422	7874502	8.429109573	7874502	0	80	-80	80	-80	80
CAGE_TSS_34998	5	-	7900385	7900507	48.51092148	7900507	0	122	-122	122	-122	122
CAGE_TSS_35014	5	-	7986540	7986650	138.528656	7986650	0	110	-110	110	-110	110
CAGE_TSS_35020	5	-	8011618	8011800	15.79316044	8011800	0	182	-182	182	-182	182
CAGE_TSS_35022	5	-	8014092	8014292	8.695850372	8014292	0	200	-200	200	-200	200
CAGE_TSS_35035	5	-	8108643	8108603	6.716700077	8108603	0	-40	40	-40	40	40
CAGE_TSS_35038	5	-	8122779	8122949	16.20084	8122949	0	170	-170	170	-170	170
CAGE_TSS_35040	5	-	8136149	8136258	24.08848953	8136258	0	109	-109	109	-109	109
CAGE_TSS_35041	5	-	8145073	8145249	17.61021996	8145249	0	176	-176	176	-176	176
CAGE_TSS_35042	5	-	8154708	8154545	5.862450123	8154545	0	-163	163	-163	163	163
CAGE_TSS_35048	5	-	8167697	8167873	133.6017609	8167873	0	176	-176	176	-176	176
CAGE_TSS_35051	5	-	8175430	8175519	17.17013931	8175519	0	89	-89	89	-89	89
CAGE_TSS_35052	5	-	8181026	8181094	19.3365593	8181094	0	68	-68	68	-68	68
CAGE_TSS_35053	5	-	8186665	8186521	6.006309986	8186521	0	-144	144	-144	144	144
CAGE_TSS_35054	5	-	8189182	8189355	11.07003021	8189355	0	173	-173	173	-173	173
CAGE_TSS_35056	5	-	8214682	8214826	5.024620056	8214826	0	144	-144	144	-144	144
CAGE_TSS_35057	5	-	8218197	8218190	12.14850998	8218190	0	-7	7	-7	7	7
CAGE_TSS_35062	5	-	8240314	8240564	6.560269833	8240564	0	250	-250	250	-250	250
CAGE_TSS_35064	5	-	8243364	8243411	7.745110035	8243411	0	47	-47	47	-47	47
CAGE_TSS_35065	5	-	8262573	8262641	6.028749943	8262641	0	68	-68	68	-68	68
CAGE_TSS_35069	5	-	8288254	8288490	21.4564991	8288490	0	236	-236	236	-236	236
CAGE_TSS_35071	5	-	8329477	8329596	5.77944994	8329596	0	119	-119	119	-119	119
CAGE_TSS_35073	5	-	8334015	8334058	25.60181046	8334058	0	43	-43	43	-43	43
CAGE_TSS_35074	5	-	8337963	8338088	95.93576813	8338088	0	125	-125	125	-125	125
CAGE_TSS_35077	5	-	8358636	8358885	5.983860016	8358885	0	249	-249	249	-249	249
CAGE_TSS_35086	5	-	8412293	8412298	5.824059963	8412298	0	5	-5	5	-5	5
CAGE_TSS_35087	5	-	8418997	8419049	46.47595978	8419049	0	52	-52	52	-52	52
CAGE_TSS_35091	5	-	8443826	8443991	12.22432995	8443991	0	165	-165	165	-165	165
CAGE_TSS_35109	5	-	8501169	8501342	18.05677032	8501342	0	173	-173	173	-173	173
CAGE_TSS_35110	5	-	8501879	8502068	111.1980972	8502068	0	189	-189	189	-189	189
CAGE_TSS_35111	5	-	8508284	8508373	19.7532692	8508373	0	89	-89	89	-89	89
CAGE_TSS_35114	5	-	8508922	8509122	94.06604767	8509122	0	200	-200	200	-200	200
CAGE_TSS_35116	5	-	8522789	8523023	115.8716278	8523023	0	234	-234	234	-234	234
CAGE_TSS_35123	5	-	8559404	8559506	19.90933037	8559506	0	102	-102	102	-102	102
CAGE_TSS_35133	5	-	8647812	8647944	12.31805992	8647944	0	132	-132	132	-132	132
CAGE_TSS_35134	5	-	8651111	8651187	10.97710037	8651187	0	76	-76	76	-76	76
CAGE_TSS_35139	5	-	8674528	8674724	44.74377823	8674724	0	196	-196	196	-196	196
CAGE_TSS_35142	5	-	8747193	8747307	17.90765953	8747307	0	114	-114	114	-114	114
CAGE_TSS_35145	5	-	8762753	8762872	13.74020958	8762872	0	119	-119	119	-119	119
CAGE_TSS_35149	5	-	8797011	8797285	55.19427872	8797285	0	274	-274	274	-274	274
CAGE_TSS_35158	5	-	8884801	8884907	8.248140335	8884907	0	106	-106	106	-106	106
CAGE_TSS_35162	5	-	8909915	8910032	7.27354002	8910032	0	117	-117	117	-117	117
CAGE_TSS_35168	5	-	8916720	8916919	27.46489906	8916919	0	199	-199	199	-199	199
CAGE_TSS_35175	5	-	8963713	8963855	80.87734985	8963855	0	142	-142	142	-142	142
CAGE_TSS_35177	5	-	8971446	8971554	17.05861092	8971554	0	108	-108	108	-108	108
CAGE_TSS_35181	5	-	8979278	8979442	237.2126465	8979442	0	164	-164	164	-164	164
CAGE_TSS_35183	5	-	8987802	8987927	25.81117058	8987927	0	125	-125	125	-125	125
CAGE_TSS_35191	5	-	9077491	9077585	19.34516907	9077585	0	94	-94	94	-94	94
CAGE_TSS_35203	5	-	9087494	9087661	41.61497116	9087661	0	167	-167	167	-167	167
CAGE_TSS_35212	5	-	9164685	9164962	68.73808289	9164962	0	277	-277	277	-277	277
CAGE_TSS_35213	5	-	9174567	9174718	11.1342802	9174718	0	151	-151	151	-151	151
CAGE_TSS_35230	5	-	9315523	9315582	51.37992096	9315582	0	59	-59	59	-59	59
CAGE_TSS_35246	5	-	9486146	9486311	20.68804932	9486311	0	165	-165	165	-165	165
CAGE_TSS_35265	5	-	9674147	9674323	44.90267944	9674323	0	176	-176	176	-176	176
CAGE_TSS_35272	5	-	9716303	9716466	341.2443848	9716466	0	163	-163	163	-163	163
CAGE_TSS_35277	5	-	9789660	9789627	5.384749889	9789627	0	-33	33	-33	33	33
CAGE_TSS_35279	5	-	9792309	9792473	48.87495041	9792473	0	164	-164	164	-164	164
CAGE_TSS_35282	5	-	9793456	9793615	63.11410904	9793615	0	159	-159	159	-159	159
CAGE_TSS_35288	5	-	9808522	9808493	5.673359871	9808493	0	-29	29	-29	29	29
CAGE_TSS_35290	5	-	9820054	9819973	44.92718124	9819973	0	-81	81	-81	81	81
CAGE_TSS_35301	5	-	9944777	9944996	116.3461914	9944996	0	219	-219	219	-219	219
CAGE_TSS_35311	5	-	10028530	10028636	27.31752014	10028636	0	106	-106	106	-106	106
CAGE_TSS_35316	5	-	10039000	10039153	22.74844933	10039153	0	153	-153	153	-153	153
CAGE_TSS_35331	5	-	10282616	10282671	6.503200054	10282671	0	55	-55	55	-55	55
CAGE_TSS_35338	5	-	10369202	10369454	8.995800018	10369454	0	252	-252	252	-252	252
CAGE_TSS_35359	5	-	10649891	10649964	5.473380089	10649964	0	73	-73	73	-73	73
CAGE_TSS_35391	5	-	10934750	10934871	173.5353851	10934871	0	121	-121	121	-121	121
CAGE_TSS_35399	5	-	11024958	11025018	39.95888138	11025018	0	60	-60	60	-60	60
CAGE_TSS_35489	5	-	13364410	13364514	15.79316044	13364514	0	104	-104	104	-104	104
CAGE_TSS_35493	5	-	13466049	13466155	26.97689056	13466155	0	106	-106	106	-106	106
CAGE_TSS_35496	5	-	13482606	13482696	21.23506927	13482696	0	90	-90	90	-90	90
CAGE_TSS_35499	5	-	13591302	13591323	11.93066978	13591323	0	21	-21	21	-21	21
CAGE_TSS_35516	5	-	13748253	13748262	6.233039856	13748262	0	9	-9	9	-9	9
CAGE_TSS_35517	5	-	13753446	13753668	25.78166008	13753668	0	222	-222	222	-222	222
CAGE_TSS_35563	5	-	14255983	14256175	14.27194023	14256175	0	192	-192	192	-192	192
CAGE_TSS_35575	5	-	14565012	14565307	85.5900116	14565307	0	295	-295	295	-295	295
CAGE_TSS_35576	5	-	14566301	14566563	36.07912064	14566563	0	262	-262	262	-262	262
CAGE_TSS_35590	5	-	14753087	14753267	120.5272598	14753267	0	180	-180	180	-180	180
CAGE_TSS_35600	5	-	14819285	14819442	8.975040436	14819442	0	157	-157	157	-157	157
CAGE_TSS_35618	5	-	14935733	14935822	19.88401031	14935822	0	89	-89	89	-89	89
CAGE_TSS_35631	5	-	14999618	14999621	7.496809959	14999621	0	3	-3	3	-3	3
CAGE_TSS_35636	5	-	15060755	15060735	5.239960194	15060735	0	-20	20	-20	20	20
CAGE_TSS_35639	5	-	15103650	15103920	6.432610035	15103920	0	270	-270	270	-270	270
CAGE_TSS_35643	5	-	15153616	15153596	14.88815975	15153596	0	-20	20	-20	20	20
CAGE_TSS_35648	5	-	15201196	15201376	124.458168	15201376	0	180	-180	180	-180	180
CAGE_TSS_35658	5	-	15297583	15297673	41.2579689	15297673	0	90	-90	90	-90	90
CAGE_TSS_35664	5	-	15378351	15378501	8.196840286	15378501	0	150	-150	150	-150	150
CAGE_TSS_35667	5	-	15382024	15382161	12.82316017	15382161	0	137	-137	137	-137	137
CAGE_TSS_35678	5	-	15453916	15453930	38.56443024	15453930	0	14	-14	14	-14	14
CAGE_TSS_35696	5	-	15575619	15575735	6.814350128	15575735	0	116	-116	116	-116	116
CAGE_TSS_35708	5	-	15761678	15761716	11.32400036	15761716	0	38	-38	38	-38	38
CAGE_TSS_35719	5	-	15849107	15849255	31.2664299	15849255	0	148	-148	148	-148	148
CAGE_TSS_35722	5	-	15859782	15860061	12.34051991	15860061	0	279	-279	279	-279	279
CAGE_TSS_35725	5	-	15935260	15935301	250.8079834	15935301	0	41	-41	41	-41	41
CAGE_TSS_35730	5	-	15991890	15991950	31.45742035	15991950	0	60	-60	60	-60	60
CAGE_TSS_35733	5	-	16021898	16022108	45.78776169	16022108	0	210	-210	210	-210	210
CAGE_TSS_35746	5	-	16081753	16081846	12.21228981	16081846	0	93	-93	93	-93	93
CAGE_TSS_35748	5	-	16084580	16084686	11.9054203	16084686	0	106	-106	106	-106	106
CAGE_TSS_35753	5	-	16135029	16135200	90.26093292	16135200	0	171	-171	171	-171	171
CAGE_TSS_35757	5	-	16149132	16149307	53.9468689	16149307	0	175	-175	175	-175	175
CAGE_TSS_35770	5	-	16195621	16195800	23.24283981	16195800	0	179	-179	179	-179	179
CAGE_TSS_35776	5	-	16252376	16252102	18.35738945	16252102	0	-274	274	-274	274	274
CAGE_TSS_35777	5	-	16256759	16256899	98.3213501	16256899	0	140	-140	140	-140	140
CAGE_TSS_35782	5	-	16293588	16293616	144.3618927	16293616	0	28	-28	28	-28	28
CAGE_TSS_35800	5	-	16385171	16385458	120.7388077	16385458	0	287	-287	287	-287	287
CAGE_TSS_35808	5	-	16459264	16459277	265.0001831	16459277	0	13	-13	13	-13	13
CAGE_TSS_35809	5	-	16463332	16463394	32.50770187	16463394	0	62	-62	62	-62	62
CAGE_TSS_35815	5	-	16493897	16493894	5.136400223	16493894	0	-3	3	-3	3	3
CAGE_TSS_35816	5	-	16497056	16497215	24.77890015	16497215	0	159	-159	159	-159	159
CAGE_TSS_35823	5	-	16543970	16543917	40.27075958	16543917	0	-53	53	-53	53	53
CAGE_TSS_35825	5	-	16570175	16570259	53.11087036	16570259	0	84	-84	84	-84	84
CAGE_TSS_35855	5	-	16797999	16798133	5.664989948	16798133	0	134	-134	134	-134	134
CAGE_TSS_35860	5	-	16810590	16810732	6.158840179	16810732	0	142	-142	142	-142	142
CAGE_TSS_35865	5	-	16813126	16813282	5.80133009	16813282	0	156	-156	156	-156	156
CAGE_TSS_35866	5	-	16814774	16814993	18.67130089	16814993	0	219	-219	219	-219	219
CAGE_TSS_35875	5	-	16832284	16832481	5.693779945	16832481	0	197	-197	197	-197	197
CAGE_TSS_35877	5	-	16836843	16836947	5.258580208	16836947	0	104	-104	104	-104	104
CAGE_TSS_35888	5	-	16938474	16938522	5.073080063	16938522	0	48	-48	48	-48	48
CAGE_TSS_35892	5	-	16974586	16974699	32.28052139	16974699	0	113	-113	113	-113	113
CAGE_TSS_35895	5	-	16998832	16998924	10.63251019	16998924	0	92	-92	92	-92	92
CAGE_TSS_35900	5	-	17022579	17022550	36.29175949	17022550	0	-29	29	-29	29	29
CAGE_TSS_35901	5	-	17025255	17025458	75.82234955	17025458	0	203	-203	203	-203	203
CAGE_TSS_35902	5	-	17033725	17033925	191.1221008	17033925	0	200	-200	200	-200	200
CAGE_TSS_35903	5	-	17075752	17075837	5.555749893	17075837	0	85	-85	85	-85	85
CAGE_TSS_35906	5	-	17098337	17098405	173.491806	17098405	0	68	-68	68	-68	68
CAGE_TSS_35909	5	-	17099435	17099603	178.9163361	17099603	0	168	-168	168	-168	168
CAGE_TSS_35915	5	-	17144066	17144286	17.76704979	17144286	0	220	-220	220	-220	220
CAGE_TSS_35919	5	-	17157719	17157887	23.05039978	17157887	0	168	-168	168	-168	168
CAGE_TSS_35922	5	-	17165920	17166031	64.21379852	17166031	0	111	-111	111	-111	111
CAGE_TSS_35925	5	-	17171703	17171814	5.237939835	17171814	0	111	-111	111	-111	111
CAGE_TSS_35930	5	-	17195938	17196003	12.44054985	17196003	0	65	-65	65	-65	65
CAGE_TSS_35933	5	-	17214220	17214291	144.8627167	17214291	0	71	-71	71	-71	71
CAGE_TSS_35941	5	-	17245849	17246086	143.0061646	17246086	0	237	-237	237	-237	237
CAGE_TSS_35944	5	-	17257772	17257910	13.07610989	17257910	0	138	-138	138	-138	138
CAGE_TSS_35955	5	-	17331645	17331904	278.7924194	17331904	0	259	-259	259	-259	259
CAGE_TSS_35960	5	-	17358038	17358222	139.6964264	17358222	0	184	-184	184	-184	184
CAGE_TSS_35963	5	-	17363769	17363786	14.98307991	17363786	0	17	-17	17	-17	17
CAGE_TSS_35965	5	-	17385558	17385703	8.786970139	17385703	0	145	-145	145	-145	145
CAGE_TSS_35971	5	-	17401946	17401986	20.80966949	17401986	0	40	-40	40	-40	40
CAGE_TSS_35972	5	-	17421855	17422050	30.35598946	17422050	0	195	-195	195	-195	195
CAGE_TSS_35973	5	-	17428175	17428290	14.39803982	17428290	0	115	-115	115	-115	115
CAGE_TSS_35974	5	-	17431816	17431817	5.502260208	17431817	0	1	-1	1	-1	1
CAGE_TSS_35981	5	-	17486224	17486509	16.3456707	17486509	0	285	-285	285	-285	285
CAGE_TSS_35992	5	-	17581196	17581339	32.4343605	17581339	0	143	-143	143	-143	143
CAGE_TSS_35997	5	-	17624314	17624398	23.51729012	17624398	0	84	-84	84	-84	84
CAGE_TSS_36002	5	-	17629111	17629342	20.22083092	17629342	0	231	-231	231	-231	231
CAGE_TSS_36008	5	-	17643696	17643719	11.86550999	17643719	0	23	-23	23	-23	23
CAGE_TSS_36009	5	-	17650299	17650367	12.19865036	17650367	0	68	-68	68	-68	68
CAGE_TSS_36019	5	-	17705559	17705641	6.027400017	17705641	0	82	-82	82	-82	82
CAGE_TSS_36026	5	-	17739830	17739926	46.21794128	17739926	0	96	-96	96	-96	96
CAGE_TSS_36028	5	-	17748395	17748458	8.571209908	17748458	0	63	-63	63	-63	63
CAGE_TSS_36031	5	-	17752712	17752661	35.6628685	17752661	0	-51	51	-51	51	51
CAGE_TSS_36044	5	-	17843597	17843812	23.92275047	17843812	0	215	-215	215	-215	215
CAGE_TSS_36049	5	-	17861098	17861227	7.334080219	17861227	0	129	-129	129	-129	129
CAGE_TSS_36051	5	-	17877599	17877639	17.71649933	17877639	0	40	-40	40	-40	40
CAGE_TSS_36053	5	-	17881431	17881544	124.9824066	17881544	0	113	-113	113	-113	113
CAGE_TSS_36054	5	-	17885003	17885142	157.2846069	17885142	0	139	-139	139	-139	139
CAGE_TSS_36056	5	-	17888473	17888741	13.85194016	17888741	0	268	-268	268	-268	268
CAGE_TSS_36057	5	-	17892896	17892942	5.108950138	17892942	0	46	-46	46	-46	46
CAGE_TSS_36063	5	-	17934239	17934325	8.052749634	17934325	0	86	-86	86	-86	86
CAGE_TSS_36089	5	-	18079914	18080115	7.056019783	18080115	0	201	-201	201	-201	201
CAGE_TSS_36092	5	-	18097583	18097663	17.31827927	18097663	0	80	-80	80	-80	80
CAGE_TSS_36120	5	-	18359033	18359158	64.17742157	18359158	0	125	-125	125	-125	125
CAGE_TSS_36124	5	-	18370989	18371135	136.5488586	18371135	0	146	-146	146	-146	146
CAGE_TSS_36129	5	-	18383691	18383894	12.59356976	18383894	0	203	-203	203	-203	203
CAGE_TSS_36131	5	-	18386725	18386901	42.65750122	18386901	0	176	-176	176	-176	176
CAGE_TSS_36136	5	-	18403797	18403911	193.9296417	18403911	0	114	-114	114	-114	114
CAGE_TSS_36139	5	-	18413561	18413736	5.67317009	18413736	0	175	-175	175	-175	175
CAGE_TSS_36145	5	-	18457281	18457405	34.57503891	18457405	0	124	-124	124	-124	124
CAGE_TSS_36169	5	-	18679145	18679269	6.918129921	18679269	0	124	-124	124	-124	124
CAGE_TSS_36171	5	-	18690752	18690801	5.957540035	18690801	0	49	-49	49	-49	49
CAGE_TSS_36177	5	-	18716956	18716962	52.57786179	18716962	0	6	-6	6	-6	6
CAGE_TSS_36182	5	-	18743043	18743210	61.77220154	18743210	0	167	-167	167	-167	167
CAGE_TSS_36230	5	-	19130894	19131058	31.25424957	19131058	0	164	-164	164	-164	164
CAGE_TSS_36238	5	-	19163775	19163750	54.76797867	19163750	0	-25	25	-25	25	25
CAGE_TSS_36249	5	-	19172812	19172928	319.3070374	19172928	0	116	-116	116	-116	116
CAGE_TSS_36250	5	-	19188747	19188942	48.85847092	19188942	0	195	-195	195	-195	195
CAGE_TSS_36253	5	-	19217818	19217908	23.97451973	19217908	0	90	-90	90	-90	90
CAGE_TSS_36260	5	-	19249504	19249738	21.08987999	19249738	0	234	-234	234	-234	234
CAGE_TSS_36266	5	-	19286994	19287109	18.12500954	19287109	0	115	-115	115	-115	115
CAGE_TSS_36269	5	-	19290397	19290527	50.42684937	19290527	0	130	-130	130	-130	130
CAGE_TSS_36282	5	-	19307983	19308229	5.416180134	19308229	0	246	-246	246	-246	246
CAGE_TSS_36291	5	-	19337049	19337228	146.9342041	19337228	0	179	-179	179	-179	179
CAGE_TSS_36320	5	-	19524617	19524599	23.73760033	19524599	0	-18	18	-18	18	18
CAGE_TSS_36330	5	-	19542425	19542409	22.74913025	19542409	0	-16	16	-16	16	16
CAGE_TSS_36333	5	-	19555312	19555591	28.44659996	19555591	0	279	-279	279	-279	279
CAGE_TSS_36335	5	-	19580403	19580571	10.83623981	19580571	0	168	-168	168	-168	168
CAGE_TSS_36337	5	-	19607055	19607042	20.43598938	19607042	0	-13	13	-13	13	13
CAGE_TSS_36338	5	-	19624188	19624159	9.629119873	19624159	0	-29	29	-29	29	29
CAGE_TSS_36340	5	-	19635663	19635661	36.37046051	19635661	0	-2	2	-2	2	2
CAGE_TSS_36358	5	-	19733025	19733086	53.04362869	19733086	0	61	-61	61	-61	61
CAGE_TSS_36360	5	-	19734978	19734930	11.12532997	19734930	0	-48	48	-48	48	48
CAGE_TSS_36361	5	-	19735553	19735769	9.896369934	19735769	0	216	-216	216	-216	216
CAGE_TSS_36370	5	-	19772696	19772768	17.63755989	19772768	0	72	-72	72	-72	72
CAGE_TSS_36378	5	-	19805058	19805232	6.622320175	19805232	0	174	-174	174	-174	174
CAGE_TSS_36386	5	-	19807761	19807853	186.687088	19807853	0	92	-92	92	-92	92
CAGE_TSS_36389	5	-	19817139	19817354	40.46311951	19817354	0	215	-215	215	-215	215
CAGE_TSS_36403	5	-	19896920	19897020	43.68706131	19897020	0	100	-100	100	-100	100
CAGE_TSS_36405	5	-	19898998	19899075	74.49726105	19899075	0	77	-77	77	-77	77
CAGE_TSS_36406	5	-	19909398	19909498	28.14236069	19909498	0	100	-100	100	-100	100
CAGE_TSS_36408	5	-	19939472	19939752	12.0931797	19939752	0	280	-280	280	-280	280
CAGE_TSS_36411	5	-	19960542	19960684	5.923079967	19960684	0	142	-142	142	-142	142
CAGE_TSS_36412	5	-	19974463	19974579	18.97513008	19974579	0	116	-116	116	-116	116
CAGE_TSS_36414	5	-	19985695	19985850	9.55053997	19985850	0	155	-155	155	-155	155
CAGE_TSS_36424	5	-	20016738	20016757	35.86415863	20016757	0	19	-19	19	-19	19
CAGE_TSS_36425	5	-	20046662	20046752	91.38210297	20046752	0	90	-90	90	-90	90
CAGE_TSS_36428	5	-	20049547	20049766	14.33043957	20049766	0	219	-219	219	-219	219
CAGE_TSS_36430	5	-	20097475	20097566	6.418839931	20097566	0	91	-91	91	-91	91
CAGE_TSS_36433	5	-	20107210	20107199	5.813970089	20107199	0	-11	11	-11	11	11
CAGE_TSS_36442	5	-	20139526	20139559	6.698070049	20139559	0	33	-33	33	-33	33
CAGE_TSS_36447	5	-	20169592	20169636	10.54024029	20169636	0	44	-44	44	-44	44
CAGE_TSS_36455	5	-	20200267	20200456	20.01161003	20200456	0	189	-189	189	-189	189
CAGE_TSS_36466	5	-	20208669	20208886	96.20767975	20208886	0	217	-217	217	-217	217
CAGE_TSS_36476	5	-	20292207	20292273	85.56487274	20292273	0	66	-66	66	-66	66
CAGE_TSS_36480	5	-	20323620	20323744	13.43346977	20323744	0	124	-124	124	-124	124
CAGE_TSS_36487	5	-	20345134	20345197	23.24241066	20345197	0	63	-63	63	-63	63
CAGE_TSS_36491	5	-	20406570	20406800	24.91017914	20406800	0	230	-230	230	-230	230
CAGE_TSS_36499	5	-	20489657	20489819	163.6413727	20489819	0	162	-162	162	-162	162
CAGE_TSS_36503	5	-	20510667	20510846	67.39885712	20510846	0	179	-179	179	-179	179
CAGE_TSS_36513	5	-	20544746	20544792	19.65781975	20544792	0	46	-46	46	-46	46
CAGE_TSS_36528	5	-	20706792	20706901	25.40357018	20706901	0	109	-109	109	-109	109
CAGE_TSS_36541	5	-	20720371	20720482	273.3408813	20720482	0	111	-111	111	-111	111
CAGE_TSS_36543	5	-	20762430	20762579	33.36199188	20762579	0	149	-149	149	-149	149
CAGE_TSS_36544	5	-	20770993	20771119	52.35105896	20771119	0	126	-126	126	-126	126
CAGE_TSS_36561	5	-	20878406	20878539	12.43712044	20878539	0	133	-133	133	-133	133
CAGE_TSS_36576	5	-	21003162	21003362	14.47482967	21003362	0	200	-200	200	-200	200
CAGE_TSS_36577	5	-	21008717	21008751	9.289050102	21008751	0	34	-34	34	-34	34
CAGE_TSS_36584	5	-	21068004	21068221	21.13017082	21068221	0	217	-217	217	-217	217
CAGE_TSS_36598	5	-	21154243	21154282	13.65987968	21154282	0	39	-39	39	-39	39
CAGE_TSS_36600	5	-	21180309	21180566	11.70839024	21180566	0	257	-257	257	-257	257
CAGE_TSS_36606	5	-	21204757	21204867	5.696370125	21204867	0	110	-110	110	-110	110
CAGE_TSS_36617	5	-	21285171	21285305	161.9866943	21285305	0	134	-134	134	-134	134
CAGE_TSS_36624	5	-	21330135	21330309	47.08652878	21330309	0	174	-174	174	-174	174
CAGE_TSS_36636	5	-	21395716	21395831	162.6981964	21395831	0	115	-115	115	-115	115
CAGE_TSS_36637	5	-	21417715	21417720	15.87615967	21417720	0	5	-5	5	-5	5
CAGE_TSS_36643	5	-	21438593	21438869	69.67225647	21438869	0	276	-276	276	-276	276
CAGE_TSS_36645	5	-	21453776	21454025	6.182489872	21454025	0	249	-249	249	-249	249
CAGE_TSS_36646	5	-	21463265	21463397	40.95848083	21463397	0	132	-132	132	-132	132
CAGE_TSS_36648	5	-	21483710	21483816	272.7738037	21483816	0	106	-106	106	-106	106
CAGE_TSS_36649	5	-	21487990	21488000	10.00316048	21488000	0	10	-10	10	-10	10
CAGE_TSS_36653	5	-	21513492	21513685	376.9454346	21513685	0	193	-193	193	-193	193
CAGE_TSS_36655	5	-	21562056	21562248	40.4708519	21562248	0	192	-192	192	-192	192
CAGE_TSS_36660	5	-	21619285	21619529	40.23965073	21619529	0	244	-244	244	-244	244
CAGE_TSS_36668	5	-	21651571	21651677	6.518479824	21651677	0	106	-106	106	-106	106
CAGE_TSS_36671	5	-	21688247	21688372	28.08853912	21688372	0	125	-125	125	-125	125
CAGE_TSS_36672	5	-	21693011	21692778	118.5911102	21692778	0	-233	233	-233	233	233
CAGE_TSS_36680	5	-	21763439	21763662	83.47257996	21763662	0	223	-223	223	-223	223
CAGE_TSS_36684	5	-	21805793	21806043	11.48812962	21806043	0	250	-250	250	-250	250
CAGE_TSS_36686	5	-	21812023	21812073	10.86330986	21812073	0	50	-50	50	-50	50
CAGE_TSS_36689	5	-	21864909	21865090	12.57429981	21865090	0	181	-181	181	-181	181
CAGE_TSS_36691	5	-	21873257	21873466	23.80266953	21873466	0	209	-209	209	-209	209
CAGE_TSS_36695	5	-	21896367	21896483	32.77236938	21896483	0	116	-116	116	-116	116
CAGE_TSS_36698	5	-	21898613	21898772	5.563429832	21898772	0	159	-159	159	-159	159
CAGE_TSS_36699	5	-	21917229	21917318	159.4521332	21917318	0	89	-89	89	-89	89
CAGE_TSS_36700	5	-	21923591	21923809	41.27468109	21923809	0	218	-218	218	-218	218
CAGE_TSS_36704	5	-	21938380	21938554	139.1985016	21938554	0	174	-174	174	-174	174
CAGE_TSS_36707	5	-	21956524	21956765	12.49499035	21956765	0	241	-241	241	-241	241
CAGE_TSS_36716	5	-	22017932	22018231	18.02109909	22018231	0	299	-299	299	-299	299
CAGE_TSS_36723	5	-	22055430	22055612	7.301400185	22055612	0	182	-182	182	-182	182
CAGE_TSS_36729	5	-	22080149	22080304	10.89120007	22080304	0	155	-155	155	-155	155
CAGE_TSS_36736	5	-	22149127	22149271	13.45921993	22149271	0	144	-144	144	-144	144
CAGE_TSS_36739	5	-	22202108	22201882	7.065810204	22201882	0	-226	226	-226	226	226
CAGE_TSS_36743	5	-	22252012	22252119	12.2175703	22252119	0	107	-107	107	-107	107
CAGE_TSS_36744	5	-	22255557	22255467	5.447639942	22255467	0	-90	90	-90	90	90
CAGE_TSS_36748	5	-	22266780	22266786	115.271431	22266786	0	6	-6	6	-6	6
CAGE_TSS_36750	5	-	22282505	22282447	11.90942001	22282447	0	-58	58	-58	58	58
CAGE_TSS_36760	5	-	22331812	22332096	55.99893951	22332096	0	284	-284	284	-284	284
CAGE_TSS_36769	5	-	22410921	22411130	17.52185059	22411130	0	209	-209	209	-209	209
CAGE_TSS_36771	5	-	22424175	22424426	30.28010941	22424426	0	251	-251	251	-251	251
CAGE_TSS_36777	5	-	22447964	22448037	9.638070107	22448037	0	73	-73	73	-73	73
CAGE_TSS_36779	5	-	22454803	22454851	132.5552979	22454851	0	48	-48	48	-48	48
CAGE_TSS_36780	5	-	22459489	22459440	15.96967983	22459440	0	-49	49	-49	49	49
CAGE_TSS_36784	5	-	22491282	22491406	67.89620209	22491406	0	124	-124	124	-124	124
CAGE_TSS_36786	5	-	22504007	22504222	10.6631403	22504222	0	215	-215	215	-215	215
CAGE_TSS_36788	5	-	22515267	22515346	5.876140118	22515346	0	79	-79	79	-79	79
CAGE_TSS_36790	5	-	22534070	22534169	5.662409782	22534169	0	99	-99	99	-99	99
CAGE_TSS_36791	5	-	22546977	22547122	81.66165161	22547122	0	145	-145	145	-145	145
CAGE_TSS_36794	5	-	22560459	22560625	63.76491165	22560625	0	166	-166	166	-166	166
CAGE_TSS_36796	5	-	22581204	22581408	6.139259815	22581408	0	204	-204	204	-204	204
CAGE_TSS_36801	5	-	22633351	22633429	166.6760864	22633429	0	78	-78	78	-78	78
CAGE_TSS_36804	5	-	22642353	22642351	7.542339802	22642351	0	-2	2	-2	2	2
CAGE_TSS_36807	5	-	22657947	22658080	7.045470238	22658080	0	133	-133	133	-133	133
CAGE_TSS_36813	5	-	22741032	22741208	118.7990494	22741208	0	176	-176	176	-176	176
CAGE_TSS_36814	5	-	22752731	22752820	31.66897964	22752820	0	89	-89	89	-89	89
CAGE_TSS_36816	5	-	22759379	22759397	49.8210907	22759397	0	18	-18	18	-18	18
CAGE_TSS_36818	5	-	22764515	22764583	17.44470978	22764583	0	68	-68	68	-68	68
CAGE_TSS_36824	5	-	22822674	22822893	84.37004089	22822893	0	219	-219	219	-219	219
CAGE_TSS_36826	5	-	22828002	22828186	6.86345005	22828186	0	184	-184	184	-184	184
CAGE_TSS_36833	5	-	22896575	22896828	218.5974274	22896828	0	253	-253	253	-253	253
CAGE_TSS_36835	5	-	22910801	22910842	67.1212616	22910842	0	41	-41	41	-41	41
CAGE_TSS_36843	5	-	22962619	22962721	259.3278809	22962721	0	102	-102	102	-102	102
CAGE_TSS_36857	5	-	23062398	23062365	21.3555603	23062365	0	-33	33	-33	33	33
CAGE_TSS_36859	5	-	23065330	23065459	22.22183037	23065459	0	129	-129	129	-129	129
CAGE_TSS_36863	5	-	23085143	23085301	21.60162926	23085301	0	158	-158	158	-158	158
CAGE_TSS_36867	5	-	23108794	23108748	15.29662991	23108748	0	-46	46	-46	46	46
CAGE_TSS_36874	5	-	23124507	23124494	12.24670982	23124494	0	-13	13	-13	13	13
CAGE_TSS_36875	5	-	23127653	23127728	5.849740028	23127728	0	75	-75	75	-75	75
CAGE_TSS_36880	5	-	23175494	23175646	6.413269997	23175646	0	152	-152	152	-152	152
CAGE_TSS_36889	5	-	23211091	23211084	6.270959854	23211084	0	-7	7	-7	7	7
CAGE_TSS_36890	5	-	23226536	23226816	187.7669525	23226816	0	280	-280	280	-280	280
CAGE_TSS_36893	5	-	23230634	23230748	46.20452881	23230748	0	114	-114	114	-114	114
CAGE_TSS_36899	5	-	23263334	23263439	22.87001991	23263439	0	105	-105	105	-105	105
CAGE_TSS_36900	5	-	23267796	23267981	49.84421921	23267981	0	185	-185	185	-185	185
CAGE_TSS_36903	5	-	23281234	23281517	6.646910191	23281517	0	283	-283	283	-283	283
CAGE_TSS_36904	5	-	23285847	23286022	17.24074936	23286022	0	175	-175	175	-175	175
CAGE_TSS_36908	5	-	23306420	23306553	79.39578247	23306553	0	133	-133	133	-133	133
CAGE_TSS_36910	5	-	23308280	23308452	7.872360229	23308452	0	172	-172	172	-172	172
CAGE_TSS_36916	5	-	23343202	23343391	95.68978119	23343391	0	189	-189	189	-189	189
CAGE_TSS_36927	5	-	23406322	23406440	11.13669968	23406440	0	118	-118	118	-118	118
CAGE_TSS_36931	5	-	23413629	23413778	36.75487137	23413778	0	149	-149	149	-149	149
CAGE_TSS_36937	5	-	23437322	23437448	8.185420036	23437448	0	126	-126	126	-126	126
CAGE_TSS_36938	5	-	23449653	23449868	12.29319954	23449868	0	215	-215	215	-215	215
CAGE_TSS_36940	5	-	23452554	23452791	16.29240036	23452791	0	237	-237	237	-237	237
CAGE_TSS_36950	5	-	23501208	23501336	117.8462219	23501336	0	128	-128	128	-128	128
CAGE_TSS_36951	5	-	23507275	23507385	11.28184986	23507385	0	110	-110	110	-110	110
CAGE_TSS_36969	5	-	23599166	23599269	7.692399979	23599269	0	103	-103	103	-103	103
CAGE_TSS_36973	5	-	23623442	23623552	14.09533978	23623552	0	110	-110	110	-110	110
CAGE_TSS_36974	5	-	23626772	23626875	184.9455872	23626875	0	103	-103	103	-103	103
CAGE_TSS_36978	5	-	23654514	23654698	120.9232483	23654698	0	184	-184	184	-184	184
CAGE_TSS_36986	5	-	23685716	23685873	15.26906013	23685873	0	157	-157	157	-157	157
CAGE_TSS_36987	5	-	23700224	23700461	18.09337997	23700461	0	237	-237	237	-237	237
CAGE_TSS_36988	5	-	23706810	23707078	51.47444153	23707078	0	268	-268	268	-268	268
CAGE_TSS_36992	5	-	23723133	23723199	96.93808746	23723199	0	66	-66	66	-66	66
CAGE_TSS_36993	5	-	23725461	23725625	5.455080032	23725625	0	164	-164	164	-164	164
CAGE_TSS_37002	5	-	23747271	23747425	7.727839947	23747425	0	154	-154	154	-154	154
CAGE_TSS_37006	5	-	23773754	23773905	6.720399857	23773905	0	151	-151	151	-151	151
CAGE_TSS_37008	5	-	23785360	23785243	13.23816013	23785243	0	-117	117	-117	117	117
CAGE_TSS_37012	5	-	23796459	23796550	44.14191055	23796550	0	91	-91	91	-91	91
CAGE_TSS_37016	5	-	23803641	23803708	8.686309814	23803708	0	67	-67	67	-67	67
CAGE_TSS_37020	5	-	23830469	23830657	108.5822296	23830657	0	188	-188	188	-188	188
CAGE_TSS_37033	5	-	23896593	23896828	51.70000076	23896828	0	235	-235	235	-235	235
CAGE_TSS_37040	5	-	23921256	23921304	11.23519039	23921304	0	48	-48	48	-48	48
CAGE_TSS_37044	5	-	23934712	23934855	10.68062973	23934855	0	143	-143	143	-143	143
CAGE_TSS_37048	5	-	23965458	23965443	14.68675995	23965443	0	-15	15	-15	15	15
CAGE_TSS_37049	5	-	23978392	23978449	14.51229954	23978449	0	57	-57	57	-57	57
CAGE_TSS_37051	5	-	23981566	23981633	180.6894989	23981633	0	67	-67	67	-67	67
CAGE_TSS_37056	5	-	23992801	23992857	5.24311018	23992857	0	56	-56	56	-56	56
CAGE_TSS_37059	5	-	23997589	23997767	16.07423973	23997767	0	178	-178	178	-178	178
CAGE_TSS_37060	5	-	23999727	23999781	288.5397949	23999781	0	54	-54	54	-54	54
CAGE_TSS_37071	5	-	24066164	24066236	71.24140167	24066236	0	72	-72	72	-72	72
CAGE_TSS_37078	5	-	24083430	24083658	33.6953392	24083658	0	228	-228	228	-228	228
CAGE_TSS_37084	5	-	24109250	24109502	52.85771942	24109502	0	252	-252	252	-252	252
CAGE_TSS_37093	5	-	24145265	24145357	63.99163818	24145357	0	92	-92	92	-92	92
CAGE_TSS_37105	5	-	24247752	24247977	15.36520958	24247977	0	225	-225	225	-225	225
CAGE_TSS_37106	5	-	24251580	24251712	5.057449818	24251712	0	132	-132	132	-132	132
CAGE_TSS_37111	5	-	24275974	24275965	7.532820225	24275965	0	-9	9	-9	9	9
CAGE_TSS_37117	5	-	24317937	24318118	7.635409832	24318118	0	181	-181	181	-181	181
CAGE_TSS_37131	5	-	24376988	24377122	5.253560066	24377122	0	134	-134	134	-134	134
CAGE_TSS_37143	5	-	24455969	24456133	9.789179802	24456133	0	164	-164	164	-164	164
CAGE_TSS_37148	5	-	24489773	24489911	7.511730194	24489911	0	138	-138	138	-138	138
CAGE_TSS_37151	5	-	24511619	24511445	7.56870985	24511445	0	-174	174	-174	174	174
CAGE_TSS_37156	5	-	24528015	24528094	11.41629028	24528094	0	79	-79	79	-79	79
CAGE_TSS_37160	5	-	24552720	24552960	7.017549992	24552960	0	240	-240	240	-240	240
CAGE_TSS_37185	5	-	24640621	24640815	21.72525978	24640815	0	194	-194	194	-194	194
CAGE_TSS_37190	5	-	24654540	24654365	9.093560219	24654365	0	-175	175	-175	175	175
CAGE_TSS_37198	5	-	24673653	24673774	25.22677994	24673774	0	121	-121	121	-121	121
CAGE_TSS_37207	5	-	24685963	24686006	10.39132977	24686006	0	43	-43	43	-43	43
CAGE_TSS_37213	5	-	24712944	24713148	15.36750984	24713148	0	204	-204	204	-204	204
CAGE_TSS_37220	5	-	24738853	24738874	16.54573059	24738874	0	21	-21	21	-21	21
CAGE_TSS_37222	5	-	24741518	24741404	27.84565926	24741404	0	-114	114	-114	114	114
CAGE_TSS_37224	5	-	24765320	24765402	115.4929581	24765402	0	82	-82	82	-82	82
CAGE_TSS_37225	5	-	24767429	24767704	20.70746994	24767704	0	275	-275	275	-275	275
CAGE_TSS_37229	5	-	24782887	24783093	10.59348965	24783093	0	206	-206	206	-206	206
CAGE_TSS_37239	5	-	24829709	24829869	11.45261002	24829869	0	160	-160	160	-160	160
CAGE_TSS_37240	5	-	24833854	24834029	126.6354294	24834029	0	175	-175	175	-175	175
CAGE_TSS_37246	5	-	24836697	24836781	11.59576988	24836781	0	84	-84	84	-84	84
CAGE_TSS_37249	5	-	24864115	24864156	7.971189976	24864156	0	41	-41	41	-41	41
CAGE_TSS_37255	5	-	24884592	24884878	111.1898575	24884878	0	286	-286	286	-286	286
CAGE_TSS_37259	5	-	24932575	24932723	9.601969719	24932723	0	148	-148	148	-148	148
CAGE_TSS_37262	5	-	24939180	24939374	12.46595001	24939374	0	194	-194	194	-194	194
CAGE_TSS_37266	5	-	24955384	24955630	44.01242828	24955630	0	246	-246	246	-246	246
CAGE_TSS_37268	5	-	24975545	24975746	5.707699776	24975746	0	201	-201	201	-201	201
CAGE_TSS_37282	5	-	25038114	25038012	3.237190008	25038012	0	-102	102	-102	102	102
CAGE_TSS_37290	5	-	25070176	25070204	16.50754929	25070204	0	28	-28	28	-28	28
CAGE_TSS_37294	5	-	25080987	25081140	14.29242992	25081140	0	153	-153	153	-153	153
CAGE_TSS_37307	5	-	25192416	25192484	6.733320236	25192484	0	68	-68	68	-68	68
CAGE_TSS_37312	5	-	25224995	25225232	17.04208946	25225232	0	237	-237	237	-237	237
CAGE_TSS_37315	5	-	25234662	25234599	19.87122917	25234599	0	-63	63	-63	63	63
CAGE_TSS_37323	5	-	25291532	25291763	18.78137016	25291763	0	231	-231	231	-231	231
CAGE_TSS_37324	5	-	25296871	25296949	7.903269768	25296949	0	78	-78	78	-78	78
CAGE_TSS_37326	5	-	25302460	25302576	5.970129967	25302576	0	116	-116	116	-116	116
CAGE_TSS_37333	5	-	25335482	25335583	23.86169052	25335583	0	101	-101	101	-101	101
CAGE_TSS_37340	5	-	25366015	25366226	376.2680969	25366226	0	211	-211	211	-211	211
CAGE_TSS_37344	5	-	25373854	25374066	9.711959839	25374066	0	212	-212	212	-212	212
CAGE_TSS_37345	5	-	25379327	25379611	63.63367844	25379611	0	284	-284	284	-284	284
CAGE_TSS_37346	5	-	25381182	25381279	52.82806015	25381279	0	97	-97	97	-97	97
CAGE_TSS_37349	5	-	25387219	25387373	36.66585922	25387373	0	154	-154	154	-154	154
CAGE_TSS_37350	5	-	25390062	25390289	27.80348969	25390289	0	227	-227	227	-227	227
CAGE_TSS_37353	5	-	25394835	25394978	5.649159908	25394978	0	143	-143	143	-143	143
CAGE_TSS_37354	5	-	25398152	25398441	26.25499916	25398441	0	289	-289	289	-289	289
CAGE_TSS_37357	5	-	25415508	25415675	23.71487999	25415675	0	167	-167	167	-167	167
CAGE_TSS_37360	5	-	25422369	25422404	137.7792664	25422404	0	35	-35	35	-35	35
CAGE_TSS_37365	5	-	25458472	25458661	55.68233109	25458661	0	189	-189	189	-189	189
CAGE_TSS_37366	5	-	25460459	25460490	93.80352783	25460490	0	31	-31	31	-31	31
CAGE_TSS_37370	5	-	25468352	25468484	46.39157104	25468484	0	132	-132	132	-132	132
CAGE_TSS_37373	5	-	25483583	25483753	26.97884941	25483753	0	170	-170	170	-170	170
CAGE_TSS_37375	5	-	25497721	25497902	7.756020069	25497902	0	181	-181	181	-181	181
CAGE_TSS_37379	5	-	25527988	25528060	251.5802155	25528060	0	72	-72	72	-72	72
CAGE_TSS_37389	5	-	25558725	25558768	181.9546356	25558768	0	43	-43	43	-43	43
CAGE_TSS_37401	5	-	25622557	25622516	18.02985001	25622516	0	-41	41	-41	41	41
CAGE_TSS_37404	5	-	25633127	25633299	37.04257965	25633299	0	172	-172	172	-172	172
CAGE_TSS_37406	5	-	25644448	25644599	65.00485992	25644599	0	151	-151	151	-151	151
CAGE_TSS_37407	5	-	25646724	25646842	7.229279995	25646842	0	118	-118	118	-118	118
CAGE_TSS_37409	5	-	25652122	25652114	6.514319897	25652114	0	-8	8	-8	8	8
CAGE_TSS_37411	5	-	25661001	25661173	23.51567078	25661173	0	172	-172	172	-172	172
CAGE_TSS_37416	5	-	25666190	25666333	214.4089661	25666333	0	143	-143	143	-143	143
CAGE_TSS_37421	5	-	25676749	25676871	32.4140892	25676871	0	122	-122	122	-122	122
CAGE_TSS_37426	5	-	25713460	25713561	9.582710266	25713561	0	101	-101	101	-101	101
CAGE_TSS_37436	5	-	25738627	25738778	9.22358036	25738778	0	151	-151	151	-151	151
CAGE_TSS_37437	5	-	25755050	25755260	28.65505028	25755260	0	210	-210	210	-210	210
CAGE_TSS_37440	5	-	25764153	25764250	53.00791168	25764250	0	97	-97	97	-97	97
CAGE_TSS_37450	5	-	25805021	25805123	5.618760109	25805123	0	102	-102	102	-102	102
CAGE_TSS_37451	5	-	25809695	25809705	77.57633209	25809705	0	10	-10	10	-10	10
CAGE_TSS_37458	5	-	25830517	25830707	40.09780884	25830707	0	190	-190	190	-190	190
CAGE_TSS_37462	5	-	25843468	25843449	32.21928024	25843449	0	-19	19	-19	19	19
CAGE_TSS_37472	5	-	25902063	25902210	8.932789803	25902210	0	147	-147	147	-147	147
CAGE_TSS_37485	5	-	25945411	25945407	7.780290127	25945407	0	-4	4	-4	4	4
CAGE_TSS_37491	5	-	25976363	25976580	9.611570358	25976580	0	217	-217	217	-217	217
CAGE_TSS_37496	5	-	26012666	26012680	23.70772934	26012680	0	14	-14	14	-14	14
CAGE_TSS_37498	5	-	26022221	26022461	10.94919968	26022461	0	240	-240	240	-240	240
CAGE_TSS_37503	5	-	26052643	26052801	158.7338562	26052801	0	158	-158	158	-158	158
CAGE_TSS_37506	5	-	26078250	26078309	9.55053997	26078309	0	59	-59	59	-59	59
CAGE_TSS_37513	5	-	26088118	26088395	150.5274048	26088395	0	277	-277	277	-277	277
CAGE_TSS_37514	5	-	26095776	26095843	85.25566864	26095843	0	67	-67	67	-67	67
CAGE_TSS_37523	5	-	26126438	26126549	83.78986359	26126549	0	111	-111	111	-111	111
CAGE_TSS_37546	5	-	26228448	26228647	28.87343979	26228647	0	199	-199	199	-199	199
CAGE_TSS_37560	5	-	26343303	26343504	60.27643967	26343504	0	201	-201	201	-201	201
CAGE_TSS_37561	5	-	26346062	26346127	112.3476562	26346127	0	65	-65	65	-65	65
CAGE_TSS_37563	5	-	26349058	26349110	13.21331978	26349110	0	52	-52	52	-52	52
CAGE_TSS_37564	5	-	26349969	26350205	33.883461	26350205	0	236	-236	236	-236	236
CAGE_TSS_37565	5	-	26363399	26363605	9.292360306	26363605	0	206	-206	206	-206	206
CAGE_TSS_37566	5	-	26365950	26366151	60.4174614	26366151	0	201	-201	201	-201	201
CAGE_TSS_37567	5	-	26376570	26376607	5.298669815	26376607	0	37	-37	37	-37	37
CAGE_TSS_37571	5	-	26379231	26379421	230.0923767	26379421	0	190	-190	190	-190	190
CAGE_TSS_37580	5	-	26411194	26411286	12.82798004	26411286	0	92	-92	92	-92	92
CAGE_TSS_37581	5	-	26411715	26411936	17.74179077	26411936	0	221	-221	221	-221	221
CAGE_TSS_37582	5	-	26414503	26414669	90.34600067	26414669	0	166	-166	166	-166	166
CAGE_TSS_37585	5	-	26425393	26425477	116.3723221	26425477	0	84	-84	84	-84	84
CAGE_TSS_37586	5	-	26433751	26433878	15.85056019	26433878	0	127	-127	127	-127	127
CAGE_TSS_37596	5	-	26453038	26453241	5.286610126	26453241	0	203	-203	203	-203	203
CAGE_TSS_37600	5	-	26475748	26475964	9.462539673	26475964	0	216	-216	216	-216	216
CAGE_TSS_37601	5	-	26479539	26479643	48.63319016	26479643	0	104	-104	104	-104	104
CAGE_TSS_37603	5	-	26490324	26490553	6.024559975	26490553	0	229	-229	229	-229	229
CAGE_TSS_37606	5	-	26501910	26502014	28.99328041	26502014	0	104	-104	104	-104	104
CAGE_TSS_37617	5	-	26525080	26525131	36.00978851	26525131	0	51	-51	51	-51	51
CAGE_TSS_37622	5	-	26541087	26541345	23.97771072	26541345	0	258	-258	258	-258	258
CAGE_TSS_37626	5	-	26547761	26547774	5.860720158	26547774	0	13	-13	13	-13	13
CAGE_TSS_37636	5	-	26574650	26574729	23.17667961	26574729	0	79	-79	79	-79	79
CAGE_TSS_37639	5	-	26581485	26581669	58.32698822	26581669	0	184	-184	184	-184	184
CAGE_TSS_37644	5	-	26616922	26617042	66.50450134	26617042	0	120	-120	120	-120	120
CAGE_TSS_37653	5	-	26717953	26718022	58.66241837	26718022	0	69	-69	69	-69	69
CAGE_TSS_37654	5	-	26721315	26721538	237.1941986	26721538	0	223	-223	223	-223	223
CAGE_TSS_37665	5	-	26757189	26757359	6.317930222	26757359	0	170	-170	170	-170	170
CAGE_TSS_37666	5	-	26761210	26761463	31.2107296	26761463	0	253	-253	253	-253	253
CAGE_TSS_37668	5	-	26786384	26786541	6.338610172	26786541	0	157	-157	157	-157	157
CAGE_TSS_37669	5	-	26795302	26795484	19.48015022	26795484	0	182	-182	182	-182	182
CAGE_TSS_37671	5	-	26799027	26799176	112.1688232	26799176	0	149	-149	149	-149	149
CAGE_TSS_37675	5	-	26810093	26810149	21.78723907	26810149	0	56	-56	56	-56	56
CAGE_TSS_37676	5	-	26816591	26816745	11.23519039	26816745	0	154	-154	154	-154	154
CAGE_TSS_37684	5	-	26833327	26833462	139.3675995	26833462	0	135	-135	135	-135	135
CAGE_TSS_37686	5	-	26845189	26845320	78.86026764	26845320	0	131	-131	131	-131	131
CAGE_TSS_37687	5	-	26849780	26850074	22.3513298	26850074	0	294	-294	294	-294	294
CAGE_TSS_37691	5	-	26869604	26869597	12.36853027	26869597	0	-7	7	-7	7	7
CAGE_TSS_37698	5	-	26879538	26879673	39.19786835	26879673	0	135	-135	135	-135	135
CAGE_TSS_37703	5	-	26889238	26889165	11.40085983	26889165	0	-73	73	-73	73	73
CAGE_TSS_37704	5	-	26897967	26898030	191.9659576	26898030	0	63	-63	63	-63	63
CAGE_TSS_37705	5	-	26904971	26905086	5.182050228	26905086	0	115	-115	115	-115	115
CAGE_TSS_37706	5	-	26905589	26905828	32.86523056	26905828	0	239	-239	239	-239	239
CAGE_TSS_37711	5	-	26919885	26920063	26.47448921	26920063	0	178	-178	178	-178	178
CAGE_TSS_37714	5	-	26933204	26933192	85.60308838	26933192	0	-12	12	-12	12	12
CAGE_TSS_37724	5	-	26965995	26966171	35.43281937	26966171	0	176	-176	176	-176	176
