tss_id	chromosome	strand	tss_position_0based	summit_position_0based	summit_score	window_center_position_0based	genomic_shift_center_minus_summit	genomic_offset_center_minus_tss	strand_oriented_offset	genomic_offset_summit_minus_tss	strand_oriented_offset_summit_minus_tss	absolute_summit_tss_distance
CAGE_TSS_7	1	+	75584	75344	47.24298096	75344	0	-240	-240	-240	-240	240
CAGE_TSS_10	1	+	88897	88639	42.85757065	88639	0	-258	-258	-258	-258	258
CAGE_TSS_14	1	+	99922	99772	69.67386627	99772	0	-150	-150	-150	-150	150
CAGE_TSS_17	1	+	109073	109068	170.295105	109068	0	-5	-5	-5	-5	5
CAGE_TSS_18	1	+	114286	114065	5.387869835	114065	0	-221	-221	-221	-221	221
CAGE_TSS_22	1	+	136157	135969	10.43029022	135969	0	-188	-188	-188	-188	188
CAGE_TSS_25	1	+	147152	146971	3.285850048	146971	0	-181	-181	-181	-181	181
CAGE_TSS_26	1	+	163413	163192	8.161310196	163192	0	-221	-221	-221	-221	221
CAGE_TSS_29	1	+	185136	184963	39.98746872	184963	0	-173	-173	-173	-173	173
CAGE_TSS_30	1	+	187211	187048	14.62042999	187048	0	-163	-163	-163	-163	163
CAGE_TSS_31	1	+	190539	190422	34.22103882	190422	0	-117	-117	-117	-117	117
CAGE_TSS_32	1	+	195822	195714	20.97830963	195714	0	-108	-108	-108	-108	108
CAGE_TSS_39	1	+	204945	204936	9.613639832	204936	0	-9	-9	-9	-9	9
CAGE_TSS_48	1	+	258791	258741	77.35926056	258741	0	-50	-50	-50	-50	50
CAGE_TSS_49	1	+	262895	262780	65.29065704	262780	0	-115	-115	-115	-115	115
CAGE_TSS_51	1	+	268329	268245	152.5055237	268245	0	-84	-84	-84	-84	84
CAGE_TSS_54	1	+	275499	275282	152.1874084	275282	0	-217	-217	-217	-217	217
CAGE_TSS_57	1	+	282558	282558	13.18171978	282558	0	0	0	0	0	0
CAGE_TSS_61	1	+	293379	293156	139.3304443	293156	0	-223	-223	-223	-223	223
CAGE_TSS_67	1	+	310303	310214	17.36403084	310214	0	-89	-89	-89	-89	89
CAGE_TSS_71	1	+	325389	325253	6.058320045	325253	0	-136	-136	-136	-136	136
CAGE_TSS_87	1	+	418780	418493	8.038240433	418493	0	-287	-287	-287	-287	287
CAGE_TSS_89	1	+	453220	453157	8.024709702	453157	0	-63	-63	-63	-63	63
CAGE_TSS_93	1	+	460320	460187	22.67197037	460187	0	-133	-133	-133	-133	133
CAGE_TSS_99	1	+	486778	486700	19.74584007	486700	0	-78	-78	-78	-78	78
CAGE_TSS_101	1	+	490925	490750	6.861899853	490750	0	-175	-175	-175	-175	175
CAGE_TSS_109	1	+	523527	523693	10.46226025	523693	0	166	166	166	166	166
CAGE_TSS_110	1	+	537899	537738	312.9391174	537738	0	-161	-161	-161	-161	161
CAGE_TSS_115	1	+	576508	576393	186.0926666	576393	0	-115	-115	-115	-115	115
CAGE_TSS_117	1	+	584271	584120	17.3080101	584120	0	-151	-151	-151	-151	151
CAGE_TSS_122	1	+	602552	602399	7.890979767	602399	0	-153	-153	-153	-153	153
CAGE_TSS_124	1	+	618262	618130	19.70236015	618130	0	-132	-132	-132	-132	132
CAGE_TSS_127	1	+	626779	626737	31.8405304	626737	0	-42	-42	-42	-42	42
CAGE_TSS_133	1	+	635121	634982	20.5739193	634982	0	-139	-139	-139	-139	139
CAGE_TSS_140	1	+	701471	701314	60.94726944	701314	0	-157	-157	-157	-157	157
CAGE_TSS_141	1	+	729934	729851	15.79316044	729851	0	-83	-83	-83	-83	83
CAGE_TSS_145	1	+	754428	754335	11.24596977	754335	0	-93	-93	-93	-93	93
CAGE_TSS_153	1	+	773455	773174	7.318719864	773174	0	-281	-281	-281	-281	281
CAGE_TSS_155	1	+	780518	780361	195.1713257	780361	0	-157	-157	-157	-157	157
CAGE_TSS_163	1	+	807403	807193	7.50026989	807193	0	-210	-210	-210	-210	210
CAGE_TSS_165	1	+	813478	813341	17.21409988	813341	0	-137	-137	-137	-137	137
CAGE_TSS_173	1	+	847870	847844	38.72827911	847844	0	-26	-26	-26	-26	26
CAGE_TSS_178	1	+	900734	900580	120.6880875	900580	0	-154	-154	-154	-154	154
CAGE_TSS_181	1	+	907657	907522	5.376130104	907522	0	-135	-135	-135	-135	135
CAGE_TSS_190	1	+	930893	930797	20.41441917	930797	0	-96	-96	-96	-96	96
CAGE_TSS_201	1	+	993403	993285	6.075019836	993285	0	-118	-118	-118	-118	118
CAGE_TSS_202	1	+	996117	995940	27.54759026	995940	0	-177	-177	-177	-177	177
CAGE_TSS_204	1	+	1004916	1004747	73.2733078	1004747	0	-169	-169	-169	-169	169
CAGE_TSS_208	1	+	1018106	1018049	32.11864853	1018049	0	-57	-57	-57	-57	57
CAGE_TSS_209	1	+	1036540	1036443	7.453360081	1036443	0	-97	-97	-97	-97	97
CAGE_TSS_213	1	+	1059467	1059499	6.139319897	1059499	0	32	32	32	32	32
CAGE_TSS_214	1	+	1073418	1073152	8.815839767	1073152	0	-266	-266	-266	-266	266
CAGE_TSS_219	1	+	1104492	1104389	32.64762878	1104389	0	-103	-103	-103	-103	103
CAGE_TSS_220	1	+	1109482	1109319	5.597410202	1109319	0	-163	-163	-163	-163	163
CAGE_TSS_223	1	+	1125549	1125342	9.366780281	1125342	0	-207	-207	-207	-207	207
CAGE_TSS_224	1	+	1136300	1136203	39.10836029	1136203	0	-97	-97	-97	-97	97
CAGE_TSS_226	1	+	1145941	1145943	5.518670082	1145943	0	2	2	2	2	2
CAGE_TSS_234	1	+	1194167	1194011	110.342308	1194011	0	-156	-156	-156	-156	156
CAGE_TSS_238	1	+	1202225	1202156	95.40203094	1202156	0	-69	-69	-69	-69	69
CAGE_TSS_248	1	+	1279387	1279184	5.998760223	1279184	0	-203	-203	-203	-203	203
CAGE_TSS_263	1	+	1399234	1399156	25.52660942	1399156	0	-78	-78	-78	-78	78
CAGE_TSS_267	1	+	1418646	1418681	139.0085907	1418681	0	35	35	35	35	35
CAGE_TSS_270	1	+	1463095	1462896	9.401579857	1462896	0	-199	-199	-199	-199	199
CAGE_TSS_280	1	+	1529767	1529683	75.13954163	1529683	0	-84	-84	-84	-84	84
CAGE_TSS_285	1	+	1553602	1553432	6.682109833	1553432	0	-170	-170	-170	-170	170
CAGE_TSS_286	1	+	1564596	1564487	52.50569916	1564487	0	-109	-109	-109	-109	109
CAGE_TSS_296	1	+	1679152	1679045	163.29422	1679045	0	-107	-107	-107	-107	107
CAGE_TSS_298	1	+	1682224	1682020	94.818367	1682020	0	-204	-204	-204	-204	204
CAGE_TSS_309	1	+	1730249	1730086	108.1322632	1730086	0	-163	-163	-163	-163	163
CAGE_TSS_310	1	+	1732850	1732638	7.077179909	1732638	0	-212	-212	-212	-212	212
CAGE_TSS_311	1	+	1744779	1744677	70.60559845	1744677	0	-102	-102	-102	-102	102
CAGE_TSS_312	1	+	1745977	1745702	243.1724701	1745702	0	-275	-275	-275	-275	275
CAGE_TSS_315	1	+	1748334	1748154	7.559959888	1748154	0	-180	-180	-180	-180	180
CAGE_TSS_318	1	+	1762224	1762138	64.66615295	1762138	0	-86	-86	-86	-86	86
CAGE_TSS_328	1	+	1822615	1822411	157.3654327	1822411	0	-204	-204	-204	-204	204
CAGE_TSS_330	1	+	1832942	1832718	5.397890091	1832718	0	-224	-224	-224	-224	224
CAGE_TSS_334	1	+	1855942	1855657	47.92224884	1855657	0	-285	-285	-285	-285	285
CAGE_TSS_336	1	+	1883001	1882735	53.22238159	1882735	0	-266	-266	-266	-266	266
CAGE_TSS_338	1	+	1897208	1897151	106.4216003	1897151	0	-57	-57	-57	-57	57
CAGE_TSS_347	1	+	1946809	1946833	56.60525131	1946833	0	24	24	24	24	24
CAGE_TSS_353	1	+	1965841	1965695	6.024869919	1965695	0	-146	-146	-146	-146	146
CAGE_TSS_359	1	+	2001489	2001284	42.12915039	2001284	0	-205	-205	-205	-205	205
CAGE_TSS_363	1	+	2025599	2025448	209.6640015	2025448	0	-151	-151	-151	-151	151
CAGE_TSS_364	1	+	2027762	2027533	34.08346176	2027533	0	-229	-229	-229	-229	229
CAGE_TSS_365	1	+	2029991	2029888	13.20258045	2029888	0	-103	-103	-103	-103	103
CAGE_TSS_366	1	+	2032345	2032180	62.7779007	2032180	0	-165	-165	-165	-165	165
CAGE_TSS_379	1	+	2083426	2083146	21.69506073	2083146	0	-280	-280	-280	-280	280
CAGE_TSS_383	1	+	2105040	2104959	90.40712738	2104959	0	-81	-81	-81	-81	81
CAGE_TSS_393	1	+	2170040	2169945	50.62884903	2169945	0	-95	-95	-95	-95	95
CAGE_TSS_397	1	+	2187881	2187941	46.19538879	2187941	0	60	60	60	60	60
CAGE_TSS_398	1	+	2200159	2199991	7.896039963	2199991	0	-168	-168	-168	-168	168
CAGE_TSS_404	1	+	2207482	2207200	27.61290932	2207200	0	-282	-282	-282	-282	282
CAGE_TSS_405	1	+	2215222	2214981	33.84622955	2214981	0	-241	-241	-241	-241	241
CAGE_TSS_407	1	+	2223854	2223783	31.01329994	2223783	0	-71	-71	-71	-71	71
CAGE_TSS_408	1	+	2224734	2224629	50.73888016	2224629	0	-105	-105	-105	-105	105
CAGE_TSS_409	1	+	2225982	2225787	9.232729912	2225787	0	-195	-195	-195	-195	195
CAGE_TSS_411	1	+	2238086	2238113	21.13670921	2238113	0	27	27	27	27	27
CAGE_TSS_420	1	+	2277830	2277676	60.85187149	2277676	0	-154	-154	-154	-154	154
CAGE_TSS_421	1	+	2291461	2291434	49.01940155	2291434	0	-27	-27	-27	-27	27
CAGE_TSS_423	1	+	2301375	2301076	11.09490013	2301076	0	-299	-299	-299	-299	299
CAGE_TSS_427	1	+	2341541	2341404	8.20265007	2341404	0	-137	-137	-137	-137	137
CAGE_TSS_429	1	+	2349024	2348903	21.65946007	2348903	0	-121	-121	-121	-121	121
CAGE_TSS_439	1	+	2412995	2413028	8.079099655	2413028	0	33	33	33	33	33
CAGE_TSS_441	1	+	2414291	2414142	43.0080986	2414142	0	-149	-149	-149	-149	149
CAGE_TSS_443	1	+	2422297	2422093	9.794010162	2422093	0	-204	-204	-204	-204	204
CAGE_TSS_445	1	+	2437477	2437351	165.9517517	2437351	0	-126	-126	-126	-126	126
CAGE_TSS_464	1	+	2475444	2475389	188.2625732	2475389	0	-55	-55	-55	-55	55
CAGE_TSS_474	1	+	2567532	2567467	8.560259819	2567467	0	-65	-65	-65	-65	65
CAGE_TSS_476	1	+	2586226	2586066	35.02244949	2586066	0	-160	-160	-160	-160	160
CAGE_TSS_499	1	+	2672498	2672359	28.95589066	2672359	0	-139	-139	-139	-139	139
CAGE_TSS_503	1	+	2689065	2688856	81.32105255	2688856	0	-209	-209	-209	-209	209
CAGE_TSS_516	1	+	2736768	2736687	13.22006989	2736687	0	-81	-81	-81	-81	81
CAGE_TSS_517	1	+	2752160	2752033	8.761839867	2752033	0	-127	-127	-127	-127	127
CAGE_TSS_523	1	+	2762642	2762493	35.87702179	2762493	0	-149	-149	-149	-149	149
CAGE_TSS_529	1	+	2808871	2808735	9.145580292	2808735	0	-136	-136	-136	-136	136
CAGE_TSS_530	1	+	2827113	2827090	66.55124664	2827090	0	-23	-23	-23	-23	23
CAGE_TSS_533	1	+	2848349	2848248	9.766670227	2848248	0	-101	-101	-101	-101	101
CAGE_TSS_537	1	+	2867353	2867253	163.7748413	2867253	0	-100	-100	-100	-100	100
CAGE_TSS_543	1	+	2877493	2877331	17.23811913	2877331	0	-162	-162	-162	-162	162
CAGE_TSS_550	1	+	2888492	2888483	63.85673904	2888483	0	-9	-9	-9	-9	9
CAGE_TSS_554	1	+	2927702	2927542	51.67438889	2927542	0	-160	-160	-160	-160	160
CAGE_TSS_563	1	+	2965044	2964920	191.5105743	2964920	0	-124	-124	-124	-124	124
CAGE_TSS_570	1	+	2994422	2994195	8.00965023	2994195	0	-227	-227	-227	-227	227
CAGE_TSS_583	1	+	3019818	3019595	44.73554993	3019595	0	-223	-223	-223	-223	223
CAGE_TSS_590	1	+	3058484	3058322	8.634409904	3058322	0	-162	-162	-162	-162	162
CAGE_TSS_591	1	+	3064117	3063966	20.60515976	3063966	0	-151	-151	-151	-151	151
CAGE_TSS_592	1	+	3066756	3066666	59.3405304	3066666	0	-90	-90	-90	-90	90
CAGE_TSS_597	1	+	3093844	3093709	54.36203003	3093709	0	-135	-135	-135	-135	135
CAGE_TSS_599	1	+	3104588	3104327	31.6430397	3104327	0	-261	-261	-261	-261	261
CAGE_TSS_602	1	+	3107591	3107803	8.239279747	3107803	0	212	212	212	212	212
CAGE_TSS_621	1	+	3173548	3173510	9.504560471	3173510	0	-38	-38	-38	-38	38
CAGE_TSS_629	1	+	3201827	3201645	270.4155273	3201645	0	-182	-182	-182	-182	182
CAGE_TSS_633	1	+	3244207	3244061	17.15987015	3244061	0	-146	-146	-146	-146	146
CAGE_TSS_634	1	+	3252240	3252241	13.64426994	3252241	0	1	1	1	1	1
CAGE_TSS_641	1	+	3310985	3310958	5.648250103	3310958	0	-27	-27	-27	-27	27
CAGE_TSS_646	1	+	3363444	3363441	10.12975025	3363441	0	-3	-3	-3	-3	3
CAGE_TSS_650	1	+	3400605	3400892	6.274040222	3400892	0	287	287	287	287	287
CAGE_TSS_662	1	+	3484556	3484406	103.0105133	3484406	0	-150	-150	-150	-150	150
CAGE_TSS_667	1	+	3530503	3530448	22.26415062	3530448	0	-55	-55	-55	-55	55
CAGE_TSS_670	1	+	3535530	3535523	5.932789803	3535523	0	-7	-7	-7	-7	7
CAGE_TSS_674	1	+	3554109	3554003	223.4655609	3554003	0	-106	-106	-106	-106	106
CAGE_TSS_688	1	+	3664270	3664255	9.180540085	3664255	0	-15	-15	-15	-15	15
CAGE_TSS_691	1	+	3676756	3676604	81.44094849	3676604	0	-152	-152	-152	-152	152
CAGE_TSS_693	1	+	3681820	3681649	50.93877029	3681649	0	-171	-171	-171	-171	171
CAGE_TSS_696	1	+	3715176	3715050	8.8832798	3715050	0	-126	-126	-126	-126	126
CAGE_TSS_704	1	+	3745742	3745573	34.90270996	3745573	0	-169	-169	-169	-169	169
CAGE_TSS_708	1	+	3774549	3774496	6.57886982	3774496	0	-53	-53	-53	-53	53
CAGE_TSS_716	1	+	3832622	3832372	19.15426064	3832372	0	-250	-250	-250	-250	250
CAGE_TSS_725	1	+	3849312	3849178	235.0514221	3849178	0	-134	-134	-134	-134	134
CAGE_TSS_731	1	+	3888689	3888607	32.14028168	3888607	0	-82	-82	-82	-82	82
CAGE_TSS_735	1	+	3914814	3914605	7.818779945	3914605	0	-209	-209	-209	-209	209
CAGE_TSS_740	1	+	3920556	3920367	23.82443047	3920367	0	-189	-189	-189	-189	189
CAGE_TSS_745	1	+	3945736	3945525	11.9133997	3945525	0	-211	-211	-211	-211	211
CAGE_TSS_747	1	+	3951407	3951278	52.12002945	3951278	0	-129	-129	-129	-129	129
CAGE_TSS_750	1	+	3967548	3967248	5.63864994	3967248	0	-300	-300	-300	-300	300
CAGE_TSS_752	1	+	3981329	3981073	6.90282011	3981073	0	-256	-256	-256	-256	256
CAGE_TSS_753	1	+	3995412	3995138	291.2987976	3995138	0	-274	-274	-274	-274	274
CAGE_TSS_768	1	+	4003876	4003745	24.14119911	4003745	0	-131	-131	-131	-131	131
CAGE_TSS_769	1	+	4010778	4010681	29.54107094	4010681	0	-97	-97	-97	-97	97
CAGE_TSS_772	1	+	4028770	4028659	54.52993011	4028659	0	-111	-111	-111	-111	111
CAGE_TSS_776	1	+	4062626	4062459	6.682109833	4062459	0	-167	-167	-167	-167	167
CAGE_TSS_782	1	+	4105237	4105123	23.16400909	4105123	0	-114	-114	-114	-114	114
CAGE_TSS_787	1	+	4121368	4121281	17.57069969	4121281	0	-87	-87	-87	-87	87
CAGE_TSS_788	1	+	4126057	4125915	5.768809795	4125915	0	-142	-142	-142	-142	142
CAGE_TSS_791	1	+	4140278	4140163	10.25419998	4140163	0	-115	-115	-115	-115	115
CAGE_TSS_800	1	+	4159266	4159256	10.3940897	4159256	0	-10	-10	-10	-10	10
CAGE_TSS_804	1	+	4194650	4194484	7.542459965	4194484	0	-166	-166	-166	-166	166
CAGE_TSS_807	1	+	4220192	4220002	15.57411957	4220002	0	-190	-190	-190	-190	190
CAGE_TSS_809	1	+	4223031	4222903	31.36310005	4222903	0	-128	-128	-128	-128	128
CAGE_TSS_814	1	+	4244282	4244210	9.878499985	4244210	0	-72	-72	-72	-72	72
CAGE_TSS_818	1	+	4274634	4274406	27.42089081	4274406	0	-228	-228	-228	-228	228
CAGE_TSS_827	1	+	4342282	4342239	28.65505028	4342239	0	-43	-43	-43	-43	43
CAGE_TSS_832	1	+	4366608	4366349	7.727789879	4366349	0	-259	-259	-259	-259	259
CAGE_TSS_833	1	+	4367295	4367225	153.7109528	4367225	0	-70	-70	-70	-70	70
CAGE_TSS_849	1	+	4433632	4433394	65.1248703	4433394	0	-238	-238	-238	-238	238
CAGE_TSS_857	1	+	4459165	4458955	131.9737854	4458955	0	-210	-210	-210	-210	210
CAGE_TSS_860	1	+	4463968	4463789	33.94729996	4463789	0	-179	-179	-179	-179	179
CAGE_TSS_861	1	+	4467225	4466982	47.10858154	4466982	0	-243	-243	-243	-243	243
CAGE_TSS_870	1	+	4498955	4498803	203.1551666	4498803	0	-152	-152	-152	-152	152
CAGE_TSS_875	1	+	4547544	4547443	173.8639832	4547443	0	-101	-101	-101	-101	101
CAGE_TSS_882	1	+	4604841	4604713	89.82501984	4604713	0	-128	-128	-128	-128	128
CAGE_TSS_883	1	+	4606515	4606222	25.26335907	4606222	0	-293	-293	-293	-293	293
CAGE_TSS_885	1	+	4615847	4615746	10.40598011	4615746	0	-101	-101	-101	-101	101
CAGE_TSS_894	1	+	4693312	4693234	5.512869835	4693234	0	-78	-78	-78	-78	78
CAGE_TSS_897	1	+	4713691	4713538	140.4380035	4713538	0	-153	-153	-153	-153	153
CAGE_TSS_905	1	+	4748872	4748793	49.09075928	4748793	0	-79	-79	-79	-79	79
CAGE_TSS_910	1	+	4773578	4773420	8.71957016	4773420	0	-158	-158	-158	-158	158
CAGE_TSS_911	1	+	4776530	4776364	5.902890205	4776364	0	-166	-166	-166	-166	166
CAGE_TSS_912	1	+	4788556	4788575	11.10223007	4788575	0	19	19	19	19	19
CAGE_TSS_913	1	+	4794756	4794655	128.5164032	4794655	0	-101	-101	-101	-101	101
CAGE_TSS_916	1	+	4797386	4797396	10.84902	4797396	0	10	10	10	10	10
CAGE_TSS_921	1	+	4818446	4818235	19.70614052	4818235	0	-211	-211	-211	-211	211
CAGE_TSS_930	1	+	4864929	4864718	113.4321518	4864718	0	-211	-211	-211	-211	211
CAGE_TSS_931	1	+	4868498	4868267	27.71213913	4868267	0	-231	-231	-231	-231	231
CAGE_TSS_948	1	+	4915579	4915479	17.11874962	4915479	0	-100	-100	-100	-100	100
CAGE_TSS_951	1	+	4934755	4934698	9.638560295	4934698	0	-57	-57	-57	-57	57
CAGE_TSS_954	1	+	4978912	4978732	15.54845047	4978732	0	-180	-180	-180	-180	180
CAGE_TSS_955	1	+	4980673	4980688	20.54199028	4980688	0	15	15	15	15	15
CAGE_TSS_956	1	+	4983559	4983420	11.75905037	4983420	0	-139	-139	-139	-139	139
CAGE_TSS_957	1	+	4989671	4989618	9.366330147	4989618	0	-53	-53	-53	-53	53
CAGE_TSS_958	1	+	4991464	4991291	17.02371979	4991291	0	-173	-173	-173	-173	173
CAGE_TSS_964	1	+	5042448	5042443	16.70591927	5042443	0	-5	-5	-5	-5	5
CAGE_TSS_970	1	+	5090992	5090831	29.7873497	5090831	0	-161	-161	-161	-161	161
CAGE_TSS_973	1	+	5137055	5137031	12.56972027	5137031	0	-24	-24	-24	-24	24
CAGE_TSS_975	1	+	5149273	5149202	25.55187988	5149202	0	-71	-71	-71	-71	71
CAGE_TSS_976	1	+	5168615	5168442	59.57117844	5168442	0	-173	-173	-173	-173	173
CAGE_TSS_977	1	+	5171206	5171087	117.9273605	5171087	0	-119	-119	-119	-119	119
CAGE_TSS_978	1	+	5177561	5177461	5.475570202	5177461	0	-100	-100	-100	-100	100
CAGE_TSS_982	1	+	5193698	5193860	4.289179802	5193860	0	162	162	162	162	162
CAGE_TSS_983	1	+	5199196	5199060	21.87763023	5199060	0	-136	-136	-136	-136	136
CAGE_TSS_986	1	+	5204603	5204408	23.39188957	5204408	0	-195	-195	-195	-195	195
CAGE_TSS_1008	1	+	5304317	5304312	96.14974976	5304312	0	-5	-5	-5	-5	5
CAGE_TSS_1012	1	+	5325328	5325225	65.90305328	5325225	0	-103	-103	-103	-103	103
CAGE_TSS_1013	1	+	5326313	5326021	19.80031967	5326021	0	-292	-292	-292	-292	292
CAGE_TSS_1021	1	+	5379055	5378780	168.7511902	5378780	0	-275	-275	-275	-275	275
CAGE_TSS_1022	1	+	5381089	5380931	13.1422596	5380931	0	-158	-158	-158	-158	158
CAGE_TSS_1025	1	+	5398997	5398977	15.87656021	5398977	0	-20	-20	-20	-20	20
CAGE_TSS_1031	1	+	5404401	5404317	21.53903008	5404317	0	-84	-84	-84	-84	84
CAGE_TSS_1032	1	+	5406025	5406005	106.4216003	5406005	0	-20	-20	-20	-20	20
CAGE_TSS_1033	1	+	5410921	5410831	17.02980995	5410831	0	-90	-90	-90	-90	90
CAGE_TSS_1035	1	+	5430379	5430308	27.31876945	5430308	0	-71	-71	-71	-71	71
CAGE_TSS_1036	1	+	5444453	5444286	16.1006794	5444286	0	-167	-167	-167	-167	167
CAGE_TSS_1038	1	+	5448086	5447992	12.58059025	5447992	0	-94	-94	-94	-94	94
CAGE_TSS_1043	1	+	5461304	5461273	8.628520012	5461273	0	-31	-31	-31	-31	31
CAGE_TSS_1055	1	+	5481773	5481502	10.6841898	5481502	0	-271	-271	-271	-271	271
CAGE_TSS_1063	1	+	5509324	5509133	61.77661896	5509133	0	-191	-191	-191	-191	191
CAGE_TSS_1068	1	+	5518317	5518328	15.93373966	5518328	0	11	11	11	11	11
CAGE_TSS_1074	1	+	5543140	5542992	13.88494968	5542992	0	-148	-148	-148	-148	148
CAGE_TSS_1075	1	+	5548361	5548199	7.630040169	5548199	0	-162	-162	-162	-162	162
CAGE_TSS_1078	1	+	5574308	5574246	131.269165	5574246	0	-62	-62	-62	-62	62
CAGE_TSS_1080	1	+	5580854	5580727	5.629710197	5580727	0	-127	-127	-127	-127	127
CAGE_TSS_1083	1	+	5596684	5596551	189.3580475	5596551	0	-133	-133	-133	-133	133
CAGE_TSS_1087	1	+	5608806	5608728	7.05257988	5608728	0	-78	-78	-78	-78	78
CAGE_TSS_1104	1	+	5668414	5668411	53.68624115	5668411	0	-3	-3	-3	-3	3
CAGE_TSS_1109	1	+	5687948	5687828	95.25734711	5687828	0	-120	-120	-120	-120	120
CAGE_TSS_1111	1	+	5697327	5697166	95.0437088	5697166	0	-161	-161	-161	-161	161
CAGE_TSS_1129	1	+	5727706	5727504	42.4004097	5727504	0	-202	-202	-202	-202	202
CAGE_TSS_1135	1	+	5758858	5758568	11.62716007	5758568	0	-290	-290	-290	-290	290
CAGE_TSS_1139	1	+	5773708	5773473	57.35691833	5773473	0	-235	-235	-235	-235	235
CAGE_TSS_1144	1	+	5775691	5775492	9.402259827	5775492	0	-199	-199	-199	-199	199
CAGE_TSS_1153	1	+	5828933	5828854	19.41308022	5828854	0	-79	-79	-79	-79	79
CAGE_TSS_1158	1	+	5844743	5844567	9.090470314	5844567	0	-176	-176	-176	-176	176
CAGE_TSS_1160	1	+	5851953	5851660	129.4553528	5851660	0	-293	-293	-293	-293	293
CAGE_TSS_1161	1	+	5854149	5853959	15.81229019	5853959	0	-190	-190	-190	-190	190
CAGE_TSS_1169	1	+	5875373	5875269	51.91923904	5875269	0	-104	-104	-104	-104	104
CAGE_TSS_1182	1	+	5891036	5890906	69.85756683	5890906	0	-130	-130	-130	-130	130
CAGE_TSS_1184	1	+	5920774	5920491	46.73355865	5920491	0	-283	-283	-283	-283	283
CAGE_TSS_1185	1	+	5922775	5922662	14.09445953	5922662	0	-113	-113	-113	-113	113
CAGE_TSS_1195	1	+	5940422	5940251	22.37449074	5940251	0	-171	-171	-171	-171	171
CAGE_TSS_1196	1	+	5941820	5941696	5.133460045	5941696	0	-124	-124	-124	-124	124
CAGE_TSS_1199	1	+	5977410	5977302	177.6537933	5977302	0	-108	-108	-108	-108	108
CAGE_TSS_1203	1	+	6002924	6002913	6.000939846	6002913	0	-11	-11	-11	-11	11
CAGE_TSS_1210	1	+	6034361	6034195	153.1229248	6034195	0	-166	-166	-166	-166	166
CAGE_TSS_1213	1	+	6062248	6061989	196.8428802	6061989	0	-259	-259	-259	-259	259
CAGE_TSS_1218	1	+	6101118	6100966	67.13970184	6100966	0	-152	-152	-152	-152	152
CAGE_TSS_1227	1	+	6149300	6149181	73.82663727	6149181	0	-119	-119	-119	-119	119
CAGE_TSS_1235	1	+	6222262	6222024	7.383140087	6222024	0	-238	-238	-238	-238	238
CAGE_TSS_1244	1	+	6297363	6297092	5.87446022	6297092	0	-271	-271	-271	-271	271
CAGE_TSS_1246	1	+	6304261	6304040	7.234280109	6304040	0	-221	-221	-221	-221	221
CAGE_TSS_1247	1	+	6315650	6315434	6.881080151	6315434	0	-216	-216	-216	-216	216
CAGE_TSS_1248	1	+	6325852	6325696	12.20172977	6325696	0	-156	-156	-156	-156	156
CAGE_TSS_1250	1	+	6331397	6331274	16.62276077	6331274	0	-123	-123	-123	-123	123
CAGE_TSS_1251	1	+	6343153	6343093	23.04128075	6343093	0	-60	-60	-60	-60	60
CAGE_TSS_1254	1	+	6352513	6352277	25.40818977	6352277	0	-236	-236	-236	-236	236
CAGE_TSS_1257	1	+	6361631	6361473	6.794000149	6361473	0	-158	-158	-158	-158	158
CAGE_TSS_1262	1	+	6369265	6369204	158.5719757	6369204	0	-61	-61	-61	-61	61
CAGE_TSS_1265	1	+	6389398	6389275	7.729020119	6389275	0	-123	-123	-123	-123	123
CAGE_TSS_1268	1	+	6398579	6398456	129.8193665	6398456	0	-123	-123	-123	-123	123
CAGE_TSS_1274	1	+	6409817	6409518	40.48379135	6409518	0	-299	-299	-299	-299	299
CAGE_TSS_1284	1	+	6450593	6450626	8.00965023	6450626	0	33	33	33	33	33
CAGE_TSS_1285	1	+	6459193	6459151	26.29733086	6459151	0	-42	-42	-42	-42	42
CAGE_TSS_1298	1	+	6543799	6543670	80.37731934	6543670	0	-129	-129	-129	-129	129
CAGE_TSS_1299	1	+	6546207	6546167	7.542459965	6546167	0	-40	-40	-40	-40	40
CAGE_TSS_1303	1	+	6568072	6567935	51.53158951	6567935	0	-137	-137	-137	-137	137
CAGE_TSS_1305	1	+	6584244	6584203	10.59722996	6584203	0	-41	-41	-41	-41	41
CAGE_TSS_1307	1	+	6602111	6601849	97.18840027	6601849	0	-262	-262	-262	-262	262
CAGE_TSS_1313	1	+	6622121	6621930	178.5937347	6621930	0	-191	-191	-191	-191	191
CAGE_TSS_1314	1	+	6623846	6623718	49.39049149	6623718	0	-128	-128	-128	-128	128
CAGE_TSS_1315	1	+	6643257	6643535	32.0901413	6643535	0	278	278	278	278	278
CAGE_TSS_1317	1	+	6662496	6662534	71.78148651	6662534	0	38	38	38	38	38
CAGE_TSS_1321	1	+	6684553	6684461	9.384220123	6684461	0	-92	-92	-92	-92	92
CAGE_TSS_1323	1	+	6688521	6688613	27.26637077	6688613	0	92	92	92	92	92
CAGE_TSS_1329	1	+	6697056	6696836	120.5583191	6696836	0	-220	-220	-220	-220	220
CAGE_TSS_1330	1	+	6698124	6697852	43.26129913	6697852	0	-272	-272	-272	-272	272
CAGE_TSS_1332	1	+	6712768	6712651	25.14439964	6712651	0	-117	-117	-117	-117	117
CAGE_TSS_1335	1	+	6728855	6728781	10.88492012	6728781	0	-74	-74	-74	-74	74
CAGE_TSS_1339	1	+	6746771	6746736	7.544849873	6746736	0	-35	-35	-35	-35	35
CAGE_TSS_1356	1	+	6832327	6832252	12.09076977	6832252	0	-75	-75	-75	-75	75
CAGE_TSS_1362	1	+	6886867	6886640	10.76420975	6886640	0	-227	-227	-227	-227	227
CAGE_TSS_1369	1	+	6933015	6932936	42.42147827	6932936	0	-79	-79	-79	-79	79
CAGE_TSS_1373	1	+	6942766	6942558	12.88341999	6942558	0	-208	-208	-208	-208	208
CAGE_TSS_1386	1	+	6966952	6966827	10.63086987	6966827	0	-125	-125	-125	-125	125
CAGE_TSS_1394	1	+	7016696	7016405	129.4933167	7016405	0	-291	-291	-291	-291	291
CAGE_TSS_1402	1	+	7038658	7038409	65.60653687	7038409	0	-249	-249	-249	-249	249
CAGE_TSS_1403	1	+	7043681	7043522	62.63285828	7043522	0	-159	-159	-159	-159	159
CAGE_TSS_1405	1	+	7061579	7061537	7.149909973	7061537	0	-42	-42	-42	-42	42
CAGE_TSS_1406	1	+	7062147	7061919	9.389510155	7061919	0	-228	-228	-228	-228	228
CAGE_TSS_1409	1	+	7091293	7091137	6.513679981	7091137	0	-156	-156	-156	-156	156
CAGE_TSS_1420	1	+	7143436	7143422	105.2316589	7143422	0	-14	-14	-14	-14	14
CAGE_TSS_1421	1	+	7144222	7144021	5.356359959	7144021	0	-201	-201	-201	-201	201
CAGE_TSS_1424	1	+	7146196	7146282	14.42580986	7146282	0	86	86	86	86	86
CAGE_TSS_1425	1	+	7146729	7146765	15.40229988	7146765	0	36	36	36	36	36
CAGE_TSS_1427	1	+	7154402	7154439	15.92959976	7154439	0	37	37	37	37	37
CAGE_TSS_1429	1	+	7176885	7176647	29.96266937	7176647	0	-238	-238	-238	-238	238
CAGE_TSS_1436	1	+	7179517	7179420	96.48718262	7179420	0	-97	-97	-97	-97	97
CAGE_TSS_1446	1	+	7217130	7217007	30.68647957	7217007	0	-123	-123	-123	-123	123
CAGE_TSS_1452	1	+	7252174	7252005	16.51036072	7252005	0	-169	-169	-169	-169	169
CAGE_TSS_1454	1	+	7272552	7272592	35.42345047	7272592	0	40	40	40	40	40
CAGE_TSS_1456	1	+	7285056	7285013	5.18501997	7285013	0	-43	-43	-43	-43	43
CAGE_TSS_1465	1	+	7324589	7324443	16.22525024	7324443	0	-146	-146	-146	-146	146
CAGE_TSS_1467	1	+	7337762	7337562	30.00559044	7337562	0	-200	-200	-200	-200	200
CAGE_TSS_1489	1	+	7481329	7481116	15.87092972	7481116	0	-213	-213	-213	-213	213
CAGE_TSS_1494	1	+	7497142	7497060	311.7701721	7497060	0	-82	-82	-82	-82	82
CAGE_TSS_1496	1	+	7509127	7508948	12.87753963	7508948	0	-179	-179	-179	-179	179
CAGE_TSS_1501	1	+	7588705	7588583	41.57712173	7588583	0	-122	-122	-122	-122	122
CAGE_TSS_1502	1	+	7605715	7605592	7.613520145	7605592	0	-123	-123	-123	-123	123
CAGE_TSS_1503	1	+	7610397	7610259	8.338009834	7610259	0	-138	-138	-138	-138	138
CAGE_TSS_1504	1	+	7613004	7612845	11.42070961	7612845	0	-159	-159	-159	-159	159
CAGE_TSS_1507	1	+	7615643	7615477	7.759759903	7615477	0	-166	-166	-166	-166	166
CAGE_TSS_1511	1	+	7630265	7630078	33.05714035	7630078	0	-187	-187	-187	-187	187
CAGE_TSS_1512	1	+	7641299	7641282	40.87329865	7641282	0	-17	-17	-17	-17	17
CAGE_TSS_1514	1	+	7645721	7645619	8.122960091	7645619	0	-102	-102	-102	-102	102
CAGE_TSS_1521	1	+	7652443	7652448	6.602789879	7652448	0	5	5	5	5	5
CAGE_TSS_1526	1	+	7696535	7696316	12.59819031	7696316	0	-219	-219	-219	-219	219
CAGE_TSS_1530	1	+	7734739	7734567	18.68659973	7734567	0	-172	-172	-172	-172	172
CAGE_TSS_1539	1	+	7789558	7789418	19.99394989	7789418	0	-140	-140	-140	-140	140
CAGE_TSS_1545	1	+	7836525	7836452	5.810490131	7836452	0	-73	-73	-73	-73	73
CAGE_TSS_1550	1	+	7865493	7865407	27.28820992	7865407	0	-86	-86	-86	-86	86
CAGE_TSS_1553	1	+	7886498	7886549	34.14749908	7886549	0	51	51	51	51	51
CAGE_TSS_1554	1	+	7894044	7893880	20.75485039	7893880	0	-164	-164	-164	-164	164
CAGE_TSS_1557	1	+	7912025	7911757	5.319849968	7911757	0	-268	-268	-268	-268	268
CAGE_TSS_1562	1	+	7919188	7919050	115.959137	7919050	0	-138	-138	-138	-138	138
CAGE_TSS_1566	1	+	7949571	7949351	40.04689026	7949351	0	-220	-220	-220	-220	220
CAGE_TSS_1574	1	+	8005959	8006024	40.00574875	8006024	0	65	65	65	65	65
CAGE_TSS_1582	1	+	8049134	8049057	18.25328064	8049057	0	-77	-77	-77	-77	77
CAGE_TSS_1598	1	+	8089309	8089236	24.05887032	8089236	0	-73	-73	-73	-73	73
CAGE_TSS_1622	1	+	8198694	8198641	108.4417419	8198641	0	-53	-53	-53	-53	53
CAGE_TSS_1632	1	+	8219898	8219744	20.44689941	8219744	0	-154	-154	-154	-154	154
CAGE_TSS_1642	1	+	8321684	8321453	149.1919556	8321453	0	-231	-231	-231	-231	231
CAGE_TSS_1649	1	+	8333797	8333517	11.80737972	8333517	0	-280	-280	-280	-280	280
CAGE_TSS_1650	1	+	8336704	8336588	19.45339966	8336588	0	-116	-116	-116	-116	116
CAGE_TSS_1659	1	+	8350766	8350678	5.448870182	8350678	0	-88	-88	-88	-88	88
CAGE_TSS_1662	1	+	8388520	8388379	16.25752068	8388379	0	-141	-141	-141	-141	141
CAGE_TSS_1670	1	+	8400178	8400042	15.00786972	8400042	0	-136	-136	-136	-136	136
CAGE_TSS_1674	1	+	8420341	8420094	107.6504974	8420094	0	-247	-247	-247	-247	247
CAGE_TSS_1679	1	+	8432221	8432085	83.9622879	8432085	0	-136	-136	-136	-136	136
CAGE_TSS_1680	1	+	8436171	8436131	37.88219833	8436131	0	-40	-40	-40	-40	40
CAGE_TSS_1685	1	+	8515507	8515376	6.152450085	8515376	0	-131	-131	-131	-131	131
CAGE_TSS_1694	1	+	8549298	8549148	23.85648918	8549148	0	-150	-150	-150	-150	150
CAGE_TSS_1701	1	+	8631402	8631290	122.1510468	8631290	0	-112	-112	-112	-112	112
CAGE_TSS_1709	1	+	8661915	8661767	20.81637955	8661767	0	-148	-148	-148	-148	148
CAGE_TSS_1712	1	+	8665908	8665758	55.08808899	8665758	0	-150	-150	-150	-150	150
CAGE_TSS_1714	1	+	8693094	8693148	5.317580223	8693148	0	54	54	54	54	54
CAGE_TSS_1727	1	+	8860676	8860588	114.1481628	8860588	0	-88	-88	-88	-88	88
CAGE_TSS_1730	1	+	8863918	8863742	42.4074707	8863742	0	-176	-176	-176	-176	176
CAGE_TSS_1735	1	+	8894412	8894513	27.87593079	8894513	0	101	101	101	101	101
CAGE_TSS_1736	1	+	8903405	8903524	7.183959961	8903524	0	119	119	119	119	119
CAGE_TSS_1737	1	+	8911427	8911487	33.26390839	8911487	0	60	60	60	60	60
CAGE_TSS_1738	1	+	8916115	8915995	6.265160084	8915995	0	-120	-120	-120	-120	120
CAGE_TSS_1740	1	+	8922831	8922669	10.33580017	8922669	0	-162	-162	-162	-162	162
CAGE_TSS_1742	1	+	8948459	8948346	9.254210472	8948346	0	-113	-113	-113	-113	113
CAGE_TSS_1747	1	+	8962143	8961991	18.94124985	8961991	0	-152	-152	-152	-152	152
CAGE_TSS_1750	1	+	8976537	8976358	19.80985069	8976358	0	-179	-179	-179	-179	179
CAGE_TSS_1752	1	+	9020366	9020407	148.1317749	9020407	0	41	41	41	41	41
CAGE_TSS_1767	1	+	9151730	9151482	14.34348965	9151482	0	-248	-248	-248	-248	248
CAGE_TSS_1778	1	+	9182204	9182112	6.190609932	9182112	0	-92	-92	-92	-92	92
CAGE_TSS_1780	1	+	9191612	9191353	14.47869015	9191353	0	-259	-259	-259	-259	259
CAGE_TSS_1785	1	+	9210065	9210049	10.75862026	9210049	0	-16	-16	-16	-16	16
CAGE_TSS_1788	1	+	9215982	9215812	8.105070114	9215812	0	-170	-170	-170	-170	170
CAGE_TSS_1794	1	+	9241198	9241086	181.8261871	9241086	0	-112	-112	-112	-112	112
CAGE_TSS_1810	1	+	9329517	9329340	130.7576447	9329340	0	-177	-177	-177	-177	177
CAGE_TSS_1811	1	+	9343120	9342979	30.78059006	9342979	0	-141	-141	-141	-141	141
CAGE_TSS_1814	1	+	9352114	9351932	30.10174942	9351932	0	-182	-182	-182	-182	182
CAGE_TSS_1816	1	+	9359642	9359561	10.98791027	9359561	0	-81	-81	-81	-81	81
CAGE_TSS_1818	1	+	9373999	9373880	25.59550095	9373880	0	-119	-119	-119	-119	119
CAGE_TSS_1820	1	+	9381673	9381675	5.181479931	9381675	0	2	2	2	2	2
CAGE_TSS_1825	1	+	9393689	9393501	57.87459946	9393501	0	-188	-188	-188	-188	188
CAGE_TSS_1829	1	+	9407835	9407723	63.91302109	9407723	0	-112	-112	-112	-112	112
CAGE_TSS_1832	1	+	9425534	9425446	93.27918243	9425446	0	-88	-88	-88	-88	88
CAGE_TSS_1835	1	+	9429052	9429040	33.55540085	9429040	0	-12	-12	-12	-12	12
CAGE_TSS_1836	1	+	9439788	9439552	5.601089954	9439552	0	-236	-236	-236	-236	236
CAGE_TSS_1839	1	+	9481627	9481574	53.93943024	9481574	0	-53	-53	-53	-53	53
CAGE_TSS_1842	1	+	9483287	9483152	82.41647339	9483152	0	-135	-135	-135	-135	135
CAGE_TSS_1846	1	+	9487655	9487559	5.340119839	9487559	0	-96	-96	-96	-96	96
CAGE_TSS_1849	1	+	9492968	9492794	44.97090912	9492794	0	-174	-174	-174	-174	174
CAGE_TSS_1851	1	+	9495595	9495466	14.24909019	9495466	0	-129	-129	-129	-129	129
CAGE_TSS_1852	1	+	9501890	9501679	9.791279793	9501679	0	-211	-211	-211	-211	211
CAGE_TSS_1867	1	+	9534520	9534430	12.96772957	9534430	0	-90	-90	-90	-90	90
CAGE_TSS_1885	1	+	9654559	9654423	13.57653999	9654423	0	-136	-136	-136	-136	136
CAGE_TSS_1887	1	+	9657385	9657221	5.008609772	9657221	0	-164	-164	-164	-164	164
CAGE_TSS_1889	1	+	9668596	9668465	29.34889984	9668465	0	-131	-131	-131	-131	131
CAGE_TSS_1895	1	+	9740711	9740548	6.402760029	9740548	0	-163	-163	-163	-163	163
CAGE_TSS_1899	1	+	9748755	9748684	5.883019924	9748684	0	-71	-71	-71	-71	71
CAGE_TSS_1900	1	+	9763360	9763319	6.270959854	9763319	0	-41	-41	-41	-41	41
CAGE_TSS_1902	1	+	9783001	9782871	8.837200165	9782871	0	-130	-130	-130	-130	130
CAGE_TSS_1906	1	+	9825285	9825147	36.25535965	9825147	0	-138	-138	-138	-138	138
CAGE_TSS_1909	1	+	9831335	9831297	9.960410118	9831297	0	-38	-38	-38	-38	38
CAGE_TSS_1911	1	+	9874256	9874046	27.41529083	9874046	0	-210	-210	-210	-210	210
CAGE_TSS_1912	1	+	9886230	9886124	6.009339809	9886124	0	-106	-106	-106	-106	106
CAGE_TSS_1916	1	+	9944042	9943898	84.61865234	9943898	0	-144	-144	-144	-144	144
CAGE_TSS_1917	1	+	9963599	9963450	115.5130615	9963450	0	-149	-149	-149	-149	149
CAGE_TSS_1920	1	+	9996823	9996690	6.536190033	9996690	0	-133	-133	-133	-133	133
CAGE_TSS_1928	1	+	10035663	10035621	72.43669891	10035621	0	-42	-42	-42	-42	42
CAGE_TSS_1939	1	+	10147693	10147605	19.71628952	10147605	0	-88	-88	-88	-88	88
CAGE_TSS_1942	1	+	10174281	10174204	12.56678009	10174204	0	-77	-77	-77	-77	77
CAGE_TSS_1951	1	+	10236366	10236347	90.26512909	10236347	0	-19	-19	-19	-19	19
CAGE_TSS_1954	1	+	10244967	10244796	28.06159019	10244796	0	-171	-171	-171	-171	171
CAGE_TSS_1955	1	+	10252340	10252193	15.25522041	10252193	0	-147	-147	-147	-147	147
CAGE_TSS_1958	1	+	10264241	10263990	11.38957977	10263990	0	-251	-251	-251	-251	251
CAGE_TSS_1967	1	+	10327373	10327279	7.438839912	10327279	0	-94	-94	-94	-94	94
CAGE_TSS_2004	1	+	10537647	10537474	17.84411049	10537474	0	-173	-173	-173	-173	173
CAGE_TSS_2005	1	+	10543113	10543058	18.4048996	10543058	0	-55	-55	-55	-55	55
CAGE_TSS_2006	1	+	10582079	10582066	49.52388	10582066	0	-13	-13	-13	-13	13
CAGE_TSS_2007	1	+	10587602	10587427	13.63304996	10587427	0	-175	-175	-175	-175	175
CAGE_TSS_2013	1	+	10618895	10618746	19.79608917	10618746	0	-149	-149	-149	-149	149
CAGE_TSS_2014	1	+	10625085	10624979	19.18157959	10624979	0	-106	-106	-106	-106	106
CAGE_TSS_2019	1	+	10651108	10650951	37.15853882	10650951	0	-157	-157	-157	-157	157
CAGE_TSS_2021	1	+	10654910	10654705	5.969120026	10654705	0	-205	-205	-205	-205	205
CAGE_TSS_2022	1	+	10672999	10672913	61.95508957	10672913	0	-86	-86	-86	-86	86
CAGE_TSS_2023	1	+	10680225	10679988	31.92351913	10679988	0	-237	-237	-237	-237	237
CAGE_TSS_2025	1	+	10715636	10715584	25.87781906	10715584	0	-52	-52	-52	-52	52
CAGE_TSS_2033	1	+	10738791	10738775	28.55514908	10738775	0	-16	-16	-16	-16	16
CAGE_TSS_2037	1	+	10762760	10762535	9.113610268	10762535	0	-225	-225	-225	-225	225
CAGE_TSS_2038	1	+	10779206	10779079	63.6259613	10779079	0	-127	-127	-127	-127	127
CAGE_TSS_2042	1	+	10807087	10806907	104.7637711	10806907	0	-180	-180	-180	-180	180
CAGE_TSS_2051	1	+	10846649	10846366	21.2184391	10846366	0	-283	-283	-283	-283	283
CAGE_TSS_2053	1	+	10854603	10854601	15.19215012	10854601	0	-2	-2	-2	-2	2
CAGE_TSS_2055	1	+	10860743	10860541	57.45853043	10860541	0	-202	-202	-202	-202	202
CAGE_TSS_2057	1	+	10881565	10881403	6.962930202	10881403	0	-162	-162	-162	-162	162
CAGE_TSS_2061	1	+	10892569	10892429	16.62083054	10892429	0	-140	-140	-140	-140	140
CAGE_TSS_2063	1	+	10900814	10900870	5.952869892	10900870	0	56	56	56	56	56
CAGE_TSS_2065	1	+	10909109	10909085	12.58047962	10909085	0	-24	-24	-24	-24	24
CAGE_TSS_2073	1	+	10985051	10984913	124.4416122	10984913	0	-138	-138	-138	-138	138
CAGE_TSS_2079	1	+	10997100	10996966	6.79968977	10996966	0	-134	-134	-134	-134	134
CAGE_TSS_2083	1	+	11084864	11084804	101.1236572	11084804	0	-60	-60	-60	-60	60
CAGE_TSS_2089	1	+	11137398	11137305	9.1749897	11137305	0	-93	-93	-93	-93	93
CAGE_TSS_2100	1	+	11213005	11212798	28.61619949	11212798	0	-207	-207	-207	-207	207
CAGE_TSS_2104	1	+	11249616	11249544	7.838059902	11249544	0	-72	-72	-72	-72	72
CAGE_TSS_2107	1	+	11265883	11265711	5.830860138	11265711	0	-172	-172	-172	-172	172
CAGE_TSS_2112	1	+	11349822	11349736	63.20558929	11349736	0	-86	-86	-86	-86	86
CAGE_TSS_2114	1	+	11359636	11359640	46.93479919	11359640	0	4	4	4	4	4
CAGE_TSS_2116	1	+	11379098	11378968	5.284759998	11378968	0	-130	-130	-130	-130	130
CAGE_TSS_2118	1	+	11396407	11396215	55.50437164	11396215	0	-192	-192	-192	-192	192
CAGE_TSS_2140	1	+	11528480	11528317	36.94643021	11528317	0	-163	-163	-163	-163	163
CAGE_TSS_2146	1	+	11532101	11532058	23.60866928	11532058	0	-43	-43	-43	-43	43
CAGE_TSS_2153	1	+	11556770	11556656	134.6300812	11556656	0	-114	-114	-114	-114	114
CAGE_TSS_2156	1	+	11565518	11565520	7.388720036	11565520	0	2	2	2	2	2
CAGE_TSS_2158	1	+	11575320	11575258	49.81908035	11575258	0	-62	-62	-62	-62	62
CAGE_TSS_2162	1	+	11612154	11612029	43.92816162	11612029	0	-125	-125	-125	-125	125
CAGE_TSS_2167	1	+	11672975	11672921	19.88735962	11672921	0	-54	-54	-54	-54	54
CAGE_TSS_2172	1	+	11693831	11693680	11.67391014	11693680	0	-151	-151	-151	-151	151
CAGE_TSS_2176	1	+	11738265	11738184	16.15740967	11738184	0	-81	-81	-81	-81	81
CAGE_TSS_2179	1	+	11767795	11767636	28.75390053	11767636	0	-159	-159	-159	-159	159
CAGE_TSS_2180	1	+	11774487	11774374	98.21434021	11774374	0	-113	-113	-113	-113	113
CAGE_TSS_2189	1	+	11840915	11840928	147.2311401	11840928	0	13	13	13	13	13
CAGE_TSS_2192	1	+	11858150	11858068	86.92556763	11858068	0	-82	-82	-82	-82	82
CAGE_TSS_2196	1	+	11928778	11928587	333.9576416	11928587	0	-191	-191	-191	-191	191
CAGE_TSS_2197	1	+	11931265	11931154	52.25666046	11931154	0	-111	-111	-111	-111	111
CAGE_TSS_2214	1	+	12046722	12046544	45.77074814	12046544	0	-178	-178	-178	-178	178
CAGE_TSS_2218	1	+	12057281	12057019	5.525440216	12057019	0	-262	-262	-262	-262	262
CAGE_TSS_2219	1	+	12064493	12064218	27.28145027	12064218	0	-275	-275	-275	-275	275
CAGE_TSS_2227	1	+	12091859	12091684	6.392779827	12091684	0	-175	-175	-175	-175	175
CAGE_TSS_2233	1	+	12177771	12177639	124.0864029	12177639	0	-132	-132	-132	-132	132
CAGE_TSS_2236	1	+	12180761	12180610	5.072710037	12180610	0	-151	-151	-151	-151	151
CAGE_TSS_2239	1	+	12188893	12188727	88.02622223	12188727	0	-166	-166	-166	-166	166
CAGE_TSS_2240	1	+	12203944	12203801	5.604579926	12203801	0	-143	-143	-143	-143	143
CAGE_TSS_2246	1	+	12256664	12256547	6.51846981	12256547	0	-117	-117	-117	-117	117
CAGE_TSS_2264	1	+	12374423	12374324	28.41551018	12374324	0	-99	-99	-99	-99	99
CAGE_TSS_2266	1	+	12386212	12386000	42.49554825	12386000	0	-212	-212	-212	-212	212
CAGE_TSS_2277	1	+	12458661	12458589	5.108940125	12458589	0	-72	-72	-72	-72	72
CAGE_TSS_2284	1	+	12528015	12527936	31.4878006	12527936	0	-79	-79	-79	-79	79
CAGE_TSS_2289	1	+	12550486	12550435	43.69287872	12550435	0	-51	-51	-51	-51	51
CAGE_TSS_2299	1	+	12637041	12636931	32.06002045	12636931	0	-110	-110	-110	-110	110
CAGE_TSS_2302	1	+	12685239	12685074	8.560259819	12685074	0	-165	-165	-165	-165	165
CAGE_TSS_2307	1	+	12840407	12840158	7.860770226	12840158	0	-249	-249	-249	-249	249
CAGE_TSS_2310	1	+	12867194	12866983	69.11708832	12866983	0	-211	-211	-211	-211	211
CAGE_TSS_2324	1	+	12965001	12964932	40.1711998	12964932	0	-69	-69	-69	-69	69
CAGE_TSS_2335	1	+	13040035	13039911	27.09737015	13039911	0	-124	-124	-124	-124	124
CAGE_TSS_2340	1	+	13067171	13067088	51.37036896	13067088	0	-83	-83	-83	-83	83
CAGE_TSS_2341	1	+	13071372	13071217	74.83158112	13071217	0	-155	-155	-155	-155	155
CAGE_TSS_2366	1	+	13225271	13225119	60.13690948	13225119	0	-152	-152	-152	-152	152
CAGE_TSS_2373	1	+	13533277	13533295	61.62253189	13533295	0	18	18	18	18	18
CAGE_TSS_2410	1	+	14158527	14158444	18.92012978	14158444	0	-83	-83	-83	-83	83
CAGE_TSS_2445	1	+	15926243	15926203	15.40828991	15926203	0	-40	-40	-40	-40	40
CAGE_TSS_2450	1	+	15973172	15973108	86.59690857	15973108	0	-64	-64	-64	-64	64
CAGE_TSS_2496	1	+	16468136	16468001	21.68803024	16468001	0	-135	-135	-135	-135	135
CAGE_TSS_2502	1	+	16484280	16484059	28.01355934	16484059	0	-221	-221	-221	-221	221
CAGE_TSS_2505	1	+	16548430	16548313	6.718790054	16548313	0	-117	-117	-117	-117	117
CAGE_TSS_2514	1	+	16617130	16617109	12.69816971	16617109	0	-21	-21	-21	-21	21
CAGE_TSS_2517	1	+	16646737	16646612	5.734600067	16646612	0	-125	-125	-125	-125	125
CAGE_TSS_2522	1	+	16794889	16794736	5.670199871	16794736	0	-153	-153	-153	-153	153
CAGE_TSS_2531	1	+	16893691	16893610	14.90822983	16893610	0	-81	-81	-81	-81	81
CAGE_TSS_2537	1	+	16933764	16933567	15.05230999	16933567	0	-197	-197	-197	-197	197
CAGE_TSS_2548	1	+	17021563	17021349	22.2213707	17021349	0	-214	-214	-214	-214	214
CAGE_TSS_2559	1	+	17123816	17123681	71.64231873	17123681	0	-135	-135	-135	-135	135
CAGE_TSS_2569	1	+	17179325	17179284	11.2997303	17179284	0	-41	-41	-41	-41	41
CAGE_TSS_2582	1	+	17252939	17252829	17.48822975	17252829	0	-110	-110	-110	-110	110
CAGE_TSS_2585	1	+	17295569	17295441	40.18500137	17295441	0	-128	-128	-128	-128	128
CAGE_TSS_2597	1	+	17343017	17342939	14.10025978	17342939	0	-78	-78	-78	-78	78
CAGE_TSS_2604	1	+	17417565	17417487	73.42796326	17417487	0	-78	-78	-78	-78	78
CAGE_TSS_2611	1	+	17451690	17451715	8.199009895	17451715	0	25	25	25	25	25
CAGE_TSS_2617	1	+	17478724	17478429	63.42118835	17478429	0	-295	-295	-295	-295	295
CAGE_TSS_2623	1	+	17558225	17558045	19.4010601	17558045	0	-180	-180	-180	-180	180
CAGE_TSS_2633	1	+	17687283	17687021	85.68895721	17687021	0	-262	-262	-262	-262	262
CAGE_TSS_2640	1	+	17766873	17766819	42.40335846	17766819	0	-54	-54	-54	-54	54
CAGE_TSS_2649	1	+	17835108	17834945	15.65649033	17834945	0	-163	-163	-163	-163	163
CAGE_TSS_2651	1	+	17847080	17846899	20.2748909	17846899	0	-181	-181	-181	-181	181
CAGE_TSS_2657	1	+	17863835	17863628	58.81949997	17863628	0	-207	-207	-207	-207	207
CAGE_TSS_2663	1	+	17907032	17906969	312.3295288	17906969	0	-63	-63	-63	-63	63
CAGE_TSS_2670	1	+	17931518	17931509	42.97478867	17931509	0	-9	-9	-9	-9	9
CAGE_TSS_2671	1	+	17934861	17934728	98.0734024	17934728	0	-133	-133	-133	-133	133
CAGE_TSS_2674	1	+	17945363	17945281	92.95500946	17945281	0	-82	-82	-82	-82	82
CAGE_TSS_2677	1	+	17966429	17966302	80.68289948	17966302	0	-127	-127	-127	-127	127
CAGE_TSS_2685	1	+	17983731	17983546	5.531829834	17983546	0	-185	-185	-185	-185	185
CAGE_TSS_2688	1	+	18030794	18030646	7.340099812	18030646	0	-148	-148	-148	-148	148
CAGE_TSS_2692	1	+	18061537	18061473	44.45858002	18061473	0	-64	-64	-64	-64	64
CAGE_TSS_2694	1	+	18098100	18097925	19.14798927	18097925	0	-175	-175	-175	-175	175
CAGE_TSS_2702	1	+	18112479	18112344	6.616119862	18112344	0	-135	-135	-135	-135	135
CAGE_TSS_2713	1	+	18198226	18198077	10.82791042	18198077	0	-149	-149	-149	-149	149
CAGE_TSS_2715	1	+	18215918	18215746	7.487490177	18215746	0	-172	-172	-172	-172	172
CAGE_TSS_2723	1	+	18252077	18251943	21.16740036	18251943	0	-134	-134	-134	-134	134
CAGE_TSS_2730	1	+	18305542	18305370	69.59522247	18305370	0	-172	-172	-172	-172	172
CAGE_TSS_2738	1	+	18329674	18329491	145.2016296	18329491	0	-183	-183	-183	-183	183
CAGE_TSS_2739	1	+	18342578	18342374	6.300089836	18342374	0	-204	-204	-204	-204	204
CAGE_TSS_2741	1	+	18351448	18351276	7.834350109	18351276	0	-172	-172	-172	-172	172
CAGE_TSS_2745	1	+	18400070	18399930	7.748589993	18399930	0	-140	-140	-140	-140	140
CAGE_TSS_2759	1	+	18478942	18478845	10.7850399	18478845	0	-97	-97	-97	-97	97
CAGE_TSS_2760	1	+	18498661	18498477	10.38029957	18498477	0	-184	-184	-184	-184	184
CAGE_TSS_2766	1	+	18517613	18517474	54.1937294	18517474	0	-139	-139	-139	-139	139
CAGE_TSS_2778	1	+	18627658	18627671	68.27131653	18627671	0	13	13	13	13	13
CAGE_TSS_2779	1	+	18649786	18649694	13.93424034	18649694	0	-92	-92	-92	-92	92
CAGE_TSS_2784	1	+	18672278	18672135	19.83785057	18672135	0	-143	-143	-143	-143	143
CAGE_TSS_2791	1	+	18701989	18701943	17.24255943	18701943	0	-46	-46	-46	-46	46
CAGE_TSS_2798	1	+	18719366	18719212	49.92052078	18719212	0	-154	-154	-154	-154	154
CAGE_TSS_2799	1	+	18724207	18724071	91.99797058	18724071	0	-136	-136	-136	-136	136
CAGE_TSS_2801	1	+	18753117	18752954	5.350560188	18752954	0	-163	-163	-163	-163	163
CAGE_TSS_2802	1	+	18771214	18771072	54.05030823	18771072	0	-142	-142	-142	-142	142
CAGE_TSS_2823	1	+	18927886	18927868	10.68803024	18927868	0	-18	-18	-18	-18	18
CAGE_TSS_2868	1	+	19154383	19154183	13.7134304	19154183	0	-200	-200	-200	-200	200
CAGE_TSS_2881	1	+	19214147	19214022	6.911149979	19214022	0	-125	-125	-125	-125	125
CAGE_TSS_2883	1	+	19251515	19251385	6.041649818	19251385	0	-130	-130	-130	-130	130
CAGE_TSS_2884	1	+	19251957	19252224	25.96468925	19252224	0	267	267	267	267	267
CAGE_TSS_2887	1	+	19305306	19305138	29.24213028	19305138	0	-168	-168	-168	-168	168
CAGE_TSS_2890	1	+	19369154	19368993	64.1047821	19368993	0	-161	-161	-161	-161	161
CAGE_TSS_2907	1	+	19488954	19489226	47.14125824	19489226	0	272	272	272	272	272
CAGE_TSS_2909	1	+	19492323	19492058	7.463640213	19492058	0	-265	-265	-265	-265	265
CAGE_TSS_2911	1	+	19496497	19496353	16.95631981	19496353	0	-144	-144	-144	-144	144
CAGE_TSS_2915	1	+	19509039	19508855	56.05487823	19508855	0	-184	-184	-184	-184	184
CAGE_TSS_2926	1	+	19520727	19520620	8.006939888	19520620	0	-107	-107	-107	-107	107
CAGE_TSS_2930	1	+	19527840	19527795	6.829880238	19527795	0	-45	-45	-45	-45	45
CAGE_TSS_2933	1	+	19565701	19565644	102.0850067	19565644	0	-57	-57	-57	-57	57
CAGE_TSS_2941	1	+	19619749	19619493	11.75658035	19619493	0	-256	-256	-256	-256	256
CAGE_TSS_2943	1	+	19640987	19640706	146.1058044	19640706	0	-281	-281	-281	-281	281
CAGE_TSS_2965	1	+	19708067	19707870	16.69938087	19707870	0	-197	-197	-197	-197	197
CAGE_TSS_2972	1	+	19772046	19772056	23.31954956	19772056	0	10	10	10	10	10
CAGE_TSS_2980	1	+	19812261	19812178	14.16458035	19812178	0	-83	-83	-83	-83	83
CAGE_TSS_2982	1	+	19821207	19821196	25.63117981	19821196	0	-11	-11	-11	-11	11
CAGE_TSS_2983	1	+	19831431	19831404	15.65493011	19831404	0	-27	-27	-27	-27	27
CAGE_TSS_2985	1	+	19844712	19844629	17.43292046	19844629	0	-83	-83	-83	-83	83
CAGE_TSS_2997	1	+	19902492	19902418	8.830780029	19902418	0	-74	-74	-74	-74	74
CAGE_TSS_3001	1	+	19935162	19935047	6.198319912	19935047	0	-115	-115	-115	-115	115
CAGE_TSS_3011	1	+	19987239	19987145	8.537879944	19987145	0	-94	-94	-94	-94	94
CAGE_TSS_3013	1	+	20001223	20000981	5.365880013	20000981	0	-242	-242	-242	-242	242
CAGE_TSS_3014	1	+	20004648	20004641	10.15594959	20004641	0	-7	-7	-7	-7	7
CAGE_TSS_3016	1	+	20036645	20036617	6.287119865	20036617	0	-28	-28	-28	-28	28
CAGE_TSS_3020	1	+	20048570	20048370	25.14439964	20048370	0	-200	-200	-200	-200	200
CAGE_TSS_3025	1	+	20061460	20061503	9.325030327	20061503	0	43	43	43	43	43
CAGE_TSS_3029	1	+	20093436	20093253	6.682109833	20093253	0	-183	-183	-183	-183	183
CAGE_TSS_3034	1	+	20137718	20137696	99.56630707	20137696	0	-22	-22	-22	-22	22
CAGE_TSS_3036	1	+	20138753	20138677	6.175670147	20138677	0	-76	-76	-76	-76	76
CAGE_TSS_3039	1	+	20167756	20167695	56.55332947	20167695	0	-61	-61	-61	-61	61
CAGE_TSS_3042	1	+	20180678	20180697	12.91923046	20180697	0	19	19	19	19	19
CAGE_TSS_3046	1	+	20189670	20189512	26.83407021	20189512	0	-158	-158	-158	-158	158
CAGE_TSS_3050	1	+	20207019	20206889	28.32625961	20206889	0	-130	-130	-130	-130	130
CAGE_TSS_3053	1	+	20215436	20215348	139.2202911	20215348	0	-88	-88	-88	-88	88
CAGE_TSS_3055	1	+	20235703	20235614	27.83781052	20235614	0	-89	-89	-89	-89	89
CAGE_TSS_3060	1	+	20259821	20259632	5.560880184	20259632	0	-189	-189	-189	-189	189
CAGE_TSS_3062	1	+	20283453	20283173	6.995610237	20283173	0	-280	-280	-280	-280	280
CAGE_TSS_3065	1	+	20290568	20290395	10.26136971	20290395	0	-173	-173	-173	-173	173
CAGE_TSS_3089	1	+	20451231	20451029	20.80966949	20451029	0	-202	-202	-202	-202	202
CAGE_TSS_3091	1	+	20454388	20454333	19.99131966	20454333	0	-55	-55	-55	-55	55
CAGE_TSS_3092	1	+	20463089	20463053	7.797510147	20463053	0	-36	-36	-36	-36	36
CAGE_TSS_3093	1	+	20470792	20470707	11.75123978	20470707	0	-85	-85	-85	-85	85
CAGE_TSS_3095	1	+	20481635	20481561	50.34043121	20481561	0	-74	-74	-74	-74	74
CAGE_TSS_3097	1	+	20504919	20504646	35.6236496	20504646	0	-273	-273	-273	-273	273
CAGE_TSS_3099	1	+	20511524	20511447	7.820950031	20511447	0	-77	-77	-77	-77	77
CAGE_TSS_3107	1	+	20566578	20566526	14.32234955	20566526	0	-52	-52	-52	-52	52
CAGE_TSS_3110	1	+	20577637	20577608	14.61067009	20577608	0	-29	-29	-29	-29	29
CAGE_TSS_3115	1	+	20580322	20580281	6.477530003	20580281	0	-41	-41	-41	-41	41
CAGE_TSS_3120	1	+	20604936	20604762	18.47710037	20604762	0	-174	-174	-174	-174	174
CAGE_TSS_3124	1	+	20617309	20617162	13.46543026	20617162	0	-147	-147	-147	-147	147
CAGE_TSS_3146	1	+	20803853	20803806	9.55053997	20803806	0	-47	-47	-47	-47	47
CAGE_TSS_3147	1	+	20860608	20860492	13.58957958	20860492	0	-116	-116	-116	-116	116
CAGE_TSS_3148	1	+	20864343	20864152	5.56539011	20864152	0	-191	-191	-191	-191	191
CAGE_TSS_3162	1	+	20918712	20918672	5.60585022	20918672	0	-40	-40	-40	-40	40
CAGE_TSS_3168	1	+	21017385	21017544	5.491129875	21017544	0	159	159	159	159	159
CAGE_TSS_3172	1	+	21030828	21030713	66.26863098	21030713	0	-115	-115	-115	-115	115
CAGE_TSS_3179	1	+	21043358	21043155	58.53511047	21043155	0	-203	-203	-203	-203	203
CAGE_TSS_3187	1	+	21128927	21128949	17.61447906	21128949	0	22	22	22	22	22
CAGE_TSS_3208	1	+	21237887	21237820	9.595589638	21237820	0	-67	-67	-67	-67	67
CAGE_TSS_3213	1	+	21256182	21256041	75.08116913	21256041	0	-141	-141	-141	-141	141
CAGE_TSS_3228	1	+	21395216	21395104	6.027400017	21395104	0	-112	-112	-112	-112	112
CAGE_TSS_3238	1	+	21616478	21616438	5.90760994	21616438	0	-40	-40	-40	-40	40
CAGE_TSS_3241	1	+	21676530	21676365	6.836400032	21676365	0	-165	-165	-165	-165	165
CAGE_TSS_3247	1	+	21707378	21707322	10.71545982	21707322	0	-56	-56	-56	-56	56
CAGE_TSS_3250	1	+	21727022	21727019	12.82137966	21727019	0	-3	-3	-3	-3	3
CAGE_TSS_3251	1	+	21732616	21732494	88.00601196	21732494	0	-122	-122	-122	-122	122
CAGE_TSS_3266	1	+	21884079	21883874	11.77943039	21883874	0	-205	-205	-205	-205	205
CAGE_TSS_3270	1	+	21902319	21902178	29.44681931	21902178	0	-141	-141	-141	-141	141
CAGE_TSS_3271	1	+	21919973	21919917	5.925010204	21919917	0	-56	-56	-56	-56	56
CAGE_TSS_3272	1	+	21924072	21923822	16.83719063	21923822	0	-250	-250	-250	-250	250
CAGE_TSS_3273	1	+	21936411	21936285	7.79073	21936285	0	-126	-126	-126	-126	126
CAGE_TSS_3279	1	+	22011384	22011225	40.10519028	22011225	0	-159	-159	-159	-159	159
CAGE_TSS_3281	1	+	22031412	22031601	9.203539848	22031601	0	189	189	189	189	189
CAGE_TSS_3282	1	+	22034508	22034352	96.14182281	22034352	0	-156	-156	-156	-156	156
CAGE_TSS_3295	1	+	22051300	22051123	29.74572945	22051123	0	-177	-177	-177	-177	177
CAGE_TSS_3300	1	+	22073540	22073474	14.56087971	22073474	0	-66	-66	-66	-66	66
CAGE_TSS_3301	1	+	22080816	22080682	61.41561127	22080682	0	-134	-134	-134	-134	134
CAGE_TSS_3305	1	+	22139183	22139013	6.056829929	22139013	0	-170	-170	-170	-170	170
CAGE_TSS_3312	1	+	22198339	22198203	293.3990479	22198203	0	-136	-136	-136	-136	136
CAGE_TSS_3314	1	+	22261907	22261673	8.424679756	22261673	0	-234	-234	-234	-234	234
CAGE_TSS_3319	1	+	22331077	22331046	36.1865387	22331046	0	-31	-31	-31	-31	31
CAGE_TSS_3326	1	+	22444513	22444371	10.27003002	22444371	0	-142	-142	-142	-142	142
CAGE_TSS_3330	1	+	22483249	22483249	17.90553093	22483249	0	0	0	0	0	0
CAGE_TSS_3335	1	+	22547961	22547871	26.19647026	22547871	0	-90	-90	-90	-90	90
CAGE_TSS_3349	1	+	22585933	22585660	7.138810158	22585660	0	-273	-273	-273	-273	273
CAGE_TSS_3350	1	+	22603122	22602853	9.449350357	22602853	0	-269	-269	-269	-269	269
CAGE_TSS_3352	1	+	22628265	22628035	28.60302925	22628035	0	-230	-230	-230	-230	230
CAGE_TSS_3357	1	+	22678151	22677980	128.5462494	22677980	0	-171	-171	-171	-171	171
CAGE_TSS_3367	1	+	22767592	22767457	24.79417992	22767457	0	-135	-135	-135	-135	135
CAGE_TSS_3372	1	+	22810177	22810121	8.00965023	22810121	0	-56	-56	-56	-56	56
CAGE_TSS_3379	1	+	22830018	22829965	109.7574615	22829965	0	-53	-53	-53	-53	53
CAGE_TSS_3380	1	+	22835406	22835253	10.56068039	22835253	0	-153	-153	-153	-153	153
CAGE_TSS_3382	1	+	22847317	22847570	21.2907505	22847570	0	253	253	253	253	253
CAGE_TSS_3410	1	+	23112825	23112847	169.0658264	23112847	0	22	22	22	22	22
CAGE_TSS_3424	1	+	23169139	23169312	5.661590099	23169312	0	173	173	173	173	173
CAGE_TSS_3434	1	+	23199915	23199746	36.65953064	23199746	0	-169	-169	-169	-169	169
CAGE_TSS_3438	1	+	23227486	23227256	23.7269001	23227256	0	-230	-230	-230	-230	230
CAGE_TSS_3445	1	+	23271415	23271420	15.67273045	23271420	0	5	5	5	5	5
CAGE_TSS_3451	1	+	23315113	23314916	41.57928848	23314916	0	-197	-197	-197	-197	197
CAGE_TSS_3453	1	+	23328848	23328610	192.6994934	23328610	0	-238	-238	-238	-238	238
CAGE_TSS_3454	1	+	23331676	23331525	21.33602905	23331525	0	-151	-151	-151	-151	151
CAGE_TSS_3459	1	+	23342430	23342302	5.319849968	23342302	0	-128	-128	-128	-128	128
CAGE_TSS_3471	1	+	23425380	23425383	51.55281067	23425383	0	3	3	3	3	3
CAGE_TSS_3473	1	+	23448922	23448895	12.55428028	23448895	0	-27	-27	-27	-27	27
CAGE_TSS_3477	1	+	23507262	23507037	14.56046963	23507037	0	-225	-225	-225	-225	225
CAGE_TSS_3478	1	+	23515873	23515677	27.60057068	23515677	0	-196	-196	-196	-196	196
CAGE_TSS_3482	1	+	23527569	23527504	22.63072014	23527504	0	-65	-65	-65	-65	65
CAGE_TSS_3485	1	+	23555641	23555473	11.32273006	23555473	0	-168	-168	-168	-168	168
CAGE_TSS_3499	1	+	23696757	23696686	10.15670967	23696686	0	-71	-71	-71	-71	71
CAGE_TSS_3502	1	+	23716730	23716596	14.09517956	23716596	0	-134	-134	-134	-134	134
CAGE_TSS_3503	1	+	23730093	23729902	6.727519989	23729902	0	-191	-191	-191	-191	191
CAGE_TSS_3506	1	+	23740565	23740514	32.09437943	23740514	0	-51	-51	-51	-51	51
CAGE_TSS_3512	1	+	23770095	23770080	32.94253922	23770080	0	-15	-15	-15	-15	15
CAGE_TSS_3515	1	+	23789314	23789187	6.106919765	23789187	0	-127	-127	-127	-127	127
CAGE_TSS_3523	1	+	23833581	23833534	5.849740028	23833534	0	-47	-47	-47	-47	47
CAGE_TSS_3543	1	+	23937029	23936905	21.4911499	23936905	0	-124	-124	-124	-124	124
CAGE_TSS_3557	1	+	24007188	24006959	23.26890945	24006959	0	-229	-229	-229	-229	229
CAGE_TSS_3561	1	+	24022485	24022487	65.47319794	24022487	0	2	2	2	2	2
CAGE_TSS_3563	1	+	24030114	24029991	5.004479885	24029991	0	-123	-123	-123	-123	123
CAGE_TSS_3564	1	+	24036046	24035850	9.227519989	24035850	0	-196	-196	-196	-196	196
CAGE_TSS_3580	1	+	24098002	24097743	11.1342802	24097743	0	-259	-259	-259	-259	259
CAGE_TSS_3583	1	+	24105662	24105563	6.773729801	24105563	0	-99	-99	-99	-99	99
CAGE_TSS_3586	1	+	24113215	24113147	26.88974953	24113147	0	-68	-68	-68	-68	68
CAGE_TSS_3594	1	+	24149206	24149061	48.39736176	24149061	0	-145	-145	-145	-145	145
CAGE_TSS_3613	1	+	24245278	24245278	7.334000111	24245278	0	0	0	0	0	0
CAGE_TSS_3617	1	+	24257217	24256995	21.04618073	24256995	0	-222	-222	-222	-222	222
CAGE_TSS_3621	1	+	24292477	24292327	25.3521595	24292327	0	-150	-150	-150	-150	150
CAGE_TSS_3634	1	+	24359433	24359263	25.58024025	24359263	0	-170	-170	-170	-170	170
CAGE_TSS_3635	1	+	24361350	24361202	5.212039948	24361202	0	-148	-148	-148	-148	148
CAGE_TSS_3637	1	+	24385869	24385845	20.40225029	24385845	0	-24	-24	-24	-24	24
CAGE_TSS_3641	1	+	24442487	24442399	46.17327118	24442399	0	-88	-88	-88	-88	88
CAGE_TSS_3645	1	+	24485162	24485065	71.01869202	24485065	0	-97	-97	-97	-97	97
CAGE_TSS_3647	1	+	24489783	24489801	20.40518951	24489801	0	18	18	18	18	18
CAGE_TSS_3652	1	+	24538934	24538763	7.420730114	24538763	0	-171	-171	-171	-171	171
CAGE_TSS_3664	1	+	24552064	24551925	5.2177701	24551925	0	-139	-139	-139	-139	139
CAGE_TSS_3676	1	+	24631409	24631325	33.80752945	24631325	0	-84	-84	-84	-84	84
CAGE_TSS_3677	1	+	24637195	24637045	43.04409027	24637045	0	-150	-150	-150	-150	150
CAGE_TSS_3679	1	+	24647187	24647130	14.79712009	24647130	0	-57	-57	-57	-57	57
CAGE_TSS_3681	1	+	24648340	24648221	9.354299545	24648221	0	-119	-119	-119	-119	119
CAGE_TSS_3682	1	+	24677209	24677060	27.74126053	24677060	0	-149	-149	-149	-149	149
CAGE_TSS_3695	1	+	24788938	24788861	6.008240223	24788861	0	-77	-77	-77	-77	77
CAGE_TSS_3700	1	+	24839171	24839030	15.67714024	24839030	0	-141	-141	-141	-141	141
CAGE_TSS_3706	1	+	24883919	24883747	68.83796692	24883747	0	-172	-172	-172	-172	172
CAGE_TSS_3707	1	+	24884827	24884715	26.89496994	24884715	0	-112	-112	-112	-112	112
CAGE_TSS_3710	1	+	24902090	24901918	248.6272736	24901918	0	-172	-172	-172	-172	172
CAGE_TSS_3713	1	+	24924812	24924634	5.998760223	24924634	0	-178	-178	-178	-178	178
CAGE_TSS_3718	1	+	24952801	24952615	57.65793991	24952615	0	-186	-186	-186	-186	186
CAGE_TSS_3719	1	+	24957557	24957451	22.15328979	24957451	0	-106	-106	-106	-106	106
CAGE_TSS_3721	1	+	24959347	24959366	6.579440117	24959366	0	19	19	19	19	19
CAGE_TSS_3726	1	+	25016537	25016535	23.96591949	25016535	0	-2	-2	-2	-2	2
CAGE_TSS_3732	1	+	25048135	25048191	11.15149021	25048191	0	56	56	56	56	56
CAGE_TSS_3734	1	+	25057526	25057354	11.4960804	25057354	0	-172	-172	-172	-172	172
CAGE_TSS_3737	1	+	25119378	25119264	7.985449791	25119264	0	-114	-114	-114	-114	114
CAGE_TSS_3747	1	+	25230268	25230165	5.325650215	25230165	0	-103	-103	-103	-103	103
CAGE_TSS_3757	1	+	25272184	25271980	5.91738987	25271980	0	-204	-204	-204	-204	204
CAGE_TSS_3758	1	+	25276241	25276082	64.88025665	25276082	0	-159	-159	-159	-159	159
CAGE_TSS_3763	1	+	25307996	25307840	36.51451111	25307840	0	-156	-156	-156	-156	156
CAGE_TSS_3765	1	+	25319902	25319837	396.9189148	25319837	0	-65	-65	-65	-65	65
CAGE_TSS_3766	1	+	25325131	25325104	5.274569988	25325104	0	-27	-27	-27	-27	27
CAGE_TSS_3778	1	+	25391652	25391460	5.901470184	25391460	0	-192	-192	-192	-192	192
CAGE_TSS_3783	1	+	25417649	25417602	91.22176361	25417602	0	-47	-47	-47	-47	47
CAGE_TSS_3793	1	+	25442387	25442273	23.11557007	25442273	0	-114	-114	-114	-114	114
CAGE_TSS_3797	1	+	25466986	25466775	195.2069702	25466775	0	-211	-211	-211	-211	211
CAGE_TSS_3802	1	+	25473542	25473264	59.35153961	25473264	0	-278	-278	-278	-278	278
CAGE_TSS_3803	1	+	25477767	25477621	10.91526031	25477621	0	-146	-146	-146	-146	146
CAGE_TSS_3830	1	+	25559243	25559104	39.94580841	25559104	0	-139	-139	-139	-139	139
CAGE_TSS_3841	1	+	25610920	25610896	5.526340008	25610896	0	-24	-24	-24	-24	24
CAGE_TSS_3845	1	+	25658034	25657941	22.89035988	25657941	0	-93	-93	-93	-93	93
CAGE_TSS_3860	1	+	25752768	25752555	40.2759819	25752555	0	-213	-213	-213	-213	213
CAGE_TSS_3867	1	+	25782139	25782066	24.75855064	25782066	0	-73	-73	-73	-73	73
CAGE_TSS_3870	1	+	25785580	25785313	45.21052933	25785313	0	-267	-267	-267	-267	267
CAGE_TSS_3875	1	+	25809278	25808983	32.12992859	25808983	0	-295	-295	-295	-295	295
CAGE_TSS_3876	1	+	25829076	25828929	5.560339928	25828929	0	-147	-147	-147	-147	147
CAGE_TSS_3877	1	+	25840909	25840723	25.1186409	25840723	0	-186	-186	-186	-186	186
CAGE_TSS_3880	1	+	25880328	25880140	10.2739296	25880140	0	-188	-188	-188	-188	188
CAGE_TSS_3887	1	+	25915006	25914997	5.573740005	25914997	0	-9	-9	-9	-9	9
CAGE_TSS_3892	1	+	25941749	25941512	200.3512268	25941512	0	-237	-237	-237	-237	237
CAGE_TSS_3893	1	+	25957572	25957395	18.26951027	25957395	0	-177	-177	-177	-177	177
CAGE_TSS_3897	1	+	25964391	25964405	12.44696045	25964405	0	14	14	14	14	14
CAGE_TSS_3899	1	+	26000170	25999902	9.731949806	25999902	0	-268	-268	-268	-268	268
CAGE_TSS_3905	1	+	26036770	26036557	15.28652954	26036557	0	-213	-213	-213	-213	213
CAGE_TSS_3907	1	+	26039079	26039163	19.71582985	26039163	0	84	84	84	84	84
CAGE_TSS_3912	1	+	26080045	26079961	136.7303009	26079961	0	-84	-84	-84	-84	84
CAGE_TSS_3915	1	+	26089237	26089132	67.04528809	26089132	0	-105	-105	-105	-105	105
CAGE_TSS_3921	1	+	26122139	26121987	10.66176987	26121987	0	-152	-152	-152	-152	152
CAGE_TSS_3940	1	+	26182478	26182313	14.51393032	26182313	0	-165	-165	-165	-165	165
CAGE_TSS_3941	1	+	26186719	26186601	13.10077	26186601	0	-118	-118	-118	-118	118
CAGE_TSS_3955	1	+	26235306	26235214	10.61839962	26235214	0	-92	-92	-92	-92	92
CAGE_TSS_3962	1	+	26266743	26266615	47.69863892	26266615	0	-128	-128	-128	-128	128
CAGE_TSS_3964	1	+	26316029	26315950	30.6769104	26315950	0	-79	-79	-79	-79	79
CAGE_TSS_3966	1	+	26330061	26330061	33.98212051	26330061	0	0	0	0	0	0
CAGE_TSS_3986	1	+	26423885	26423744	10.50730038	26423744	0	-141	-141	-141	-141	141
CAGE_TSS_3987	1	+	26426427	26426350	12.50022984	26426350	0	-77	-77	-77	-77	77
CAGE_TSS_3994	1	+	26464388	26464197	24.42310905	26464197	0	-191	-191	-191	-191	191
CAGE_TSS_3995	1	+	26502935	26502759	66.66293335	26502759	0	-176	-176	-176	-176	176
CAGE_TSS_4002	1	+	26561903	26561872	49.66043091	26561872	0	-31	-31	-31	-31	31
CAGE_TSS_4017	1	+	26618348	26618141	17.44323921	26618141	0	-207	-207	-207	-207	207
CAGE_TSS_4018	1	+	26621961	26621890	121.2727203	26621890	0	-71	-71	-71	-71	71
CAGE_TSS_4022	1	+	26637315	26637614	95.16488647	26637614	0	299	299	299	299	299
CAGE_TSS_4031	1	+	26654781	26654514	205.9957886	26654514	0	-267	-267	-267	-267	267
CAGE_TSS_4033	1	+	26655816	26655701	35.96755981	26655701	0	-115	-115	-115	-115	115
CAGE_TSS_4037	1	+	26687222	26687139	6.535570145	26687139	0	-83	-83	-83	-83	83
CAGE_TSS_4044	1	+	26704161	26703967	62.31671143	26703967	0	-194	-194	-194	-194	194
CAGE_TSS_4046	1	+	26705550	26705277	19.20952034	26705277	0	-273	-273	-273	-273	273
CAGE_TSS_4049	1	+	26727828	26727612	29.21756935	26727612	0	-216	-216	-216	-216	216
CAGE_TSS_4051	1	+	26731861	26731604	76.23680115	26731604	0	-257	-257	-257	-257	257
CAGE_TSS_4055	1	+	26745450	26745170	6.421999931	26745170	0	-280	-280	-280	-280	280
CAGE_TSS_4059	1	+	26762221	26762198	63.71107864	26762198	0	-23	-23	-23	-23	23
CAGE_TSS_4060	1	+	26782188	26781974	24.3501606	26781974	0	-214	-214	-214	-214	214
CAGE_TSS_4061	1	+	26794406	26794379	30.34878922	26794379	0	-27	-27	-27	-27	27
CAGE_TSS_4069	1	+	26818025	26818051	7.675119877	26818051	0	26	26	26	26	26
CAGE_TSS_4083	1	+	26909821	26909754	7.194029808	26909754	0	-67	-67	-67	-67	67
CAGE_TSS_4092	1	+	26939633	26939562	56.22687912	26939562	0	-71	-71	-71	-71	71
CAGE_TSS_4093	1	+	26964307	26964385	38.3161087	26964385	0	78	78	78	78	78
CAGE_TSS_4096	1	+	26966885	26966795	16.29804039	26966795	0	-90	-90	-90	-90	90
CAGE_TSS_4097	1	+	26971330	26971147	250.1953125	26971147	0	-183	-183	-183	-183	183
CAGE_TSS_4098	1	+	26983722	26983547	15.12102032	26983547	0	-175	-175	-175	-175	175
CAGE_TSS_4108	1	+	27026728	27026605	6.062580109	27026605	0	-123	-123	-123	-123	123
CAGE_TSS_4129	1	+	27132112	27132100	191.6864777	27132100	0	-12	-12	-12	-12	12
CAGE_TSS_4131	1	+	27137158	27137001	63.81290817	27137001	0	-157	-157	-157	-157	157
CAGE_TSS_4134	1	+	27141849	27141705	157.5758972	27141705	0	-144	-144	-144	-144	144
CAGE_TSS_4135	1	+	27148511	27148469	10.57044983	27148469	0	-42	-42	-42	-42	42
CAGE_TSS_4142	1	+	27156360	27156232	17.07004929	27156232	0	-128	-128	-128	-128	128
CAGE_TSS_4146	1	+	27179699	27179547	30.2646904	27179547	0	-152	-152	-152	-152	152
CAGE_TSS_4150	1	+	27190126	27189920	12.93332958	27189920	0	-206	-206	-206	-206	206
CAGE_TSS_4151	1	+	27192772	27192630	72.29654694	27192630	0	-142	-142	-142	-142	142
CAGE_TSS_4155	1	+	27233654	27233369	77.34435272	27233369	0	-285	-285	-285	-285	285
CAGE_TSS_4159	1	+	27264662	27264527	22.85162926	27264527	0	-135	-135	-135	-135	135
CAGE_TSS_4160	1	+	27283722	27283773	19.15426064	27283773	0	51	51	51	51	51
CAGE_TSS_4162	1	+	27303366	27303069	60.31248856	27303069	0	-297	-297	-297	-297	297
CAGE_TSS_4165	1	+	27308513	27308438	189.6682739	27308438	0	-75	-75	-75	-75	75
CAGE_TSS_4167	1	+	27338097	27337976	6.427100182	27337976	0	-121	-121	-121	-121	121
CAGE_TSS_4171	1	+	27349467	27349357	42.97539139	27349357	0	-110	-110	-110	-110	110
CAGE_TSS_4174	1	+	27365894	27365682	5.483739853	27365682	0	-212	-212	-212	-212	212
CAGE_TSS_4177	1	+	27383441	27383296	14.73777008	27383296	0	-145	-145	-145	-145	145
CAGE_TSS_4183	1	+	27394790	27394612	27.72287941	27394612	0	-178	-178	-178	-178	178
CAGE_TSS_4190	1	+	27429870	27429884	7.294040203	27429884	0	14	14	14	14	14
CAGE_TSS_4198	1	+	27437907	27437814	37.62416077	27437814	0	-93	-93	-93	-93	93
CAGE_TSS_4203	1	+	27442233	27442168	46.159729	27442168	0	-65	-65	-65	-65	65
CAGE_TSS_4204	1	+	27444578	27444380	5.656000137	27444380	0	-198	-198	-198	-198	198
CAGE_TSS_4207	1	+	27463044	27463323	8.168729782	27463323	0	279	279	279	279	279
CAGE_TSS_4210	1	+	27479019	27478857	8.109330177	27478857	0	-162	-162	-162	-162	162
CAGE_TSS_4230	1	+	27619598	27619605	9.209440231	27619605	0	7	7	7	7	7
CAGE_TSS_4236	1	+	27650978	27650857	23.54846001	27650857	0	-121	-121	-121	-121	121
CAGE_TSS_4237	1	+	27654755	27654474	34.11455154	27654474	0	-281	-281	-281	-281	281
CAGE_TSS_4249	1	+	27700046	27699833	117.21875	27699833	0	-213	-213	-213	-213	213
CAGE_TSS_4252	1	+	27721121	27721107	62.94921875	27721107	0	-14	-14	-14	-14	14
CAGE_TSS_4254	1	+	27734212	27734170	28.88360977	27734170	0	-42	-42	-42	-42	42
CAGE_TSS_4266	1	+	27781001	27780865	8.527330399	27780865	0	-136	-136	-136	-136	136
CAGE_TSS_4267	1	+	27785094	27785193	6.238190174	27785193	0	99	99	99	99	99
CAGE_TSS_4268	1	+	27786807	27786585	18.31933975	27786585	0	-222	-222	-222	-222	222
CAGE_TSS_4272	1	+	27790882	27790764	14.47482967	27790764	0	-118	-118	-118	-118	118
CAGE_TSS_4275	1	+	27816826	27816652	31.79759026	27816652	0	-174	-174	-174	-174	174
CAGE_TSS_4280	1	+	27855691	27855616	14.34945011	27855616	0	-75	-75	-75	-75	75
CAGE_TSS_4281	1	+	27861120	27861033	10.40217018	27861033	0	-87	-87	-87	-87	87
CAGE_TSS_4282	1	+	27862936	27862860	156.9776459	27862860	0	-76	-76	-76	-76	76
CAGE_TSS_4284	1	+	27886332	27886175	17.38585091	27886175	0	-157	-157	-157	-157	157
CAGE_TSS_4294	1	+	27929669	27929629	5.64605999	27929629	0	-40	-40	-40	-40	40
CAGE_TSS_4300	1	+	27959621	27959562	48.81143188	27959562	0	-59	-59	-59	-59	59
CAGE_TSS_4312	1	+	28005364	28005225	190.3851013	28005225	0	-139	-139	-139	-139	139
CAGE_TSS_4317	1	+	28041185	28040910	7.072760105	28040910	0	-275	-275	-275	-275	275
CAGE_TSS_4322	1	+	28065270	28065116	320.4885254	28065116	0	-154	-154	-154	-154	154
CAGE_TSS_4329	1	+	28095831	28095537	81.32997131	28095537	0	-294	-294	-294	-294	294
CAGE_TSS_4330	1	+	28098860	28098596	85.26502228	28098596	0	-264	-264	-264	-264	264
CAGE_TSS_4333	1	+	28123348	28123121	5.656000137	28123121	0	-227	-227	-227	-227	227
CAGE_TSS_4337	1	+	28144131	28143958	299.5780334	28143958	0	-173	-173	-173	-173	173
CAGE_TSS_4340	1	+	28163501	28163427	6.385960102	28163427	0	-74	-74	-74	-74	74
CAGE_TSS_4341	1	+	28171018	28170867	14.76187992	28170867	0	-151	-151	-151	-151	151
CAGE_TSS_4345	1	+	28185527	28185248	45.63656998	28185248	0	-279	-279	-279	-279	279
CAGE_TSS_4348	1	+	28213865	28213699	194.9980011	28213699	0	-166	-166	-166	-166	166
CAGE_TSS_4353	1	+	28223868	28223853	74.5776825	28223853	0	-15	-15	-15	-15	15
CAGE_TSS_4362	1	+	28255494	28255447	10.07497978	28255447	0	-47	-47	-47	-47	47
CAGE_TSS_4368	1	+	28291762	28291569	11.50601006	28291569	0	-193	-193	-193	-193	193
CAGE_TSS_4369	1	+	28296919	28296894	116.8735123	28296894	0	-25	-25	-25	-25	25
CAGE_TSS_4371	1	+	28313589	28313441	14.2479496	28313441	0	-148	-148	-148	-148	148
CAGE_TSS_4372	1	+	28327954	28327748	101.0624237	28327748	0	-206	-206	-206	-206	206
CAGE_TSS_4383	1	+	28400638	28400427	7.024829865	28400427	0	-211	-211	-211	-211	211
CAGE_TSS_4398	1	+	28475778	28475756	16.05220985	28475756	0	-22	-22	-22	-22	22
CAGE_TSS_4400	1	+	28499062	28498985	16.94425011	28498985	0	-77	-77	-77	-77	77
CAGE_TSS_4402	1	+	28518170	28518018	43.04521942	28518018	0	-152	-152	-152	-152	152
CAGE_TSS_4411	1	+	28537794	28537773	18.68843079	28537773	0	-21	-21	-21	-21	21
CAGE_TSS_4412	1	+	28540844	28540589	6.183000088	28540589	0	-255	-255	-255	-255	255
CAGE_TSS_4413	1	+	28546480	28546349	115.0388718	28546349	0	-131	-131	-131	-131	131
CAGE_TSS_4417	1	+	28571134	28570905	24.08848953	28570905	0	-229	-229	-229	-229	229
CAGE_TSS_4418	1	+	28571311	28571192	6.696529865	28571192	0	-119	-119	-119	-119	119
CAGE_TSS_4429	1	+	28639570	28639303	11.44651031	28639303	0	-267	-267	-267	-267	267
CAGE_TSS_4431	1	+	28655335	28655227	315.7272949	28655227	0	-108	-108	-108	-108	108
CAGE_TSS_4437	1	+	28695883	28695856	14.4009304	28695856	0	-27	-27	-27	-27	27
CAGE_TSS_4444	1	+	28698259	28698308	139.3108063	28698308	0	49	49	49	49	49
CAGE_TSS_4449	1	+	28728259	28728070	88.96304321	28728070	0	-189	-189	-189	-189	189
CAGE_TSS_4452	1	+	28740740	28740576	123.1463776	28740576	0	-164	-164	-164	-164	164
CAGE_TSS_4457	1	+	28759518	28759428	11.16250038	28759428	0	-90	-90	-90	-90	90
CAGE_TSS_4458	1	+	28776911	28776880	10.92368984	28776880	0	-31	-31	-31	-31	31
CAGE_TSS_4471	1	+	28847922	28847821	19.11910057	28847821	0	-101	-101	-101	-101	101
CAGE_TSS_4478	1	+	28881854	28881878	13.78925991	28881878	0	24	24	24	24	24
CAGE_TSS_4487	1	+	28932178	28931981	17.70661926	28931981	0	-197	-197	-197	-197	197
CAGE_TSS_4488	1	+	28932910	28932836	13.27157974	28932836	0	-74	-74	-74	-74	74
CAGE_TSS_4491	1	+	28940297	28940200	71.33605957	28940200	0	-97	-97	-97	-97	97
CAGE_TSS_4499	1	+	28981483	28981398	13.2114296	28981398	0	-85	-85	-85	-85	85
CAGE_TSS_4500	1	+	28984021	28983744	115.9238129	28983744	0	-277	-277	-277	-277	277
CAGE_TSS_4505	1	+	29038428	29038294	22.23115921	29038294	0	-134	-134	-134	-134	134
CAGE_TSS_4507	1	+	29056503	29056406	6.192329884	29056406	0	-97	-97	-97	-97	97
CAGE_TSS_4512	1	+	29093620	29093559	286.8317261	29093559	0	-61	-61	-61	-61	61
CAGE_TSS_4514	1	+	29099955	29099723	97.71528625	29099723	0	-232	-232	-232	-232	232
CAGE_TSS_4517	1	+	29117628	29117571	66.11910248	29117571	0	-57	-57	-57	-57	57
CAGE_TSS_4518	1	+	29121589	29121442	35.48908997	29121442	0	-147	-147	-147	-147	147
CAGE_TSS_4527	1	+	29173457	29173255	36.91529083	29173255	0	-202	-202	-202	-202	202
CAGE_TSS_4538	1	+	29253399	29253256	54.37342072	29253256	0	-143	-143	-143	-143	143
CAGE_TSS_4547	1	+	29298526	29298368	9.473489761	29298368	0	-158	-158	-158	-158	158
CAGE_TSS_4560	1	+	29345940	29345674	151.6104736	29345674	0	-266	-266	-266	-266	266
CAGE_TSS_4563	1	+	29347852	29347582	26.56982994	29347582	0	-270	-270	-270	-270	270
CAGE_TSS_4565	1	+	29364248	29364459	8.470910072	29364459	0	211	211	211	211	211
CAGE_TSS_4568	1	+	29387809	29387595	16.98274994	29387595	0	-214	-214	-214	-214	214
CAGE_TSS_4576	1	+	29414058	29413795	22.18518066	29413795	0	-263	-263	-263	-263	263
CAGE_TSS_4582	1	+	29423665	29423644	24.90505981	29423644	0	-21	-21	-21	-21	21
CAGE_TSS_4583	1	+	29430248	29430231	60.34878159	29430231	0	-17	-17	-17	-17	17
CAGE_TSS_4589	1	+	29452708	29452646	297.6413879	29452646	0	-62	-62	-62	-62	62
CAGE_TSS_4593	1	+	29504521	29504460	12.29854965	29504460	0	-61	-61	-61	-61	61
CAGE_TSS_4597	1	+	29528252	29528186	118.2111435	29528186	0	-66	-66	-66	-66	66
CAGE_TSS_4605	1	+	29567186	29566907	135.4644165	29566907	0	-279	-279	-279	-279	279
CAGE_TSS_4612	1	+	29585843	29585812	161.1720886	29585812	0	-31	-31	-31	-31	31
CAGE_TSS_4613	1	+	29591019	29590889	58.1111908	29590889	0	-130	-130	-130	-130	130
CAGE_TSS_4618	1	+	29593865	29593735	84.20339203	29593735	0	-130	-130	-130	-130	130
CAGE_TSS_4622	1	+	29599355	29599129	194.9864502	29599129	0	-226	-226	-226	-226	226
CAGE_TSS_4625	1	+	29617285	29617107	33.74581146	29617107	0	-178	-178	-178	-178	178
CAGE_TSS_4637	1	+	29665210	29665156	5.651710033	29665156	0	-54	-54	-54	-54	54
CAGE_TSS_4648	1	+	29759157	29759290	5.399340153	29759290	0	133	133	133	133	133
CAGE_TSS_4654	1	+	29800753	29800673	17.21803093	29800673	0	-80	-80	-80	-80	80
CAGE_TSS_4657	1	+	29813269	29813232	160.8693237	29813232	0	-37	-37	-37	-37	37
CAGE_TSS_4659	1	+	29816073	29816207	160.2610016	29816207	0	134	134	134	134	134
CAGE_TSS_4664	1	+	29833920	29833819	268.5411072	29833819	0	-101	-101	-101	-101	101
CAGE_TSS_4667	1	+	29842774	29842622	71.03862762	29842622	0	-152	-152	-152	-152	152
CAGE_TSS_4671	1	+	29860486	29860551	13.83858967	29860551	0	65	65	65	65	65
CAGE_TSS_4676	1	+	29887642	29887549	7.870069981	29887549	0	-93	-93	-93	-93	93
CAGE_TSS_4677	1	+	29890377	29890156	5.717579842	29890156	0	-221	-221	-221	-221	221
CAGE_TSS_4681	1	+	29906716	29906541	17.01292992	29906541	0	-175	-175	-175	-175	175
CAGE_TSS_4682	1	+	29915604	29915406	5.905489922	29915406	0	-198	-198	-198	-198	198
CAGE_TSS_4686	1	+	29975753	29975548	47.56024933	29975548	0	-205	-205	-205	-205	205
CAGE_TSS_4694	1	+	29995071	29995017	15.25020027	29995017	0	-54	-54	-54	-54	54
CAGE_TSS_4703	1	+	30054762	30054480	199.9188995	30054480	0	-282	-282	-282	-282	282
CAGE_TSS_4717	1	+	30135363	30135261	143.7976379	30135261	0	-102	-102	-102	-102	102
CAGE_TSS_4718	1	+	30139096	30139026	21.76115036	30139026	0	-70	-70	-70	-70	70
CAGE_TSS_4726	1	+	30161973	30161920	57.9620285	30161920	0	-53	-53	-53	-53	53
CAGE_TSS_4727	1	+	30174178	30173930	65.90445709	30173930	0	-248	-248	-248	-248	248
CAGE_TSS_4730	1	+	30188325	30188086	30.63308907	30188086	0	-239	-239	-239	-239	239
CAGE_TSS_4731	1	+	30191821	30191538	30.9231205	30191538	0	-283	-283	-283	-283	283
CAGE_TSS_4732	1	+	30194884	30194771	38.83927155	30194771	0	-113	-113	-113	-113	113
CAGE_TSS_4735	1	+	30217271	30217045	72.95675659	30217045	0	-226	-226	-226	-226	226
CAGE_TSS_4738	1	+	30225240	30225098	6.990230083	30225098	0	-142	-142	-142	-142	142
CAGE_TSS_4739	1	+	30241609	30241545	3.218159914	30241545	0	-64	-64	-64	-64	64
CAGE_TSS_4740	1	+	30242110	30242131	5.42772007	30242131	0	21	21	21	21	21
CAGE_TSS_4743	1	+	30270569	30270569	7.110030174	30270569	0	0	0	0	0	0
CAGE_TSS_4745	1	+	30273034	30272785	14.37185001	30272785	0	-249	-249	-249	-249	249
CAGE_TSS_4748	1	+	30287797	30287818	6.188149929	30287818	0	21	21	21	21	21
CAGE_TSS_4764	1	+	30358184	30357985	5.256299973	30357985	0	-199	-199	-199	-199	199
CAGE_TSS_4768	1	+	30363503	30363469	9.265089989	30363469	0	-34	-34	-34	-34	34
CAGE_TSS_4772	1	+	30383690	30383539	115.1977005	30383539	0	-151	-151	-151	-151	151
CAGE_TSS_4774	1	+	30392056	30391904	22.7723999	30391904	0	-152	-152	-152	-152	152
CAGE_TSS_4776	1	+	30400629	30400665	57.2634201	30400665	0	36	36	36	36	36
CAGE_TSS_4782	1	+	30420104	30420014	6.432610035	30420014	0	-90	-90	-90	-90	90
CAGE_TSS_9656	2	+	81439	81283	12.78798962	81283	0	-156	-156	-156	-156	156
CAGE_TSS_9660	2	+	100638	100536	19.99394989	100536	0	-102	-102	-102	-102	102
CAGE_TSS_9665	2	+	163953	163908	101.6569672	163908	0	-45	-45	-45	-45	45
CAGE_TSS_9670	2	+	181324	181463	23.34526062	181463	0	139	139	139	139	139
CAGE_TSS_9676	2	+	216762	216786	15.33150005	216786	0	24	24	24	24	24
CAGE_TSS_9678	2	+	221268	221116	27.2648201	221116	0	-152	-152	-152	-152	152
CAGE_TSS_9682	2	+	229009	228913	17.97171021	228913	0	-96	-96	-96	-96	96
CAGE_TSS_9686	2	+	239754	239699	25.7845192	239699	0	-55	-55	-55	-55	55
CAGE_TSS_9690	2	+	268818	268755	7.458479881	268755	0	-63	-63	-63	-63	63
CAGE_TSS_9693	2	+	278151	278021	21.37972069	278021	0	-130	-130	-130	-130	130
CAGE_TSS_9695	2	+	296507	296374	23.69935036	296374	0	-133	-133	-133	-133	133
CAGE_TSS_9697	2	+	306363	306070	21.69506073	306070	0	-293	-293	-293	-293	293
CAGE_TSS_9700	2	+	320476	320386	35.68907166	320386	0	-90	-90	-90	-90	90
CAGE_TSS_9707	2	+	388059	387924	11.94711018	387924	0	-135	-135	-135	-135	135
CAGE_TSS_9709	2	+	416930	416750	10.21327972	416750	0	-180	-180	-180	-180	180
CAGE_TSS_9710	2	+	432272	432116	12.20493031	432116	0	-156	-156	-156	-156	156
CAGE_TSS_9711	2	+	457009	456934	23.17886925	456934	0	-75	-75	-75	-75	75
CAGE_TSS_9720	2	+	523283	523232	12.7052803	523232	0	-51	-51	-51	-51	51
CAGE_TSS_9724	2	+	560927	560729	49.46165085	560729	0	-198	-198	-198	-198	198
CAGE_TSS_9727	2	+	621179	621001	14.43577003	621001	0	-178	-178	-178	-178	178
CAGE_TSS_9728	2	+	626828	626614	6.719140053	626614	0	-214	-214	-214	-214	214
CAGE_TSS_9733	2	+	647902	647695	9.878270149	647695	0	-207	-207	-207	-207	207
CAGE_TSS_9735	2	+	652580	652347	9.263540268	652347	0	-233	-233	-233	-233	233
CAGE_TSS_9744	2	+	710667	710456	87.41149139	710456	0	-211	-211	-211	-211	211
CAGE_TSS_9745	2	+	723550	723474	12.30757046	723474	0	-76	-76	-76	-76	76
CAGE_TSS_9746	2	+	745727	745548	35.8576088	745548	0	-179	-179	-179	-179	179
CAGE_TSS_9749	2	+	756400	756289	50.71228027	756289	0	-111	-111	-111	-111	111
CAGE_TSS_9751	2	+	773729	773729	5.253399849	773729	0	0	0	0	0	0
CAGE_TSS_9764	2	+	873671	873446	9.585430145	873446	0	-225	-225	-225	-225	225
CAGE_TSS_9769	2	+	937536	937355	30.93230057	937355	0	-181	-181	-181	-181	181
CAGE_TSS_9773	2	+	941887	941827	63.33638	941827	0	-60	-60	-60	-60	60
CAGE_TSS_9777	2	+	1040881	1040741	5.560880184	1040741	0	-140	-140	-140	-140	140
CAGE_TSS_9780	2	+	1050928	1050724	12.62917042	1050724	0	-204	-204	-204	-204	204
CAGE_TSS_9787	2	+	1077030	1076844	81.53845215	1076844	0	-186	-186	-186	-186	186
CAGE_TSS_9796	2	+	1114144	1113906	11.93212032	1113906	0	-238	-238	-238	-238	238
CAGE_TSS_9801	2	+	1132135	1132052	34.51382065	1132052	0	-83	-83	-83	-83	83
CAGE_TSS_9807	2	+	1161017	1161040	5.912370205	1161040	0	23	23	23	23	23
CAGE_TSS_9808	2	+	1161581	1161514	8.09292984	1161514	0	-67	-67	-67	-67	67
CAGE_TSS_9810	2	+	1171149	1170900	11.97167015	1170900	0	-249	-249	-249	-249	249
CAGE_TSS_9821	2	+	1260846	1260558	13.83016014	1260558	0	-288	-288	-288	-288	288
CAGE_TSS_9832	2	+	1289890	1289672	6.048250198	1289672	0	-218	-218	-218	-218	218
CAGE_TSS_9847	2	+	1515810	1515732	102.351799	1515732	0	-78	-78	-78	-78	78
CAGE_TSS_9852	2	+	1531156	1531090	198.9737854	1531090	0	-66	-66	-66	-66	66
CAGE_TSS_9863	2	+	1640128	1639933	41.13621902	1639933	0	-195	-195	-195	-195	195
CAGE_TSS_9864	2	+	1644601	1644411	62.60549164	1644411	0	-190	-190	-190	-190	190
CAGE_TSS_9877	2	+	1682952	1682742	11.1342802	1682742	0	-210	-210	-210	-210	210
CAGE_TSS_9882	2	+	1717896	1717723	248.1631012	1717723	0	-173	-173	-173	-173	173
CAGE_TSS_9894	2	+	1918334	1918265	99.88482666	1918265	0	-69	-69	-69	-69	69
CAGE_TSS_9897	2	+	1935721	1935736	6.716700077	1935736	0	15	15	15	15	15
CAGE_TSS_9899	2	+	1966819	1966767	11.08425999	1966767	0	-52	-52	-52	-52	52
CAGE_TSS_9907	2	+	2026161	2025951	9.809080124	2025951	0	-210	-210	-210	-210	210
CAGE_TSS_9910	2	+	2033187	2033082	5.615920067	2033082	0	-105	-105	-105	-105	105
CAGE_TSS_9918	2	+	2141425	2141441	9.459429741	2141441	0	16	16	16	16	16
CAGE_TSS_9925	2	+	2180890	2180668	7.850599766	2180668	0	-222	-222	-222	-222	222
CAGE_TSS_9926	2	+	2199392	2199225	67.23342133	2199225	0	-167	-167	-167	-167	167
CAGE_TSS_9930	2	+	2215257	2215108	14.94775963	2215108	0	-149	-149	-149	-149	149
CAGE_TSS_9931	2	+	2229689	2229531	12.87753963	2229531	0	-158	-158	-158	-158	158
CAGE_TSS_9932	2	+	2234163	2234064	10.31165028	2234064	0	-99	-99	-99	-99	99
CAGE_TSS_9950	2	+	2350199	2350003	8.065730095	2350003	0	-196	-196	-196	-196	196
CAGE_TSS_9982	2	+	2924447	2924377	69.85756683	2924377	0	-70	-70	-70	-70	70
CAGE_TSS_9986	2	+	2931517	2931412	29.63405991	2931412	0	-105	-105	-105	-105	105
CAGE_TSS_10128	2	+	5649976	5649842	6.633880138	5649842	0	-134	-134	-134	-134	134
CAGE_TSS_10133	2	+	5692178	5692063	23.19029045	5692063	0	-115	-115	-115	-115	115
CAGE_TSS_10138	2	+	5753247	5753190	10.05282021	5753190	0	-57	-57	-57	-57	57
CAGE_TSS_10148	2	+	5859575	5859334	160.4495239	5859334	0	-241	-241	-241	-241	241
CAGE_TSS_10152	2	+	5906631	5906358	8.572569847	5906358	0	-273	-273	-273	-273	273
CAGE_TSS_10156	2	+	5925193	5925132	10.87263012	5925132	0	-61	-61	-61	-61	61
CAGE_TSS_10158	2	+	5951935	5951781	11.0887804	5951781	0	-154	-154	-154	-154	154
CAGE_TSS_10162	2	+	6034436	6034264	20.28731918	6034264	0	-172	-172	-172	-172	172
CAGE_TSS_10182	2	+	6308715	6308654	202.839035	6308654	0	-61	-61	-61	-61	61
CAGE_TSS_10183	2	+	6314074	6313985	208.6353149	6313985	0	-89	-89	-89	-89	89
CAGE_TSS_10193	2	+	6385866	6385713	27.08114052	6385713	0	-153	-153	-153	-153	153
CAGE_TSS_10194	2	+	6392217	6392180	9.964170456	6392180	0	-37	-37	-37	-37	37
CAGE_TSS_10195	2	+	6392701	6392836	64.64839935	6392836	0	135	135	135	135	135
CAGE_TSS_10196	2	+	6399630	6399483	41.22251129	6399483	0	-147	-147	-147	-147	147
CAGE_TSS_10225	2	+	6758634	6758579	27.53630066	6758579	0	-55	-55	-55	-55	55
CAGE_TSS_10226	2	+	6761634	6761569	122.0988922	6761569	0	-65	-65	-65	-65	65
CAGE_TSS_10229	2	+	6797650	6797482	39.3608017	6797482	0	-168	-168	-168	-168	168
CAGE_TSS_10230	2	+	6798430	6798289	44.42089844	6798289	0	-141	-141	-141	-141	141
CAGE_TSS_10241	2	+	6849523	6849360	7.217840195	6849360	0	-163	-163	-163	-163	163
CAGE_TSS_10245	2	+	6894111	6894016	54.06753922	6894016	0	-95	-95	-95	-95	95
CAGE_TSS_10247	2	+	6899727	6899602	13.89447975	6899602	0	-125	-125	-125	-125	125
CAGE_TSS_10251	2	+	6950087	6949806	27.01264	6949806	0	-281	-281	-281	-281	281
CAGE_TSS_10261	2	+	7050943	7050771	68.08370209	7050771	0	-172	-172	-172	-172	172
CAGE_TSS_10267	2	+	7074266	7074066	133.9797516	7074066	0	-200	-200	-200	-200	200
CAGE_TSS_10272	2	+	7085809	7085634	36.03240967	7085634	0	-175	-175	-175	-175	175
CAGE_TSS_10280	2	+	7200807	7200733	23.71504974	7200733	0	-74	-74	-74	-74	74
CAGE_TSS_10284	2	+	7248173	7248005	5.058469772	7248005	0	-168	-168	-168	-168	168
CAGE_TSS_10288	2	+	7271176	7271339	14.11532021	7271339	0	163	163	163	163	163
CAGE_TSS_10291	2	+	7275700	7275561	10.68062973	7275561	0	-139	-139	-139	-139	139
CAGE_TSS_10300	2	+	7369514	7369471	54.91516113	7369471	0	-43	-43	-43	-43	43
CAGE_TSS_10302	2	+	7376334	7376281	54.34793854	7376281	0	-53	-53	-53	-53	53
CAGE_TSS_10308	2	+	7459140	7458987	35.23913956	7458987	0	-153	-153	-153	-153	153
CAGE_TSS_10312	2	+	7499476	7499413	32.48054886	7499413	0	-63	-63	-63	-63	63
CAGE_TSS_10316	2	+	7513211	7513005	9.016449928	7513005	0	-206	-206	-206	-206	206
CAGE_TSS_10317	2	+	7516583	7516338	12.58656025	7516338	0	-245	-245	-245	-245	245
CAGE_TSS_10319	2	+	7546577	7546473	93.10253143	7546473	0	-104	-104	-104	-104	104
CAGE_TSS_10328	2	+	7555693	7555505	19.90097046	7555505	0	-188	-188	-188	-188	188
CAGE_TSS_10334	2	+	7559003	7558911	7.335740089	7558911	0	-92	-92	-92	-92	92
CAGE_TSS_10335	2	+	7564417	7564402	8.00965023	7564402	0	-15	-15	-15	-15	15
CAGE_TSS_10338	2	+	7571172	7571004	92.20371246	7571004	0	-168	-168	-168	-168	168
CAGE_TSS_10347	2	+	7623791	7623741	23.31801033	7623741	0	-50	-50	-50	-50	50
CAGE_TSS_10350	2	+	7644056	7643841	43.43204117	7643841	0	-215	-215	-215	-215	215
CAGE_TSS_10355	2	+	7674367	7674232	6.760580063	7674232	0	-135	-135	-135	-135	135
CAGE_TSS_10357	2	+	7692412	7692360	6.524970055	7692360	0	-52	-52	-52	-52	52
CAGE_TSS_10359	2	+	7697436	7697308	9.724749565	7697308	0	-128	-128	-128	-128	128
CAGE_TSS_10363	2	+	7704108	7703898	12.04920959	7703898	0	-210	-210	-210	-210	210
CAGE_TSS_10364	2	+	7713265	7713043	104.6485672	7713043	0	-222	-222	-222	-222	222
CAGE_TSS_10365	2	+	7731145	7731008	10.87652016	7731008	0	-137	-137	-137	-137	137
CAGE_TSS_10366	2	+	7733635	7733569	56.81526184	7733569	0	-66	-66	-66	-66	66
CAGE_TSS_10379	2	+	7828970	7828870	68.56977081	7828870	0	-100	-100	-100	-100	100
CAGE_TSS_10384	2	+	7840118	7839939	5.501110077	7839939	0	-179	-179	-179	-179	179
CAGE_TSS_10388	2	+	7846053	7845939	9.422470093	7845939	0	-114	-114	-114	-114	114
CAGE_TSS_10390	2	+	7864289	7864188	292.0089722	7864188	0	-101	-101	-101	-101	101
CAGE_TSS_10398	2	+	7935306	7935196	11.98449993	7935196	0	-110	-110	-110	-110	110
CAGE_TSS_10400	2	+	7939907	7939787	8.984490395	7939787	0	-120	-120	-120	-120	120
CAGE_TSS_10402	2	+	7946079	7945944	10.55508041	7945944	0	-135	-135	-135	-135	135
CAGE_TSS_10410	2	+	7988217	7988084	22.36845016	7988084	0	-133	-133	-133	-133	133
CAGE_TSS_10414	2	+	8059364	8059417	25.27207947	8059417	0	53	53	53	53	53
CAGE_TSS_10421	2	+	8093289	8093173	36.39825058	8093173	0	-116	-116	-116	-116	116
CAGE_TSS_10425	2	+	8108921	8108695	7.435329914	8108695	0	-226	-226	-226	-226	226
CAGE_TSS_10426	2	+	8118886	8118692	181.8008881	8118692	0	-194	-194	-194	-194	194
CAGE_TSS_10429	2	+	8125531	8125364	188.2568512	8125364	0	-167	-167	-167	-167	167
CAGE_TSS_10433	2	+	8139884	8139621	225.739151	8139621	0	-263	-263	-263	-263	263
CAGE_TSS_10436	2	+	8158235	8158174	77.54576111	8158174	0	-61	-61	-61	-61	61
CAGE_TSS_10439	2	+	8164257	8164125	19.90097046	8164125	0	-132	-132	-132	-132	132
CAGE_TSS_10440	2	+	8169572	8169407	28.73579025	8169407	0	-165	-165	-165	-165	165
CAGE_TSS_10442	2	+	8207357	8207079	144.1947479	8207079	0	-278	-278	-278	-278	278
CAGE_TSS_10459	2	+	8293751	8293496	39.20298004	8293496	0	-255	-255	-255	-255	255
CAGE_TSS_10467	2	+	8362435	8362322	19.52290916	8362322	0	-113	-113	-113	-113	113
CAGE_TSS_10485	2	+	8475572	8475377	12.53384018	8475377	0	-195	-195	-195	-195	195
CAGE_TSS_10486	2	+	8479167	8479091	7.979569912	8479091	0	-76	-76	-76	-76	76
CAGE_TSS_10489	2	+	8503272	8503160	5.781159878	8503160	0	-112	-112	-112	-112	112
CAGE_TSS_10490	2	+	8506151	8505977	12.94651031	8505977	0	-174	-174	-174	-174	174
CAGE_TSS_10511	2	+	8659047	8658922	6.172029972	8658922	0	-125	-125	-125	-125	125
CAGE_TSS_10516	2	+	8695367	8695238	44.70560074	8695238	0	-129	-129	-129	-129	129
CAGE_TSS_10518	2	+	8725743	8725464	45.28847122	8725464	0	-279	-279	-279	-279	279
CAGE_TSS_10522	2	+	8736753	8736670	6.188970089	8736670	0	-83	-83	-83	-83	83
CAGE_TSS_10525	2	+	8766614	8766379	57.69350052	8766379	0	-235	-235	-235	-235	235
CAGE_TSS_10526	2	+	8779734	8779546	10.09335041	8779546	0	-188	-188	-188	-188	188
CAGE_TSS_10531	2	+	8791989	8791808	43.04409027	8791808	0	-181	-181	-181	-181	181
CAGE_TSS_10533	2	+	8802365	8802247	10.31575966	8802247	0	-118	-118	-118	-118	118
CAGE_TSS_10534	2	+	8804510	8804581	6.079529762	8804581	0	71	71	71	71	71
CAGE_TSS_10550	2	+	8859061	8858929	6.819019794	8858929	0	-132	-132	-132	-132	132
CAGE_TSS_10553	2	+	8900330	8900051	145.6436462	8900051	0	-279	-279	-279	-279	279
CAGE_TSS_10563	2	+	8941122	8940910	33.74221039	8940910	0	-212	-212	-212	-212	212
CAGE_TSS_10572	2	+	8987672	8987515	89.93454742	8987515	0	-157	-157	-157	-157	157
CAGE_TSS_10576	2	+	8998686	8998532	39.26380157	8998532	0	-154	-154	-154	-154	154
CAGE_TSS_10579	2	+	9006647	9006545	8.542039871	9006545	0	-102	-102	-102	-102	102
CAGE_TSS_10580	2	+	9014562	9014574	21.6640892	9014574	0	12	12	12	12	12
CAGE_TSS_10598	2	+	9076590	9076382	6.338610172	9076382	0	-208	-208	-208	-208	208
CAGE_TSS_10606	2	+	9112866	9112841	7.453420162	9112841	0	-25	-25	-25	-25	25
CAGE_TSS_10613	2	+	9149643	9149583	15.05230999	9149583	0	-60	-60	-60	-60	60
CAGE_TSS_10616	2	+	9151985	9151955	6.533969879	9151955	0	-30	-30	-30	-30	30
CAGE_TSS_10619	2	+	9198550	9198515	82.73979187	9198515	0	-35	-35	-35	-35	35
CAGE_TSS_10620	2	+	9215730	9215600	7.077179909	9215600	0	-130	-130	-130	-130	130
CAGE_TSS_10629	2	+	9242831	9242817	5.742159843	9242817	0	-14	-14	-14	-14	14
CAGE_TSS_10633	2	+	9254420	9254315	89.08067322	9254315	0	-105	-105	-105	-105	105
CAGE_TSS_10640	2	+	9303712	9303605	52.70785904	9303605	0	-107	-107	-107	-107	107
CAGE_TSS_10644	2	+	9354881	9354793	5.711629868	9354793	0	-88	-88	-88	-88	88
CAGE_TSS_10649	2	+	9386568	9386463	17.67458916	9386463	0	-105	-105	-105	-105	105
CAGE_TSS_10653	2	+	9403263	9403207	7.727789879	9403207	0	-56	-56	-56	-56	56
CAGE_TSS_10662	2	+	9471325	9471218	109.0306702	9471218	0	-107	-107	-107	-107	107
CAGE_TSS_10665	2	+	9490311	9490224	26.83407021	9490224	0	-87	-87	-87	-87	87
CAGE_TSS_10668	2	+	9503521	9503379	11.36168003	9503379	0	-142	-142	-142	-142	142
CAGE_TSS_10673	2	+	9530595	9530434	28.6568203	9530434	0	-161	-161	-161	-161	161
CAGE_TSS_10685	2	+	9585773	9585671	82.4667511	9585671	0	-102	-102	-102	-102	102
CAGE_TSS_10687	2	+	9599468	9599248	20.6310997	9599248	0	-220	-220	-220	-220	220
CAGE_TSS_10690	2	+	9627410	9627189	24.94677925	9627189	0	-221	-221	-221	-221	221
CAGE_TSS_10699	2	+	9660937	9660819	6.990230083	9660819	0	-118	-118	-118	-118	118
CAGE_TSS_10708	2	+	9737613	9737506	19.5203495	9737506	0	-107	-107	-107	-107	107
CAGE_TSS_10710	2	+	9749875	9749637	134.0502777	9749637	0	-238	-238	-238	-238	238
CAGE_TSS_10713	2	+	9774852	9774715	108.2647705	9774715	0	-137	-137	-137	-137	137
CAGE_TSS_10728	2	+	9792275	9792114	20.80135918	9792114	0	-161	-161	-161	-161	161
CAGE_TSS_10736	2	+	9832131	9831900	9.286120415	9831900	0	-231	-231	-231	-231	231
CAGE_TSS_10737	2	+	9840525	9840461	214.6840668	9840461	0	-64	-64	-64	-64	64
CAGE_TSS_10738	2	+	9842042	9841924	37.04257965	9841924	0	-118	-118	-118	-118	118
CAGE_TSS_10741	2	+	9874910	9874729	18.93556023	9874729	0	-181	-181	-181	-181	181
CAGE_TSS_10742	2	+	9879264	9879270	37.23041916	9879270	0	6	6	6	6	6
CAGE_TSS_10745	2	+	9924927	9924728	184.3153992	9924728	0	-199	-199	-199	-199	199
CAGE_TSS_10754	2	+	9955217	9955282	7.451320171	9955282	0	65	65	65	65	65
CAGE_TSS_10760	2	+	9995517	9995313	68.66030884	9995313	0	-204	-204	-204	-204	204
CAGE_TSS_10768	2	+	10064182	10064332	12.17856979	10064332	0	150	150	150	150	150
CAGE_TSS_10769	2	+	10066163	10066087	84.55435181	10066087	0	-76	-76	-76	-76	76
CAGE_TSS_10770	2	+	10072233	10072007	12.05918026	10072007	0	-226	-226	-226	-226	226
CAGE_TSS_10784	2	+	10205001	10204775	108.6717529	10204775	0	-226	-226	-226	-226	226
CAGE_TSS_10787	2	+	10229426	10229248	33.1862793	10229248	0	-178	-178	-178	-178	178
CAGE_TSS_10789	2	+	10244901	10244673	94.98970795	10244673	0	-228	-228	-228	-228	228
CAGE_TSS_10790	2	+	10281920	10281750	10.48439026	10281750	0	-170	-170	-170	-170	170
CAGE_TSS_10793	2	+	10285934	10285833	23.96591949	10285833	0	-101	-101	-101	-101	101
CAGE_TSS_10794	2	+	10300091	10299955	105.8386078	10299955	0	-136	-136	-136	-136	136
CAGE_TSS_10802	2	+	10340781	10340519	8.20265007	10340519	0	-262	-262	-262	-262	262
CAGE_TSS_10806	2	+	10373730	10373540	91.94261169	10373540	0	-190	-190	-190	-190	190
CAGE_TSS_10809	2	+	10380038	10379972	5.994999886	10379972	0	-66	-66	-66	-66	66
CAGE_TSS_10811	2	+	10391089	10390807	10.61736965	10390807	0	-282	-282	-282	-282	282
CAGE_TSS_10814	2	+	10421809	10421688	10.45363045	10421688	0	-121	-121	-121	-121	121
CAGE_TSS_10820	2	+	10456942	10456753	14.56099987	10456753	0	-189	-189	-189	-189	189
CAGE_TSS_10826	2	+	10566898	10566779	15.63282967	10566779	0	-119	-119	-119	-119	119
CAGE_TSS_10850	2	+	10684190	10684054	50.76430893	10684054	0	-136	-136	-136	-136	136
CAGE_TSS_10856	2	+	10741662	10741407	11.28831959	10741407	0	-255	-255	-255	-255	255
CAGE_TSS_10857	2	+	10753834	10753759	20.83334923	10753759	0	-75	-75	-75	-75	75
CAGE_TSS_10871	2	+	10856447	10856200	9.731949806	10856200	0	-247	-247	-247	-247	247
CAGE_TSS_10873	2	+	10860827	10860755	9.692709923	10860755	0	-72	-72	-72	-72	72
CAGE_TSS_10886	2	+	10976977	10976812	10.02278996	10976812	0	-165	-165	-165	-165	165
CAGE_TSS_10887	2	+	10980146	10979994	174.5301666	10979994	0	-152	-152	-152	-152	152
CAGE_TSS_10895	2	+	11041799	11041700	9.876899719	11041700	0	-99	-99	-99	-99	99
CAGE_TSS_10901	2	+	11070801	11070839	140.0710449	11070839	0	38	38	38	38	38
CAGE_TSS_10906	2	+	11120905	11120838	92.12645721	11120838	0	-67	-67	-67	-67	67
CAGE_TSS_10908	2	+	11135681	11135573	128.5028687	11135573	0	-108	-108	-108	-108	108
CAGE_TSS_10909	2	+	11140808	11140730	14.17442989	11140730	0	-78	-78	-78	-78	78
CAGE_TSS_10921	2	+	11201334	11201273	16.17462921	11201273	0	-61	-61	-61	-61	61
CAGE_TSS_10927	2	+	11224564	11224451	29.84468079	11224451	0	-113	-113	-113	-113	113
CAGE_TSS_10931	2	+	11263940	11263768	16.47759056	11263768	0	-172	-172	-172	-172	172
CAGE_TSS_10932	2	+	11270226	11270103	7.965129852	11270103	0	-123	-123	-123	-123	123
CAGE_TSS_10934	2	+	11273962	11273767	9.700050354	11273767	0	-195	-195	-195	-195	195
CAGE_TSS_10936	2	+	11277943	11277744	5.955120087	11277744	0	-199	-199	-199	-199	199
CAGE_TSS_10943	2	+	11338886	11338700	80.78769684	11338700	0	-186	-186	-186	-186	186
CAGE_TSS_10945	2	+	11341745	11341589	79.16648865	11341589	0	-156	-156	-156	-156	156
CAGE_TSS_10948	2	+	11360158	11360317	16.07802963	11360317	0	159	159	159	159	159
CAGE_TSS_10950	2	+	11368595	11368382	15.60233974	11368382	0	-213	-213	-213	-213	213
CAGE_TSS_10951	2	+	11380491	11380361	52.04372025	11380361	0	-130	-130	-130	-130	130
CAGE_TSS_10953	2	+	11388435	11388454	42.0278511	11388454	0	19	19	19	19	19
CAGE_TSS_10965	2	+	11545969	11545803	41.65634918	11545803	0	-166	-166	-166	-166	166
CAGE_TSS_10967	2	+	11563908	11563812	14.94857025	11563812	0	-96	-96	-96	-96	96
CAGE_TSS_10968	2	+	11566271	11566126	20.30392075	11566126	0	-145	-145	-145	-145	145
CAGE_TSS_10975	2	+	11620525	11620409	5.679950237	11620409	0	-116	-116	-116	-116	116
CAGE_TSS_10986	2	+	11706242	11706094	49.40623093	11706094	0	-148	-148	-148	-148	148
CAGE_TSS_10993	2	+	11740649	11740471	11.9382	11740471	0	-178	-178	-178	-178	178
CAGE_TSS_10994	2	+	11746745	11746604	64.33898926	11746604	0	-141	-141	-141	-141	141
CAGE_TSS_11003	2	+	11809305	11809219	21.35206985	11809219	0	-86	-86	-86	-86	86
CAGE_TSS_11015	2	+	11856769	11856671	16.79294968	11856671	0	-98	-98	-98	-98	98
CAGE_TSS_11037	2	+	11999836	11999700	34.13280106	11999700	0	-136	-136	-136	-136	136
CAGE_TSS_11038	2	+	12004680	12004473	47.26639175	12004473	0	-207	-207	-207	-207	207
CAGE_TSS_11041	2	+	12029705	12029545	39.04116821	12029545	0	-160	-160	-160	-160	160
CAGE_TSS_11047	2	+	12050005	12049846	11.41415977	12049846	0	-159	-159	-159	-159	159
CAGE_TSS_11051	2	+	12081112	12080920	22.90135002	12080920	0	-192	-192	-192	-192	192
CAGE_TSS_11059	2	+	12157922	12157825	5.018290043	12157825	0	-97	-97	-97	-97	97
CAGE_TSS_11063	2	+	12209888	12209852	12.51933956	12209852	0	-36	-36	-36	-36	36
CAGE_TSS_11065	2	+	12241769	12241510	9.454540253	12241510	0	-259	-259	-259	-259	259
CAGE_TSS_11071	2	+	12295362	12295252	6.436160088	12295252	0	-110	-110	-110	-110	110
CAGE_TSS_11072	2	+	12322894	12322828	35.08945084	12322828	0	-66	-66	-66	-66	66
CAGE_TSS_11075	2	+	12333946	12333807	6.095310211	12333807	0	-139	-139	-139	-139	139
CAGE_TSS_11078	2	+	12378380	12378238	11.94764042	12378238	0	-142	-142	-142	-142	142
CAGE_TSS_11087	2	+	12469741	12469660	46.49406052	12469660	0	-81	-81	-81	-81	81
CAGE_TSS_11089	2	+	12478142	12477941	16.43918037	12477941	0	-201	-201	-201	-201	201
CAGE_TSS_11091	2	+	12487274	12487214	32.06447983	12487214	0	-60	-60	-60	-60	60
CAGE_TSS_11093	2	+	12523350	12523223	14.43731022	12523223	0	-127	-127	-127	-127	127
CAGE_TSS_11122	2	+	12624832	12624550	24.38985062	12624550	0	-282	-282	-282	-282	282
CAGE_TSS_11125	2	+	12638333	12638188	5.179490089	12638188	0	-145	-145	-145	-145	145
CAGE_TSS_11127	2	+	12646559	12646303	197.5550385	12646303	0	-256	-256	-256	-256	256
CAGE_TSS_11140	2	+	12703509	12703509	94.93795013	12703509	0	0	0	0	0	0
CAGE_TSS_11141	2	+	12706716	12706574	21.97746086	12706574	0	-142	-142	-142	-142	142
CAGE_TSS_11150	2	+	12759990	12759911	15.14107037	12759911	0	-79	-79	-79	-79	79
CAGE_TSS_11157	2	+	12814331	12814243	154.6750946	12814243	0	-88	-88	-88	-88	88
CAGE_TSS_11167	2	+	12849757	12849679	133.7743683	12849679	0	-78	-78	-78	-78	78
CAGE_TSS_11169	2	+	12872136	12872159	22.58000946	12872159	0	23	23	23	23	23
CAGE_TSS_11173	2	+	12874600	12874496	30.20550919	12874496	0	-104	-104	-104	-104	104
CAGE_TSS_11180	2	+	12937377	12937322	12.24505997	12937322	0	-55	-55	-55	-55	55
CAGE_TSS_11183	2	+	12972923	12972755	33.6371994	12972755	0	-168	-168	-168	-168	168
CAGE_TSS_11188	2	+	13006924	13006703	99.53607178	13006703	0	-221	-221	-221	-221	221
CAGE_TSS_11196	2	+	13037062	13037046	50.76132965	13037046	0	-16	-16	-16	-16	16
CAGE_TSS_11210	2	+	13139080	13138971	101.8057632	13138971	0	-109	-109	-109	-109	109
CAGE_TSS_11218	2	+	13162439	13162231	63.8753891	13162231	0	-208	-208	-208	-208	208
CAGE_TSS_11235	2	+	13201448	13201385	8.574339867	13201385	0	-63	-63	-63	-63	63
CAGE_TSS_11240	2	+	13256222	13256142	9.879170418	13256142	0	-80	-80	-80	-80	80
CAGE_TSS_11244	2	+	13294027	13293970	5.526340008	13293970	0	-57	-57	-57	-57	57
CAGE_TSS_11262	2	+	13436566	13436445	25.1112709	13436445	0	-121	-121	-121	-121	121
CAGE_TSS_11263	2	+	13446047	13446005	11.28831959	13446005	0	-42	-42	-42	-42	42
CAGE_TSS_11264	2	+	13446513	13446544	44.84265137	13446544	0	31	31	31	31	31
CAGE_TSS_11265	2	+	13450312	13450320	6.543089867	13450320	0	8	8	8	8	8
CAGE_TSS_11273	2	+	13518210	13517912	93.96746063	13517912	0	-298	-298	-298	-298	298
CAGE_TSS_11275	2	+	13529860	13529944	6.019579887	13529944	0	84	84	84	84	84
CAGE_TSS_11277	2	+	13554893	13554846	6.817679882	13554846	0	-47	-47	-47	-47	47
CAGE_TSS_11283	2	+	13581581	13581417	16.51214981	13581417	0	-164	-164	-164	-164	164
CAGE_TSS_11301	2	+	13659975	13659977	8.498209953	13659977	0	2	2	2	2	2
CAGE_TSS_11303	2	+	13662219	13662025	8.48431015	13662025	0	-194	-194	-194	-194	194
CAGE_TSS_11305	2	+	13674516	13674359	11.43420029	13674359	0	-157	-157	-157	-157	157
CAGE_TSS_11309	2	+	13693128	13693104	12.53384018	13693104	0	-24	-24	-24	-24	24
CAGE_TSS_11312	2	+	13704196	13703975	9.325200081	13703975	0	-221	-221	-221	-221	221
CAGE_TSS_11325	2	+	13778410	13778143	21.41312981	13778143	0	-267	-267	-267	-267	267
CAGE_TSS_11332	2	+	13824799	13824687	5.943220139	13824687	0	-112	-112	-112	-112	112
CAGE_TSS_11333	2	+	13826513	13826525	11.21617031	13826525	0	12	12	12	12	12
CAGE_TSS_11348	2	+	13891858	13891698	30.84666061	13891698	0	-160	-160	-160	-160	160
CAGE_TSS_11349	2	+	13894874	13894737	24.36712074	13894737	0	-137	-137	-137	-137	137
CAGE_TSS_11352	2	+	13916451	13916358	21.16054916	13916358	0	-93	-93	-93	-93	93
CAGE_TSS_11357	2	+	13977941	13977815	15.02651978	13977815	0	-126	-126	-126	-126	126
CAGE_TSS_11359	2	+	13987864	13987788	12.69979	13987788	0	-76	-76	-76	-76	76
CAGE_TSS_11361	2	+	14021826	14021717	76.75270844	14021717	0	-109	-109	-109	-109	109
CAGE_TSS_11373	2	+	14119691	14119645	17.03521919	14119645	0	-46	-46	-46	-46	46
CAGE_TSS_11375	2	+	14151148	14151106	14.1866703	14151106	0	-42	-42	-42	-42	42
CAGE_TSS_11386	2	+	14194127	14193949	14.67448997	14193949	0	-178	-178	-178	-178	178
CAGE_TSS_11387	2	+	14217224	14217185	43.28255081	14217185	0	-39	-39	-39	-39	39
CAGE_TSS_11404	2	+	14314945	14314900	20.76305008	14314900	0	-45	-45	-45	-45	45
CAGE_TSS_11417	2	+	14434410	14434267	17.98893929	14434267	0	-143	-143	-143	-143	143
CAGE_TSS_11425	2	+	14462101	14462040	88.28669739	14462040	0	-61	-61	-61	-61	61
CAGE_TSS_11432	2	+	14496365	14496202	15.92547035	14496202	0	-163	-163	-163	-163	163
CAGE_TSS_11445	2	+	14560191	14560111	59.13367844	14560111	0	-80	-80	-80	-80	80
CAGE_TSS_11447	2	+	14573084	14572991	279.5341797	14572991	0	-93	-93	-93	-93	93
CAGE_TSS_11449	2	+	14575389	14575262	8.7687397	14575262	0	-127	-127	-127	-127	127
CAGE_TSS_11452	2	+	14578574	14578307	12.58047962	14578307	0	-267	-267	-267	-267	267
CAGE_TSS_11458	2	+	14654261	14654140	16.54855919	14654140	0	-121	-121	-121	-121	121
CAGE_TSS_11465	2	+	14702473	14702295	8.634750366	14702295	0	-178	-178	-178	-178	178
CAGE_TSS_11467	2	+	14708353	14708054	239.5222473	14708054	0	-299	-299	-299	-299	299
CAGE_TSS_11475	2	+	14754321	14754085	44.78498077	14754085	0	-236	-236	-236	-236	236
CAGE_TSS_11480	2	+	14783288	14783278	10.32114029	14783278	0	-10	-10	-10	-10	10
CAGE_TSS_11483	2	+	14827424	14827284	6.961669922	14827284	0	-140	-140	-140	-140	140
CAGE_TSS_11487	2	+	14842293	14842229	9.753879547	14842229	0	-64	-64	-64	-64	64
CAGE_TSS_11488	2	+	14849535	14849388	12.65608978	14849388	0	-147	-147	-147	-147	147
CAGE_TSS_11502	2	+	14898328	14898193	62.78388977	14898193	0	-135	-135	-135	-135	135
CAGE_TSS_11511	2	+	14929280	14929176	16.13224983	14929176	0	-104	-104	-104	-104	104
CAGE_TSS_11515	2	+	14966700	14966499	181.6328125	14966499	0	-201	-201	-201	-201	201
CAGE_TSS_11518	2	+	14985498	14985383	12.35604954	14985383	0	-115	-115	-115	-115	115
CAGE_TSS_11536	2	+	15053609	15053541	34.27814865	15053541	0	-68	-68	-68	-68	68
CAGE_TSS_11538	2	+	15059816	15059741	17.84411049	15059741	0	-75	-75	-75	-75	75
CAGE_TSS_11547	2	+	15104794	15104518	73.71318054	15104518	0	-276	-276	-276	-276	276
CAGE_TSS_11549	2	+	15110590	15110331	10.38521957	15110331	0	-259	-259	-259	-259	259
CAGE_TSS_11551	2	+	15117097	15116900	5.974790096	15116900	0	-197	-197	-197	-197	197
CAGE_TSS_11554	2	+	15158560	15158411	6.294980049	15158411	0	-149	-149	-149	-149	149
CAGE_TSS_11555	2	+	15165431	15165336	6.89139986	15165336	0	-95	-95	-95	-95	95
CAGE_TSS_11566	2	+	15192479	15192390	9.259269714	15192390	0	-89	-89	-89	-89	89
CAGE_TSS_11584	2	+	15264249	15264016	6.642670155	15264016	0	-233	-233	-233	-233	233
CAGE_TSS_11591	2	+	15286343	15286156	45.29386139	15286156	0	-187	-187	-187	-187	187
CAGE_TSS_11600	2	+	15379699	15379505	23.31954956	15379505	0	-194	-194	-194	-194	194
CAGE_TSS_11601	2	+	15393086	15392960	7.149909973	15392960	0	-126	-126	-126	-126	126
CAGE_TSS_11605	2	+	15445431	15445208	8.100489616	15445208	0	-223	-223	-223	-223	223
CAGE_TSS_11607	2	+	15485718	15485638	48.3146019	15485638	0	-80	-80	-80	-80	80
CAGE_TSS_11611	2	+	15515141	15514921	28.57681084	15514921	0	-220	-220	-220	-220	220
CAGE_TSS_11619	2	+	15549051	15549044	61.70470047	15549044	0	-7	-7	-7	-7	7
CAGE_TSS_11622	2	+	15568982	15568693	48.85480118	15568693	0	-289	-289	-289	-289	289
CAGE_TSS_11627	2	+	15592613	15592498	6.710209846	15592498	0	-115	-115	-115	-115	115
CAGE_TSS_11635	2	+	15641936	15641916	115.8949127	15641916	0	-20	-20	-20	-20	20
CAGE_TSS_11648	2	+	15706343	15706050	107.4980316	15706050	0	-293	-293	-293	-293	293
CAGE_TSS_11650	2	+	15719181	15719433	12.77052975	15719433	0	252	252	252	252	252
CAGE_TSS_11651	2	+	15736768	15736791	8.8832798	15736791	0	23	23	23	23	23
CAGE_TSS_11657	2	+	15750872	15750607	66.98143005	15750607	0	-265	-265	-265	-265	265
CAGE_TSS_11659	2	+	15764733	15764596	7.915339947	15764596	0	-137	-137	-137	-137	137
CAGE_TSS_11660	2	+	15765795	15765610	13.50724983	15765610	0	-185	-185	-185	-185	185
CAGE_TSS_11663	2	+	15792560	15792380	76.77642059	15792380	0	-180	-180	-180	-180	180
CAGE_TSS_11664	2	+	15803494	15803458	72.54135132	15803458	0	-36	-36	-36	-36	36
CAGE_TSS_11674	2	+	15851889	15851648	7.272990227	15851648	0	-241	-241	-241	-241	241
CAGE_TSS_11684	2	+	15891042	15890863	14.70079994	15890863	0	-179	-179	-179	-179	179
CAGE_TSS_11687	2	+	15906760	15906548	5.786009789	15906548	0	-212	-212	-212	-212	212
CAGE_TSS_11688	2	+	15917098	15917067	15.97426987	15917067	0	-31	-31	-31	-31	31
CAGE_TSS_11696	2	+	15972997	15972758	20.98520088	15972758	0	-239	-239	-239	-239	239
CAGE_TSS_11703	2	+	15999927	15999931	11.11394978	15999931	0	4	4	4	4	4
CAGE_TSS_11708	2	+	16028916	16028816	6.703479767	16028816	0	-100	-100	-100	-100	100
CAGE_TSS_11709	2	+	16050162	16049958	19.10213089	16049958	0	-204	-204	-204	-204	204
CAGE_TSS_11714	2	+	16064483	16064483	87.59010315	16064483	0	0	0	0	0	0
CAGE_TSS_11725	2	+	16102018	16101892	5.925439835	16101892	0	-126	-126	-126	-126	126
CAGE_TSS_11727	2	+	16108358	16108256	32.58739853	16108256	0	-102	-102	-102	-102	102
CAGE_TSS_11736	2	+	16134639	16134529	41.47513962	16134529	0	-110	-110	-110	-110	110
CAGE_TSS_11740	2	+	16165983	16165899	22.15193939	16165899	0	-84	-84	-84	-84	84
CAGE_TSS_11743	2	+	16200998	16200904	7.823840141	16200904	0	-94	-94	-94	-94	94
CAGE_TSS_11746	2	+	16216956	16216717	24.16193962	16216717	0	-239	-239	-239	-239	239
CAGE_TSS_11748	2	+	16221820	16221667	105.0175476	16221667	0	-153	-153	-153	-153	153
CAGE_TSS_11751	2	+	16227138	16227015	9.227519989	16227015	0	-123	-123	-123	-123	123
CAGE_TSS_11752	2	+	16238512	16238479	6.845580101	16238479	0	-33	-33	-33	-33	33
CAGE_TSS_11760	2	+	16278733	16278569	5.293019772	16278569	0	-164	-164	-164	-164	164
CAGE_TSS_11765	2	+	16293258	16293184	47.05971909	16293184	0	-74	-74	-74	-74	74
CAGE_TSS_11770	2	+	16303401	16303304	117.9091873	16303304	0	-97	-97	-97	-97	97
CAGE_TSS_11773	2	+	16319664	16319518	22.78418922	16319518	0	-146	-146	-146	-146	146
CAGE_TSS_11780	2	+	16399969	16399868	36.16725159	16399868	0	-101	-101	-101	-101	101
CAGE_TSS_11786	2	+	16430795	16430624	6.164259911	16430624	0	-171	-171	-171	-171	171
CAGE_TSS_11792	2	+	16460366	16460225	221.4840851	16460225	0	-141	-141	-141	-141	141
CAGE_TSS_11794	2	+	16461381	16461364	5.030089855	16461364	0	-17	-17	-17	-17	17
CAGE_TSS_11808	2	+	16510420	16510414	9.314760208	16510414	0	-6	-6	-6	-6	6
CAGE_TSS_11809	2	+	16531705	16531666	24.0533905	16531666	0	-39	-39	-39	-39	39
CAGE_TSS_11811	2	+	16556856	16556705	10.94293022	16556705	0	-151	-151	-151	-151	151
CAGE_TSS_11815	2	+	16583084	16582811	6.961669922	16582811	0	-273	-273	-273	-273	273
CAGE_TSS_11816	2	+	16588705	16588586	50.27661896	16588586	0	-119	-119	-119	-119	119
CAGE_TSS_11823	2	+	16591222	16591258	12.93150043	16591258	0	36	36	36	36	36
CAGE_TSS_11827	2	+	16627374	16627227	5.849740028	16627227	0	-147	-147	-147	-147	147
CAGE_TSS_11835	2	+	16666046	16665952	58.99440002	16665952	0	-94	-94	-94	-94	94
CAGE_TSS_11841	2	+	16726481	16726280	38.67041016	16726280	0	-201	-201	-201	-201	201
CAGE_TSS_11848	2	+	16747995	16747905	18.99991035	16747905	0	-90	-90	-90	-90	90
CAGE_TSS_11851	2	+	16772071	16771881	12.58463001	16771881	0	-190	-190	-190	-190	190
CAGE_TSS_11863	2	+	16873422	16873358	5.120460033	16873358	0	-64	-64	-64	-64	64
CAGE_TSS_11883	2	+	16930855	16930861	158.4918365	16930861	0	6	6	6	6	6
CAGE_TSS_11897	2	+	17032477	17032324	177.3890839	17032324	0	-153	-153	-153	-153	153
CAGE_TSS_11898	2	+	17042699	17042574	172.7236176	17042574	0	-125	-125	-125	-125	125
CAGE_TSS_11900	2	+	17045140	17044990	13.2114296	17044990	0	-150	-150	-150	-150	150
CAGE_TSS_11904	2	+	17082848	17082812	30.44650078	17082812	0	-36	-36	-36	-36	36
CAGE_TSS_11911	2	+	17126988	17126885	36.15217972	17126885	0	-103	-103	-103	-103	103
CAGE_TSS_11915	2	+	17135780	17135624	8.385840416	17135624	0	-156	-156	-156	-156	156
CAGE_TSS_11917	2	+	17138085	17137991	16.55771065	17137991	0	-94	-94	-94	-94	94
CAGE_TSS_11920	2	+	17140313	17140171	43.08271027	17140171	0	-142	-142	-142	-142	142
CAGE_TSS_11926	2	+	17153846	17153713	33.1509819	17153713	0	-133	-133	-133	-133	133
CAGE_TSS_11930	2	+	17177665	17177526	10.86682034	17177526	0	-139	-139	-139	-139	139
CAGE_TSS_11933	2	+	17209696	17209875	18.52536964	17209875	0	179	179	179	179	179
CAGE_TSS_11935	2	+	17222066	17221819	45.50294113	17221819	0	-247	-247	-247	-247	247
CAGE_TSS_11939	2	+	17225519	17225461	101.6655579	17225461	0	-58	-58	-58	-58	58
CAGE_TSS_11944	2	+	17251940	17251937	9.904170036	17251937	0	-3	-3	-3	-3	3
CAGE_TSS_11948	2	+	17269287	17269141	94.14647675	17269141	0	-146	-146	-146	-146	146
CAGE_TSS_11951	2	+	17271154	17270891	7.849470139	17270891	0	-263	-263	-263	-263	263
CAGE_TSS_11960	2	+	17326169	17325892	24.23339081	17325892	0	-277	-277	-277	-277	277
CAGE_TSS_11969	2	+	17367822	17367839	18.99419022	17367839	0	17	17	17	17	17
CAGE_TSS_11974	2	+	17409462	17409330	9.216210365	17409330	0	-132	-132	-132	-132	132
CAGE_TSS_11975	2	+	17421726	17421538	39.41550827	17421538	0	-188	-188	-188	-188	188
CAGE_TSS_11978	2	+	17446744	17446560	13.20925045	17446560	0	-184	-184	-184	-184	184
CAGE_TSS_11981	2	+	17474618	17474450	18.18618965	17474450	0	-168	-168	-168	-168	168
CAGE_TSS_11982	2	+	17490425	17490326	10.09815979	17490326	0	-99	-99	-99	-99	99
CAGE_TSS_11986	2	+	17507497	17507374	5.778120041	17507374	0	-123	-123	-123	-123	123
CAGE_TSS_11990	2	+	17527359	17527180	12.95855999	17527180	0	-179	-179	-179	-179	179
CAGE_TSS_11993	2	+	17548160	17548045	16.20325089	17548045	0	-115	-115	-115	-115	115
CAGE_TSS_11997	2	+	17577745	17577781	5.864820004	17577781	0	36	36	36	36	36
CAGE_TSS_12013	2	+	17599979	17599755	11.29386044	17599755	0	-224	-224	-224	-224	224
CAGE_TSS_12027	2	+	17663444	17663239	18.1826992	17663239	0	-205	-205	-205	-205	205
CAGE_TSS_12028	2	+	17690526	17690319	13.96800995	17690319	0	-207	-207	-207	-207	207
CAGE_TSS_12034	2	+	17728714	17728540	13.97171974	17728540	0	-174	-174	-174	-174	174
CAGE_TSS_12035	2	+	17747950	17748169	5.967010021	17748169	0	219	219	219	219	219
CAGE_TSS_12038	2	+	17756169	17756086	49.45338058	17756086	0	-83	-83	-83	-83	83
CAGE_TSS_12045	2	+	17793349	17793149	11.2172699	17793149	0	-200	-200	-200	-200	200
CAGE_TSS_12053	2	+	17800514	17800320	9.789179802	17800320	0	-194	-194	-194	-194	194
CAGE_TSS_12055	2	+	17831618	17831342	10.54759979	17831342	0	-276	-276	-276	-276	276
CAGE_TSS_12057	2	+	17849978	17849881	7.825940132	17849881	0	-97	-97	-97	-97	97
CAGE_TSS_12058	2	+	17854539	17854494	29.66974068	17854494	0	-45	-45	-45	-45	45
CAGE_TSS_12061	2	+	17858698	17858631	6.633880138	17858631	0	-67	-67	-67	-67	67
CAGE_TSS_12062	2	+	17863816	17863784	75.64386749	17863784	0	-32	-32	-32	-32	32
CAGE_TSS_12063	2	+	17873971	17873804	45.46464157	17873804	0	-167	-167	-167	-167	167
CAGE_TSS_12069	2	+	17891521	17891456	40.47135925	17891456	0	-65	-65	-65	-65	65
CAGE_TSS_12071	2	+	17892338	17892176	43.45261002	17892176	0	-162	-162	-162	-162	162
CAGE_TSS_12080	2	+	17919047	17918871	6.391749859	17918871	0	-176	-176	-176	-176	176
CAGE_TSS_12084	2	+	17920663	17920560	25.99477959	17920560	0	-103	-103	-103	-103	103
CAGE_TSS_12088	2	+	17927264	17927187	23.24080086	17927187	0	-77	-77	-77	-77	77
CAGE_TSS_12101	2	+	17989690	17989695	20.31562042	17989695	0	5	5	5	5	5
CAGE_TSS_12103	2	+	18000895	18000612	219.2589417	18000612	0	-283	-283	-283	-283	283
CAGE_TSS_12104	2	+	18007696	18007554	75.32022095	18007554	0	-142	-142	-142	-142	142
CAGE_TSS_12108	2	+	18039305	18039195	53.72518921	18039195	0	-110	-110	-110	-110	110
CAGE_TSS_12112	2	+	18061924	18061833	26.40333939	18061833	0	-91	-91	-91	-91	91
CAGE_TSS_12116	2	+	18070059	18069928	25.37414932	18069928	0	-131	-131	-131	-131	131
CAGE_TSS_12118	2	+	18071064	18070950	52.85385895	18070950	0	-114	-114	-114	-114	114
CAGE_TSS_12121	2	+	18072407	18072234	18.39451027	18072234	0	-173	-173	-173	-173	173
CAGE_TSS_12124	2	+	18095778	18095611	14.11818981	18095611	0	-167	-167	-167	-167	167
CAGE_TSS_12137	2	+	18119973	18119875	8.207839966	18119875	0	-98	-98	-98	-98	98
CAGE_TSS_12141	2	+	18132672	18132645	60.56348038	18132645	0	-27	-27	-27	-27	27
CAGE_TSS_12143	2	+	18138361	18138273	102.0293808	18138273	0	-88	-88	-88	-88	88
CAGE_TSS_12144	2	+	18145564	18145330	11.45446968	18145330	0	-234	-234	-234	-234	234
CAGE_TSS_12147	2	+	18152222	18151989	42.73925018	18151989	0	-233	-233	-233	-233	233
CAGE_TSS_12154	2	+	18193136	18193032	5.151800156	18193032	0	-104	-104	-104	-104	104
CAGE_TSS_12163	2	+	18228494	18228360	17.73724937	18228360	0	-134	-134	-134	-134	134
CAGE_TSS_12165	2	+	18237181	18236954	25.05550003	18236954	0	-227	-227	-227	-227	227
CAGE_TSS_12173	2	+	18258640	18258394	7.510499954	18258394	0	-246	-246	-246	-246	246
CAGE_TSS_12180	2	+	18276234	18276138	401.8819885	18276138	0	-96	-96	-96	-96	96
CAGE_TSS_12184	2	+	18286525	18286320	13.96702003	18286320	0	-205	-205	-205	-205	205
CAGE_TSS_12188	2	+	18309211	18309115	6.775959969	18309115	0	-96	-96	-96	-96	96
CAGE_TSS_12192	2	+	18328417	18328321	8.708499908	18328321	0	-96	-96	-96	-96	96
CAGE_TSS_12193	2	+	18330465	18330501	6.098700047	18330501	0	36	36	36	36	36
CAGE_TSS_12195	2	+	18333804	18333745	15.47867012	18333745	0	-59	-59	-59	-59	59
CAGE_TSS_12200	2	+	18364756	18364681	7.065010071	18364681	0	-75	-75	-75	-75	75
CAGE_TSS_12212	2	+	18408694	18408423	7.870069981	18408423	0	-271	-271	-271	-271	271
CAGE_TSS_12213	2	+	18414264	18414189	31.62811089	18414189	0	-75	-75	-75	-75	75
CAGE_TSS_12231	2	+	18503137	18502968	6.160850048	18502968	0	-169	-169	-169	-169	169
CAGE_TSS_12234	2	+	18524396	18524321	6.683670044	18524321	0	-75	-75	-75	-75	75
CAGE_TSS_12237	2	+	18537259	18537057	30.07419014	18537057	0	-202	-202	-202	-202	202
CAGE_TSS_12244	2	+	18591647	18591458	13.08113956	18591458	0	-189	-189	-189	-189	189
CAGE_TSS_12249	2	+	18610869	18610825	18.73237038	18610825	0	-44	-44	-44	-44	44
CAGE_TSS_12251	2	+	18624339	18624279	5.751070023	18624279	0	-60	-60	-60	-60	60
CAGE_TSS_12254	2	+	18626346	18626120	9.741789818	18626120	0	-226	-226	-226	-226	226
CAGE_TSS_12266	2	+	18677459	18677255	88.3239212	18677255	0	-204	-204	-204	-204	204
CAGE_TSS_12270	2	+	18682589	18682511	28.40296936	18682511	0	-78	-78	-78	-78	78
CAGE_TSS_12275	2	+	18731064	18730892	64.06651306	18730892	0	-172	-172	-172	-172	172
CAGE_TSS_12277	2	+	18745383	18745146	87.13204193	18745146	0	-237	-237	-237	-237	237
CAGE_TSS_12278	2	+	18749365	18749296	5.008780003	18749296	0	-69	-69	-69	-69	69
CAGE_TSS_12282	2	+	18786636	18786458	60.44189072	18786458	0	-178	-178	-178	-178	178
CAGE_TSS_12285	2	+	18792853	18792780	5.470190048	18792780	0	-73	-73	-73	-73	73
CAGE_TSS_12287	2	+	18795972	18795991	41.21393967	18795991	0	19	19	19	19	19
CAGE_TSS_12292	2	+	18833363	18833154	52.57440186	18833154	0	-209	-209	-209	-209	209
CAGE_TSS_12293	2	+	18834086	18833988	8.818229675	18833988	0	-98	-98	-98	-98	98
CAGE_TSS_12294	2	+	18839638	18839428	29.14479065	18839428	0	-210	-210	-210	-210	210
CAGE_TSS_12297	2	+	18842530	18842400	42.4074707	18842400	0	-130	-130	-130	-130	130
CAGE_TSS_12299	2	+	18855836	18855746	10.11557007	18855746	0	-90	-90	-90	-90	90
CAGE_TSS_12305	2	+	18874029	18874019	13.33069992	18874019	0	-10	-10	-10	-10	10
CAGE_TSS_12306	2	+	18883474	18883248	15.90746975	18883248	0	-226	-226	-226	-226	226
CAGE_TSS_12307	2	+	18894140	18893984	29.80682945	18893984	0	-156	-156	-156	-156	156
CAGE_TSS_12309	2	+	18898894	18898921	29.02605057	18898921	0	27	27	27	27	27
CAGE_TSS_12317	2	+	18919381	18919316	23.56155014	18919316	0	-65	-65	-65	-65	65
CAGE_TSS_12319	2	+	18922816	18922685	192.4151764	18922685	0	-131	-131	-131	-131	131
CAGE_TSS_12322	2	+	18953300	18953228	153.0838623	18953228	0	-72	-72	-72	-72	72
CAGE_TSS_12326	2	+	18959091	18958949	112.2018814	18958949	0	-142	-142	-142	-142	142
CAGE_TSS_12328	2	+	18961398	18961298	71.28986359	18961298	0	-100	-100	-100	-100	100
CAGE_TSS_12329	2	+	18963130	18962916	21.57115936	18962916	0	-214	-214	-214	-214	214
CAGE_TSS_12330	2	+	18965313	18965145	104.1763382	18965145	0	-168	-168	-168	-168	168
CAGE_TSS_12338	2	+	18981928	18981636	84.30579376	18981636	0	-292	-292	-292	-292	292
CAGE_TSS_12339	2	+	18986094	18986088	175.6909637	18986088	0	-6	-6	-6	-6	6
CAGE_TSS_12340	2	+	18991298	18991188	5.639050007	18991188	0	-110	-110	-110	-110	110
CAGE_TSS_12343	2	+	19000256	19000196	21.47858047	19000196	0	-60	-60	-60	-60	60
CAGE_TSS_12344	2	+	19000804	19000675	5.293089867	19000675	0	-129	-129	-129	-129	129
CAGE_TSS_12351	2	+	19058038	19057998	26.54921913	19057998	0	-40	-40	-40	-40	40
CAGE_TSS_12354	2	+	19065697	19065523	11.25158024	19065523	0	-174	-174	-174	-174	174
CAGE_TSS_12356	2	+	19072379	19072079	34.90270996	19072079	0	-300	-300	-300	-300	300
CAGE_TSS_12364	2	+	19136031	19135943	26.12137032	19135943	0	-88	-88	-88	-88	88
CAGE_TSS_12367	2	+	19148729	19148667	75.1582489	19148667	0	-62	-62	-62	-62	62
CAGE_TSS_12371	2	+	19175955	19175829	13.12738991	19175829	0	-126	-126	-126	-126	126
CAGE_TSS_12377	2	+	19204438	19204215	7.482180119	19204215	0	-223	-223	-223	-223	223
CAGE_TSS_12378	2	+	19229240	19229199	9.462539673	19229199	0	-41	-41	-41	-41	41
CAGE_TSS_12379	2	+	19232629	19232428	25.40357018	19232428	0	-201	-201	-201	-201	201
CAGE_TSS_12380	2	+	19237519	19237363	60.51794052	19237363	0	-156	-156	-156	-156	156
CAGE_TSS_12389	2	+	19245675	19245409	44.46971893	19245409	0	-266	-266	-266	-266	266
CAGE_TSS_12401	2	+	19319779	19319524	64.34471893	19319524	0	-255	-255	-255	-255	255
CAGE_TSS_12403	2	+	19336692	19336502	155.5101471	19336502	0	-190	-190	-190	-190	190
CAGE_TSS_12407	2	+	19366686	19366447	5.927209854	19366447	0	-239	-239	-239	-239	239
CAGE_TSS_12427	2	+	19433812	19433672	112.8238068	19433672	0	-140	-140	-140	-140	140
CAGE_TSS_12430	2	+	19440941	19440677	112.9751587	19440677	0	-264	-264	-264	-264	264
CAGE_TSS_12432	2	+	19446840	19446666	8.586259842	19446666	0	-174	-174	-174	-174	174
CAGE_TSS_12436	2	+	19469787	19469743	13.40532017	19469743	0	-44	-44	-44	-44	44
CAGE_TSS_12443	2	+	19478403	19478253	11.85346031	19478253	0	-150	-150	-150	-150	150
CAGE_TSS_12444	2	+	19481447	19481205	5.641119957	19481205	0	-242	-242	-242	-242	242
CAGE_TSS_12449	2	+	19485924	19485633	13.34782028	19485633	0	-291	-291	-291	-291	291
CAGE_TSS_12455	2	+	19505846	19505710	9.386110306	19505710	0	-136	-136	-136	-136	136
CAGE_TSS_12471	2	+	19534597	19534421	16.57481956	19534421	0	-176	-176	-176	-176	176
CAGE_TSS_12483	2	+	19568622	19568468	234.2977753	19568468	0	-154	-154	-154	-154	154
CAGE_TSS_12485	2	+	19574865	19574680	84.24389648	19574680	0	-185	-185	-185	-185	185
CAGE_TSS_12491	2	+	19608171	19608071	5.699779987	19608071	0	-100	-100	-100	-100	100
CAGE_TSS_12496	2	+	19624210	19623968	156.2451782	19623968	0	-242	-242	-242	-242	242
CAGE_TSS_15588	3	+	8956	8792	6.10612011	8792	0	-164	-164	-164	-164	164
CAGE_TSS_15599	3	+	85662	85414	414.3842163	85414	0	-248	-248	-248	-248	248
CAGE_TSS_15608	3	+	139027	138913	12.96969032	138913	0	-114	-114	-114	-114	114
CAGE_TSS_15612	3	+	173243	173093	78.65464783	173093	0	-150	-150	-150	-150	150
CAGE_TSS_15613	3	+	183169	182990	17.65364075	182990	0	-179	-179	-179	-179	179
CAGE_TSS_15622	3	+	208477	208332	22.4084301	208332	0	-145	-145	-145	-145	145
CAGE_TSS_15624	3	+	219820	219532	69.61724091	219532	0	-288	-288	-288	-288	288
CAGE_TSS_15630	3	+	239403	239274	36.39160156	239274	0	-129	-129	-129	-129	129
CAGE_TSS_15632	3	+	241948	241852	6.362110138	241852	0	-96	-96	-96	-96	96
CAGE_TSS_15635	3	+	251980	251784	19.6253109	251784	0	-196	-196	-196	-196	196
CAGE_TSS_15644	3	+	267831	267677	9.364190102	267677	0	-154	-154	-154	-154	154
CAGE_TSS_15647	3	+	279068	278975	30.36516953	278975	0	-93	-93	-93	-93	93
CAGE_TSS_15651	3	+	288658	288457	30.9945507	288457	0	-201	-201	-201	-201	201
CAGE_TSS_15653	3	+	296059	295872	77.24395752	295872	0	-187	-187	-187	-187	187
CAGE_TSS_15660	3	+	326252	326235	43.96813965	326235	0	-17	-17	-17	-17	17
CAGE_TSS_15662	3	+	327675	327533	151.5986633	327533	0	-142	-142	-142	-142	142
CAGE_TSS_15663	3	+	330170	330080	49.81908035	330080	0	-90	-90	-90	-90	90
CAGE_TSS_15665	3	+	350616	350540	125.7352676	350540	0	-76	-76	-76	-76	76
CAGE_TSS_15668	3	+	361015	360941	14.8155899	360941	0	-74	-74	-74	-74	74
CAGE_TSS_15674	3	+	380512	380570	5.112989902	380570	0	58	58	58	58	58
CAGE_TSS_15675	3	+	391119	390910	10.46889973	390910	0	-209	-209	-209	-209	209
CAGE_TSS_15680	3	+	415394	415302	82.2258606	415302	0	-92	-92	-92	-92	92
CAGE_TSS_15696	3	+	469934	469750	5.376130104	469750	0	-184	-184	-184	-184	184
CAGE_TSS_15697	3	+	477006	476879	5.944779873	476879	0	-127	-127	-127	-127	127
CAGE_TSS_15698	3	+	479085	478908	24.94926071	478908	0	-177	-177	-177	-177	177
CAGE_TSS_15700	3	+	481972	481827	6.385960102	481827	0	-145	-145	-145	-145	145
CAGE_TSS_15707	3	+	505656	505515	24.96005058	505515	0	-141	-141	-141	-141	141
CAGE_TSS_15708	3	+	508886	508619	29.30628014	508619	0	-267	-267	-267	-267	267
CAGE_TSS_15716	3	+	512313	512201	19.9946804	512201	0	-112	-112	-112	-112	112
CAGE_TSS_15725	3	+	551093	551018	10.27248955	551018	0	-75	-75	-75	-75	75
CAGE_TSS_15728	3	+	556941	556713	5.105130196	556713	0	-228	-228	-228	-228	228
CAGE_TSS_15729	3	+	560214	559921	6.86345005	559921	0	-293	-293	-293	-293	293
CAGE_TSS_15731	3	+	562032	561789	10.94876957	561789	0	-243	-243	-243	-243	243
CAGE_TSS_15737	3	+	586300	586271	89.58444214	586271	0	-29	-29	-29	-29	29
CAGE_TSS_15744	3	+	616416	616166	67.90757751	616166	0	-250	-250	-250	-250	250
CAGE_TSS_15746	3	+	631949	631846	125.7801895	631846	0	-103	-103	-103	-103	103
CAGE_TSS_15747	3	+	634615	634654	8.649470329	634654	0	39	39	39	39	39
CAGE_TSS_15748	3	+	640235	640138	6.026639938	640138	0	-97	-97	-97	-97	97
CAGE_TSS_15755	3	+	673442	673242	155.8888855	673242	0	-200	-200	-200	-200	200
CAGE_TSS_15756	3	+	677356	677279	5.242050171	677279	0	-77	-77	-77	-77	77
CAGE_TSS_15757	3	+	680960	680783	13.13729954	680783	0	-177	-177	-177	-177	177
CAGE_TSS_15760	3	+	687010	686764	222.3282471	686764	0	-246	-246	-246	-246	246
CAGE_TSS_15767	3	+	729799	729779	170.1633148	729779	0	-20	-20	-20	-20	20
CAGE_TSS_15769	3	+	731870	731766	63.8753891	731766	0	-104	-104	-104	-104	104
CAGE_TSS_15771	3	+	733377	733226	5.167960167	733226	0	-151	-151	-151	-151	151
CAGE_TSS_15772	3	+	735023	734872	25.42771912	734872	0	-151	-151	-151	-151	151
CAGE_TSS_15773	3	+	740766	740570	134.8899841	740570	0	-196	-196	-196	-196	196
CAGE_TSS_15776	3	+	765481	765500	9.113610268	765500	0	19	19	19	19	19
CAGE_TSS_15783	3	+	815631	815535	35.60438156	815535	0	-96	-96	-96	-96	96
CAGE_TSS_15791	3	+	881005	880965	10.69454002	880965	0	-40	-40	-40	-40	40
CAGE_TSS_15792	3	+	907474	907377	16.85231972	907377	0	-97	-97	-97	-97	97
CAGE_TSS_15795	3	+	951782	951634	9.449350357	951634	0	-148	-148	-148	-148	148
CAGE_TSS_15806	3	+	992191	992052	46.63225174	992052	0	-139	-139	-139	-139	139
CAGE_TSS_15807	3	+	995350	995221	23.06839943	995221	0	-129	-129	-129	-129	129
CAGE_TSS_15819	3	+	1033767	1033492	77.7008667	1033492	0	-275	-275	-275	-275	275
CAGE_TSS_15821	3	+	1035441	1035460	12.82742023	1035460	0	19	19	19	19	19
CAGE_TSS_15822	3	+	1040490	1040338	5.88519001	1040338	0	-152	-152	-152	-152	152
CAGE_TSS_15825	3	+	1077304	1077210	8.537879944	1077210	0	-94	-94	-94	-94	94
CAGE_TSS_15826	3	+	1081001	1080768	49.05155182	1080768	0	-233	-233	-233	-233	233
CAGE_TSS_15840	3	+	1143790	1143709	7.780290127	1143709	0	-81	-81	-81	-81	81
CAGE_TSS_15842	3	+	1156252	1156451	5.436079979	1156451	0	199	199	199	199	199
CAGE_TSS_15843	3	+	1159413	1159268	6.734829903	1159268	0	-145	-145	-145	-145	145
CAGE_TSS_15844	3	+	1161396	1161353	36.0968895	1161353	0	-43	-43	-43	-43	43
CAGE_TSS_15849	3	+	1172745	1172533	9.562600136	1172533	0	-212	-212	-212	-212	212
CAGE_TSS_15860	3	+	1246665	1246575	58.82450104	1246575	0	-90	-90	-90	-90	90
CAGE_TSS_15870	3	+	1317261	1317167	7.419139862	1317167	0	-94	-94	-94	-94	94
CAGE_TSS_15880	3	+	1347657	1347660	25.68556023	1347660	0	3	3	3	3	3
CAGE_TSS_15882	3	+	1354741	1354663	11.21611023	1354663	0	-78	-78	-78	-78	78
CAGE_TSS_15887	3	+	1362943	1362721	14.43577003	1362721	0	-222	-222	-222	-222	222
CAGE_TSS_15889	3	+	1365163	1365073	54.40444946	1365073	0	-90	-90	-90	-90	90
CAGE_TSS_15892	3	+	1389449	1389221	24.66324997	1389221	0	-228	-228	-228	-228	228
CAGE_TSS_15897	3	+	1430448	1430377	52.9218483	1430377	0	-71	-71	-71	-71	71
CAGE_TSS_15899	3	+	1447822	1447640	6.096069813	1447640	0	-182	-182	-182	-182	182
CAGE_TSS_15903	3	+	1477318	1477245	11.98449993	1477245	0	-73	-73	-73	-73	73
CAGE_TSS_15904	3	+	1479545	1479369	63.81964874	1479369	0	-176	-176	-176	-176	176
CAGE_TSS_15905	3	+	1488663	1488537	42.87554169	1488537	0	-126	-126	-126	-126	126
CAGE_TSS_15909	3	+	1490648	1490493	8.576290131	1490493	0	-155	-155	-155	-155	155
CAGE_TSS_15914	3	+	1539576	1539481	39.54436111	1539481	0	-95	-95	-95	-95	95
CAGE_TSS_15918	3	+	1567640	1567447	187.8691559	1567447	0	-193	-193	-193	-193	193
CAGE_TSS_15921	3	+	1593436	1593354	98.16345215	1593354	0	-82	-82	-82	-82	82
CAGE_TSS_15923	3	+	1598589	1598338	20.33587074	1598338	0	-251	-251	-251	-251	251
CAGE_TSS_15939	3	+	1635260	1635097	39.94215012	1635097	0	-163	-163	-163	-163	163
CAGE_TSS_15941	3	+	1649237	1648997	9.537960052	1648997	0	-240	-240	-240	-240	240
CAGE_TSS_15956	3	+	1736689	1736682	35.86590958	1736682	0	-7	-7	-7	-7	7
CAGE_TSS_15965	3	+	1755644	1755376	14.04057026	1755376	0	-268	-268	-268	-268	268
CAGE_TSS_15968	3	+	1795338	1795122	47.93508911	1795122	0	-216	-216	-216	-216	216
CAGE_TSS_15974	3	+	1848882	1848758	255.6319733	1848758	0	-124	-124	-124	-124	124
CAGE_TSS_15982	3	+	1880746	1880671	5.350560188	1880671	0	-75	-75	-75	-75	75
CAGE_TSS_15984	3	+	1896121	1896129	63.2518692	1896129	0	8	8	8	8	8
CAGE_TSS_15986	3	+	1907637	1907555	115.3986511	1907555	0	-82	-82	-82	-82	82
CAGE_TSS_15991	3	+	1936228	1936104	26.7904892	1936104	0	-124	-124	-124	-124	124
CAGE_TSS_16000	3	+	2004143	2004050	53.68624115	2004050	0	-93	-93	-93	-93	93
CAGE_TSS_16001	3	+	2012078	2011856	104.0507507	2011856	0	-222	-222	-222	-222	222
CAGE_TSS_16015	3	+	2102439	2102317	8.708499908	2102317	0	-122	-122	-122	-122	122
CAGE_TSS_16018	3	+	2120498	2120365	8.728320122	2120365	0	-133	-133	-133	-133	133
CAGE_TSS_16024	3	+	2132807	2132683	36.89413071	2132683	0	-124	-124	-124	-124	124
CAGE_TSS_16027	3	+	2143534	2143393	125.3438873	2143393	0	-141	-141	-141	-141	141
CAGE_TSS_16030	3	+	2161881	2161742	6.01804018	2161742	0	-139	-139	-139	-139	139
CAGE_TSS_16033	3	+	2167729	2167663	86.28275299	2167663	0	-66	-66	-66	-66	66
CAGE_TSS_16034	3	+	2176864	2176726	10.40598011	2176726	0	-138	-138	-138	-138	138
CAGE_TSS_16042	3	+	2237958	2237764	5.271450043	2237764	0	-194	-194	-194	-194	194
CAGE_TSS_16044	3	+	2252028	2251867	6.048759937	2251867	0	-161	-161	-161	-161	161
CAGE_TSS_16050	3	+	2288892	2288821	7.820950031	2288821	0	-71	-71	-71	-71	71
CAGE_TSS_16051	3	+	2290819	2290564	5.679950237	2290564	0	-255	-255	-255	-255	255
CAGE_TSS_16054	3	+	2299773	2299630	8.926329613	2299630	0	-143	-143	-143	-143	143
CAGE_TSS_16055	3	+	2315099	2314886	13.7953701	2314886	0	-213	-213	-213	-213	213
CAGE_TSS_16057	3	+	2347613	2347558	96.63977814	2347558	0	-55	-55	-55	-55	55
CAGE_TSS_16060	3	+	2354714	2354587	34.04761887	2354587	0	-127	-127	-127	-127	127
CAGE_TSS_16063	3	+	2365472	2365304	127.5009308	2365304	0	-168	-168	-168	-168	168
CAGE_TSS_16066	3	+	2367236	2367224	25.02610016	2367224	0	-12	-12	-12	-12	12
CAGE_TSS_16071	3	+	2381364	2381178	10.21685982	2381178	0	-186	-186	-186	-186	186
CAGE_TSS_16077	3	+	2409488	2409389	6.444829941	2409389	0	-99	-99	-99	-99	99
CAGE_TSS_16080	3	+	2419582	2419398	78.7907486	2419398	0	-184	-184	-184	-184	184
CAGE_TSS_16082	3	+	2426092	2425864	9.110639572	2425864	0	-228	-228	-228	-228	228
CAGE_TSS_16087	3	+	2441633	2441417	21.07000923	2441417	0	-216	-216	-216	-216	216
CAGE_TSS_16088	3	+	2451636	2451568	8.794360161	2451568	0	-68	-68	-68	-68	68
CAGE_TSS_16111	3	+	2510786	2510658	19.31439972	2510658	0	-128	-128	-128	-128	128
CAGE_TSS_16112	3	+	2514070	2513882	43.38230896	2513882	0	-188	-188	-188	-188	188
CAGE_TSS_16115	3	+	2520751	2520687	16.12560081	2520687	0	-64	-64	-64	-64	64
CAGE_TSS_16129	3	+	2579712	2579530	9.801870346	2579530	0	-182	-182	-182	-182	182
CAGE_TSS_16133	3	+	2612370	2612224	7.488890171	2612224	0	-146	-146	-146	-146	146
CAGE_TSS_16135	3	+	2620810	2620800	15.52359009	2620800	0	-10	-10	-10	-10	10
CAGE_TSS_16136	3	+	2622863	2622802	334.2989197	2622802	0	-61	-61	-61	-61	61
CAGE_TSS_16138	3	+	2633793	2633595	96.79958344	2633595	0	-198	-198	-198	-198	198
CAGE_TSS_16143	3	+	2641149	2640957	5.218420029	2640957	0	-192	-192	-192	-192	192
CAGE_TSS_16146	3	+	2645194	2644915	5.194099903	2644915	0	-279	-279	-279	-279	279
CAGE_TSS_16151	3	+	2712269	2712515	58.38138962	2712515	0	246	246	246	246	246
CAGE_TSS_16152	3	+	2713387	2713298	20.82691002	2713298	0	-89	-89	-89	-89	89
CAGE_TSS_16154	3	+	2717675	2717432	12.96358013	2717432	0	-243	-243	-243	-243	243
CAGE_TSS_16160	3	+	2742975	2742852	137.7906647	2742852	0	-123	-123	-123	-123	123
CAGE_TSS_16162	3	+	2745564	2745536	110.1149826	2745536	0	-28	-28	-28	-28	28
CAGE_TSS_16164	3	+	2753270	2753126	26.81399918	2753126	0	-144	-144	-144	-144	144
CAGE_TSS_16170	3	+	2819204	2818985	9.000670433	2818985	0	-219	-219	-219	-219	219
CAGE_TSS_16172	3	+	2839036	2838890	12.27359962	2838890	0	-146	-146	-146	-146	146
CAGE_TSS_16177	3	+	2857870	2857836	19.28309059	2857836	0	-34	-34	-34	-34	34
CAGE_TSS_16182	3	+	2879344	2879211	15.23962021	2879211	0	-133	-133	-133	-133	133
CAGE_TSS_16186	3	+	2916991	2916789	269.623291	2916789	0	-202	-202	-202	-202	202
CAGE_TSS_16191	3	+	2940454	2940238	328.6630554	2940238	0	-216	-216	-216	-216	216
CAGE_TSS_16193	3	+	2946430	2946278	152.6446075	2946278	0	-152	-152	-152	-152	152
CAGE_TSS_16197	3	+	2966410	2966423	165.2311096	2966423	0	13	13	13	13	13
CAGE_TSS_16198	3	+	2971872	2971673	32.0641098	2971673	0	-199	-199	-199	-199	199
CAGE_TSS_16200	3	+	2983932	2983791	28.61619949	2983791	0	-141	-141	-141	-141	141
CAGE_TSS_16211	3	+	3016526	3016417	187.6670685	3016417	0	-109	-109	-109	-109	109
CAGE_TSS_16222	3	+	3026107	3025969	7.466509819	3025969	0	-138	-138	-138	-138	138
CAGE_TSS_16232	3	+	3063811	3063710	15.70693016	3063710	0	-101	-101	-101	-101	101
CAGE_TSS_16239	3	+	3116106	3115956	21.46026993	3115956	0	-150	-150	-150	-150	150
CAGE_TSS_16245	3	+	3155294	3155382	5.67621994	3155382	0	88	88	88	88	88
CAGE_TSS_16247	3	+	3161791	3161699	183.7112274	3161699	0	-92	-92	-92	-92	92
CAGE_TSS_16252	3	+	3199767	3199594	42.70515823	3199594	0	-173	-173	-173	-173	173
CAGE_TSS_16253	3	+	3204097	3203871	6.94769001	3203871	0	-226	-226	-226	-226	226
CAGE_TSS_16254	3	+	3208238	3208145	11.0336504	3208145	0	-93	-93	-93	-93	93
CAGE_TSS_16260	3	+	3239205	3238909	27.00678062	3238909	0	-296	-296	-296	-296	296
CAGE_TSS_16268	3	+	3271489	3271452	53.51147842	3271452	0	-37	-37	-37	-37	37
CAGE_TSS_16276	3	+	3320255	3320135	6.787320137	3320135	0	-120	-120	-120	-120	120
CAGE_TSS_16283	3	+	3379299	3379177	41.33287811	3379177	0	-122	-122	-122	-122	122
CAGE_TSS_16289	3	+	3417987	3417923	108.8963928	3417923	0	-64	-64	-64	-64	64
CAGE_TSS_16293	3	+	3438361	3438281	9.925959587	3438281	0	-80	-80	-80	-80	80
CAGE_TSS_16294	3	+	3442529	3442328	21.48077965	3442328	0	-201	-201	-201	-201	201
CAGE_TSS_16296	3	+	3455355	3455201	79.31256104	3455201	0	-154	-154	-154	-154	154
CAGE_TSS_16297	3	+	3460020	3459908	119.2629776	3459908	0	-112	-112	-112	-112	112
CAGE_TSS_16304	3	+	3481045	3480892	30.68416023	3480892	0	-153	-153	-153	-153	153
CAGE_TSS_16308	3	+	3516649	3516546	18.18446922	3516546	0	-103	-103	-103	-103	103
CAGE_TSS_16309	3	+	3521405	3521311	5.573740005	3521311	0	-94	-94	-94	-94	94
CAGE_TSS_16318	3	+	3578468	3578237	25.43538094	3578237	0	-231	-231	-231	-231	231
CAGE_TSS_16323	3	+	3591626	3591516	75.04371643	3591516	0	-110	-110	-110	-110	110
CAGE_TSS_16347	3	+	3698838	3698722	23.06557083	3698722	0	-116	-116	-116	-116	116
CAGE_TSS_16351	3	+	3718090	3717810	115.4189301	3717810	0	-280	-280	-280	-280	280
CAGE_TSS_16353	3	+	3726125	3725899	16.12731934	3725899	0	-226	-226	-226	-226	226
CAGE_TSS_16356	3	+	3732659	3732471	17.02370071	3732471	0	-188	-188	-188	-188	188
CAGE_TSS_16358	3	+	3751665	3751522	63.40797043	3751522	0	-143	-143	-143	-143	143
CAGE_TSS_16362	3	+	3776327	3776198	73.80935669	3776198	0	-129	-129	-129	-129	129
CAGE_TSS_16367	3	+	3786424	3786235	5.810800076	3786235	0	-189	-189	-189	-189	189
CAGE_TSS_16368	3	+	3820370	3820305	41.7066803	3820305	0	-65	-65	-65	-65	65
CAGE_TSS_16369	3	+	3826218	3826017	22.51861954	3826017	0	-201	-201	-201	-201	201
CAGE_TSS_16376	3	+	3857853	3857730	14.97278976	3857730	0	-123	-123	-123	-123	123
CAGE_TSS_16383	3	+	3894810	3894632	6.918940067	3894632	0	-178	-178	-178	-178	178
CAGE_TSS_16385	3	+	3905514	3905283	50.65378189	3905283	0	-231	-231	-231	-231	231
CAGE_TSS_16387	3	+	3919554	3919366	86.2183075	3919366	0	-188	-188	-188	-188	188
CAGE_TSS_16395	3	+	3934483	3934416	90.08293915	3934416	0	-67	-67	-67	-67	67
CAGE_TSS_16400	3	+	3957836	3957646	17.16750908	3957646	0	-190	-190	-190	-190	190
CAGE_TSS_16405	3	+	3988749	3988691	5.384749889	3988691	0	-58	-58	-58	-58	58
CAGE_TSS_16406	3	+	4004503	4004421	112.1484528	4004421	0	-82	-82	-82	-82	82
CAGE_TSS_16410	3	+	4012606	4012441	57.1986084	4012441	0	-165	-165	-165	-165	165
CAGE_TSS_16412	3	+	4037173	4037087	6.557640076	4037087	0	-86	-86	-86	-86	86
CAGE_TSS_16418	3	+	4091645	4091461	5.161049843	4091461	0	-184	-184	-184	-184	184
CAGE_TSS_16426	3	+	4176511	4176463	190.2337189	4176463	0	-48	-48	-48	-48	48
CAGE_TSS_16433	3	+	4222901	4222785	5.48788023	4222785	0	-116	-116	-116	-116	116
CAGE_TSS_16435	3	+	4240616	4240431	17.74179077	4240431	0	-185	-185	-185	-185	185
CAGE_TSS_16449	3	+	4303894	4303766	18.81324959	4303766	0	-128	-128	-128	-128	128
CAGE_TSS_16450	3	+	4314626	4314543	8.07005024	4314543	0	-83	-83	-83	-83	83
CAGE_TSS_16451	3	+	4331756	4331469	5.711629868	4331469	0	-287	-287	-287	-287	287
CAGE_TSS_16452	3	+	4346556	4346617	8.737299919	4346617	0	61	61	61	61	61
CAGE_TSS_16455	3	+	4367271	4367072	51.87506104	4367072	0	-199	-199	-199	-199	199
CAGE_TSS_16457	3	+	4371469	4371238	16.76269913	4371238	0	-231	-231	-231	-231	231
CAGE_TSS_16459	3	+	4374225	4374461	8.649470329	4374461	0	236	236	236	236	236
CAGE_TSS_16460	3	+	4375427	4375236	10.47679996	4375236	0	-191	-191	-191	-191	191
CAGE_TSS_16461	3	+	4376395	4376215	6.300089836	4376215	0	-180	-180	-180	-180	180
CAGE_TSS_16481	3	+	4444553	4444435	97.88497925	4444435	0	-118	-118	-118	-118	118
CAGE_TSS_16482	3	+	4449313	4449122	10.68159962	4449122	0	-191	-191	-191	-191	191
CAGE_TSS_16486	3	+	4469222	4469027	80.20297241	4469027	0	-195	-195	-195	-195	195
CAGE_TSS_16491	3	+	4485791	4485548	6.705659866	4485548	0	-243	-243	-243	-243	243
CAGE_TSS_16495	3	+	4495150	4495045	7.219009876	4495045	0	-105	-105	-105	-105	105
CAGE_TSS_16496	3	+	4504291	4504250	15.43338966	4504250	0	-41	-41	-41	-41	41
CAGE_TSS_16501	3	+	4512409	4512595	14.31904984	4512595	0	186	186	186	186	186
CAGE_TSS_16503	3	+	4517539	4517317	14.36999035	4517317	0	-222	-222	-222	-222	222
CAGE_TSS_16505	3	+	4526569	4526509	61.81504822	4526509	0	-60	-60	-60	-60	60
CAGE_TSS_16507	3	+	4544449	4544239	5.48086977	4544239	0	-210	-210	-210	-210	210
CAGE_TSS_16509	3	+	4546401	4546272	43.22877121	4546272	0	-129	-129	-129	-129	129
CAGE_TSS_16513	3	+	4595936	4595748	9.16147995	4595748	0	-188	-188	-188	-188	188
CAGE_TSS_16514	3	+	4603982	4603701	11.25734043	4603701	0	-281	-281	-281	-281	281
CAGE_TSS_16519	3	+	4667389	4667350	22.19647026	4667350	0	-39	-39	-39	-39	39
CAGE_TSS_16521	3	+	4672802	4672765	76.70039368	4672765	0	-37	-37	-37	-37	37
CAGE_TSS_16526	3	+	4693370	4693251	39.52479935	4693251	0	-119	-119	-119	-119	119
CAGE_TSS_16535	3	+	4753903	4753760	75.72181702	4753760	0	-143	-143	-143	-143	143
CAGE_TSS_16536	3	+	4764157	4763892	5.994999886	4763892	0	-265	-265	-265	-265	265
CAGE_TSS_16569	3	+	4889071	4889092	21.69569969	4889092	0	21	21	21	21	21
CAGE_TSS_16573	3	+	4908745	4908817	13.40629005	4908817	0	72	72	72	72	72
CAGE_TSS_16581	3	+	4914924	4914712	89.0773468	4914712	0	-212	-212	-212	-212	212
CAGE_TSS_16584	3	+	4922161	4921968	50.29470825	4921968	0	-193	-193	-193	-193	193
CAGE_TSS_16585	3	+	4924901	4924663	13.87749004	4924663	0	-238	-238	-238	-238	238
CAGE_TSS_16588	3	+	4934418	4934161	17.61099052	4934161	0	-257	-257	-257	-257	257
CAGE_TSS_16601	3	+	4988139	4988013	13.97323036	4988013	0	-126	-126	-126	-126	126
CAGE_TSS_16605	3	+	4995603	4995530	9.667059898	4995530	0	-73	-73	-73	-73	73
CAGE_TSS_16608	3	+	5008782	5008519	37.67240906	5008519	0	-263	-263	-263	-263	263
CAGE_TSS_16610	3	+	5018352	5018163	11.0503397	5018163	0	-189	-189	-189	-189	189
CAGE_TSS_16616	3	+	5025268	5025222	7.931570053	5025222	0	-46	-46	-46	-46	46
CAGE_TSS_16626	3	+	5050263	5050043	6.305749893	5050043	0	-220	-220	-220	-220	220
CAGE_TSS_16629	3	+	5052731	5052777	23.60500908	5052777	0	46	46	46	46	46
CAGE_TSS_16631	3	+	5056075	5055927	9.087240219	5055927	0	-148	-148	-148	-148	148
CAGE_TSS_16634	3	+	5069196	5069152	29.83091927	5069152	0	-44	-44	-44	-44	44
CAGE_TSS_16641	3	+	5111902	5111884	9.163749695	5111884	0	-18	-18	-18	-18	18
CAGE_TSS_16645	3	+	5121424	5121235	25.32180023	5121235	0	-189	-189	-189	-189	189
CAGE_TSS_16649	3	+	5145010	5144830	152.8770142	5144830	0	-180	-180	-180	-180	180
CAGE_TSS_16662	3	+	5200710	5200562	35.14984131	5200562	0	-148	-148	-148	-148	148
CAGE_TSS_16666	3	+	5208736	5208605	9.172789574	5208605	0	-131	-131	-131	-131	131
CAGE_TSS_16668	3	+	5213004	5212928	17.59052086	5212928	0	-76	-76	-76	-76	76
CAGE_TSS_16671	3	+	5234617	5234535	140.6333771	5234535	0	-82	-82	-82	-82	82
CAGE_TSS_16672	3	+	5243513	5243247	27.69556999	5243247	0	-266	-266	-266	-266	266
CAGE_TSS_16673	3	+	5249198	5249029	75.59494781	5249029	0	-169	-169	-169	-169	169
CAGE_TSS_16676	3	+	5264023	5263727	36.28293991	5263727	0	-296	-296	-296	-296	296
CAGE_TSS_16686	3	+	5330321	5330212	24.26502037	5330212	0	-109	-109	-109	-109	109
CAGE_TSS_16694	3	+	5337547	5337443	40.04251862	5337443	0	-104	-104	-104	-104	104
CAGE_TSS_16695	3	+	5340079	5339946	11.82752037	5339946	0	-133	-133	-133	-133	133
CAGE_TSS_16697	3	+	5343017	5342783	282.9109192	5342783	0	-234	-234	-234	-234	234
CAGE_TSS_16699	3	+	5359058	5358808	21.75074959	5358808	0	-250	-250	-250	-250	250
CAGE_TSS_16720	3	+	5476125	5475887	30.39686012	5475887	0	-238	-238	-238	-238	238
CAGE_TSS_16725	3	+	5505462	5505344	6.035150051	5505344	0	-118	-118	-118	-118	118
CAGE_TSS_16727	3	+	5506416	5506215	111.6649323	5506215	0	-201	-201	-201	-201	201
CAGE_TSS_16730	3	+	5513323	5513242	82.08638	5513242	0	-81	-81	-81	-81	81
CAGE_TSS_16731	3	+	5518330	5518175	60.07518005	5518175	0	-155	-155	-155	-155	155
CAGE_TSS_16733	3	+	5539868	5539764	15.79870987	5539764	0	-104	-104	-104	-104	104
CAGE_TSS_16734	3	+	5547551	5547290	281.7619324	5547290	0	-261	-261	-261	-261	261
CAGE_TSS_16738	3	+	5556892	5556656	37.18367004	5556656	0	-236	-236	-236	-236	236
CAGE_TSS_16743	3	+	5566346	5566288	67.36216736	5566288	0	-58	-58	-58	-58	58
CAGE_TSS_16750	3	+	5571993	5571909	14.22159958	5571909	0	-84	-84	-84	-84	84
CAGE_TSS_16751	3	+	5579420	5579281	150.5490417	5579281	0	-139	-139	-139	-139	139
CAGE_TSS_16753	3	+	5581695	5581573	26.15467072	5581573	0	-122	-122	-122	-122	122
CAGE_TSS_16758	3	+	5588458	5588316	33.99332809	5588316	0	-142	-142	-142	-142	142
CAGE_TSS_16760	3	+	5592619	5592562	7.671370029	5592562	0	-57	-57	-57	-57	57
CAGE_TSS_16769	3	+	5644701	5644592	12.02737045	5644592	0	-109	-109	-109	-109	109
CAGE_TSS_16776	3	+	5685921	5685725	5.381100178	5685725	0	-196	-196	-196	-196	196
CAGE_TSS_16782	3	+	5705754	5705521	9.746450424	5705521	0	-233	-233	-233	-233	233
CAGE_TSS_16785	3	+	5708938	5708670	7.872360229	5708670	0	-268	-268	-268	-268	268
CAGE_TSS_16789	3	+	5721105	5720964	17.58353996	5720964	0	-141	-141	-141	-141	141
CAGE_TSS_16795	3	+	5755831	5755752	8.154829979	5755752	0	-79	-79	-79	-79	79
CAGE_TSS_16803	3	+	5814697	5814459	10.65639973	5814459	0	-238	-238	-238	-238	238
CAGE_TSS_16807	3	+	5831253	5831206	108.2146301	5831206	0	-47	-47	-47	-47	47
CAGE_TSS_16809	3	+	5837838	5837544	7.630040169	5837544	0	-294	-294	-294	-294	294
CAGE_TSS_16817	3	+	5852174	5852011	8.385840416	5852011	0	-163	-163	-163	-163	163
CAGE_TSS_16819	3	+	5861505	5861266	28.87561989	5861266	0	-239	-239	-239	-239	239
CAGE_TSS_16822	3	+	5873257	5873117	90.61602783	5873117	0	-140	-140	-140	-140	140
CAGE_TSS_16831	3	+	5955917	5955726	11.63033962	5955726	0	-191	-191	-191	-191	191
CAGE_TSS_16840	3	+	6032365	6032098	5.416810036	6032098	0	-267	-267	-267	-267	267
CAGE_TSS_16857	3	+	6094135	6094085	49.73939133	6094085	0	-50	-50	-50	-50	50
CAGE_TSS_16866	3	+	6119808	6119581	230.5219879	6119581	0	-227	-227	-227	-227	227
CAGE_TSS_16867	3	+	6120984	6120776	194.7938232	6120776	0	-208	-208	-208	-208	208
CAGE_TSS_16872	3	+	6137139	6136954	21.88147926	6136954	0	-185	-185	-185	-185	185
CAGE_TSS_16877	3	+	6174278	6174118	82.38208771	6174118	0	-160	-160	-160	-160	160
CAGE_TSS_16902	3	+	6228632	6228543	105.2715683	6228543	0	-89	-89	-89	-89	89
CAGE_TSS_16904	3	+	6240886	6240772	41.87451172	6240772	0	-114	-114	-114	-114	114
CAGE_TSS_16909	3	+	6274135	6273858	217.5855408	6273858	0	-277	-277	-277	-277	277
CAGE_TSS_16910	3	+	6281129	6281029	50.6432991	6281029	0	-100	-100	-100	-100	100
CAGE_TSS_16911	3	+	6296851	6296812	107.5419922	6296812	0	-39	-39	-39	-39	39
CAGE_TSS_16932	3	+	6393909	6393862	16.76156044	6393862	0	-47	-47	-47	-47	47
CAGE_TSS_16934	3	+	6408318	6408114	49.4173584	6408114	0	-204	-204	-204	-204	204
CAGE_TSS_16941	3	+	6474917	6474746	85.60308838	6474746	0	-171	-171	-171	-171	171
CAGE_TSS_16944	3	+	6477730	6477446	9.399539948	6477446	0	-284	-284	-284	-284	284
CAGE_TSS_16969	3	+	6605471	6605235	22.26774979	6605235	0	-236	-236	-236	-236	236
CAGE_TSS_16975	3	+	6664210	6664119	5.304609776	6664119	0	-91	-91	-91	-91	91
CAGE_TSS_16976	3	+	6687159	6687029	52.39287186	6687029	0	-130	-130	-130	-130	130
CAGE_TSS_16979	3	+	6710722	6710534	5.19175005	6710534	0	-188	-188	-188	-188	188
CAGE_TSS_16980	3	+	6714664	6714563	7.006390095	6714563	0	-101	-101	-101	-101	101
CAGE_TSS_16982	3	+	6725467	6725339	22.28125	6725339	0	-128	-128	-128	-128	128
CAGE_TSS_16983	3	+	6731492	6731338	27.51338005	6731338	0	-154	-154	-154	-154	154
CAGE_TSS_16987	3	+	6744762	6744774	29.14528084	6744774	0	12	12	12	12	12
CAGE_TSS_16998	3	+	6780643	6780416	26.74864006	6780416	0	-227	-227	-227	-227	227
CAGE_TSS_17011	3	+	6870174	6870073	36.12789154	6870073	0	-101	-101	-101	-101	101
CAGE_TSS_17012	3	+	6876137	6876049	89.9462738	6876049	0	-88	-88	-88	-88	88
CAGE_TSS_17014	3	+	6891082	6890789	328.1732483	6890789	0	-293	-293	-293	-293	293
CAGE_TSS_17023	3	+	6934865	6934710	17.98213005	6934710	0	-155	-155	-155	-155	155
CAGE_TSS_17029	3	+	6958602	6958321	49.90639114	6958321	0	-281	-281	-281	-281	281
CAGE_TSS_17034	3	+	6961825	6961727	5.191969872	6961727	0	-98	-98	-98	-98	98
CAGE_TSS_17050	3	+	7018997	7018762	5.167870045	7018762	0	-235	-235	-235	-235	235
CAGE_TSS_17054	3	+	7026893	7026802	35.29922104	7026802	0	-91	-91	-91	-91	91
CAGE_TSS_17061	3	+	7071240	7071093	5.3615098	7071093	0	-147	-147	-147	-147	147
CAGE_TSS_17064	3	+	7096404	7096136	24.33267021	7096136	0	-268	-268	-268	-268	268
CAGE_TSS_17065	3	+	7105370	7105324	11.98085022	7105324	0	-46	-46	-46	-46	46
CAGE_TSS_17071	3	+	7116256	7116034	61.0707016	7116034	0	-222	-222	-222	-222	222
CAGE_TSS_17075	3	+	7134985	7134799	12.96630955	7134799	0	-186	-186	-186	-186	186
CAGE_TSS_17078	3	+	7157906	7157809	72.29985046	7157809	0	-97	-97	-97	-97	97
CAGE_TSS_17079	3	+	7160804	7160617	17.74806023	7160617	0	-187	-187	-187	-187	187
CAGE_TSS_17085	3	+	7194850	7194712	11.37228966	7194712	0	-138	-138	-138	-138	138
CAGE_TSS_17088	3	+	7229410	7229261	19.99181938	7229261	0	-149	-149	-149	-149	149
CAGE_TSS_17089	3	+	7239962	7239819	22.97414017	7239819	0	-143	-143	-143	-143	143
CAGE_TSS_17104	3	+	7326388	7326245	16.51214981	7326245	0	-143	-143	-143	-143	143
CAGE_TSS_17107	3	+	7339717	7339512	15.00537968	7339512	0	-205	-205	-205	-205	205
CAGE_TSS_17108	3	+	7345338	7345151	24.14273071	7345151	0	-187	-187	-187	-187	187
CAGE_TSS_17112	3	+	7368221	7367939	5.60488987	7367939	0	-282	-282	-282	-282	282
CAGE_TSS_17122	3	+	7441177	7441079	10.64278984	7441079	0	-98	-98	-98	-98	98
CAGE_TSS_17123	3	+	7445872	7445619	255.6963654	7445619	0	-253	-253	-253	-253	253
CAGE_TSS_17130	3	+	7493010	7492844	40.77951813	7492844	0	-166	-166	-166	-166	166
CAGE_TSS_17152	3	+	7648341	7648295	14.76844025	7648295	0	-46	-46	-46	-46	46
CAGE_TSS_17156	3	+	7664470	7664447	9.511090279	7664447	0	-23	-23	-23	-23	23
CAGE_TSS_17158	3	+	7667072	7666774	12.63078976	7666774	0	-298	-298	-298	-298	298
CAGE_TSS_17178	3	+	7835157	7834916	13.11466026	7834916	0	-241	-241	-241	-241	241
CAGE_TSS_17195	3	+	7906793	7906627	23.79093933	7906627	0	-166	-166	-166	-166	166
CAGE_TSS_17197	3	+	7913084	7912979	21.10836983	7912979	0	-105	-105	-105	-105	105
CAGE_TSS_17207	3	+	7941011	7940872	112.1151505	7940872	0	-139	-139	-139	-139	139
CAGE_TSS_17234	3	+	8089003	8088899	55.16912842	8088899	0	-104	-104	-104	-104	104
CAGE_TSS_17238	3	+	8108022	8107904	5.996250153	8107904	0	-118	-118	-118	-118	118
CAGE_TSS_17245	3	+	8139260	8139064	8.618709564	8139064	0	-196	-196	-196	-196	196
CAGE_TSS_17250	3	+	8152037	8151749	9.404919624	8151749	0	-288	-288	-288	-288	288
CAGE_TSS_17255	3	+	8163989	8163864	8.737239838	8163864	0	-125	-125	-125	-125	125
CAGE_TSS_17261	3	+	8194721	8194594	82.63044739	8194594	0	-127	-127	-127	-127	127
CAGE_TSS_17272	3	+	8254635	8254670	9.721540451	8254670	0	35	35	35	35	35
CAGE_TSS_17273	3	+	8277041	8276987	75.14156342	8276987	0	-54	-54	-54	-54	54
CAGE_TSS_17293	3	+	8410436	8410290	6.488239765	8410290	0	-146	-146	-146	-146	146
CAGE_TSS_17297	3	+	8414677	8414514	12.91882992	8414514	0	-163	-163	-163	-163	163
CAGE_TSS_17298	3	+	8418801	8418759	24.45208931	8418759	0	-42	-42	-42	-42	42
CAGE_TSS_17305	3	+	8467620	8467500	22.58559036	8467500	0	-120	-120	-120	-120	120
CAGE_TSS_17306	3	+	8473799	8473791	18.00606918	8473791	0	-8	-8	-8	-8	8
CAGE_TSS_17319	3	+	8519139	8518995	137.918396	8518995	0	-144	-144	-144	-144	144
CAGE_TSS_17322	3	+	8558160	8558019	12.1896801	8558019	0	-141	-141	-141	-141	141
CAGE_TSS_17324	3	+	8581653	8581471	47.64850998	8581471	0	-182	-182	-182	-182	182
CAGE_TSS_17326	3	+	8603429	8603234	9.834569931	8603234	0	-195	-195	-195	-195	195
CAGE_TSS_17332	3	+	8611944	8611652	8.068200111	8611652	0	-292	-292	-292	-292	292
CAGE_TSS_17337	3	+	8641622	8641495	28.44659996	8641495	0	-127	-127	-127	-127	127
CAGE_TSS_17351	3	+	8686752	8686476	108.6781006	8686476	0	-276	-276	-276	-276	276
CAGE_TSS_17362	3	+	8743255	8743070	24.05887032	8743070	0	-185	-185	-185	-185	185
CAGE_TSS_17371	3	+	8941401	8941241	18.89805031	8941241	0	-160	-160	-160	-160	160
CAGE_TSS_17375	3	+	8960389	8960257	17.21409988	8960257	0	-132	-132	-132	-132	132
CAGE_TSS_17378	3	+	8970693	8970502	5.224219799	8970502	0	-191	-191	-191	-191	191
CAGE_TSS_17381	3	+	9025610	9025501	22.7723999	9025501	0	-109	-109	-109	-109	109
CAGE_TSS_17384	3	+	9036268	9036188	5.827410221	9036188	0	-80	-80	-80	-80	80
CAGE_TSS_17393	3	+	9066774	9066872	5.405610085	9066872	0	98	98	98	98	98
CAGE_TSS_17399	3	+	9103829	9103661	165.2226257	9103661	0	-168	-168	-168	-168	168
CAGE_TSS_17408	3	+	9132267	9132204	11.87755013	9132204	0	-63	-63	-63	-63	63
CAGE_TSS_17416	3	+	9182617	9182493	17.57069969	9182493	0	-124	-124	-124	-124	124
CAGE_TSS_17426	3	+	9195498	9195230	203.6575928	9195230	0	-268	-268	-268	-268	268
CAGE_TSS_17427	3	+	9208939	9208852	36.6789093	9208852	0	-87	-87	-87	-87	87
CAGE_TSS_17428	3	+	9213165	9213061	15.20090008	9213061	0	-104	-104	-104	-104	104
CAGE_TSS_17445	3	+	9305943	9305700	88.95398712	9305700	0	-243	-243	-243	-243	243
CAGE_TSS_17447	3	+	9307225	9307101	9.119720459	9307101	0	-124	-124	-124	-124	124
CAGE_TSS_17455	3	+	9358883	9358781	17.70661926	9358781	0	-102	-102	-102	-102	102
CAGE_TSS_17456	3	+	9359716	9359443	13.3050499	9359443	0	-273	-273	-273	-273	273
CAGE_TSS_17457	3	+	9369519	9369474	8.939940453	9369474	0	-45	-45	-45	-45	45
CAGE_TSS_17459	3	+	9396419	9396366	32.21162033	9396366	0	-53	-53	-53	-53	53
CAGE_TSS_17462	3	+	9406872	9406789	128.1494293	9406789	0	-83	-83	-83	-83	83
CAGE_TSS_17464	3	+	9409291	9409242	163.1958618	9409242	0	-49	-49	-49	-49	49
CAGE_TSS_17481	3	+	9517312	9517181	6.716700077	9517181	0	-131	-131	-131	-131	131
CAGE_TSS_17496	3	+	9532596	9532665	53.76932144	9532665	0	69	69	69	69	69
CAGE_TSS_17498	3	+	9537077	9536901	92.43977356	9536901	0	-176	-176	-176	-176	176
CAGE_TSS_17499	3	+	9542277	9542233	7.475719929	9542233	0	-44	-44	-44	-44	44
CAGE_TSS_17501	3	+	9589281	9589140	9.084480286	9589140	0	-141	-141	-141	-141	141
CAGE_TSS_17515	3	+	9676647	9676465	97.41805267	9676465	0	-182	-182	-182	-182	182
CAGE_TSS_17520	3	+	9681629	9681495	12.20368958	9681495	0	-134	-134	-134	-134	134
CAGE_TSS_17523	3	+	9686111	9685932	5.596310139	9685932	0	-179	-179	-179	-179	179
CAGE_TSS_17535	3	+	9758891	9758794	34.42921066	9758794	0	-97	-97	-97	-97	97
CAGE_TSS_17539	3	+	9769730	9769700	21.25221062	9769700	0	-30	-30	-30	-30	30
CAGE_TSS_17548	3	+	9801161	9801139	110.1362228	9801139	0	-22	-22	-22	-22	22
CAGE_TSS_17558	3	+	9816653	9816386	6.746119976	9816386	0	-267	-267	-267	-267	267
CAGE_TSS_17559	3	+	9823687	9823527	11.10783005	9823527	0	-160	-160	-160	-160	160
CAGE_TSS_17569	3	+	9867844	9867659	79.24630737	9867659	0	-185	-185	-185	-185	185
CAGE_TSS_17575	3	+	9930280	9930226	17.18442917	9930226	0	-54	-54	-54	-54	54
CAGE_TSS_17578	3	+	9989540	9989474	7.532820225	9989474	0	-66	-66	-66	-66	66
CAGE_TSS_17583	3	+	9997959	9997810	11.67891979	9997810	0	-149	-149	-149	-149	149
CAGE_TSS_17586	3	+	10024048	10023890	27.72266006	10023890	0	-158	-158	-158	-158	158
CAGE_TSS_17588	3	+	10053931	10053917	29.69175911	10053917	0	-14	-14	-14	-14	14
CAGE_TSS_17589	3	+	10061552	10061479	19.08486938	10061479	0	-73	-73	-73	-73	73
CAGE_TSS_17590	3	+	10067600	10067382	46.13331985	10067382	0	-218	-218	-218	-218	218
CAGE_TSS_17599	3	+	10125998	10125999	124.4829102	10125999	0	1	1	1	1	1
CAGE_TSS_17605	3	+	10148584	10148524	340.7280579	10148524	0	-60	-60	-60	-60	60
CAGE_TSS_17610	3	+	10163080	10162837	6.750559807	10162837	0	-243	-243	-243	-243	243
CAGE_TSS_17612	3	+	10192421	10192135	37.22898102	10192135	0	-286	-286	-286	-286	286
CAGE_TSS_17613	3	+	10205242	10205078	35.85160065	10205078	0	-164	-164	-164	-164	164
CAGE_TSS_17620	3	+	10284810	10284635	7.149909973	10284635	0	-175	-175	-175	-175	175
CAGE_TSS_17622	3	+	10315123	10314936	15.2684803	10314936	0	-187	-187	-187	-187	187
CAGE_TSS_17627	3	+	10318506	10318343	9.790040016	10318343	0	-163	-163	-163	-163	163
CAGE_TSS_17629	3	+	10324842	10324677	9.904170036	10324677	0	-165	-165	-165	-165	165
CAGE_TSS_17630	3	+	10328410	10328236	7.359000206	10328236	0	-174	-174	-174	-174	174
CAGE_TSS_17632	3	+	10330601	10330310	6.508140087	10330310	0	-291	-291	-291	-291	291
CAGE_TSS_17633	3	+	10338348	10338272	96.71269989	10338272	0	-76	-76	-76	-76	76
CAGE_TSS_17636	3	+	10373241	10373095	12.63078976	10373095	0	-146	-146	-146	-146	146
CAGE_TSS_17638	3	+	10424287	10424113	8.07281971	10424113	0	-174	-174	-174	-174	174
CAGE_TSS_17639	3	+	10435115	10434896	7.438839912	10434896	0	-219	-219	-219	-219	219
CAGE_TSS_17654	3	+	10505857	10505826	9.822299957	10505826	0	-31	-31	-31	-31	31
CAGE_TSS_17657	3	+	10518077	10517982	16.0469799	10517982	0	-95	-95	-95	-95	95
CAGE_TSS_17658	3	+	10520509	10520263	18.79984093	10520263	0	-246	-246	-246	-246	246
CAGE_TSS_17675	3	+	10737908	10737700	8.269809723	10737700	0	-208	-208	-208	-208	208
CAGE_TSS_17677	3	+	10755003	10755012	28.2815094	10755012	0	9	9	9	9	9
CAGE_TSS_17679	3	+	10758819	10758782	47.36801147	10758782	0	-37	-37	-37	-37	37
CAGE_TSS_17688	3	+	10848317	10848183	26.22038078	10848183	0	-134	-134	-134	-134	134
CAGE_TSS_17690	3	+	10911251	10911047	90.82994843	10911047	0	-204	-204	-204	-204	204
CAGE_TSS_17700	3	+	11012093	11011997	21.08987999	11011997	0	-96	-96	-96	-96	96
CAGE_TSS_17713	3	+	11191727	11191579	8.416449547	11191579	0	-148	-148	-148	-148	148
CAGE_TSS_17718	3	+	11249655	11249494	19.83785057	11249494	0	-161	-161	-161	-161	161
CAGE_TSS_17720	3	+	11252806	11252720	11.47609997	11252720	0	-86	-86	-86	-86	86
CAGE_TSS_17727	3	+	11278589	11278777	10.4221096	11278777	0	188	188	188	188	188
CAGE_TSS_17778	3	+	11974080	11973992	138.285553	11973992	0	-88	-88	-88	-88	88
CAGE_TSS_17782	3	+	12104387	12104324	12.75115967	12104324	0	-63	-63	-63	-63	63
CAGE_TSS_17788	3	+	12360754	12360645	6.021900177	12360645	0	-109	-109	-109	-109	109
CAGE_TSS_17869	3	+	14239013	14238932	8.628520012	14238932	0	-81	-81	-81	-81	81
CAGE_TSS_17875	3	+	14309355	14309167	53.76932144	14309167	0	-188	-188	-188	-188	188
CAGE_TSS_17877	3	+	14320954	14320790	85.34365845	14320790	0	-164	-164	-164	-164	164
CAGE_TSS_17901	3	+	14924736	14924961	8.079099655	14924961	0	225	225	225	225	225
CAGE_TSS_17913	3	+	15190921	15190822	11.32400036	15190822	0	-99	-99	-99	-99	99
CAGE_TSS_17946	3	+	15660872	15660754	27.57196999	15660754	0	-118	-118	-118	-118	118
CAGE_TSS_17956	3	+	15801372	15801314	44.87628174	15801314	0	-58	-58	-58	-58	58
CAGE_TSS_17959	3	+	15818653	15818588	10.55574989	15818588	0	-65	-65	-65	-65	65
CAGE_TSS_17963	3	+	15906413	15906178	8.603560448	15906178	0	-235	-235	-235	-235	235
CAGE_TSS_17972	3	+	15986865	15986754	112.2251129	15986754	0	-111	-111	-111	-111	111
CAGE_TSS_17977	3	+	15993381	15993273	80.86210632	15993273	0	-108	-108	-108	-108	108
CAGE_TSS_17980	3	+	16006709	16006541	6.486040115	16006541	0	-168	-168	-168	-168	168
CAGE_TSS_17981	3	+	16036400	16036144	9.668669701	16036144	0	-256	-256	-256	-256	256
CAGE_TSS_17991	3	+	16158391	16158231	19.97396088	16158231	0	-160	-160	-160	-160	160
CAGE_TSS_17998	3	+	16195957	16195885	12.56723976	16195885	0	-72	-72	-72	-72	72
CAGE_TSS_18001	3	+	16259960	16259858	9.375149727	16259858	0	-102	-102	-102	-102	102
CAGE_TSS_18015	3	+	16379632	16379408	243.825592	16379408	0	-224	-224	-224	-224	224
CAGE_TSS_18016	3	+	16383747	16383690	150.3230286	16383690	0	-57	-57	-57	-57	57
CAGE_TSS_18029	3	+	16504452	16504374	31.00900078	16504374	0	-78	-78	-78	-78	78
CAGE_TSS_18040	3	+	16569032	16568856	21.04083061	16568856	0	-176	-176	-176	-176	176
CAGE_TSS_18048	3	+	16704493	16704468	8.853360176	16704468	0	-25	-25	-25	-25	25
CAGE_TSS_18051	3	+	16756621	16756434	75.38011169	16756434	0	-187	-187	-187	-187	187
CAGE_TSS_18053	3	+	16759215	16759018	53.54138947	16759018	0	-197	-197	-197	-197	197
CAGE_TSS_18055	3	+	16770937	16770750	44.05559921	16770750	0	-187	-187	-187	-187	187
CAGE_TSS_18058	3	+	16788874	16788779	12.71909046	16788779	0	-95	-95	-95	-95	95
CAGE_TSS_18059	3	+	16789984	16789784	73.4439621	16789784	0	-200	-200	-200	-200	200
CAGE_TSS_18061	3	+	16818538	16818493	28.45099068	16818493	0	-45	-45	-45	-45	45
CAGE_TSS_18068	3	+	16896165	16896002	8.20265007	16896002	0	-163	-163	-163	-163	163
CAGE_TSS_18072	3	+	16917707	16917676	8.240130424	16917676	0	-31	-31	-31	-31	31
CAGE_TSS_18080	3	+	16954002	16953926	107.9590912	16953926	0	-76	-76	-76	-76	76
CAGE_TSS_18087	3	+	17012654	17012490	7.542339802	17012490	0	-164	-164	-164	-164	164
CAGE_TSS_18091	3	+	17115588	17115458	33.41426849	17115458	0	-130	-130	-130	-130	130
CAGE_TSS_18098	3	+	17152791	17152645	12.05918026	17152645	0	-146	-146	-146	-146	146
CAGE_TSS_18101	3	+	17157957	17157789	14.8297596	17157789	0	-168	-168	-168	-168	168
CAGE_TSS_18104	3	+	17183090	17182852	11.86744022	17182852	0	-238	-238	-238	-238	238
CAGE_TSS_18106	3	+	17185594	17185297	15.11303043	17185297	0	-297	-297	-297	-297	297
CAGE_TSS_18126	3	+	17332984	17332780	8.343680382	17332780	0	-204	-204	-204	-204	204
CAGE_TSS_18129	3	+	17385312	17385296	17.54538918	17385296	0	-16	-16	-16	-16	16
CAGE_TSS_18130	3	+	17388008	17387800	19.44595909	17387800	0	-208	-208	-208	-208	208
CAGE_TSS_18134	3	+	17420529	17420307	14.98886967	17420307	0	-222	-222	-222	-222	222
CAGE_TSS_18135	3	+	17428031	17427916	13.33296013	17427916	0	-115	-115	-115	-115	115
CAGE_TSS_18150	3	+	17462074	17461948	6.259339809	17461948	0	-126	-126	-126	-126	126
CAGE_TSS_18162	3	+	17511078	17510876	66.17942047	17510876	0	-202	-202	-202	-202	202
CAGE_TSS_18164	3	+	17521029	17520857	85.67540741	17520857	0	-172	-172	-172	-172	172
CAGE_TSS_18165	3	+	17523490	17523369	20.57114029	17523369	0	-121	-121	-121	-121	121
CAGE_TSS_18166	3	+	17527570	17527415	76.21054077	17527415	0	-155	-155	-155	-155	155
CAGE_TSS_18171	3	+	17559029	17558835	12.28938961	17558835	0	-194	-194	-194	-194	194
CAGE_TSS_18174	3	+	17560501	17560669	81.0534668	17560669	0	168	168	168	168	168
CAGE_TSS_18175	3	+	17567590	17567465	52.74782181	17567465	0	-125	-125	-125	-125	125
CAGE_TSS_18182	3	+	17592609	17592372	22.05792046	17592372	0	-237	-237	-237	-237	237
CAGE_TSS_18184	3	+	17624401	17624259	5.42772007	17624259	0	-142	-142	-142	-142	142
CAGE_TSS_18195	3	+	17724591	17724503	5.886419773	17724503	0	-88	-88	-88	-88	88
CAGE_TSS_18196	3	+	17731466	17731316	5.42016983	17731316	0	-150	-150	-150	-150	150
CAGE_TSS_18198	3	+	17750710	17750550	81.71164703	17750550	0	-160	-160	-160	-160	160
CAGE_TSS_18203	3	+	17778399	17778300	8.633399963	17778300	0	-99	-99	-99	-99	99
CAGE_TSS_18210	3	+	17801284	17801133	5.492660046	17801133	0	-151	-151	-151	-151	151
CAGE_TSS_18216	3	+	17891193	17890980	9.066949844	17890980	0	-213	-213	-213	-213	213
CAGE_TSS_18223	3	+	17923610	17923447	11.10527039	17923447	0	-163	-163	-163	-163	163
CAGE_TSS_18231	3	+	17941318	17941190	40.61079025	17941190	0	-128	-128	-128	-128	128
CAGE_TSS_18235	3	+	17961288	17961153	10.46226025	17961153	0	-135	-135	-135	-135	135
CAGE_TSS_18242	3	+	18029607	18029506	69.57598114	18029506	0	-101	-101	-101	-101	101
CAGE_TSS_18246	3	+	18040767	18040674	26.45229912	18040674	0	-93	-93	-93	-93	93
CAGE_TSS_18260	3	+	18103195	18103126	5.646339893	18103126	0	-69	-69	-69	-69	69
CAGE_TSS_18262	3	+	18117515	18117350	13.12327003	18117350	0	-165	-165	-165	-165	165
CAGE_TSS_18266	3	+	18129601	18129441	38.52352142	18129441	0	-160	-160	-160	-160	160
CAGE_TSS_18270	3	+	18139286	18139143	36.3878212	18139143	0	-143	-143	-143	-143	143
CAGE_TSS_18274	3	+	18156001	18155769	69.42279053	18155769	0	-232	-232	-232	-232	232
CAGE_TSS_18275	3	+	18162712	18162423	8.599570274	18162423	0	-289	-289	-289	-289	289
CAGE_TSS_18279	3	+	18200659	18200702	6.008240223	18200702	0	43	43	43	43	43
CAGE_TSS_18287	3	+	18256041	18255943	43.63082123	18255943	0	-98	-98	-98	-98	98
CAGE_TSS_18288	3	+	18262450	18262276	6.909289837	18262276	0	-174	-174	-174	-174	174
CAGE_TSS_18297	3	+	18340986	18340842	47.92034149	18340842	0	-144	-144	-144	-144	144
CAGE_TSS_18301	3	+	18367901	18367725	151.5977325	18367725	0	-176	-176	-176	-176	176
CAGE_TSS_18306	3	+	18374867	18374918	20.28731918	18374918	0	51	51	51	51	51
CAGE_TSS_18307	3	+	18377559	18377568	18.25260925	18377568	0	9	9	9	9	9
CAGE_TSS_18308	3	+	18393827	18393750	134.3050232	18393750	0	-77	-77	-77	-77	77
CAGE_TSS_18313	3	+	18422676	18422599	83.90229034	18422599	0	-77	-77	-77	-77	77
CAGE_TSS_18319	3	+	18437766	18437657	177.7763672	18437657	0	-109	-109	-109	-109	109
CAGE_TSS_18325	3	+	18487245	18487111	59.36177063	18487111	0	-134	-134	-134	-134	134
CAGE_TSS_18333	3	+	18510140	18510100	16.8909893	18510100	0	-40	-40	-40	-40	40
CAGE_TSS_18334	3	+	18514346	18514145	14.93962002	18514145	0	-201	-201	-201	-201	201
CAGE_TSS_18344	3	+	18635914	18635856	35.15604019	18635856	0	-58	-58	-58	-58	58
CAGE_TSS_18345	3	+	18637844	18637575	191.2275238	18637575	0	-269	-269	-269	-269	269
CAGE_TSS_18348	3	+	18673037	18672899	6.250060081	18672899	0	-138	-138	-138	-138	138
CAGE_TSS_18356	3	+	18733175	18733140	5.19175005	18733140	0	-35	-35	-35	-35	35
CAGE_TSS_18364	3	+	18800403	18800293	48.61444092	18800293	0	-110	-110	-110	-110	110
CAGE_TSS_18369	3	+	18862168	18861941	51.17662048	18861941	0	-227	-227	-227	-227	227
CAGE_TSS_18370	3	+	18868062	18867844	5.892409801	18867844	0	-218	-218	-218	-218	218
CAGE_TSS_18374	3	+	18892585	18892477	48.13811874	18892477	0	-108	-108	-108	-108	108
CAGE_TSS_18375	3	+	18901758	18901620	28.26284027	18901620	0	-138	-138	-138	-138	138
CAGE_TSS_18379	3	+	18916274	18916100	15.55082989	18916100	0	-174	-174	-174	-174	174
CAGE_TSS_18380	3	+	18918061	18917882	126.5458832	18917882	0	-179	-179	-179	-179	179
CAGE_TSS_18382	3	+	18919549	18919415	65.89871979	18919415	0	-134	-134	-134	-134	134
CAGE_TSS_18383	3	+	18929915	18929777	57.04011917	18929777	0	-138	-138	-138	-138	138
CAGE_TSS_18386	3	+	18940738	18940569	23.65226936	18940569	0	-169	-169	-169	-169	169
CAGE_TSS_18393	3	+	18994200	18994073	15.53353977	18994073	0	-127	-127	-127	-127	127
CAGE_TSS_18394	3	+	18997821	18997619	5.024889946	18997619	0	-202	-202	-202	-202	202
CAGE_TSS_18397	3	+	19025230	19025000	84.86058044	19025000	0	-230	-230	-230	-230	230
CAGE_TSS_18422	3	+	19089080	19088930	6.000939846	19088930	0	-150	-150	-150	-150	150
CAGE_TSS_18423	3	+	19090994	19090925	195.8493195	19090925	0	-69	-69	-69	-69	69
CAGE_TSS_18424	3	+	19092791	19092823	5.430119991	19092823	0	32	32	32	32	32
CAGE_TSS_18425	3	+	19099437	19099366	7.143559933	19099366	0	-71	-71	-71	-71	71
CAGE_TSS_18428	3	+	19109109	19109014	7.100609779	19109014	0	-95	-95	-95	-95	95
CAGE_TSS_18430	3	+	19115319	19115071	82.77851868	19115071	0	-248	-248	-248	-248	248
CAGE_TSS_18433	3	+	19148860	19148870	5.093130112	19148870	0	10	10	10	10	10
CAGE_TSS_18442	3	+	19186842	19186661	69.19999695	19186661	0	-181	-181	-181	-181	181
CAGE_TSS_18445	3	+	19189082	19188902	10.24170017	19188902	0	-180	-180	-180	-180	180
CAGE_TSS_18447	3	+	19220167	19220048	10.66860008	19220048	0	-119	-119	-119	-119	119
CAGE_TSS_18453	3	+	19265993	19265780	8.218099594	19265780	0	-213	-213	-213	-213	213
CAGE_TSS_18454	3	+	19271610	19271492	9.190970421	19271492	0	-118	-118	-118	-118	118
CAGE_TSS_18455	3	+	19282648	19282477	34.92921829	19282477	0	-171	-171	-171	-171	171
CAGE_TSS_18456	3	+	19284403	19284303	96.2919693	19284303	0	-100	-100	-100	-100	100
CAGE_TSS_18457	3	+	19287966	19287877	29.69175911	19287877	0	-89	-89	-89	-89	89
CAGE_TSS_18463	3	+	19323159	19323221	103.1969223	19323221	0	62	62	62	62	62
CAGE_TSS_18474	3	+	19371286	19371207	195.6706238	19371207	0	-79	-79	-79	-79	79
CAGE_TSS_18478	3	+	19396643	19396424	39.08087158	19396424	0	-219	-219	-219	-219	219
CAGE_TSS_18482	3	+	19407023	19406951	7.615240097	19406951	0	-72	-72	-72	-72	72
CAGE_TSS_18483	3	+	19412124	19412022	8.277529716	19412022	0	-102	-102	-102	-102	102
CAGE_TSS_18491	3	+	19431434	19431243	26.08716965	19431243	0	-191	-191	-191	-191	191
CAGE_TSS_18495	3	+	19450648	19450591	59.78723145	19450591	0	-57	-57	-57	-57	57
CAGE_TSS_18496	3	+	19452200	19451929	8.493379593	19451929	0	-271	-271	-271	-271	271
CAGE_TSS_18498	3	+	19473448	19473311	5.985070229	19473311	0	-137	-137	-137	-137	137
CAGE_TSS_18501	3	+	19484418	19484306	13.71249962	19484306	0	-112	-112	-112	-112	112
CAGE_TSS_18516	3	+	19513978	19513804	5.837200165	19513804	0	-174	-174	-174	-174	174
CAGE_TSS_18518	3	+	19525091	19524865	144.8729401	19524865	0	-226	-226	-226	-226	226
CAGE_TSS_18525	3	+	19581153	19581086	17.35013962	19581086	0	-67	-67	-67	-67	67
CAGE_TSS_18528	3	+	19587820	19587583	294.874115	19587583	0	-237	-237	-237	-237	237
CAGE_TSS_18544	3	+	19654055	19653983	7.914959908	19653983	0	-72	-72	-72	-72	72
CAGE_TSS_18549	3	+	19687789	19687567	53.72518921	19687567	0	-222	-222	-222	-222	222
CAGE_TSS_18555	3	+	19707006	19706844	241.8085632	19706844	0	-162	-162	-162	-162	162
CAGE_TSS_18559	3	+	19720140	19720021	5.435070038	19720021	0	-119	-119	-119	-119	119
CAGE_TSS_18564	3	+	19742853	19742603	6.967269897	19742603	0	-250	-250	-250	-250	250
CAGE_TSS_18566	3	+	19792530	19792337	21.21788025	19792337	0	-193	-193	-193	-193	193
CAGE_TSS_18567	3	+	19798150	19797996	5.595600128	19797996	0	-154	-154	-154	-154	154
CAGE_TSS_18568	3	+	19810760	19810672	5.805930138	19810672	0	-88	-88	-88	-88	88
CAGE_TSS_18570	3	+	19825306	19825065	74.09024811	19825065	0	-241	-241	-241	-241	241
CAGE_TSS_18573	3	+	19841465	19841310	20.29733086	19841310	0	-155	-155	-155	-155	155
CAGE_TSS_18575	3	+	19845196	19844982	5.024889946	19844982	0	-214	-214	-214	-214	214
CAGE_TSS_18580	3	+	19880619	19880388	14.22581005	19880388	0	-231	-231	-231	-231	231
CAGE_TSS_18582	3	+	19883899	19883863	6.391580105	19883863	0	-36	-36	-36	-36	36
CAGE_TSS_18586	3	+	19890464	19890290	67.34471893	19890290	0	-174	-174	-174	-174	174
CAGE_TSS_18592	3	+	19915317	19915167	15.45094013	19915167	0	-150	-150	-150	-150	150
CAGE_TSS_18593	3	+	19930890	19930822	103.4451981	19930822	0	-68	-68	-68	-68	68
CAGE_TSS_18595	3	+	19940662	19940566	15.08220005	19940566	0	-96	-96	-96	-96	96
CAGE_TSS_18601	3	+	19953170	19953150	37.47203064	19953150	0	-20	-20	-20	-20	20
CAGE_TSS_18604	3	+	19976379	19976146	17.16467094	19976146	0	-233	-233	-233	-233	233
CAGE_TSS_18608	3	+	19996615	19996395	64.07177734	19996395	0	-220	-220	-220	-220	220
CAGE_TSS_18609	3	+	20000859	20000850	8.850629807	20000850	0	-9	-9	-9	-9	9
CAGE_TSS_18610	3	+	20005761	20005679	25.95615959	20005679	0	-82	-82	-82	-82	82
CAGE_TSS_18611	3	+	20010963	20010839	5.434939861	20010839	0	-124	-124	-124	-124	124
CAGE_TSS_18620	3	+	20038714	20038680	98.54297638	20038680	0	-34	-34	-34	-34	34
CAGE_TSS_18622	3	+	20056789	20056786	5.862450123	20056786	0	-3	-3	-3	-3	3
CAGE_TSS_18625	3	+	20066839	20066626	47.76208115	20066626	0	-213	-213	-213	-213	213
CAGE_TSS_18630	3	+	20132181	20132188	68.52380371	20132188	0	7	7	7	7	7
CAGE_TSS_18639	3	+	20206157	20206009	5.136400223	20206009	0	-148	-148	-148	-148	148
CAGE_TSS_18647	3	+	20211036	20210766	210.4244232	20210766	0	-270	-270	-270	-270	270
CAGE_TSS_18653	3	+	20244394	20244372	22.94952011	20244372	0	-22	-22	-22	-22	22
CAGE_TSS_18661	3	+	20296231	20296151	39.79143906	20296151	0	-80	-80	-80	-80	80
CAGE_TSS_18667	3	+	20310401	20310184	152.9893951	20310184	0	-217	-217	-217	-217	217
CAGE_TSS_18670	3	+	20321421	20321367	36.22742844	20321367	0	-54	-54	-54	-54	54
CAGE_TSS_18681	3	+	20396759	20396580	36.89543915	20396580	0	-179	-179	-179	-179	179
CAGE_TSS_18684	3	+	20438773	20438648	60.87060928	20438648	0	-125	-125	-125	-125	125
CAGE_TSS_18694	3	+	20496133	20495925	15.76644993	20495925	0	-208	-208	-208	-208	208
CAGE_TSS_18699	3	+	20518493	20518374	31.6328907	20518374	0	-119	-119	-119	-119	119
CAGE_TSS_18706	3	+	20553699	20553512	7.955609798	20553512	0	-187	-187	-187	-187	187
CAGE_TSS_18714	3	+	20557950	20557677	78.42639923	20557677	0	-273	-273	-273	-273	273
CAGE_TSS_18718	3	+	20564235	20564166	11.37125015	20564166	0	-69	-69	-69	-69	69
CAGE_TSS_18722	3	+	20593736	20593657	52.89677811	20593657	0	-79	-79	-79	-79	79
CAGE_TSS_18730	3	+	20639836	20639659	104.2983093	20639659	0	-177	-177	-177	-177	177
CAGE_TSS_18731	3	+	20644896	20644923	53.59617996	20644923	0	27	27	27	27	27
CAGE_TSS_18736	3	+	20679803	20679586	12.24339962	20679586	0	-217	-217	-217	-217	217
CAGE_TSS_18738	3	+	20695487	20695482	25.25564003	20695482	0	-5	-5	-5	-5	5
CAGE_TSS_18756	3	+	20714994	20714850	11.67730045	20714850	0	-144	-144	-144	-144	144
CAGE_TSS_18759	3	+	20736587	20736636	6.16531992	20736636	0	49	49	49	49	49
CAGE_TSS_18760	3	+	20740869	20740725	35.25947952	20740725	0	-144	-144	-144	-144	144
CAGE_TSS_18761	3	+	20747667	20747578	26.88612938	20747578	0	-89	-89	-89	-89	89
CAGE_TSS_18778	3	+	20842555	20842511	10.76175022	20842511	0	-44	-44	-44	-44	44
CAGE_TSS_18781	3	+	20850028	20849925	31.27018929	20849925	0	-103	-103	-103	-103	103
CAGE_TSS_18783	3	+	20859836	20859715	26.02071953	20859715	0	-121	-121	-121	-121	121
CAGE_TSS_18784	3	+	20865999	20865793	13.68756962	20865793	0	-206	-206	-206	-206	206
CAGE_TSS_18786	3	+	20872831	20872581	139.7557831	20872581	0	-250	-250	-250	-250	250
CAGE_TSS_18788	3	+	20882832	20882734	13.07653046	20882734	0	-98	-98	-98	-98	98
CAGE_TSS_18792	3	+	20915538	20915378	120.7168274	20915378	0	-160	-160	-160	-160	160
CAGE_TSS_18794	3	+	20930727	20930879	6.065380096	20930879	0	152	152	152	152	152
CAGE_TSS_18799	3	+	20943535	20943252	35.1595993	20943252	0	-283	-283	-283	-283	283
CAGE_TSS_18801	3	+	20961559	20961413	47.3846817	20961413	0	-146	-146	-146	-146	146
CAGE_TSS_18803	3	+	20964857	20964721	69.73132324	20964721	0	-136	-136	-136	-136	136
CAGE_TSS_18812	3	+	20991329	20991147	16.11927986	20991147	0	-182	-182	-182	-182	182
CAGE_TSS_18819	3	+	21052473	21052378	12.09807014	21052378	0	-95	-95	-95	-95	95
CAGE_TSS_18820	3	+	21059915	21059838	46.78018188	21059838	0	-77	-77	-77	-77	77
CAGE_TSS_18825	3	+	21076544	21076471	5.194099903	21076471	0	-73	-73	-73	-73	73
CAGE_TSS_18833	3	+	21109761	21109643	10.17109013	21109643	0	-118	-118	-118	-118	118
CAGE_TSS_18836	3	+	21121360	21121261	11.25158024	21121261	0	-99	-99	-99	-99	99
CAGE_TSS_18837	3	+	21123890	21123956	13.40542984	21123956	0	66	66	66	66	66
CAGE_TSS_18839	3	+	21128529	21128393	6.718790054	21128393	0	-136	-136	-136	-136	136
CAGE_TSS_18845	3	+	21177422	21177301	81.25657654	21177301	0	-121	-121	-121	-121	121
CAGE_TSS_18856	3	+	21225541	21225481	11.62722015	21225481	0	-60	-60	-60	-60	60
CAGE_TSS_18857	3	+	21229790	21229711	24.46813965	21229711	0	-79	-79	-79	-79	79
CAGE_TSS_18870	3	+	21349509	21349470	8.830120087	21349470	0	-39	-39	-39	-39	39
CAGE_TSS_18874	3	+	21381028	21380816	13.0391798	21380816	0	-212	-212	-212	-212	212
CAGE_TSS_18876	3	+	21384907	21384814	10.10179043	21384814	0	-93	-93	-93	-93	93
CAGE_TSS_18881	3	+	21397678	21397399	5.406000137	21397399	0	-279	-279	-279	-279	279
CAGE_TSS_18884	3	+	21426303	21426141	15.11518002	21426141	0	-162	-162	-162	-162	162
CAGE_TSS_18885	3	+	21438203	21438044	5.585760117	21438044	0	-159	-159	-159	-159	159
CAGE_TSS_18903	3	+	21632859	21632688	37.31423187	21632688	0	-171	-171	-171	-171	171
CAGE_TSS_18917	3	+	21680337	21680130	35.45011139	21680130	0	-207	-207	-207	-207	207
CAGE_TSS_18918	3	+	21701533	21701283	5.329549789	21701283	0	-250	-250	-250	-250	250
CAGE_TSS_18922	3	+	21711617	21711482	36.34651184	21711482	0	-135	-135	-135	-135	135
CAGE_TSS_18925	3	+	21715036	21714852	18.02783012	21714852	0	-184	-184	-184	-184	184
CAGE_TSS_18927	3	+	21716216	21715947	61.36548996	21715947	0	-269	-269	-269	-269	269
CAGE_TSS_18934	3	+	21750556	21750365	21.77795982	21750365	0	-191	-191	-191	-191	191
CAGE_TSS_18947	3	+	21889578	21889381	80.72026825	21889381	0	-197	-197	-197	-197	197
CAGE_TSS_18951	3	+	21911569	21911520	7.490540028	21911520	0	-49	-49	-49	-49	49
CAGE_TSS_18952	3	+	21918486	21918520	11.41275024	21918520	0	34	34	34	34	34
CAGE_TSS_18953	3	+	21932526	21932471	19.02662086	21932471	0	-55	-55	-55	-55	55
CAGE_TSS_18961	3	+	21986551	21986493	28.68157959	21986493	0	-58	-58	-58	-58	58
CAGE_TSS_18971	3	+	22033185	22033021	93.97416687	22033021	0	-164	-164	-164	-164	164
CAGE_TSS_18972	3	+	22039475	22039308	11.02355957	22039308	0	-167	-167	-167	-167	167
CAGE_TSS_18976	3	+	22052120	22051948	13.71965027	22051948	0	-172	-172	-172	-172	172
CAGE_TSS_18984	3	+	22129728	22129555	15.87230968	22129555	0	-173	-173	-173	-173	173
CAGE_TSS_18998	3	+	22197920	22197989	8.572569847	22197989	0	69	69	69	69	69
CAGE_TSS_19000	3	+	22210244	22210054	114.950943	22210054	0	-190	-190	-190	-190	190
CAGE_TSS_19009	3	+	22268746	22268566	6.211520195	22268566	0	-180	-180	-180	-180	180
CAGE_TSS_19014	3	+	22273930	22273800	46.16292953	22273800	0	-130	-130	-130	-130	130
CAGE_TSS_19024	3	+	22304159	22304057	27.41529083	22304057	0	-102	-102	-102	-102	102
CAGE_TSS_19029	3	+	22331490	22331191	28.71245956	22331191	0	-299	-299	-299	-299	299
CAGE_TSS_19034	3	+	22349496	22349286	19.48390961	22349286	0	-210	-210	-210	-210	210
CAGE_TSS_19036	3	+	22373319	22373146	51.46768188	22373146	0	-173	-173	-173	-173	173
CAGE_TSS_19038	3	+	22374155	22374441	16.01234055	22374441	0	286	286	286	286	286
CAGE_TSS_19071	3	+	22481922	22481796	7.477000237	22481796	0	-126	-126	-126	-126	126
CAGE_TSS_19077	3	+	22535721	22535561	27.26637077	22535561	0	-160	-160	-160	-160	160
CAGE_TSS_19081	3	+	22575592	22575474	18.60573959	22575474	0	-118	-118	-118	-118	118
CAGE_TSS_19084	3	+	22603016	22602849	26.94712067	22602849	0	-167	-167	-167	-167	167
CAGE_TSS_19091	3	+	22622007	22621872	10.10797024	22621872	0	-135	-135	-135	-135	135
CAGE_TSS_19097	3	+	22645585	22645543	10.16413975	22645543	0	-42	-42	-42	-42	42
CAGE_TSS_19105	3	+	22678151	22678071	49.40890121	22678071	0	-80	-80	-80	-80	80
CAGE_TSS_19109	3	+	22702705	22702521	95.56581879	22702521	0	-184	-184	-184	-184	184
CAGE_TSS_19113	3	+	22721037	22720891	49.89625168	22720891	0	-146	-146	-146	-146	146
CAGE_TSS_19114	3	+	22733589	22733291	7.76196003	22733291	0	-298	-298	-298	-298	298
CAGE_TSS_19124	3	+	22741733	22741688	5.742869854	22741688	0	-45	-45	-45	-45	45
CAGE_TSS_19133	3	+	22776384	22776170	14.36929035	22776170	0	-214	-214	-214	-214	214
CAGE_TSS_19139	3	+	22792122	22791840	5.524509907	22791840	0	-282	-282	-282	-282	282
CAGE_TSS_19148	3	+	22823514	22823440	21.00954056	22823440	0	-74	-74	-74	-74	74
CAGE_TSS_19149	3	+	22827763	22827503	142.1719055	22827503	0	-260	-260	-260	-260	260
CAGE_TSS_19152	3	+	22864551	22864441	12.05918026	22864441	0	-110	-110	-110	-110	110
CAGE_TSS_19158	3	+	22895329	22895265	9.509719849	22895265	0	-64	-64	-64	-64	64
CAGE_TSS_19160	3	+	22902637	22902530	51.48487091	22902530	0	-107	-107	-107	-107	107
CAGE_TSS_19163	3	+	22922001	22921931	13.13502979	22921931	0	-70	-70	-70	-70	70
CAGE_TSS_19181	3	+	22995779	22995771	98.9419632	22995771	0	-8	-8	-8	-8	8
CAGE_TSS_19182	3	+	23004945	23004650	134.1408539	23004650	0	-295	-295	-295	-295	295
CAGE_TSS_19197	3	+	23089648	23089449	133.5458527	23089449	0	-199	-199	-199	-199	199
CAGE_TSS_19200	3	+	23098031	23097823	8.761650085	23097823	0	-208	-208	-208	-208	208
CAGE_TSS_19202	3	+	23116387	23116237	5.823060036	23116237	0	-150	-150	-150	-150	150
CAGE_TSS_19213	3	+	23146919	23146860	174.7643738	23146860	0	-59	-59	-59	-59	59
CAGE_TSS_19219	3	+	23172925	23172876	8.794360161	23172876	0	-49	-49	-49	-49	49
CAGE_TSS_19221	3	+	23182706	23182504	8.804439545	23182504	0	-202	-202	-202	-202	202
CAGE_TSS_19225	3	+	23201281	23201066	18.28784943	23201066	0	-215	-215	-215	-215	215
CAGE_TSS_19231	3	+	23229748	23229962	7.720389843	23229962	0	214	214	214	214	214
CAGE_TSS_19234	3	+	23233369	23233622	45.02500916	23233622	0	253	253	253	253	253
CAGE_TSS_19240	3	+	23266240	23266162	8.640259743	23266162	0	-78	-78	-78	-78	78
CAGE_TSS_19242	3	+	23270657	23270564	10.43704987	23270564	0	-93	-93	-93	-93	93
CAGE_TSS_19255	3	+	23334615	23334515	36.09460831	23334515	0	-100	-100	-100	-100	100
CAGE_TSS_19257	3	+	23353807	23353517	19.87796974	23353517	0	-290	-290	-290	-290	290
CAGE_TSS_19269	3	+	23427018	23426869	7.202589989	23426869	0	-149	-149	-149	-149	149
CAGE_TSS_19272	3	+	23444220	23444098	6.562860012	23444098	0	-122	-122	-122	-122	122
CAGE_TSS_19280	3	+	23452922	23452804	5.526340008	23452804	0	-118	-118	-118	-118	118
CAGE_TSS_23165	4	+	128660	128445	76.27522278	128445	0	-215	-215	-215	-215	215
CAGE_TSS_23166	4	+	131468	131230	83.39103699	131230	0	-238	-238	-238	-238	238
CAGE_TSS_23168	4	+	145946	145758	16.91428947	145758	0	-188	-188	-188	-188	188
CAGE_TSS_23173	4	+	160865	161082	5.441239834	161082	0	217	217	217	217	217
CAGE_TSS_23174	4	+	162104	162141	7.084720135	162141	0	37	37	37	37	37
CAGE_TSS_23182	4	+	222417	222119	20.16332054	222119	0	-298	-298	-298	-298	298
CAGE_TSS_23190	4	+	289858	289755	8.988490105	289755	0	-103	-103	-103	-103	103
CAGE_TSS_23191	4	+	290264	290368	64.72318268	290368	0	104	104	104	104	104
CAGE_TSS_23192	4	+	307738	307574	11.41275024	307574	0	-164	-164	-164	-164	164
CAGE_TSS_23200	4	+	352086	351958	40.61489868	351958	0	-128	-128	-128	-128	128
CAGE_TSS_23203	4	+	381788	381771	95.96450806	381771	0	-17	-17	-17	-17	17
CAGE_TSS_23211	4	+	421995	421891	15.96288967	421891	0	-104	-104	-104	-104	104
CAGE_TSS_23215	4	+	447051	446914	241.2613678	446914	0	-137	-137	-137	-137	137
CAGE_TSS_23226	4	+	477155	477033	8.588479996	477033	0	-122	-122	-122	-122	122
CAGE_TSS_23232	4	+	493637	493544	8.660510063	493544	0	-93	-93	-93	-93	93
CAGE_TSS_23237	4	+	532302	532098	6.354569912	532098	0	-204	-204	-204	-204	204
CAGE_TSS_23238	4	+	535241	535133	65.62902069	535133	0	-108	-108	-108	-108	108
CAGE_TSS_23242	4	+	550427	550345	19.58057976	550345	0	-82	-82	-82	-82	82
CAGE_TSS_23243	4	+	553414	553596	7.678480148	553596	0	182	182	182	182	182
CAGE_TSS_23245	4	+	564699	564691	47.12678909	564691	0	-8	-8	-8	-8	8
CAGE_TSS_23268	4	+	690709	690610	8.023730278	690610	0	-99	-99	-99	-99	99
CAGE_TSS_23270	4	+	694791	694567	6.419239998	694567	0	-224	-224	-224	-224	224
CAGE_TSS_23274	4	+	700585	700409	21.38295937	700409	0	-176	-176	-176	-176	176
CAGE_TSS_23284	4	+	753289	753157	10.42383957	753157	0	-132	-132	-132	-132	132
CAGE_TSS_23285	4	+	756491	756212	24.32246971	756212	0	-279	-279	-279	-279	279
CAGE_TSS_23289	4	+	793395	793210	86.44473267	793210	0	-185	-185	-185	-185	185
CAGE_TSS_23290	4	+	808673	808376	23.48135948	808376	0	-297	-297	-297	-297	297
CAGE_TSS_23291	4	+	813096	813076	19.92077065	813076	0	-20	-20	-20	-20	20
CAGE_TSS_23295	4	+	827215	827007	12.21685982	827007	0	-208	-208	-208	-208	208
CAGE_TSS_23296	4	+	837703	837544	12.21228981	837544	0	-159	-159	-159	-159	159
CAGE_TSS_23299	4	+	881184	880984	30.59992027	880984	0	-200	-200	-200	-200	200
CAGE_TSS_23305	4	+	901421	901279	79.81980896	901279	0	-142	-142	-142	-142	142
CAGE_TSS_23311	4	+	923099	922887	5.669250011	922887	0	-212	-212	-212	-212	212
CAGE_TSS_23312	4	+	930157	930051	68.38764954	930051	0	-106	-106	-106	-106	106
CAGE_TSS_23313	4	+	940792	940713	76.63252258	940713	0	-79	-79	-79	-79	79
CAGE_TSS_23317	4	+	972658	972619	27.4485302	972619	0	-39	-39	-39	-39	39
CAGE_TSS_23320	4	+	994926	994986	19.08081055	994986	0	60	60	60	60	60
CAGE_TSS_23329	4	+	1038095	1037975	7.329919815	1037975	0	-120	-120	-120	-120	120
CAGE_TSS_23330	4	+	1041131	1040987	272.6155396	1040987	0	-144	-144	-144	-144	144
CAGE_TSS_23331	4	+	1042378	1042231	6.957159996	1042231	0	-147	-147	-147	-147	147
CAGE_TSS_23336	4	+	1072550	1072399	44.06427002	1072399	0	-151	-151	-151	-151	151
CAGE_TSS_23339	4	+	1092066	1091825	11.62195015	1091825	0	-241	-241	-241	-241	241
CAGE_TSS_23354	4	+	1117153	1117006	106.3703995	1117006	0	-147	-147	-147	-147	147
CAGE_TSS_23364	4	+	1144003	1143723	72.65859985	1143723	0	-280	-280	-280	-280	280
CAGE_TSS_23372	4	+	1206015	1205948	5.19175005	1205948	0	-67	-67	-67	-67	67
CAGE_TSS_23382	4	+	1274511	1274355	5.467589855	1274355	0	-156	-156	-156	-156	156
CAGE_TSS_23388	4	+	1306502	1306482	9.373920441	1306482	0	-20	-20	-20	-20	20
CAGE_TSS_23396	4	+	1374258	1374093	52.58549118	1374093	0	-165	-165	-165	-165	165
CAGE_TSS_23398	4	+	1392240	1392001	38.7471199	1392001	0	-239	-239	-239	-239	239
CAGE_TSS_23401	4	+	1408314	1408117	5.802969933	1408117	0	-197	-197	-197	-197	197
CAGE_TSS_23406	4	+	1424950	1424887	8.343970299	1424887	0	-63	-63	-63	-63	63
CAGE_TSS_23407	4	+	1428196	1428111	98.19441986	1428111	0	-85	-85	-85	-85	85
CAGE_TSS_23417	4	+	1466414	1466131	16.0520401	1466131	0	-283	-283	-283	-283	283
CAGE_TSS_23427	4	+	1569940	1569814	31.75835037	1569814	0	-126	-126	-126	-126	126
CAGE_TSS_23429	4	+	1580213	1579941	35.07952881	1579941	0	-272	-272	-272	-272	272
CAGE_TSS_23449	4	+	1887607	1887477	32.29639053	1887477	0	-130	-130	-130	-130	130
CAGE_TSS_23451	4	+	1932144	1931964	29.2510891	1931964	0	-180	-180	-180	-180	180
CAGE_TSS_23471	4	+	2024565	2024451	8.064599991	2024451	0	-114	-114	-114	-114	114
CAGE_TSS_23473	4	+	2030359	2030218	182.881424	2030218	0	-141	-141	-141	-141	141
CAGE_TSS_23475	4	+	2033406	2033142	5.183199883	2033142	0	-264	-264	-264	-264	264
CAGE_TSS_23489	4	+	2224566	2224358	30.44367981	2224358	0	-208	-208	-208	-208	208
CAGE_TSS_23496	4	+	2324998	2324802	42.83377838	2324802	0	-196	-196	-196	-196	196
CAGE_TSS_23510	4	+	2441326	2441170	23.17153931	2441170	0	-156	-156	-156	-156	156
CAGE_TSS_23511	4	+	2445858	2445724	125.6344986	2445724	0	-134	-134	-134	-134	134
CAGE_TSS_23512	4	+	2449624	2449508	81.83616638	2449508	0	-116	-116	-116	-116	116
CAGE_TSS_23514	4	+	2453008	2452725	167.8507233	2452725	0	-283	-283	-283	-283	283
CAGE_TSS_23517	4	+	2471989	2471758	17.53406906	2471758	0	-231	-231	-231	-231	231
CAGE_TSS_23518	4	+	2497802	2497795	6.219339848	2497795	0	-7	-7	-7	-7	7
CAGE_TSS_23522	4	+	2533055	2532851	13.08843994	2532851	0	-204	-204	-204	-204	204
CAGE_TSS_23523	4	+	2536932	2536661	86.9907608	2536661	0	-271	-271	-271	-271	271
CAGE_TSS_23529	4	+	2572697	2572505	80.70474243	2572505	0	-192	-192	-192	-192	192
CAGE_TSS_23533	4	+	2587645	2587897	12.75708008	2587897	0	252	252	252	252	252
CAGE_TSS_23538	4	+	2660347	2660327	7.466509819	2660327	0	-20	-20	-20	-20	20
CAGE_TSS_23539	4	+	2661611	2661544	19.10213089	2661544	0	-67	-67	-67	-67	67
CAGE_TSS_23544	4	+	2718013	2718030	60.18862915	2718030	0	17	17	17	17	17
CAGE_TSS_23604	4	+	3898946	3898913	10.40598011	3898913	0	-33	-33	-33	-33	33
CAGE_TSS_23626	4	+	4643834	4643696	21.23459053	4643696	0	-138	-138	-138	-138	138
CAGE_TSS_23672	4	+	5375779	5375722	10.21201992	5375722	0	-57	-57	-57	-57	57
CAGE_TSS_23678	4	+	5448132	5447880	5.500170231	5447880	0	-252	-252	-252	-252	252
CAGE_TSS_23682	4	+	5500325	5500240	6.2707901	5500240	0	-85	-85	-85	-85	85
CAGE_TSS_23699	4	+	5729489	5729373	5.817369938	5729373	0	-116	-116	-116	-116	116
CAGE_TSS_23701	4	+	5740305	5740198	6.630459785	5740198	0	-107	-107	-107	-107	107
CAGE_TSS_23708	4	+	5775379	5775151	23.77639961	5775151	0	-228	-228	-228	-228	228
CAGE_TSS_23721	4	+	5847432	5847273	6.105130196	5847273	0	-159	-159	-159	-159	159
CAGE_TSS_23730	4	+	5992992	5992900	71.6628418	5992900	0	-92	-92	-92	-92	92
CAGE_TSS_23733	4	+	6018170	6017943	111.4215164	6017943	0	-227	-227	-227	-227	227
CAGE_TSS_23735	4	+	6049547	6049427	7.487490177	6049427	0	-120	-120	-120	-120	120
CAGE_TSS_23737	4	+	6083713	6083617	5.18501997	6083617	0	-96	-96	-96	-96	96
CAGE_TSS_23758	4	+	6277040	6276978	5.697869778	6276978	0	-62	-62	-62	-62	62
CAGE_TSS_23760	4	+	6288852	6288693	62.35438919	6288693	0	-159	-159	-159	-159	159
CAGE_TSS_23776	4	+	6374735	6374474	7.008900166	6374474	0	-261	-261	-261	-261	261
CAGE_TSS_23786	4	+	6491069	6490980	82.56609344	6490980	0	-89	-89	-89	-89	89
CAGE_TSS_23794	4	+	6631514	6631508	46.40420151	6631508	0	-6	-6	-6	-6	6
CAGE_TSS_23799	4	+	6662085	6662047	60.07912064	6662047	0	-38	-38	-38	-38	38
CAGE_TSS_23807	4	+	6771639	6771378	70.50585938	6771378	0	-261	-261	-261	-261	261
CAGE_TSS_23811	4	+	6799980	6799858	56.04320145	6799858	0	-122	-122	-122	-122	122
CAGE_TSS_23818	4	+	6811092	6810945	13.66110039	6810945	0	-147	-147	-147	-147	147
CAGE_TSS_23820	4	+	6826643	6826525	31.56905937	6826525	0	-118	-118	-118	-118	118
CAGE_TSS_23824	4	+	6847162	6847015	38.90307999	6847015	0	-147	-147	-147	-147	147
CAGE_TSS_23830	4	+	6877907	6877740	5.378419876	6877740	0	-167	-167	-167	-167	167
CAGE_TSS_23837	4	+	6892048	6891891	54.91096115	6891891	0	-157	-157	-157	-157	157
CAGE_TSS_23839	4	+	6901488	6901454	20.25772095	6901454	0	-34	-34	-34	-34	34
CAGE_TSS_23842	4	+	6906296	6906407	13.04146957	6906407	0	111	111	111	111	111
CAGE_TSS_23853	4	+	7004354	7004106	204.2241669	7004106	0	-248	-248	-248	-248	248
CAGE_TSS_23859	4	+	7019699	7019529	16.47681999	7019529	0	-170	-170	-170	-170	170
CAGE_TSS_23860	4	+	7021356	7021223	103.2460632	7021223	0	-133	-133	-133	-133	133
CAGE_TSS_23862	4	+	7038570	7038353	41.90372849	7038353	0	-217	-217	-217	-217	217
CAGE_TSS_23863	4	+	7042621	7042429	13.0165596	7042429	0	-192	-192	-192	-192	192
CAGE_TSS_23866	4	+	7085939	7085648	13.33207989	7085648	0	-291	-291	-291	-291	291
CAGE_TSS_23872	4	+	7156306	7156039	6.298349857	7156039	0	-267	-267	-267	-267	267
CAGE_TSS_23874	4	+	7196449	7196281	18.20013046	7196281	0	-168	-168	-168	-168	168
CAGE_TSS_23876	4	+	7210934	7210803	79.30220795	7210803	0	-131	-131	-131	-131	131
CAGE_TSS_23883	4	+	7254045	7253910	5.991640091	7253910	0	-135	-135	-135	-135	135
CAGE_TSS_23884	4	+	7263592	7263572	105.1908722	7263572	0	-20	-20	-20	-20	20
CAGE_TSS_23886	4	+	7284596	7284393	18.51104927	7284393	0	-203	-203	-203	-203	203
CAGE_TSS_23907	4	+	7391275	7391143	9.955389977	7391143	0	-132	-132	-132	-132	132
CAGE_TSS_23913	4	+	7441767	7441695	17.73724937	7441695	0	-72	-72	-72	-72	72
CAGE_TSS_23919	4	+	7480725	7480484	91.76452637	7480484	0	-241	-241	-241	-241	241
CAGE_TSS_23934	4	+	7600635	7600470	7.877460003	7600470	0	-165	-165	-165	-165	165
CAGE_TSS_23939	4	+	7613295	7613257	5.562970161	7613257	0	-38	-38	-38	-38	38
CAGE_TSS_23941	4	+	7617553	7617507	78.49784088	7617507	0	-46	-46	-46	-46	46
CAGE_TSS_23943	4	+	7641506	7641390	153.8247375	7641390	0	-116	-116	-116	-116	116
CAGE_TSS_23945	4	+	7653644	7653531	53.60660172	7653531	0	-113	-113	-113	-113	113
CAGE_TSS_23953	4	+	7758448	7758437	5.221560001	7758437	0	-11	-11	-11	-11	11
CAGE_TSS_23958	4	+	7775127	7774895	7.062789917	7774895	0	-232	-232	-232	-232	232
CAGE_TSS_23963	4	+	7809027	7808919	241.4406738	7808919	0	-108	-108	-108	-108	108
CAGE_TSS_23965	4	+	7810188	7809968	22.68619919	7809968	0	-220	-220	-220	-220	220
CAGE_TSS_23982	4	+	7869781	7869746	29.5436306	7869746	0	-35	-35	-35	-35	35
CAGE_TSS_23985	4	+	7924264	7924252	6.057960033	7924252	0	-12	-12	-12	-12	12
CAGE_TSS_23989	4	+	7946228	7945963	72.14038849	7945963	0	-265	-265	-265	-265	265
CAGE_TSS_23992	4	+	7948642	7948584	7.438839912	7948584	0	-58	-58	-58	-58	58
CAGE_TSS_23995	4	+	7962428	7962300	6.693570137	7962300	0	-128	-128	-128	-128	128
CAGE_TSS_23998	4	+	8011410	8011303	37.14907074	8011303	0	-107	-107	-107	-107	107
CAGE_TSS_24001	4	+	8012355	8012312	20.68246078	8012312	0	-43	-43	-43	-43	43
CAGE_TSS_24006	4	+	8022503	8022371	103.5668869	8022371	0	-132	-132	-132	-132	132
CAGE_TSS_24008	4	+	8043852	8043639	14.28104019	8043639	0	-213	-213	-213	-213	213
CAGE_TSS_24015	4	+	8103649	8103396	63.58399963	8103396	0	-253	-253	-253	-253	253
CAGE_TSS_24025	4	+	8218385	8218312	9.102760315	8218312	0	-73	-73	-73	-73	73
CAGE_TSS_24026	4	+	8231017	8230787	59.80644989	8230787	0	-230	-230	-230	-230	230
CAGE_TSS_24033	4	+	8300033	8299898	7.05257988	8299898	0	-135	-135	-135	-135	135
CAGE_TSS_24035	4	+	8310346	8310086	12.36853027	8310086	0	-260	-260	-260	-260	260
CAGE_TSS_24044	4	+	8344654	8344587	11.46903992	8344587	0	-67	-67	-67	-67	67
CAGE_TSS_24056	4	+	8392844	8393009	6.091090202	8393009	0	165	165	165	165	165
CAGE_TSS_24057	4	+	8397735	8397503	16.90052032	8397503	0	-232	-232	-232	-232	232
CAGE_TSS_24074	4	+	8541862	8541746	209.3675842	8541746	0	-116	-116	-116	-116	116
CAGE_TSS_24076	4	+	8545188	8544983	6.794980049	8544983	0	-205	-205	-205	-205	205
CAGE_TSS_24079	4	+	8551309	8551363	11.01830006	8551363	0	54	54	54	54	54
CAGE_TSS_24088	4	+	8614159	8614011	22.15193939	8614011	0	-148	-148	-148	-148	148
CAGE_TSS_24091	4	+	8634761	8634546	33.70804977	8634546	0	-215	-215	-215	-215	215
CAGE_TSS_24092	4	+	8637713	8637457	14.84930038	8637457	0	-256	-256	-256	-256	256
CAGE_TSS_24093	4	+	8641474	8641410	5.085279942	8641410	0	-64	-64	-64	-64	64
CAGE_TSS_24094	4	+	8646150	8646031	13.53384018	8646031	0	-119	-119	-119	-119	119
CAGE_TSS_24104	4	+	8680215	8680119	64.32466125	8680119	0	-96	-96	-96	-96	96
CAGE_TSS_24105	4	+	8688291	8688110	22.52729988	8688110	0	-181	-181	-181	-181	181
CAGE_TSS_24106	4	+	8708865	8708689	15.38539028	8708689	0	-176	-176	-176	-176	176
CAGE_TSS_24107	4	+	8713688	8713697	10.89239979	8713697	0	9	9	9	9	9
CAGE_TSS_24112	4	+	8806413	8806200	27.29824066	8806200	0	-213	-213	-213	-213	213
CAGE_TSS_24113	4	+	8807521	8807400	111.6166382	8807400	0	-121	-121	-121	-121	121
CAGE_TSS_24115	4	+	8817083	8816914	14.61275959	8816914	0	-169	-169	-169	-169	169
CAGE_TSS_24120	4	+	8837456	8837368	18.80183029	8837368	0	-88	-88	-88	-88	88
CAGE_TSS_24122	4	+	8843605	8843460	5.697869778	8843460	0	-145	-145	-145	-145	145
CAGE_TSS_24133	4	+	8875919	8875682	8.759699821	8875682	0	-237	-237	-237	-237	237
CAGE_TSS_24139	4	+	8884013	8883801	25.90505028	8883801	0	-212	-212	-212	-212	212
CAGE_TSS_24152	4	+	8890865	8890847	20.46570969	8890847	0	-18	-18	-18	-18	18
CAGE_TSS_24154	4	+	8909101	8908840	41.38290024	8908840	0	-261	-261	-261	-261	261
CAGE_TSS_24157	4	+	8917434	8917260	42.00677872	8917260	0	-174	-174	-174	-174	174
CAGE_TSS_24166	4	+	8976642	8976666	144.1257172	8976666	0	24	24	24	24	24
CAGE_TSS_24171	4	+	8982281	8982096	16.69095993	8982096	0	-185	-185	-185	-185	185
CAGE_TSS_24173	4	+	8984858	8984718	19.0011692	8984718	0	-140	-140	-140	-140	140
CAGE_TSS_24193	4	+	9040715	9040522	19.23648071	9040522	0	-193	-193	-193	-193	193
CAGE_TSS_24210	4	+	9171468	9171402	22.39048958	9171402	0	-66	-66	-66	-66	66
CAGE_TSS_24227	4	+	9255861	9255960	10.2601099	9255960	0	99	99	99	99	99
CAGE_TSS_24228	4	+	9257950	9257732	5.367060184	9257732	0	-218	-218	-218	-218	218
CAGE_TSS_24229	4	+	9260553	9260392	42.23247147	9260392	0	-161	-161	-161	-161	161
CAGE_TSS_24230	4	+	9261496	9261216	20.6310997	9261216	0	-280	-280	-280	-280	280
CAGE_TSS_24232	4	+	9267535	9267433	19.44215012	9267433	0	-102	-102	-102	-102	102
CAGE_TSS_24238	4	+	9302798	9302677	5.709499836	9302677	0	-121	-121	-121	-121	121
CAGE_TSS_24246	4	+	9376750	9376632	25.09144974	9376632	0	-118	-118	-118	-118	118
CAGE_TSS_24251	4	+	9385219	9385143	102.4085922	9385143	0	-76	-76	-76	-76	76
CAGE_TSS_24252	4	+	9386190	9385968	6.019579887	9385968	0	-222	-222	-222	-222	222
CAGE_TSS_24258	4	+	9449204	9449087	6.630459785	9449087	0	-117	-117	-117	-117	117
CAGE_TSS_24259	4	+	9470457	9470381	22.3425293	9470381	0	-76	-76	-76	-76	76
CAGE_TSS_24284	4	+	9601445	9601427	7.450679779	9601427	0	-18	-18	-18	-18	18
CAGE_TSS_24295	4	+	9673989	9673862	5.199269772	9673862	0	-127	-127	-127	-127	127
CAGE_TSS_24299	4	+	9699255	9699033	19.48823929	9699033	0	-222	-222	-222	-222	222
CAGE_TSS_24301	4	+	9699951	9699728	17.54258919	9699728	0	-223	-223	-223	-223	223
CAGE_TSS_24303	4	+	9701446	9701327	16.62276077	9701327	0	-119	-119	-119	-119	119
CAGE_TSS_24309	4	+	9759324	9759118	338.8641357	9759118	0	-206	-206	-206	-206	206
CAGE_TSS_24318	4	+	9780318	9780099	21.66420937	9780099	0	-219	-219	-219	-219	219
CAGE_TSS_24322	4	+	9803736	9803617	8.696940422	9803617	0	-119	-119	-119	-119	119
CAGE_TSS_24326	4	+	9816555	9816417	103.6990128	9816417	0	-138	-138	-138	-138	138
CAGE_TSS_24327	4	+	9818019	9818000	42.27225113	9818000	0	-19	-19	-19	-19	19
CAGE_TSS_24334	4	+	9865135	9865151	110.3867035	9865151	0	16	16	16	16	16
CAGE_TSS_24357	4	+	9965744	9965523	111.3011398	9965523	0	-221	-221	-221	-221	221
CAGE_TSS_24366	4	+	10038085	10037879	18.8982296	10037879	0	-206	-206	-206	-206	206
CAGE_TSS_24369	4	+	10055449	10055192	190.8944397	10055192	0	-257	-257	-257	-257	257
CAGE_TSS_24372	4	+	10073789	10073625	12.54992008	10073625	0	-164	-164	-164	-164	164
CAGE_TSS_24378	4	+	10082108	10081987	56.41870117	10081987	0	-121	-121	-121	-121	121
CAGE_TSS_24386	4	+	10157912	10157706	14.36896992	10157706	0	-206	-206	-206	-206	206
CAGE_TSS_24396	4	+	10217397	10217347	66.98413849	10217347	0	-50	-50	-50	-50	50
CAGE_TSS_24410	4	+	10275747	10275815	16.13491058	10275815	0	68	68	68	68	68
CAGE_TSS_24412	4	+	10296408	10296153	92.44867706	10296153	0	-255	-255	-255	-255	255
CAGE_TSS_24422	4	+	10352607	10352473	196.4636993	10352473	0	-134	-134	-134	-134	134
CAGE_TSS_24425	4	+	10366131	10366044	20.85070038	10366044	0	-87	-87	-87	-87	87
CAGE_TSS_24426	4	+	10370768	10370489	26.7183094	10370489	0	-279	-279	-279	-279	279
CAGE_TSS_24428	4	+	10375463	10375223	239.6629944	10375223	0	-240	-240	-240	-240	240
CAGE_TSS_24431	4	+	10398904	10398834	59.67528915	10398834	0	-70	-70	-70	-70	70
CAGE_TSS_24438	4	+	10469664	10469572	72.29676819	10469572	0	-92	-92	-92	-92	92
CAGE_TSS_24446	4	+	10498914	10499016	6.632840157	10499016	0	102	102	102	102	102
CAGE_TSS_24448	4	+	10500236	10500261	7.706369877	10500261	0	25	25	25	25	25
CAGE_TSS_24450	4	+	10521378	10521232	111.2435913	10521232	0	-146	-146	-146	-146	146
CAGE_TSS_24452	4	+	10578497	10578305	151.5734253	10578305	0	-192	-192	-192	-192	192
CAGE_TSS_24457	4	+	10625744	10626043	31.72717094	10626043	0	299	299	299	299	299
CAGE_TSS_24458	4	+	10633772	10633677	31.90740013	10633677	0	-95	-95	-95	-95	95
CAGE_TSS_24468	4	+	10703339	10703134	25.65735054	10703134	0	-205	-205	-205	-205	205
CAGE_TSS_24478	4	+	10813340	10813277	25.37618065	10813277	0	-63	-63	-63	-63	63
CAGE_TSS_24487	4	+	10861454	10861288	47.37913895	10861288	0	-166	-166	-166	-166	166
CAGE_TSS_24494	4	+	10883905	10883824	18.11105919	10883824	0	-81	-81	-81	-81	81
CAGE_TSS_24495	4	+	10896685	10896673	5.619420052	10896673	0	-12	-12	-12	-12	12
CAGE_TSS_24498	4	+	10942213	10942321	15.68861961	10942321	0	108	108	108	108	108
CAGE_TSS_24509	4	+	10974467	10974183	5.892000198	10974183	0	-284	-284	-284	-284	284
CAGE_TSS_24513	4	+	10989970	10989812	37.60126114	10989812	0	-158	-158	-158	-158	158
CAGE_TSS_24518	4	+	11004579	11004448	6.619959831	11004448	0	-131	-131	-131	-131	131
CAGE_TSS_24522	4	+	11105323	11105047	22.6009903	11105047	0	-276	-276	-276	-276	276
CAGE_TSS_24527	4	+	11155455	11155432	16.6182003	11155432	0	-23	-23	-23	-23	23
CAGE_TSS_24533	4	+	11172621	11172422	77.05177307	11172422	0	-199	-199	-199	-199	199
CAGE_TSS_24534	4	+	11182092	11181885	12.37872028	11181885	0	-207	-207	-207	-207	207
CAGE_TSS_24537	4	+	11211946	11211732	10.51016045	11211732	0	-214	-214	-214	-214	214
CAGE_TSS_24539	4	+	11216948	11216896	7.069349766	11216896	0	-52	-52	-52	-52	52
CAGE_TSS_24540	4	+	11241513	11241449	55.34318924	11241449	0	-64	-64	-64	-64	64
CAGE_TSS_24550	4	+	11284169	11284028	8.391349792	11284028	0	-141	-141	-141	-141	141
CAGE_TSS_24568	4	+	11345977	11345831	103.338768	11345831	0	-146	-146	-146	-146	146
CAGE_TSS_24574	4	+	11426055	11425968	16.79533005	11425968	0	-87	-87	-87	-87	87
CAGE_TSS_24581	4	+	11456139	11456089	21.25914955	11456089	0	-50	-50	-50	-50	50
CAGE_TSS_24586	4	+	11485130	11485043	22.05792046	11485043	0	-87	-87	-87	-87	87
CAGE_TSS_24589	4	+	11491482	11491227	25.05904007	11491227	0	-255	-255	-255	-255	255
CAGE_TSS_24596	4	+	11545902	11545844	45.45660019	11545844	0	-58	-58	-58	-58	58
CAGE_TSS_24607	4	+	11577482	11577308	17.74806023	11577308	0	-174	-174	-174	-174	174
CAGE_TSS_24608	4	+	11601916	11601794	91.11782074	11601794	0	-122	-122	-122	-122	122
CAGE_TSS_24619	4	+	11655690	11655548	24.19676018	11655548	0	-142	-142	-142	-142	142
CAGE_TSS_24627	4	+	11755309	11755079	7.373040199	11755079	0	-230	-230	-230	-230	230
CAGE_TSS_24628	4	+	11758607	11758315	5.543419838	11758315	0	-292	-292	-292	-292	292
CAGE_TSS_24631	4	+	11773337	11773114	11.32567978	11773114	0	-223	-223	-223	-223	223
CAGE_TSS_24636	4	+	11797599	11797455	6.466889858	11797455	0	-144	-144	-144	-144	144
CAGE_TSS_24637	4	+	11807648	11807447	18.26518059	11807447	0	-201	-201	-201	-201	201
CAGE_TSS_24645	4	+	11911574	11911483	7.771160126	11911483	0	-91	-91	-91	-91	91
CAGE_TSS_24646	4	+	11917086	11916920	23.83185959	11916920	0	-166	-166	-166	-166	166
CAGE_TSS_24647	4	+	11918165	11918010	6.222660065	11918010	0	-155	-155	-155	-155	155
CAGE_TSS_24656	4	+	11958381	11958156	5.011499882	11958156	0	-225	-225	-225	-225	225
CAGE_TSS_24658	4	+	11984139	11983951	5.80354023	11983951	0	-188	-188	-188	-188	188
CAGE_TSS_24660	4	+	11997394	11997391	7.516930103	11997391	0	-3	-3	-3	-3	3
CAGE_TSS_24667	4	+	12012676	12012548	73.97454834	12012548	0	-128	-128	-128	-128	128
CAGE_TSS_24669	4	+	12019500	12019359	5.697869778	12019359	0	-141	-141	-141	-141	141
CAGE_TSS_24673	4	+	12080059	12079842	147.1268768	12079842	0	-217	-217	-217	-217	217
CAGE_TSS_24681	4	+	12171069	12170929	19.67135048	12170929	0	-140	-140	-140	-140	140
CAGE_TSS_24692	4	+	12226152	12226089	88.18890381	12226089	0	-63	-63	-63	-63	63
CAGE_TSS_24693	4	+	12229107	12228921	65.62676239	12228921	0	-186	-186	-186	-186	186
CAGE_TSS_24696	4	+	12249141	12249076	28.3357296	12249076	0	-65	-65	-65	-65	65
CAGE_TSS_24700	4	+	12265605	12265419	5.024889946	12265419	0	-186	-186	-186	-186	186
CAGE_TSS_24701	4	+	12279032	12278937	24.21072006	12278937	0	-95	-95	-95	-95	95
CAGE_TSS_24702	4	+	12291740	12291611	14.48511028	12291611	0	-129	-129	-129	-129	129
CAGE_TSS_24711	4	+	12317033	12316894	9.030130386	12316894	0	-139	-139	-139	-139	139
CAGE_TSS_24719	4	+	12333060	12333106	10.21889973	12333106	0	46	46	46	46	46
CAGE_TSS_24729	4	+	12376191	12376181	17.32093048	12376181	0	-10	-10	-10	-10	10
CAGE_TSS_24743	4	+	12422102	12421988	27.29847908	12421988	0	-114	-114	-114	-114	114
CAGE_TSS_24745	4	+	12426610	12426482	26.4416008	12426482	0	-128	-128	-128	-128	128
CAGE_TSS_24762	4	+	12512717	12512613	10.98754025	12512613	0	-104	-104	-104	-104	104
CAGE_TSS_24763	4	+	12515049	12514899	8.706210136	12514899	0	-150	-150	-150	-150	150
CAGE_TSS_24765	4	+	12527755	12527606	7.892700195	12527606	0	-149	-149	-149	-149	149
CAGE_TSS_24766	4	+	12539809	12539641	6.727519989	12539641	0	-168	-168	-168	-168	168
CAGE_TSS_24771	4	+	12565204	12565080	10.90820026	12565080	0	-124	-124	-124	-124	124
CAGE_TSS_24773	4	+	12571760	12571714	38.51399994	12571714	0	-46	-46	-46	-46	46
CAGE_TSS_24776	4	+	12588523	12588315	17.67247963	12588315	0	-208	-208	-208	-208	208
CAGE_TSS_24783	4	+	12594339	12594154	19.47604942	12594154	0	-185	-185	-185	-185	185
CAGE_TSS_24785	4	+	12600874	12600820	74.17431641	12600820	0	-54	-54	-54	-54	54
CAGE_TSS_24786	4	+	12607451	12607322	131.6218567	12607322	0	-129	-129	-129	-129	129
CAGE_TSS_24787	4	+	12609617	12609526	158.6415558	12609526	0	-91	-91	-91	-91	91
CAGE_TSS_24788	4	+	12612534	12612404	171.1353302	12612404	0	-130	-130	-130	-130	130
CAGE_TSS_24790	4	+	12617291	12617053	11.56219006	12617053	0	-238	-238	-238	-238	238
CAGE_TSS_24803	4	+	12650035	12650011	24.19038963	12650011	0	-24	-24	-24	-24	24
CAGE_TSS_24805	4	+	12660901	12660661	64.76004028	12660661	0	-240	-240	-240	-240	240
CAGE_TSS_24807	4	+	12686495	12686364	32.19055939	12686364	0	-131	-131	-131	-131	131
CAGE_TSS_24810	4	+	12714657	12714587	14.76844025	12714587	0	-70	-70	-70	-70	70
CAGE_TSS_24819	4	+	12777613	12777470	26.40333939	12777470	0	-143	-143	-143	-143	143
CAGE_TSS_24820	4	+	12781925	12781814	25.99913979	12781814	0	-111	-111	-111	-111	111
CAGE_TSS_24825	4	+	12827937	12827671	12.68583012	12827671	0	-266	-266	-266	-266	266
CAGE_TSS_24829	4	+	12864641	12864494	276.308197	12864494	0	-147	-147	-147	-147	147
CAGE_TSS_24836	4	+	12872445	12872306	13.20374966	12872306	0	-139	-139	-139	-139	139
CAGE_TSS_24837	4	+	12876964	12876915	6.782100201	12876915	0	-49	-49	-49	-49	49
CAGE_TSS_24843	4	+	12909617	12909490	12.36853027	12909490	0	-127	-127	-127	-127	127
CAGE_TSS_24849	4	+	12923854	12923746	137.4058838	12923746	0	-108	-108	-108	-108	108
CAGE_TSS_24872	4	+	13074168	13074132	25.26221085	13074132	0	-36	-36	-36	-36	36
CAGE_TSS_24877	4	+	13088074	13088076	19.67642975	13088076	0	2	2	2	2	2
CAGE_TSS_24883	4	+	13124935	13124790	101.0717316	13124790	0	-145	-145	-145	-145	145
CAGE_TSS_24885	4	+	13130296	13130138	7.786260128	13130138	0	-158	-158	-158	-158	158
CAGE_TSS_24889	4	+	13136058	13135971	11.04343987	13135971	0	-87	-87	-87	-87	87
CAGE_TSS_24903	4	+	13200594	13200494	5.568769932	13200494	0	-100	-100	-100	-100	100
CAGE_TSS_24908	4	+	13224582	13224409	39.29721069	13224409	0	-173	-173	-173	-173	173
CAGE_TSS_24926	4	+	13293840	13293661	97.74842834	13293661	0	-179	-179	-179	-179	179
CAGE_TSS_24931	4	+	13361952	13361742	10.40190983	13361742	0	-210	-210	-210	-210	210
CAGE_TSS_24932	4	+	13365367	13365223	143.0122223	13365223	0	-144	-144	-144	-144	144
CAGE_TSS_24935	4	+	13371017	13371004	15.5451498	13371004	0	-13	-13	-13	-13	13
CAGE_TSS_24939	4	+	13383851	13383887	13.69414997	13383887	0	36	36	36	36	36
CAGE_TSS_24950	4	+	13445097	13444881	5.399340153	13444881	0	-216	-216	-216	-216	216
CAGE_TSS_24965	4	+	13497356	13497228	6.918129921	13497228	0	-128	-128	-128	-128	128
CAGE_TSS_24966	4	+	13505356	13505245	13.21940994	13505245	0	-111	-111	-111	-111	111
CAGE_TSS_24977	4	+	13586514	13586319	148.3327789	13586319	0	-195	-195	-195	-195	195
CAGE_TSS_24985	4	+	13653611	13653406	15.95199966	13653406	0	-205	-205	-205	-205	205
CAGE_TSS_24986	4	+	13666263	13666047	49.05966187	13666047	0	-216	-216	-216	-216	216
CAGE_TSS_24987	4	+	13675635	13675655	11.19727039	13675655	0	20	20	20	20	20
CAGE_TSS_24995	4	+	13718578	13718586	19.07148933	13718586	0	8	8	8	8	8
CAGE_TSS_24999	4	+	13725590	13725409	11.59527016	13725409	0	-181	-181	-181	-181	181
CAGE_TSS_25005	4	+	13735056	13735063	14.49639034	13735063	0	7	7	7	7	7
CAGE_TSS_25019	4	+	13809834	13809770	47.92945862	13809770	0	-64	-64	-64	-64	64
CAGE_TSS_25020	4	+	13811644	13811517	206.519043	13811517	0	-127	-127	-127	-127	127
CAGE_TSS_25021	4	+	13813043	13812845	71.50977325	13812845	0	-198	-198	-198	-198	198
CAGE_TSS_25023	4	+	13823597	13823452	6.208230019	13823452	0	-145	-145	-145	-145	145
CAGE_TSS_25029	4	+	13839104	13838821	13.12327003	13838821	0	-283	-283	-283	-283	283
CAGE_TSS_25031	4	+	13840373	13840351	5.106569767	13840351	0	-22	-22	-22	-22	22
CAGE_TSS_25035	4	+	13844065	13843954	8.737299919	13843954	0	-111	-111	-111	-111	111
CAGE_TSS_25037	4	+	13873790	13873705	108.3682022	13873705	0	-85	-85	-85	-85	85
CAGE_TSS_25042	4	+	13894164	13894130	6.3196702	13894130	0	-34	-34	-34	-34	34
CAGE_TSS_25045	4	+	13940677	13940651	5.384749889	13940651	0	-26	-26	-26	-26	26
CAGE_TSS_25048	4	+	13960031	13959819	41.347229	13959819	0	-212	-212	-212	-212	212
CAGE_TSS_25050	4	+	13980342	13980089	24.66839981	13980089	0	-253	-253	-253	-253	253
CAGE_TSS_25054	4	+	13993023	13992856	11.3016901	13992856	0	-167	-167	-167	-167	167
CAGE_TSS_25056	4	+	14004502	14004433	110.1188507	14004433	0	-69	-69	-69	-69	69
CAGE_TSS_25059	4	+	14014711	14014708	210.5968475	14014708	0	-3	-3	-3	-3	3
CAGE_TSS_25062	4	+	14026482	14026229	9.54403019	14026229	0	-253	-253	-253	-253	253
CAGE_TSS_25069	4	+	14059989	14059859	28.84864998	14059859	0	-130	-130	-130	-130	130
CAGE_TSS_25077	4	+	14107017	14107079	12.46148014	14107079	0	62	62	62	62	62
CAGE_TSS_25085	4	+	14149987	14149716	97.68070221	14149716	0	-271	-271	-271	-271	271
CAGE_TSS_25093	4	+	14199096	14199084	10.97418022	14199084	0	-12	-12	-12	-12	12
CAGE_TSS_25103	4	+	14240722	14240511	25.59148026	14240511	0	-211	-211	-211	-211	211
CAGE_TSS_25105	4	+	14244280	14244050	16.1652298	14244050	0	-230	-230	-230	-230	230
CAGE_TSS_25106	4	+	14246286	14246101	17.5441494	14246101	0	-185	-185	-185	-185	185
CAGE_TSS_25108	4	+	14251139	14251069	15.83065987	14251069	0	-70	-70	-70	-70	70
CAGE_TSS_25112	4	+	14271038	14270850	15.89358044	14270850	0	-188	-188	-188	-188	188
CAGE_TSS_25113	4	+	14274348	14274274	172.1339417	14274274	0	-74	-74	-74	-74	74
CAGE_TSS_25119	4	+	14293543	14293361	18.26038933	14293361	0	-182	-182	-182	-182	182
CAGE_TSS_25135	4	+	14321807	14321839	11.82485962	14321839	0	32	32	32	32	32
CAGE_TSS_25139	4	+	14341067	14340806	8.871159554	14340806	0	-261	-261	-261	-261	261
CAGE_TSS_25146	4	+	14380780	14380703	45.87184143	14380703	0	-77	-77	-77	-77	77
CAGE_TSS_25153	4	+	14385526	14385403	13.20835018	14385403	0	-123	-123	-123	-123	123
CAGE_TSS_25156	4	+	14400931	14400792	95.37744141	14400792	0	-139	-139	-139	-139	139
CAGE_TSS_25163	4	+	14444818	14444665	25.86636925	14444665	0	-153	-153	-153	-153	153
CAGE_TSS_25165	4	+	14447447	14447159	7.060259819	14447159	0	-288	-288	-288	-288	288
CAGE_TSS_25170	4	+	14458685	14458628	65.86302948	14458628	0	-57	-57	-57	-57	57
CAGE_TSS_25178	4	+	14497728	14497651	9.175450325	14497651	0	-77	-77	-77	-77	77
CAGE_TSS_25179	4	+	14517426	14517374	24.3453598	14517374	0	-52	-52	-52	-52	52
CAGE_TSS_25191	4	+	14626416	14626599	5.055580139	14626599	0	183	183	183	183	183
CAGE_TSS_25193	4	+	14644011	14643949	88.32511902	14643949	0	-62	-62	-62	-62	62
CAGE_TSS_25196	4	+	14657048	14657108	8.908459663	14657108	0	60	60	60	60	60
CAGE_TSS_25201	4	+	14713432	14713151	6.665850163	14713151	0	-281	-281	-281	-281	281
CAGE_TSS_25203	4	+	14742361	14742154	131.1235962	14742154	0	-207	-207	-207	-207	207
CAGE_TSS_25207	4	+	14762899	14762688	6.783800125	14762688	0	-211	-211	-211	-211	211
CAGE_TSS_25211	4	+	14796763	14796714	25.60375977	14796714	0	-49	-49	-49	-49	49
CAGE_TSS_25215	4	+	14831863	14831754	18.36667061	14831754	0	-109	-109	-109	-109	109
CAGE_TSS_25218	4	+	14847940	14847651	5.018290043	14847651	0	-289	-289	-289	-289	289
CAGE_TSS_25226	4	+	14894168	14894001	126.0489731	14894001	0	-167	-167	-167	-167	167
CAGE_TSS_25229	4	+	14903477	14903395	5.998760223	14903395	0	-82	-82	-82	-82	82
CAGE_TSS_25231	4	+	14920533	14920392	162.2079926	14920392	0	-141	-141	-141	-141	141
CAGE_TSS_25236	4	+	14944178	14944030	21.49757004	14944030	0	-148	-148	-148	-148	148
CAGE_TSS_25238	4	+	14950335	14950300	67.90757751	14950300	0	-35	-35	-35	-35	35
CAGE_TSS_25245	4	+	14955378	14955244	130.7576447	14955244	0	-134	-134	-134	-134	134
CAGE_TSS_25248	4	+	14982521	14982568	37.81438828	14982568	0	47	47	47	47	47
CAGE_TSS_25259	4	+	15039431	15039417	113.9512711	15039417	0	-14	-14	-14	-14	14
CAGE_TSS_25261	4	+	15054873	15054809	43.26076126	15054809	0	-64	-64	-64	-64	64
CAGE_TSS_25262	4	+	15067057	15066916	36.9253006	15066916	0	-141	-141	-141	-141	141
CAGE_TSS_25266	4	+	15074730	15074568	48.17451096	15074568	0	-162	-162	-162	-162	162
CAGE_TSS_25274	4	+	15103164	15103024	6.39620018	15103024	0	-140	-140	-140	-140	140
CAGE_TSS_25278	4	+	15120948	15120815	11.72085953	15120815	0	-133	-133	-133	-133	133
CAGE_TSS_25279	4	+	15123780	15123716	34.92058182	15123716	0	-64	-64	-64	-64	64
CAGE_TSS_25284	4	+	15155883	15155829	10.39132977	15155829	0	-54	-54	-54	-54	54
CAGE_TSS_25289	4	+	15185990	15185864	131.6805573	15185864	0	-126	-126	-126	-126	126
CAGE_TSS_25293	4	+	15188844	15188708	100.0714493	15188708	0	-136	-136	-136	-136	136
CAGE_TSS_25301	4	+	15205592	15205469	35.07062912	15205469	0	-123	-123	-123	-123	123
CAGE_TSS_25305	4	+	15216355	15216256	8.923130035	15216256	0	-99	-99	-99	-99	99
CAGE_TSS_25306	4	+	15221867	15221668	35.88259888	15221668	0	-199	-199	-199	-199	199
CAGE_TSS_25313	4	+	15263238	15263101	5.507480145	15263101	0	-137	-137	-137	-137	137
CAGE_TSS_25320	4	+	15295201	15294903	11.34759045	15294903	0	-298	-298	-298	-298	298
CAGE_TSS_25325	4	+	15331041	15330941	6.672279835	15330941	0	-100	-100	-100	-100	100
CAGE_TSS_25335	4	+	15410135	15410003	11.93212032	15410003	0	-132	-132	-132	-132	132
CAGE_TSS_25343	4	+	15469895	15469769	18.15374947	15469769	0	-126	-126	-126	-126	126
CAGE_TSS_25345	4	+	15479523	15479342	29.37244987	15479342	0	-181	-181	-181	-181	181
CAGE_TSS_25347	4	+	15487943	15487910	27.59305954	15487910	0	-33	-33	-33	-33	33
CAGE_TSS_25349	4	+	15490748	15490474	42.06118011	15490474	0	-274	-274	-274	-274	274
CAGE_TSS_25357	4	+	15501078	15501078	18.09337997	15501078	0	0	0	0	0	0
CAGE_TSS_25362	4	+	15528761	15528705	80.65950775	15528705	0	-56	-56	-56	-56	56
CAGE_TSS_25364	4	+	15544891	15544706	6.370560169	15544706	0	-185	-185	-185	-185	185
CAGE_TSS_25377	4	+	15617465	15617263	6.373350143	15617263	0	-202	-202	-202	-202	202
CAGE_TSS_25381	4	+	15638616	15638393	131.8523254	15638393	0	-223	-223	-223	-223	223
CAGE_TSS_25384	4	+	15676404	15676258	24.56686974	15676258	0	-146	-146	-146	-146	146
CAGE_TSS_25388	4	+	15707509	15707329	106.9803696	15707329	0	-180	-180	-180	-180	180
CAGE_TSS_25394	4	+	15731444	15731184	70.22267151	15731184	0	-260	-260	-260	-260	260
CAGE_TSS_25398	4	+	15765438	15765273	34.90270996	15765273	0	-165	-165	-165	-165	165
CAGE_TSS_25401	4	+	15787240	15787049	5.127580166	15787049	0	-191	-191	-191	-191	191
CAGE_TSS_25406	4	+	15804917	15804907	5.384749889	15804907	0	-10	-10	-10	-10	10
CAGE_TSS_25412	4	+	15828231	15828250	11.26325035	15828250	0	19	19	19	19	19
CAGE_TSS_25418	4	+	15862143	15861975	5.631080151	15861975	0	-168	-168	-168	-168	168
CAGE_TSS_25446	4	+	16056038	16055906	6.672440052	16055906	0	-132	-132	-132	-132	132
CAGE_TSS_25447	4	+	16072027	16071938	11.81807041	16071938	0	-89	-89	-89	-89	89
CAGE_TSS_25452	4	+	16091814	16091793	15.47681046	16091793	0	-21	-21	-21	-21	21
CAGE_TSS_25457	4	+	16118950	16118904	50.73888016	16118904	0	-46	-46	-46	-46	46
CAGE_TSS_25478	4	+	16185040	16184884	36.78689957	16184884	0	-156	-156	-156	-156	156
CAGE_TSS_25482	4	+	16249655	16249598	62.63285828	16249598	0	-57	-57	-57	-57	57
CAGE_TSS_25486	4	+	16263236	16263103	9.731949806	16263103	0	-133	-133	-133	-133	133
CAGE_TSS_25487	4	+	16266114	16265883	8.422980309	16265883	0	-231	-231	-231	-231	231
CAGE_TSS_25509	4	+	16330427	16330328	9.194399834	16330328	0	-99	-99	-99	-99	99
CAGE_TSS_25520	4	+	16341060	16340990	10.76496029	16340990	0	-70	-70	-70	-70	70
CAGE_TSS_25524	4	+	16354974	16354933	6.579070091	16354933	0	-41	-41	-41	-41	41
CAGE_TSS_25530	4	+	16394723	16394613	9.673290253	16394613	0	-110	-110	-110	-110	110
CAGE_TSS_25535	4	+	16407070	16406825	96.60349274	16406825	0	-245	-245	-245	-245	245
CAGE_TSS_25538	4	+	16414081	16413977	12.49635983	16413977	0	-104	-104	-104	-104	104
CAGE_TSS_25543	4	+	16441230	16441106	21.31640053	16441106	0	-124	-124	-124	-124	124
CAGE_TSS_25547	4	+	16460922	16460918	7.309549809	16460918	0	-4	-4	-4	-4	4
CAGE_TSS_25556	4	+	16500473	16500393	31.75835037	16500393	0	-80	-80	-80	-80	80
CAGE_TSS_25564	4	+	16538359	16538318	15.19353008	16538318	0	-41	-41	-41	-41	41
CAGE_TSS_25567	4	+	16542353	16542327	42.25793839	16542327	0	-26	-26	-26	-26	26
CAGE_TSS_25580	4	+	16594471	16594251	47.8726387	16594251	0	-220	-220	-220	-220	220
CAGE_TSS_25581	4	+	16596613	16596618	55.17507172	16596618	0	5	5	5	5	5
CAGE_TSS_25583	4	+	16599045	16598896	71.54193878	16598896	0	-149	-149	-149	-149	149
CAGE_TSS_25585	4	+	16614395	16614319	26.94749069	16614319	0	-76	-76	-76	-76	76
CAGE_TSS_25589	4	+	16635682	16635463	52.74977875	16635463	0	-219	-219	-219	-219	219
CAGE_TSS_25592	4	+	16637535	16637490	7.368639946	16637490	0	-45	-45	-45	-45	45
CAGE_TSS_25600	4	+	16680490	16680283	21.18634987	16680283	0	-207	-207	-207	-207	207
CAGE_TSS_25602	4	+	16694231	16694063	173.230957	16694063	0	-168	-168	-168	-168	168
CAGE_TSS_25616	4	+	16802008	16801861	22.86116028	16801861	0	-147	-147	-147	-147	147
CAGE_TSS_25622	4	+	16819815	16819641	60.71072006	16819641	0	-174	-174	-174	-174	174
CAGE_TSS_25633	4	+	16846300	16846081	39.0476799	16846081	0	-219	-219	-219	-219	219
CAGE_TSS_25640	4	+	16896365	16896074	10.76875019	16896074	0	-291	-291	-291	-291	291
CAGE_TSS_25642	4	+	16904144	16904034	35.11516953	16904034	0	-110	-110	-110	-110	110
CAGE_TSS_25649	4	+	16927928	16927745	24.87697029	16927745	0	-183	-183	-183	-183	183
CAGE_TSS_25650	4	+	16931091	16930916	23.84538078	16930916	0	-175	-175	-175	-175	175
CAGE_TSS_25653	4	+	16945021	16944887	20.61746979	16944887	0	-134	-134	-134	-134	134
CAGE_TSS_25656	4	+	16952515	16952325	23.11470985	16952325	0	-190	-190	-190	-190	190
CAGE_TSS_25661	4	+	16993084	16993077	25.04405022	16993077	0	-7	-7	-7	-7	7
CAGE_TSS_25662	4	+	16997137	16997007	9.500229836	16997007	0	-130	-130	-130	-130	130
CAGE_TSS_25671	4	+	17045092	17045040	51.15615845	17045040	0	-52	-52	-52	-52	52
CAGE_TSS_25674	4	+	17089943	17089811	16.55908966	17089811	0	-132	-132	-132	-132	132
CAGE_TSS_25681	4	+	17124000	17123907	8.445249557	17123907	0	-93	-93	-93	-93	93
CAGE_TSS_25687	4	+	17151009	17150765	6.085639954	17150765	0	-244	-244	-244	-244	244
CAGE_TSS_25694	4	+	17243642	17243483	25.58156967	17243483	0	-159	-159	-159	-159	159
CAGE_TSS_25700	4	+	17306073	17305889	9.402099609	17305889	0	-184	-184	-184	-184	184
CAGE_TSS_25702	4	+	17324613	17324498	6.41478014	17324498	0	-115	-115	-115	-115	115
CAGE_TSS_25705	4	+	17326616	17326483	5.82859993	17326483	0	-133	-133	-133	-133	133
CAGE_TSS_25706	4	+	17336272	17336143	14.00584984	17336143	0	-129	-129	-129	-129	129
CAGE_TSS_25708	4	+	17343502	17343297	5.578110218	17343297	0	-205	-205	-205	-205	205
CAGE_TSS_25711	4	+	17349390	17349275	7.162089825	17349275	0	-115	-115	-115	-115	115
CAGE_TSS_25712	4	+	17351333	17351216	8.85297966	17351216	0	-117	-117	-117	-117	117
CAGE_TSS_25714	4	+	17369063	17368969	15.79981995	17368969	0	-94	-94	-94	-94	94
CAGE_TSS_25716	4	+	17388813	17388870	73.58812714	17388870	0	57	57	57	57	57
CAGE_TSS_25721	4	+	17414129	17413949	14.41641045	17413949	0	-180	-180	-180	-180	180
CAGE_TSS_25723	4	+	17426971	17426869	23.41379929	17426869	0	-102	-102	-102	-102	102
CAGE_TSS_25725	4	+	17440278	17440272	12.76574039	17440272	0	-6	-6	-6	-6	6
CAGE_TSS_25731	4	+	17444309	17444151	214.2850342	17444151	0	-158	-158	-158	-158	158
CAGE_TSS_25733	4	+	17447631	17447513	29.23700905	17447513	0	-118	-118	-118	-118	118
CAGE_TSS_25744	4	+	17489475	17489396	5.296269894	17489396	0	-79	-79	-79	-79	79
CAGE_TSS_25745	4	+	17504414	17504440	23.53227043	17504440	0	26	26	26	26	26
CAGE_TSS_25752	4	+	17515077	17514934	17.06826019	17514934	0	-143	-143	-143	-143	143
CAGE_TSS_25753	4	+	17524460	17524306	11.71129036	17524306	0	-154	-154	-154	-154	154
CAGE_TSS_25759	4	+	17554755	17554558	30.52386093	17554558	0	-197	-197	-197	-197	197
CAGE_TSS_25764	4	+	17564072	17563921	68.40602112	17563921	0	-151	-151	-151	-151	151
CAGE_TSS_25765	4	+	17579660	17579593	38.27479172	17579593	0	-67	-67	-67	-67	67
CAGE_TSS_25766	4	+	17584050	17583799	19.09863091	17583799	0	-251	-251	-251	-251	251
CAGE_TSS_25772	4	+	17592207	17592120	14.80720997	17592120	0	-87	-87	-87	-87	87
CAGE_TSS_25774	4	+	17597191	17597124	14.74425983	17597124	0	-67	-67	-67	-67	67
CAGE_TSS_25777	4	+	17619126	17619175	13.08115959	17619175	0	49	49	49	49	49
CAGE_TSS_25779	4	+	17631658	17631648	5.507929802	17631648	0	-10	-10	-10	-10	10
CAGE_TSS_25782	4	+	17634751	17634629	12.15384007	17634629	0	-122	-122	-122	-122	122
CAGE_TSS_25784	4	+	17643656	17643413	62.79774094	17643413	0	-243	-243	-243	-243	243
CAGE_TSS_25791	4	+	17674283	17674018	193.4382172	17674018	0	-265	-265	-265	-265	265
CAGE_TSS_25798	4	+	17706535	17706343	20.94280052	17706343	0	-192	-192	-192	-192	192
CAGE_TSS_25805	4	+	17752084	17751935	9.955389977	17751935	0	-149	-149	-149	-149	149
CAGE_TSS_25806	4	+	17768131	17767858	25.00349998	17767858	0	-273	-273	-273	-273	273
CAGE_TSS_25814	4	+	17809713	17809651	259.8378906	17809651	0	-62	-62	-62	-62	62
CAGE_TSS_25823	4	+	17867479	17867358	7.100120068	17867358	0	-121	-121	-121	-121	121
CAGE_TSS_25834	4	+	17938420	17938337	101.1236572	17938337	0	-83	-83	-83	-83	83
CAGE_TSS_25835	4	+	17941819	17941608	10.63086987	17941608	0	-211	-211	-211	-211	211
CAGE_TSS_25838	4	+	17951431	17951252	53.00769043	17951252	0	-179	-179	-179	-179	179
CAGE_TSS_25844	4	+	17986518	17986333	29.90047073	17986333	0	-185	-185	-185	-185	185
CAGE_TSS_25849	4	+	18003915	18003777	10.1756897	18003777	0	-138	-138	-138	-138	138
CAGE_TSS_25854	4	+	18020673	18020589	22.12264061	18020589	0	-84	-84	-84	-84	84
CAGE_TSS_25855	4	+	18023169	18023014	45.94110107	18023014	0	-155	-155	-155	-155	155
CAGE_TSS_25857	4	+	18025656	18025624	20.3782692	18025624	0	-32	-32	-32	-32	32
CAGE_TSS_25862	4	+	18034450	18034517	5.150139809	18034517	0	67	67	67	67	67
CAGE_TSS_25864	4	+	18053652	18053557	9.887949944	18053557	0	-95	-95	-95	-95	95
CAGE_TSS_25868	4	+	18076428	18076158	38.98735809	18076158	0	-270	-270	-270	-270	270
CAGE_TSS_25871	4	+	18097017	18096935	27.35375023	18096935	0	-82	-82	-82	-82	82
CAGE_TSS_25874	4	+	18121524	18121340	5.239960194	18121340	0	-184	-184	-184	-184	184
CAGE_TSS_25882	4	+	18149534	18149364	80.62754822	18149364	0	-170	-170	-170	-170	170
CAGE_TSS_25883	4	+	18151960	18152036	87.40312958	18152036	0	76	76	76	76	76
CAGE_TSS_25889	4	+	18185667	18185624	167.1156464	18185624	0	-43	-43	-43	-43	43
CAGE_TSS_25905	4	+	18259656	18259469	13.18344021	18259469	0	-187	-187	-187	-187	187
CAGE_TSS_25911	4	+	18276533	18276374	29.35782051	18276374	0	-159	-159	-159	-159	159
CAGE_TSS_25929	4	+	18324661	18324536	28.07416916	18324536	0	-125	-125	-125	-125	125
CAGE_TSS_25939	4	+	18400026	18399883	206.7224884	18399883	0	-143	-143	-143	-143	143
CAGE_TSS_25942	4	+	18410174	18409970	57.91358185	18409970	0	-204	-204	-204	-204	204
CAGE_TSS_25946	4	+	18432912	18432813	107.8100433	18432813	0	-99	-99	-99	-99	99
CAGE_TSS_25948	4	+	18458071	18457928	37.95236969	18457928	0	-143	-143	-143	-143	143
CAGE_TSS_25949	4	+	18466544	18466457	11.57314014	18466457	0	-87	-87	-87	-87	87
CAGE_TSS_25954	4	+	18488503	18488468	37.08470917	18488468	0	-35	-35	-35	-35	35
CAGE_TSS_25963	4	+	18505966	18505929	21.32875061	18505929	0	-37	-37	-37	-37	37
CAGE_TSS_25965	4	+	18519720	18519583	186.1315613	18519583	0	-137	-137	-137	-137	137
CAGE_TSS_25966	4	+	18520608	18520889	86.00057983	18520889	0	281	281	281	281	281
CAGE_TSS_25969	4	+	18525249	18524982	211.922348	18524982	0	-267	-267	-267	-267	267
CAGE_TSS_25976	4	+	18542565	18542444	267.5887146	18542444	0	-121	-121	-121	-121	121
CAGE_TSS_25980	4	+	18576422	18576281	12.60556984	18576281	0	-141	-141	-141	-141	141
CAGE_TSS_25981	4	+	18579313	18579187	15.28652954	18579187	0	-126	-126	-126	-126	126
CAGE_TSS_29087	5	+	58185	58131	8.124790192	58131	0	-54	-54	-54	-54	54
CAGE_TSS_29091	5	+	84478	84196	11.42959976	84196	0	-282	-282	-282	-282	282
CAGE_TSS_29096	5	+	105362	105156	138.1616364	105156	0	-206	-206	-206	-206	206
CAGE_TSS_29099	5	+	144207	144171	19.67280006	144171	0	-36	-36	-36	-36	36
CAGE_TSS_29101	5	+	186756	186610	12.98696041	186610	0	-146	-146	-146	-146	146
CAGE_TSS_29103	5	+	195510	195238	64.66153717	195238	0	-272	-272	-272	-272	272
CAGE_TSS_29106	5	+	206432	206227	69.25305939	206227	0	-205	-205	-205	-205	205
CAGE_TSS_29118	5	+	230988	230750	18.31583977	230750	0	-238	-238	-238	-238	238
CAGE_TSS_29119	5	+	232766	232503	22.96067047	232503	0	-263	-263	-263	-263	263
CAGE_TSS_29123	5	+	287649	287807	64.7893219	287807	0	158	158	158	158	158
CAGE_TSS_29124	5	+	289926	289639	10.11419964	289639	0	-287	-287	-287	-287	287
CAGE_TSS_29125	5	+	290610	290734	20.92399979	290734	0	124	124	124	124	124
CAGE_TSS_29126	5	+	291710	291499	32.07532883	291499	0	-211	-211	-211	-211	211
CAGE_TSS_29139	5	+	338906	338635	5.110249996	338635	0	-271	-271	-271	-271	271
CAGE_TSS_29150	5	+	413522	413360	165.2226257	413360	0	-162	-162	-162	-162	162
CAGE_TSS_29151	5	+	419120	418971	39.686409	418971	0	-149	-149	-149	-149	149
CAGE_TSS_29159	5	+	437446	437248	36.69347	437248	0	-198	-198	-198	-198	198
CAGE_TSS_29160	5	+	448137	447938	20.21240997	447938	0	-199	-199	-199	-199	199
CAGE_TSS_29175	5	+	503407	503112	98.2950592	503112	0	-295	-295	-295	-295	295
CAGE_TSS_29177	5	+	523431	523430	8.705450058	523430	0	-1	-1	-1	-1	1
CAGE_TSS_29183	5	+	547563	547447	27.88278008	547447	0	-116	-116	-116	-116	116
CAGE_TSS_29197	5	+	587562	587452	10.27935028	587452	0	-110	-110	-110	-110	110
CAGE_TSS_29199	5	+	589254	589403	41.19952011	589403	0	149	149	149	149	149
CAGE_TSS_29216	5	+	648709	648683	19.4214592	648683	0	-26	-26	-26	-26	26
CAGE_TSS_29219	5	+	654031	653921	46.98348999	653921	0	-110	-110	-110	-110	110
CAGE_TSS_29224	5	+	662064	661784	49.00777054	661784	0	-280	-280	-280	-280	280
CAGE_TSS_29229	5	+	694978	694849	14.65190029	694849	0	-129	-129	-129	-129	129
CAGE_TSS_29232	5	+	721879	721742	42.52222061	721742	0	-137	-137	-137	-137	137
CAGE_TSS_29242	5	+	745564	745285	47.07809067	745285	0	-279	-279	-279	-279	279
CAGE_TSS_29244	5	+	750128	750065	72.15435028	750065	0	-63	-63	-63	-63	63
CAGE_TSS_29245	5	+	758372	758176	64.39096832	758176	0	-196	-196	-196	-196	196
CAGE_TSS_29247	5	+	769513	769351	96.30230713	769351	0	-162	-162	-162	-162	162
CAGE_TSS_29250	5	+	781709	781642	94.84030914	781642	0	-67	-67	-67	-67	67
CAGE_TSS_29251	5	+	787428	787346	49.61376953	787346	0	-82	-82	-82	-82	82
CAGE_TSS_29252	5	+	793498	793482	6.57886982	793482	0	-16	-16	-16	-16	16
CAGE_TSS_29258	5	+	802090	802000	6.345079899	802000	0	-90	-90	-90	-90	90
CAGE_TSS_29260	5	+	807040	806828	6.207300186	806828	0	-212	-212	-212	-212	212
CAGE_TSS_29264	5	+	817834	817691	52.57481003	817691	0	-143	-143	-143	-143	143
CAGE_TSS_29265	5	+	835152	834996	85.41809082	834996	0	-156	-156	-156	-156	156
CAGE_TSS_29269	5	+	862591	862475	10.81352043	862475	0	-116	-116	-116	-116	116
CAGE_TSS_29270	5	+	864306	864153	112.7598419	864153	0	-153	-153	-153	-153	153
CAGE_TSS_29273	5	+	866449	866270	85.61058044	866270	0	-179	-179	-179	-179	179
CAGE_TSS_29277	5	+	880320	880213	7.499959946	880213	0	-107	-107	-107	-107	107
CAGE_TSS_29278	5	+	883531	883571	5.611440182	883571	0	40	40	40	40	40
CAGE_TSS_29283	5	+	894707	894531	35.19438171	894531	0	-176	-176	-176	-176	176
CAGE_TSS_29284	5	+	895939	895937	22.36411095	895937	0	-2	-2	-2	-2	2
CAGE_TSS_29288	5	+	927170	927047	6.439509869	927047	0	-123	-123	-123	-123	123
CAGE_TSS_29294	5	+	947141	946979	46.76493835	946979	0	-162	-162	-162	-162	162
CAGE_TSS_29303	5	+	1038570	1038369	35.10443878	1038369	0	-201	-201	-201	-201	201
CAGE_TSS_29307	5	+	1052595	1052626	7.925169945	1052626	0	31	31	31	31	31
CAGE_TSS_29310	5	+	1089674	1089652	110.532959	1089652	0	-22	-22	-22	-22	22
CAGE_TSS_29312	5	+	1099118	1099108	9.704719543	1099108	0	-10	-10	-10	-10	10
CAGE_TSS_29313	5	+	1102104	1101815	16.14022064	1101815	0	-289	-289	-289	-289	289
CAGE_TSS_29315	5	+	1119998	1119809	10.97702026	1119809	0	-189	-189	-189	-189	189
CAGE_TSS_29340	5	+	1176004	1175851	42.03329849	1175851	0	-153	-153	-153	-153	153
CAGE_TSS_29344	5	+	1209208	1209124	5.080239773	1209124	0	-84	-84	-84	-84	84
CAGE_TSS_29346	5	+	1231961	1231865	56.50437927	1231865	0	-96	-96	-96	-96	96
CAGE_TSS_29347	5	+	1243753	1243583	60.61437988	1243583	0	-170	-170	-170	-170	170
CAGE_TSS_29348	5	+	1254847	1254849	18.09337997	1254849	0	2	2	2	2	2
CAGE_TSS_29349	5	+	1259613	1259367	24.17733955	1259367	0	-246	-246	-246	-246	246
CAGE_TSS_29350	5	+	1266901	1266646	22.99580002	1266646	0	-255	-255	-255	-255	255
CAGE_TSS_29351	5	+	1279798	1279639	19.1328392	1279639	0	-159	-159	-159	-159	159
CAGE_TSS_29370	5	+	1327131	1327120	7.194029808	1327120	0	-11	-11	-11	-11	11
CAGE_TSS_29377	5	+	1379079	1378781	5.624800205	1378781	0	-298	-298	-298	-298	298
CAGE_TSS_29382	5	+	1399620	1399550	8.235170364	1399550	0	-70	-70	-70	-70	70
CAGE_TSS_29384	5	+	1422862	1422735	46.85105133	1422735	0	-127	-127	-127	-127	127
CAGE_TSS_29389	5	+	1444876	1444844	13.46380043	1444844	0	-32	-32	-32	-32	32
CAGE_TSS_29390	5	+	1461909	1461655	7.394999981	1461655	0	-254	-254	-254	-254	254
CAGE_TSS_29397	5	+	1519811	1519593	70.45477295	1519593	0	-218	-218	-218	-218	218
CAGE_TSS_29400	5	+	1536064	1536042	9.064149857	1536042	0	-22	-22	-22	-22	22
CAGE_TSS_29403	5	+	1541452	1541166	22.8024292	1541166	0	-286	-286	-286	-286	286
CAGE_TSS_29406	5	+	1551386	1551260	9.441740036	1551260	0	-126	-126	-126	-126	126
CAGE_TSS_29407	5	+	1563407	1563176	18.0449295	1563176	0	-231	-231	-231	-231	231
CAGE_TSS_29414	5	+	1592149	1592056	20.35880089	1592056	0	-93	-93	-93	-93	93
CAGE_TSS_29417	5	+	1606442	1606401	10.54872036	1606401	0	-41	-41	-41	-41	41
CAGE_TSS_29418	5	+	1609293	1609067	38.76829147	1609067	0	-226	-226	-226	-226	226
CAGE_TSS_29422	5	+	1615555	1615438	44.10850906	1615438	0	-117	-117	-117	-117	117
CAGE_TSS_29425	5	+	1629664	1629462	10.34350014	1629462	0	-202	-202	-202	-202	202
CAGE_TSS_29426	5	+	1632862	1632852	7.217959881	1632852	0	-10	-10	-10	-10	10
CAGE_TSS_29427	5	+	1636387	1636309	186.1349182	1636309	0	-78	-78	-78	-78	78
CAGE_TSS_29432	5	+	1672194	1672033	103.618103	1672033	0	-161	-161	-161	-161	161
CAGE_TSS_29445	5	+	1765492	1765359	15.15036011	1765359	0	-133	-133	-133	-133	133
CAGE_TSS_29447	5	+	1767620	1767529	13.56130028	1767529	0	-91	-91	-91	-91	91
CAGE_TSS_29449	5	+	1769596	1769460	57.00492096	1769460	0	-136	-136	-136	-136	136
CAGE_TSS_29452	5	+	1785912	1785858	6.293980122	1785858	0	-54	-54	-54	-54	54
CAGE_TSS_29456	5	+	1804804	1804742	23.50535965	1804742	0	-62	-62	-62	-62	62
CAGE_TSS_29496	5	+	2046809	2046640	26.74271965	2046640	0	-169	-169	-169	-169	169
CAGE_TSS_29497	5	+	2056654	2056525	12.72729969	2056525	0	-129	-129	-129	-129	129
CAGE_TSS_29504	5	+	2103159	2103025	14.43577003	2103025	0	-134	-134	-134	-134	134
CAGE_TSS_29507	5	+	2120526	2120367	34.07693863	2120367	0	-159	-159	-159	-159	159
CAGE_TSS_29508	5	+	2132350	2132282	44.50856018	2132282	0	-68	-68	-68	-68	68
CAGE_TSS_29513	5	+	2144998	2144833	26.16155052	2144833	0	-165	-165	-165	-165	165
CAGE_TSS_29519	5	+	2169662	2169602	45.55445862	2169602	0	-60	-60	-60	-60	60
CAGE_TSS_29527	5	+	2204247	2204180	23.92859077	2204180	0	-67	-67	-67	-67	67
CAGE_TSS_29528	5	+	2206098	2206010	178.7036896	2206010	0	-88	-88	-88	-88	88
CAGE_TSS_29536	5	+	2280604	2280618	22.28215027	2280618	0	14	14	14	14	14
CAGE_TSS_29538	5	+	2293374	2293384	8.617529869	2293384	0	10	10	10	10	10
CAGE_TSS_29539	5	+	2299868	2299719	97.48159027	2299719	0	-149	-149	-149	-149	149
CAGE_TSS_29540	5	+	2309942	2309858	367.6368713	2309858	0	-84	-84	-84	-84	84
CAGE_TSS_29541	5	+	2317257	2317073	26.58572006	2317073	0	-184	-184	-184	-184	184
CAGE_TSS_29542	5	+	2330384	2330354	7.863999844	2330354	0	-30	-30	-30	-30	30
CAGE_TSS_29544	5	+	2340677	2340646	16.21339989	2340646	0	-31	-31	-31	-31	31
CAGE_TSS_29564	5	+	2399689	2399422	22.66546059	2399422	0	-267	-267	-267	-267	267
CAGE_TSS_29577	5	+	2483282	2483141	6.750559807	2483141	0	-141	-141	-141	-141	141
CAGE_TSS_29580	5	+	2513818	2513768	20.96231079	2513768	0	-50	-50	-50	-50	50
CAGE_TSS_29582	5	+	2533704	2533563	6.882540226	2533563	0	-141	-141	-141	-141	141
CAGE_TSS_29596	5	+	2588340	2588060	79.72644043	2588060	0	-280	-280	-280	-280	280
CAGE_TSS_29603	5	+	2657169	2657037	6.072529793	2657037	0	-132	-132	-132	-132	132
CAGE_TSS_29612	5	+	2680790	2680769	10.68636036	2680769	0	-21	-21	-21	-21	21
CAGE_TSS_29622	5	+	2716625	2716614	64.73560333	2716614	0	-11	-11	-11	-11	11
CAGE_TSS_29626	5	+	2753139	2753062	302.967926	2753062	0	-77	-77	-77	-77	77
CAGE_TSS_29634	5	+	2783408	2783345	74.833992	2783345	0	-63	-63	-63	-63	63
CAGE_TSS_29638	5	+	2794468	2794332	32.01728821	2794332	0	-136	-136	-136	-136	136
CAGE_TSS_29642	5	+	2821927	2821789	23.24080086	2821789	0	-138	-138	-138	-138	138
CAGE_TSS_29662	5	+	2928194	2927926	5.649720192	2927926	0	-268	-268	-268	-268	268
CAGE_TSS_29682	5	+	3066657	3066508	21.00452995	3066508	0	-149	-149	-149	-149	149
CAGE_TSS_29688	5	+	3106412	3106217	8.504119873	3106217	0	-195	-195	-195	-195	195
CAGE_TSS_29692	5	+	3118998	3118796	10.5352602	3118796	0	-202	-202	-202	-202	202
CAGE_TSS_29694	5	+	3122756	3122541	203.496994	3122541	0	-215	-215	-215	-215	215
CAGE_TSS_29696	5	+	3127935	3127858	17.17547989	3127858	0	-77	-77	-77	-77	77
CAGE_TSS_29717	5	+	3232652	3232533	19.85790062	3232533	0	-119	-119	-119	-119	119
CAGE_TSS_29732	5	+	3343241	3343096	9.55053997	3343096	0	-145	-145	-145	-145	145
CAGE_TSS_29736	5	+	3353490	3353430	20.66180992	3353430	0	-60	-60	-60	-60	60
CAGE_TSS_29744	5	+	3398997	3398727	159.9953613	3398727	0	-270	-270	-270	-270	270
CAGE_TSS_29757	5	+	3464248	3464025	26.08927917	3464025	0	-223	-223	-223	-223	223
CAGE_TSS_29769	5	+	3524680	3524515	13.30601025	3524515	0	-165	-165	-165	-165	165
CAGE_TSS_29774	5	+	3532115	3531971	76.14346313	3531971	0	-144	-144	-144	-144	144
CAGE_TSS_29776	5	+	3536230	3535975	5.485439777	3535975	0	-255	-255	-255	-255	255
CAGE_TSS_29777	5	+	3550548	3550477	8.244779587	3550477	0	-71	-71	-71	-71	71
CAGE_TSS_29784	5	+	3580409	3580382	40.0969696	3580382	0	-27	-27	-27	-27	27
CAGE_TSS_29792	5	+	3644600	3644510	11.30708027	3644510	0	-90	-90	-90	-90	90
CAGE_TSS_29807	5	+	3679814	3679691	51.38489151	3679691	0	-123	-123	-123	-123	123
CAGE_TSS_29809	5	+	3708285	3708083	10.83460999	3708083	0	-202	-202	-202	-202	202
CAGE_TSS_29810	5	+	3718860	3718619	5.102519989	3718619	0	-241	-241	-241	-241	241
CAGE_TSS_29815	5	+	3754352	3754251	61.1237793	3754251	0	-101	-101	-101	-101	101
CAGE_TSS_29825	5	+	3776796	3776649	11.49353981	3776649	0	-147	-147	-147	-147	147
CAGE_TSS_29826	5	+	3780339	3780518	10.24594021	3780518	0	179	179	179	179	179
CAGE_TSS_29834	5	+	3799573	3799398	13.24973965	3799398	0	-175	-175	-175	-175	175
CAGE_TSS_29837	5	+	3808719	3808490	33.43806839	3808490	0	-229	-229	-229	-229	229
CAGE_TSS_29839	5	+	3825520	3825565	21.11362076	3825565	0	45	45	45	45	45
CAGE_TSS_29840	5	+	3831702	3831465	10.48705006	3831465	0	-237	-237	-237	-237	237
CAGE_TSS_29841	5	+	3834123	3833922	20.73856926	3833922	0	-201	-201	-201	-201	201
CAGE_TSS_29857	5	+	3919594	3919308	23.50535965	3919308	0	-286	-286	-286	-286	286
CAGE_TSS_29858	5	+	3931640	3931528	31.57278061	3931528	0	-112	-112	-112	-112	112
CAGE_TSS_29859	5	+	3933024	3933187	6.041649818	3933187	0	163	163	163	163	163
CAGE_TSS_29872	5	+	4056153	4056094	11.75123978	4056094	0	-59	-59	-59	-59	59
CAGE_TSS_29873	5	+	4087714	4087708	9.81774044	4087708	0	-6	-6	-6	-6	6
CAGE_TSS_29876	5	+	4092978	4092815	11.69935989	4092815	0	-163	-163	-163	-163	163
CAGE_TSS_29881	5	+	4133213	4133086	7.866189957	4133086	0	-127	-127	-127	-127	127
CAGE_TSS_29889	5	+	4158876	4158709	8.471019745	4158709	0	-167	-167	-167	-167	167
CAGE_TSS_29890	5	+	4176596	4176584	7.149720192	4176584	0	-12	-12	-12	-12	12
CAGE_TSS_29891	5	+	4196575	4196480	7.614520073	4196480	0	-95	-95	-95	-95	95
CAGE_TSS_29896	5	+	4218917	4218819	236.5080261	4218819	0	-98	-98	-98	-98	98
CAGE_TSS_29903	5	+	4272057	4271940	11.98910999	4271940	0	-117	-117	-117	-117	117
CAGE_TSS_29905	5	+	4283616	4283451	30.17736053	4283451	0	-165	-165	-165	-165	165
CAGE_TSS_29906	5	+	4286857	4286728	23.47484016	4286728	0	-129	-129	-129	-129	129
CAGE_TSS_29911	5	+	4335467	4335417	62.59339905	4335417	0	-50	-50	-50	-50	50
CAGE_TSS_29912	5	+	4338262	4338026	79.25093079	4338026	0	-236	-236	-236	-236	236
CAGE_TSS_29914	5	+	4345341	4345336	128.8936615	4345336	0	-5	-5	-5	-5	5
CAGE_TSS_29921	5	+	4383016	4382919	51.17282867	4382919	0	-97	-97	-97	-97	97
CAGE_TSS_29933	5	+	4426555	4426484	18.4218998	4426484	0	-71	-71	-71	-71	71
CAGE_TSS_29939	5	+	4438252	4437975	10.68636036	4437975	0	-277	-277	-277	-277	277
CAGE_TSS_29942	5	+	4442013	4441719	337.4180298	4441719	0	-294	-294	-294	-294	294
CAGE_TSS_29943	5	+	4443929	4443881	16.93279076	4443881	0	-48	-48	-48	-48	48
CAGE_TSS_29944	5	+	4445401	4445290	86.05352783	4445290	0	-111	-111	-111	-111	111
CAGE_TSS_29951	5	+	4471303	4471092	36.47716904	4471092	0	-211	-211	-211	-211	211
CAGE_TSS_29959	5	+	4501460	4501374	95.56581879	4501374	0	-86	-86	-86	-86	86
CAGE_TSS_29960	5	+	4508529	4508438	8.091890335	4508438	0	-91	-91	-91	-91	91
CAGE_TSS_29962	5	+	4518010	4517724	95.90972137	4517724	0	-286	-286	-286	-286	286
CAGE_TSS_29963	5	+	4526811	4526556	32.37734985	4526556	0	-255	-255	-255	-255	255
CAGE_TSS_29965	5	+	4533272	4533191	7.466509819	4533191	0	-81	-81	-81	-81	81
CAGE_TSS_29972	5	+	4556158	4556137	38.51134109	4556137	0	-21	-21	-21	-21	21
CAGE_TSS_29974	5	+	4576203	4576140	52.70336914	4576140	0	-63	-63	-63	-63	63
CAGE_TSS_29982	5	+	4600990	4600835	24.89808083	4600835	0	-155	-155	-155	-155	155
CAGE_TSS_29986	5	+	4610626	4610476	5.594130039	4610476	0	-150	-150	-150	-150	150
CAGE_TSS_29987	5	+	4615329	4615361	5.67621994	4615361	0	32	32	32	32	32
CAGE_TSS_29989	5	+	4630974	4630738	91.42201233	4630738	0	-236	-236	-236	-236	236
CAGE_TSS_29990	5	+	4652980	4652842	89.65512085	4652842	0	-138	-138	-138	-138	138
CAGE_TSS_29995	5	+	4694515	4694295	14.41641045	4694295	0	-220	-220	-220	-220	220
CAGE_TSS_30009	5	+	4756217	4756087	143.4663849	4756087	0	-130	-130	-130	-130	130
CAGE_TSS_30022	5	+	4776985	4776871	5.290410042	4776871	0	-114	-114	-114	-114	114
CAGE_TSS_30027	5	+	4782948	4782824	5.744339943	4782824	0	-124	-124	-124	-124	124
CAGE_TSS_30030	5	+	4813998	4813915	12.71249008	4813915	0	-83	-83	-83	-83	83
CAGE_TSS_30040	5	+	4828718	4828501	21.55203056	4828501	0	-217	-217	-217	-217	217
CAGE_TSS_30041	5	+	4841256	4841137	20.16072083	4841137	0	-119	-119	-119	-119	119
CAGE_TSS_30050	5	+	4886189	4886124	101.3936615	4886124	0	-65	-65	-65	-65	65
CAGE_TSS_30052	5	+	4898763	4898590	9.243430138	4898590	0	-173	-173	-173	-173	173
CAGE_TSS_30059	5	+	4947648	4947530	40.74486923	4947530	0	-118	-118	-118	-118	118
CAGE_TSS_30061	5	+	4958347	4958257	6.233829975	4958257	0	-90	-90	-90	-90	90
CAGE_TSS_30070	5	+	5012092	5011899	11.50924015	5011899	0	-193	-193	-193	-193	193
CAGE_TSS_30073	5	+	5066220	5066112	5.140880108	5066112	0	-108	-108	-108	-108	108
CAGE_TSS_30075	5	+	5078192	5078064	95.31963348	5078064	0	-128	-128	-128	-128	128
CAGE_TSS_30079	5	+	5087426	5087325	5.048719883	5087325	0	-101	-101	-101	-101	101
CAGE_TSS_30080	5	+	5092156	5092064	95.14012146	5092064	0	-92	-92	-92	-92	92
CAGE_TSS_30085	5	+	5114809	5115099	67.37818146	5115099	0	290	290	290	290	290
CAGE_TSS_30088	5	+	5130529	5130446	5.778120041	5130446	0	-83	-83	-83	-83	83
CAGE_TSS_30094	5	+	5157867	5157718	6.956610203	5157718	0	-149	-149	-149	-149	149
CAGE_TSS_30095	5	+	5161741	5161625	15.24596977	5161625	0	-116	-116	-116	-116	116
CAGE_TSS_30098	5	+	5177781	5177836	16.95889091	5177836	0	55	55	55	55	55
CAGE_TSS_30103	5	+	5199745	5199734	7.714560032	5199734	0	-11	-11	-11	-11	11
CAGE_TSS_30108	5	+	5209931	5209792	70.85942078	5209792	0	-139	-139	-139	-139	139
CAGE_TSS_30109	5	+	5211905	5211766	114.2165527	5211766	0	-139	-139	-139	-139	139
CAGE_TSS_30136	5	+	5306922	5306795	63.97264099	5306795	0	-127	-127	-127	-127	127
CAGE_TSS_30138	5	+	5311280	5311115	12.23608971	5311115	0	-165	-165	-165	-165	165
CAGE_TSS_30139	5	+	5316277	5316203	44.91231155	5316203	0	-74	-74	-74	-74	74
CAGE_TSS_30140	5	+	5333763	5333715	51.53158951	5333715	0	-48	-48	-48	-48	48
CAGE_TSS_30145	5	+	5352675	5352385	83.62664795	5352385	0	-290	-290	-290	-290	290
CAGE_TSS_30150	5	+	5374059	5373796	33.09524918	5373796	0	-263	-263	-263	-263	263
CAGE_TSS_30155	5	+	5392718	5392575	11.56770992	5392575	0	-143	-143	-143	-143	143
CAGE_TSS_30159	5	+	5405500	5405326	14.80381966	5405326	0	-174	-174	-174	-174	174
CAGE_TSS_30167	5	+	5450724	5450648	18.44593048	5450648	0	-76	-76	-76	-76	76
CAGE_TSS_30173	5	+	5483288	5483196	6.476039886	5483196	0	-92	-92	-92	-92	92
CAGE_TSS_30178	5	+	5494227	5493947	8.091890335	5493947	0	-280	-280	-280	-280	280
CAGE_TSS_30179	5	+	5497662	5497513	61.77648163	5497513	0	-149	-149	-149	-149	149
CAGE_TSS_30183	5	+	5509691	5509518	106.1828918	5509518	0	-173	-173	-173	-173	173
CAGE_TSS_30187	5	+	5535880	5535893	9.54613018	5535893	0	13	13	13	13	13
CAGE_TSS_30188	5	+	5548989	5548895	12.95269012	5548895	0	-94	-94	-94	-94	94
CAGE_TSS_30189	5	+	5551627	5551539	5.440289974	5551539	0	-88	-88	-88	-88	88
CAGE_TSS_30191	5	+	5561026	5560822	11.9435997	5560822	0	-204	-204	-204	-204	204
CAGE_TSS_30196	5	+	5594735	5594564	9.092149734	5594564	0	-171	-171	-171	-171	171
CAGE_TSS_30204	5	+	5652228	5652149	91.33390045	5652149	0	-79	-79	-79	-79	79
CAGE_TSS_30207	5	+	5666851	5666737	111.5850983	5666737	0	-114	-114	-114	-114	114
CAGE_TSS_30209	5	+	5686296	5686238	22.98587036	5686238	0	-58	-58	-58	-58	58
CAGE_TSS_30210	5	+	5711065	5710867	9.547969818	5710867	0	-198	-198	-198	-198	198
CAGE_TSS_30213	5	+	5714308	5714103	6.651450157	5714103	0	-205	-205	-205	-205	205
CAGE_TSS_30215	5	+	5718771	5718580	14.34788036	5718580	0	-191	-191	-191	-191	191
CAGE_TSS_30216	5	+	5720375	5720193	11.86262035	5720193	0	-182	-182	-182	-182	182
CAGE_TSS_30218	5	+	5727603	5727414	6.788889885	5727414	0	-189	-189	-189	-189	189
CAGE_TSS_30244	5	+	5935879	5935596	6.048560143	5935596	0	-283	-283	-283	-283	283
CAGE_TSS_30257	5	+	5957215	5956969	346.9744873	5956969	0	-246	-246	-246	-246	246
CAGE_TSS_30270	5	+	5991062	5990938	17.70685005	5990938	0	-124	-124	-124	-124	124
CAGE_TSS_30274	5	+	6006043	6006043	47.76042175	6006043	0	0	0	0	0	0
CAGE_TSS_30278	5	+	6015225	6014996	277.6946106	6014996	0	-229	-229	-229	-229	229
CAGE_TSS_30285	5	+	6062152	6061942	51.11444092	6061942	0	-210	-210	-210	-210	210
CAGE_TSS_30289	5	+	6122864	6122779	10.06107998	6122779	0	-85	-85	-85	-85	85
CAGE_TSS_30303	5	+	6202680	6202521	72.33261108	6202521	0	-159	-159	-159	-159	159
CAGE_TSS_30304	5	+	6212795	6212613	9.374890327	6212613	0	-182	-182	-182	-182	182
CAGE_TSS_30305	5	+	6217920	6217916	17.03963089	6217916	0	-4	-4	-4	-4	4
CAGE_TSS_30309	5	+	6225956	6225776	20.43016052	6225776	0	-180	-180	-180	-180	180
CAGE_TSS_30321	5	+	6276067	6275776	13.58957958	6275776	0	-291	-291	-291	-291	291
CAGE_TSS_30326	5	+	6310068	6309910	23.36510086	6309910	0	-158	-158	-158	-158	158
CAGE_TSS_30328	5	+	6330290	6330240	16.97900963	6330240	0	-50	-50	-50	-50	50
CAGE_TSS_30333	5	+	6378351	6378097	20.87611008	6378097	0	-254	-254	-254	-254	254
CAGE_TSS_30336	5	+	6414479	6414281	226.8562622	6414281	0	-198	-198	-198	-198	198
CAGE_TSS_30348	5	+	6457261	6457142	27.94561005	6457142	0	-119	-119	-119	-119	119
CAGE_TSS_30352	5	+	6467598	6467477	145.3295288	6467477	0	-121	-121	-121	-121	121
CAGE_TSS_30354	5	+	6470172	6470072	8.214799881	6470072	0	-100	-100	-100	-100	100
CAGE_TSS_30357	5	+	6471935	6471650	8.042499542	6471650	0	-285	-285	-285	-285	285
CAGE_TSS_30363	5	+	6494098	6493966	32.56122971	6493966	0	-132	-132	-132	-132	132
CAGE_TSS_30366	5	+	6498736	6498690	5.991409779	6498690	0	-46	-46	-46	-46	46
CAGE_TSS_30374	5	+	6556429	6556319	17.09744072	6556319	0	-110	-110	-110	-110	110
CAGE_TSS_30385	5	+	6585427	6585193	43.36997986	6585193	0	-234	-234	-234	-234	234
CAGE_TSS_30386	5	+	6595707	6595566	8.850259781	6595566	0	-141	-141	-141	-141	141
CAGE_TSS_30398	5	+	6652516	6652424	43.24277878	6652424	0	-92	-92	-92	-92	92
CAGE_TSS_30404	5	+	6687075	6686898	36.60367966	6686898	0	-177	-177	-177	-177	177
CAGE_TSS_30411	5	+	6718344	6718159	54.75704956	6718159	0	-185	-185	-185	-185	185
CAGE_TSS_30413	5	+	6739683	6739527	15.72257996	6739527	0	-156	-156	-156	-156	156
CAGE_TSS_30419	5	+	6747394	6747145	23.14065933	6747145	0	-249	-249	-249	-249	249
CAGE_TSS_30425	5	+	6760283	6760037	9.164219856	6760037	0	-246	-246	-246	-246	246
CAGE_TSS_30428	5	+	6762758	6762583	5.1322999	6762583	0	-175	-175	-175	-175	175
CAGE_TSS_30431	5	+	6774296	6774006	35.18735123	6774006	0	-290	-290	-290	-290	290
CAGE_TSS_30442	5	+	6792825	6792835	9.341110229	6792835	0	10	10	10	10	10
CAGE_TSS_30447	5	+	6802386	6802193	69.05539703	6802193	0	-193	-193	-193	-193	193
CAGE_TSS_30455	5	+	6814000	6813890	133.1293335	6813890	0	-110	-110	-110	-110	110
CAGE_TSS_30461	5	+	6826506	6826281	25.12253952	6826281	0	-225	-225	-225	-225	225
CAGE_TSS_30474	5	+	6950118	6950079	6.744729996	6950079	0	-39	-39	-39	-39	39
CAGE_TSS_30476	5	+	6968679	6968486	6.861519814	6968486	0	-193	-193	-193	-193	193
CAGE_TSS_30482	5	+	7014673	7014679	7.637080193	7014679	0	6	6	6	6	6
CAGE_TSS_30491	5	+	7090790	7090660	273.0758972	7090660	0	-130	-130	-130	-130	130
CAGE_TSS_30494	5	+	7098013	7098045	6.782100201	7098045	0	32	32	32	32	32
CAGE_TSS_30502	5	+	7139566	7139509	39.93856049	7139509	0	-57	-57	-57	-57	57
CAGE_TSS_30513	5	+	7172752	7172514	66.82623291	7172514	0	-238	-238	-238	-238	238
CAGE_TSS_30514	5	+	7176526	7176246	83.01898956	7176246	0	-280	-280	-280	-280	280
CAGE_TSS_30517	5	+	7205666	7205590	6.906229973	7205590	0	-76	-76	-76	-76	76
CAGE_TSS_30521	5	+	7222277	7222377	8.385080338	7222377	0	100	100	100	100	100
CAGE_TSS_30527	5	+	7249235	7249011	5.601089954	7249011	0	-224	-224	-224	-224	224
CAGE_TSS_30528	5	+	7252243	7252163	54.74488068	7252163	0	-80	-80	-80	-80	80
CAGE_TSS_30531	5	+	7273227	7272975	58.07686996	7272975	0	-252	-252	-252	-252	252
CAGE_TSS_30533	5	+	7277263	7277101	102.4595718	7277101	0	-162	-162	-162	-162	162
CAGE_TSS_30567	5	+	7524509	7524789	26.35305977	7524789	0	280	280	280	280	280
CAGE_TSS_30587	5	+	7676941	7676872	16.07953072	7676872	0	-69	-69	-69	-69	69
CAGE_TSS_30616	5	+	7785891	7785643	37.30115891	7785643	0	-248	-248	-248	-248	248
CAGE_TSS_30619	5	+	7810854	7810718	12.3703804	7810718	0	-136	-136	-136	-136	136
CAGE_TSS_30624	5	+	7842925	7842861	64.59359741	7842861	0	-64	-64	-64	-64	64
CAGE_TSS_30634	5	+	7856214	7855977	14.09885025	7855977	0	-237	-237	-237	-237	237
CAGE_TSS_30641	5	+	7919438	7919404	5.734600067	7919404	0	-34	-34	-34	-34	34
CAGE_TSS_30642	5	+	7927255	7927039	149.9523468	7927039	0	-216	-216	-216	-216	216
CAGE_TSS_30652	5	+	7981691	7981486	6.775959969	7981486	0	-205	-205	-205	-205	205
CAGE_TSS_30653	5	+	7987603	7987335	19.93688011	7987335	0	-268	-268	-268	-268	268
CAGE_TSS_30659	5	+	8028319	8028214	8.678609848	8028214	0	-105	-105	-105	-105	105
CAGE_TSS_30661	5	+	8031316	8031109	94.17562103	8031109	0	-207	-207	-207	-207	207
CAGE_TSS_30663	5	+	8033739	8033567	90.94525146	8033567	0	-172	-172	-172	-172	172
CAGE_TSS_30664	5	+	8035810	8035625	22.38343048	8035625	0	-185	-185	-185	-185	185
CAGE_TSS_30671	5	+	8058758	8058529	9.65639019	8058529	0	-229	-229	-229	-229	229
CAGE_TSS_30672	5	+	8068239	8068190	8.664290428	8068190	0	-49	-49	-49	-49	49
CAGE_TSS_30673	5	+	8082745	8082614	11.2249403	8082614	0	-131	-131	-131	-131	131
CAGE_TSS_30681	5	+	8151960	8151839	7.462100029	8151839	0	-121	-121	-121	-121	121
CAGE_TSS_30702	5	+	8323897	8323744	44.10485077	8323744	0	-153	-153	-153	-153	153
CAGE_TSS_30713	5	+	8428077	8427840	95.95810699	8427840	0	-237	-237	-237	-237	237
CAGE_TSS_30717	5	+	8437087	8436969	9.882269859	8436969	0	-118	-118	-118	-118	118
CAGE_TSS_30721	5	+	8453580	8453405	5.864820004	8453405	0	-175	-175	-175	-175	175
CAGE_TSS_30724	5	+	8468563	8468471	26.74864006	8468471	0	-92	-92	-92	-92	92
CAGE_TSS_30729	5	+	8530975	8530956	45.04962921	8530956	0	-19	-19	-19	-19	19
CAGE_TSS_30731	5	+	8552596	8552365	12.8421402	8552365	0	-231	-231	-231	-231	231
CAGE_TSS_30732	5	+	8558265	8558030	19.2153492	8558030	0	-235	-235	-235	-235	235
CAGE_TSS_30734	5	+	8589418	8589365	29.32485008	8589365	0	-53	-53	-53	-53	53
CAGE_TSS_30736	5	+	8590099	8590368	10.51016045	8590368	0	269	269	269	269	269
CAGE_TSS_30738	5	+	8609025	8608952	7.400640011	8608952	0	-73	-73	-73	-73	73
CAGE_TSS_30740	5	+	8610550	8610466	73.76400757	8610466	0	-84	-84	-84	-84	84
CAGE_TSS_30742	5	+	8616228	8615936	10.25796032	8615936	0	-292	-292	-292	-292	292
CAGE_TSS_30749	5	+	8668335	8668216	5.217700005	8668216	0	-119	-119	-119	-119	119
CAGE_TSS_30760	5	+	8735964	8736024	9.303230286	8736024	0	60	60	60	60	60
CAGE_TSS_30765	5	+	8773789	8773546	26.10388947	8773546	0	-243	-243	-243	-243	243
CAGE_TSS_30772	5	+	8863393	8863280	34.12791824	8863280	0	-113	-113	-113	-113	113
CAGE_TSS_30773	5	+	8864274	8864170	36.95827866	8864170	0	-104	-104	-104	-104	104
CAGE_TSS_30781	5	+	8897900	8897775	5.329549789	8897775	0	-125	-125	-125	-125	125
CAGE_TSS_30791	5	+	9033462	9033266	17.90666962	9033266	0	-196	-196	-196	-196	196
CAGE_TSS_30793	5	+	9036017	9036046	5.389709949	9036046	0	29	29	29	29	29
CAGE_TSS_30807	5	+	9096525	9096467	23.40308952	9096467	0	-58	-58	-58	-58	58
CAGE_TSS_30814	5	+	9142854	9142953	29.8216095	9142953	0	99	99	99	99	99
CAGE_TSS_30816	5	+	9157170	9157042	12.05706978	9157042	0	-128	-128	-128	-128	128
CAGE_TSS_30833	5	+	9226068	9225919	5.236529827	9225919	0	-149	-149	-149	-149	149
CAGE_TSS_30839	5	+	9261535	9261467	37.47090912	9261467	0	-68	-68	-68	-68	68
CAGE_TSS_30845	5	+	9291934	9291714	7.612269878	9291714	0	-220	-220	-220	-220	220
CAGE_TSS_30848	5	+	9303960	9303792	27.12656975	9303792	0	-168	-168	-168	-168	168
CAGE_TSS_30857	5	+	9377411	9377236	409.0761414	9377236	0	-175	-175	-175	-175	175
CAGE_TSS_30861	5	+	9425207	9425051	15.66197968	9425051	0	-156	-156	-156	-156	156
CAGE_TSS_30865	5	+	9445443	9445372	22.07139969	9445372	0	-71	-71	-71	-71	71
CAGE_TSS_30870	5	+	9480572	9480427	13.33207989	9480427	0	-145	-145	-145	-145	145
CAGE_TSS_30871	5	+	9484876	9484778	108.4452972	9484778	0	-98	-98	-98	-98	98
CAGE_TSS_30874	5	+	9491083	9491016	25.86636925	9491016	0	-67	-67	-67	-67	67
CAGE_TSS_30882	5	+	9553468	9553365	9.791279793	9553365	0	-103	-103	-103	-103	103
CAGE_TSS_30891	5	+	9629033	9629004	11.86550999	9629004	0	-29	-29	-29	-29	29
CAGE_TSS_30896	5	+	9648831	9648724	15.53353977	9648724	0	-107	-107	-107	-107	107
CAGE_TSS_30898	5	+	9650286	9650225	9.114080429	9650225	0	-61	-61	-61	-61	61
CAGE_TSS_30900	5	+	9652988	9653003	16.42329979	9653003	0	15	15	15	15	15
CAGE_TSS_30902	5	+	9657018	9657036	6.93434	9657036	0	18	18	18	18	18
CAGE_TSS_30906	5	+	9684074	9683951	20.82681084	9683951	0	-123	-123	-123	-123	123
CAGE_TSS_30907	5	+	9687411	9687247	5.186399937	9687247	0	-164	-164	-164	-164	164
CAGE_TSS_30914	5	+	9731757	9731742	7.780139923	9731742	0	-15	-15	-15	-15	15
CAGE_TSS_30916	5	+	9742576	9742285	16.55908966	9742285	0	-291	-291	-291	-291	291
CAGE_TSS_30928	5	+	9819428	9819278	6.616119862	9819278	0	-150	-150	-150	-150	150
CAGE_TSS_30936	5	+	9834190	9834030	39.37723923	9834030	0	-160	-160	-160	-160	160
CAGE_TSS_30937	5	+	9835913	9835820	15.95386028	9835820	0	-93	-93	-93	-93	93
CAGE_TSS_30951	5	+	9902752	9902526	24.03647041	9902526	0	-226	-226	-226	-226	226
CAGE_TSS_30959	5	+	10004526	10004419	10.27624035	10004419	0	-107	-107	-107	-107	107
CAGE_TSS_30968	5	+	10135548	10135396	5.67317009	10135396	0	-152	-152	-152	-152	152
CAGE_TSS_30974	5	+	10238549	10238447	56.86906052	10238447	0	-102	-102	-102	-102	102
CAGE_TSS_30994	5	+	10636630	10636502	29.28174019	10636502	0	-128	-128	-128	-128	128
CAGE_TSS_31010	5	+	10933915	10933832	7.483789921	10933832	0	-83	-83	-83	-83	83
CAGE_TSS_31055	5	+	12079667	12079460	75.96156311	12079460	0	-207	-207	-207	-207	207
CAGE_TSS_31083	5	+	12558434	12558146	33.7105484	12558146	0	-288	-288	-288	-288	288
CAGE_TSS_31112	5	+	13233357	13233367	56.64746094	13233367	0	10	10	10	10	10
CAGE_TSS_31118	5	+	13414699	13414677	10.17831993	13414677	0	-22	-22	-22	-22	22
CAGE_TSS_31121	5	+	13424417	13424265	22.55227089	13424265	0	-152	-152	-152	-152	152
CAGE_TSS_31135	5	+	13661947	13661914	23.85663033	13661914	0	-33	-33	-33	-33	33
CAGE_TSS_31137	5	+	13672588	13672301	6.79968977	13672301	0	-287	-287	-287	-287	287
CAGE_TSS_31140	5	+	13701286	13701199	25.96468925	13701199	0	-87	-87	-87	-87	87
CAGE_TSS_31141	5	+	13707477	13707227	68.41436005	13707227	0	-250	-250	-250	-250	250
CAGE_TSS_31144	5	+	13761895	13761706	9.255539894	13761706	0	-189	-189	-189	-189	189
CAGE_TSS_31171	5	+	14090624	14090397	63.39728165	14090397	0	-227	-227	-227	-227	227
CAGE_TSS_31197	5	+	14629532	14629270	6.32269001	14629270	0	-262	-262	-262	-262	262
CAGE_TSS_31198	5	+	14651030	14650854	198.3426971	14650854	0	-176	-176	-176	-176	176
CAGE_TSS_31216	5	+	14912837	14912555	7.839859962	14912555	0	-282	-282	-282	-282	282
CAGE_TSS_31221	5	+	14978719	14978634	15.68873978	14978634	0	-85	-85	-85	-85	85
CAGE_TSS_31225	5	+	14992741	14992758	14.34819984	14992758	0	17	17	17	17	17
CAGE_TSS_31228	5	+	15022273	15022101	84.70802307	15022101	0	-172	-172	-172	-172	172
CAGE_TSS_31231	5	+	15065411	15065166	177.59198	15065166	0	-245	-245	-245	-245	245
CAGE_TSS_31234	5	+	15089760	15089494	9.662730217	15089494	0	-266	-266	-266	-266	266
CAGE_TSS_31237	5	+	15155112	15155005	18.63549995	15155005	0	-107	-107	-107	-107	107
CAGE_TSS_31238	5	+	15158274	15158150	38.76478958	15158150	0	-124	-124	-124	-124	124
CAGE_TSS_31239	5	+	15184939	15184803	15.5454998	15184803	0	-136	-136	-136	-136	136
CAGE_TSS_31248	5	+	15256275	15256174	8.534609795	15256174	0	-101	-101	-101	-101	101
CAGE_TSS_31250	5	+	15261023	15260866	6.300089836	15260866	0	-157	-157	-157	-157	157
CAGE_TSS_31251	5	+	15262794	15262650	6.377719879	15262650	0	-144	-144	-144	-144	144
CAGE_TSS_31262	5	+	15404639	15404503	22.86116028	15404503	0	-136	-136	-136	-136	136
CAGE_TSS_31267	5	+	15409730	15409593	59.52021027	15409593	0	-137	-137	-137	-137	137
CAGE_TSS_31273	5	+	15421579	15421377	41.65452957	15421377	0	-202	-202	-202	-202	202
CAGE_TSS_31278	5	+	15439359	15439398	83.17475891	15439398	0	39	39	39	39	39
CAGE_TSS_31283	5	+	15489593	15489447	23.18995094	15489447	0	-146	-146	-146	-146	146
CAGE_TSS_31284	5	+	15501244	15501159	9.425569534	15501159	0	-85	-85	-85	-85	85
CAGE_TSS_31286	5	+	15515198	15515081	127.94104	15515081	0	-117	-117	-117	-117	117
CAGE_TSS_31288	5	+	15530015	15529899	5.163340092	15529899	0	-116	-116	-116	-116	116
CAGE_TSS_31289	5	+	15533729	15533537	5.91738987	15533537	0	-192	-192	-192	-192	192
CAGE_TSS_31298	5	+	15588716	15588462	43.09000015	15588462	0	-254	-254	-254	-254	254
CAGE_TSS_31301	5	+	15608787	15608792	15.95199966	15608792	0	5	5	5	5	5
CAGE_TSS_31308	5	+	15631767	15631492	28.93279076	15631492	0	-275	-275	-275	-275	275
CAGE_TSS_31309	5	+	15634460	15634487	5.236330032	15634487	0	27	27	27	27	27
CAGE_TSS_31310	5	+	15635269	15635163	51.82723999	15635163	0	-106	-106	-106	-106	106
CAGE_TSS_31317	5	+	15742791	15742639	187.1813354	15742639	0	-152	-152	-152	-152	152
CAGE_TSS_31327	5	+	15843972	15843823	72.4576416	15843823	0	-149	-149	-149	-149	149
CAGE_TSS_31329	5	+	15851410	15851308	6.075019836	15851308	0	-102	-102	-102	-102	102
CAGE_TSS_31333	5	+	15878847	15878629	55.63520813	15878629	0	-218	-218	-218	-218	218
CAGE_TSS_31334	5	+	15883181	15883035	5.512569904	15883035	0	-146	-146	-146	-146	146
CAGE_TSS_31336	5	+	15899610	15899530	27.65949059	15899530	0	-80	-80	-80	-80	80
CAGE_TSS_31348	5	+	15911443	15911198	9.612580299	15911198	0	-245	-245	-245	-245	245
CAGE_TSS_31352	5	+	15928973	15928856	7.921999931	15928856	0	-117	-117	-117	-117	117
CAGE_TSS_31359	5	+	15957437	15957371	7.196450233	15957371	0	-66	-66	-66	-66	66
CAGE_TSS_31365	5	+	15998008	15997814	33.95827103	15997814	0	-194	-194	-194	-194	194
CAGE_TSS_31373	5	+	16085751	16085541	74.77030182	16085541	0	-210	-210	-210	-210	210
CAGE_TSS_31374	5	+	16101420	16101195	5.932730198	16101195	0	-225	-225	-225	-225	225
CAGE_TSS_31375	5	+	16110676	16110638	5.019159794	16110638	0	-38	-38	-38	-38	38
CAGE_TSS_31379	5	+	16161588	16161336	53.51147842	16161336	0	-252	-252	-252	-252	252
CAGE_TSS_31385	5	+	16202247	16202094	6.93528986	16202094	0	-153	-153	-153	-153	153
CAGE_TSS_31386	5	+	16213228	16213133	6.158699989	16213133	0	-95	-95	-95	-95	95
CAGE_TSS_31397	5	+	16241088	16240852	20.66180992	16240852	0	-236	-236	-236	-236	236
CAGE_TSS_31401	5	+	16281456	16281207	46.42613983	16281207	0	-249	-249	-249	-249	249
CAGE_TSS_31403	5	+	16285921	16285740	24.37367058	16285740	0	-181	-181	-181	-181	181
CAGE_TSS_31404	5	+	16290711	16290524	9.487990379	16290524	0	-187	-187	-187	-187	187
CAGE_TSS_31407	5	+	16297438	16297214	36.94409943	16297214	0	-224	-224	-224	-224	224
CAGE_TSS_31410	5	+	16301073	16300902	9.871009827	16300902	0	-171	-171	-171	-171	171
CAGE_TSS_31412	5	+	16323719	16323604	16.97875023	16323604	0	-115	-115	-115	-115	115
CAGE_TSS_31417	5	+	16366671	16366515	105.1475296	16366515	0	-156	-156	-156	-156	156
CAGE_TSS_31419	5	+	16370474	16370213	279.9082642	16370213	0	-261	-261	-261	-261	261
CAGE_TSS_31425	5	+	16408119	16407948	65.8286972	16407948	0	-171	-171	-171	-171	171
CAGE_TSS_31438	5	+	16438339	16438214	14.69169998	16438214	0	-125	-125	-125	-125	125
CAGE_TSS_31439	5	+	16441794	16441692	31.81458092	16441692	0	-102	-102	-102	-102	102
CAGE_TSS_31441	5	+	16447222	16447121	68.30013275	16447121	0	-101	-101	-101	-101	101
CAGE_TSS_31447	5	+	16503726	16503537	7.722780228	16503537	0	-189	-189	-189	-189	189
CAGE_TSS_31453	5	+	16551119	16550992	43.71992111	16550992	0	-127	-127	-127	-127	127
CAGE_TSS_31464	5	+	16646254	16645987	59.92156982	16645987	0	-267	-267	-267	-267	267
CAGE_TSS_31470	5	+	16675829	16675689	5.883019924	16675689	0	-140	-140	-140	-140	140
CAGE_TSS_31486	5	+	16733825	16733585	6.897049904	16733585	0	-240	-240	-240	-240	240
CAGE_TSS_31500	5	+	16799353	16799243	5.163219929	16799243	0	-110	-110	-110	-110	110
CAGE_TSS_31503	5	+	16816052	16815982	14.72904015	16815982	0	-70	-70	-70	-70	70
CAGE_TSS_31510	5	+	16828716	16828539	7.609300137	16828539	0	-177	-177	-177	-177	177
CAGE_TSS_31518	5	+	16872354	16872142	19.6017704	16872142	0	-212	-212	-212	-212	212
CAGE_TSS_31541	5	+	16976031	16975992	95.87021637	16975992	0	-39	-39	-39	-39	39
CAGE_TSS_31548	5	+	17014975	17014951	6.641089916	17014951	0	-24	-24	-24	-24	24
CAGE_TSS_31554	5	+	17066421	17066150	8.507269859	17066150	0	-271	-271	-271	-271	271
CAGE_TSS_31562	5	+	17135847	17135742	16.81266975	17135742	0	-105	-105	-105	-105	105
CAGE_TSS_31564	5	+	17143005	17142824	7.125	17142824	0	-181	-181	-181	-181	181
CAGE_TSS_31572	5	+	17166805	17166736	119.0242691	17166736	0	-69	-69	-69	-69	69
CAGE_TSS_31577	5	+	17172448	17172573	33.4535408	17172573	0	125	125	125	125	125
CAGE_TSS_31578	5	+	17176372	17176188	19.82505989	17176188	0	-184	-184	-184	-184	184
CAGE_TSS_31580	5	+	17191495	17191351	9.509719849	17191351	0	-144	-144	-144	-144	144
CAGE_TSS_31581	5	+	17224364	17224124	64.86266327	17224124	0	-240	-240	-240	-240	240
CAGE_TSS_31584	5	+	17242726	17242516	58.65552139	17242516	0	-210	-210	-210	-210	210
CAGE_TSS_31590	5	+	17299134	17299066	6.820139885	17299066	0	-68	-68	-68	-68	68
CAGE_TSS_31592	5	+	17321517	17321353	11.21617031	17321353	0	-164	-164	-164	-164	164
CAGE_TSS_31593	5	+	17325017	17324979	6.956540108	17324979	0	-38	-38	-38	-38	38
CAGE_TSS_31595	5	+	17326461	17326367	10.1756897	17326367	0	-94	-94	-94	-94	94
CAGE_TSS_31596	5	+	17328245	17328161	5.849740028	17328161	0	-84	-84	-84	-84	84
CAGE_TSS_31601	5	+	17367919	17367863	6.208230019	17367863	0	-56	-56	-56	-56	56
CAGE_TSS_31602	5	+	17390478	17390226	9.522219658	17390226	0	-252	-252	-252	-252	252
CAGE_TSS_31618	5	+	17506399	17506279	114.7440338	17506279	0	-120	-120	-120	-120	120
CAGE_TSS_31621	5	+	17522519	17522452	61.10443115	17522452	0	-67	-67	-67	-67	67
CAGE_TSS_31625	5	+	17550381	17550187	13.8480196	17550187	0	-194	-194	-194	-194	194
CAGE_TSS_31633	5	+	17610862	17610765	34.5186882	17610765	0	-97	-97	-97	-97	97
CAGE_TSS_31641	5	+	17684199	17683937	118.8281937	17683937	0	-262	-262	-262	-262	262
CAGE_TSS_31651	5	+	17697875	17697706	5.079710007	17697706	0	-169	-169	-169	-169	169
CAGE_TSS_31658	5	+	17722445	17722323	119.7593079	17722323	0	-122	-122	-122	-122	122
CAGE_TSS_31659	5	+	17731005	17731245	10.60317039	17731245	0	240	240	240	240	240
CAGE_TSS_31660	5	+	17731795	17731704	17.70661926	17731704	0	-91	-91	-91	-91	91
CAGE_TSS_31667	5	+	17782431	17782321	9.949580193	17782321	0	-110	-110	-110	-110	110
CAGE_TSS_31670	5	+	17798369	17798322	6.829659939	17798322	0	-47	-47	-47	-47	47
CAGE_TSS_31676	5	+	17806469	17806433	7.947599888	17806433	0	-36	-36	-36	-36	36
CAGE_TSS_31678	5	+	17814261	17814053	17.41983986	17814053	0	-208	-208	-208	-208	208
CAGE_TSS_31683	5	+	17864519	17864383	37.85055923	17864383	0	-136	-136	-136	-136	136
CAGE_TSS_31684	5	+	17917269	17917210	34.22706985	17917210	0	-59	-59	-59	-59	59
CAGE_TSS_31686	5	+	17920582	17920598	9.13296032	17920598	0	16	16	16	16	16
CAGE_TSS_31690	5	+	17937699	17937562	6.634419918	17937562	0	-137	-137	-137	-137	137
CAGE_TSS_31697	5	+	17953379	17953280	9.264419556	17953280	0	-99	-99	-99	-99	99
CAGE_TSS_31700	5	+	17964424	17964332	8.842599869	17964332	0	-92	-92	-92	-92	92
CAGE_TSS_31715	5	+	18043054	18042957	167.1133575	18042957	0	-97	-97	-97	-97	97
CAGE_TSS_31723	5	+	18137329	18137199	5.547160149	18137199	0	-130	-130	-130	-130	130
CAGE_TSS_31728	5	+	18168515	18168529	6.024040222	18168529	0	14	14	14	14	14
CAGE_TSS_31735	5	+	18218698	18218525	59.28520966	18218525	0	-173	-173	-173	-173	173
CAGE_TSS_31737	5	+	18228909	18228712	60.17103958	18228712	0	-197	-197	-197	-197	197
CAGE_TSS_31738	5	+	18244302	18244340	40.34788895	18244340	0	38	38	38	38	38
CAGE_TSS_31747	5	+	18388349	18388159	64.35037994	18388159	0	-190	-190	-190	-190	190
CAGE_TSS_31749	5	+	18396305	18396029	10.77163029	18396029	0	-276	-276	-276	-276	276
CAGE_TSS_31759	5	+	18421570	18421499	7.676579952	18421499	0	-71	-71	-71	-71	71
CAGE_TSS_31763	5	+	18444660	18444683	143.8888245	18444683	0	23	23	23	23	23
CAGE_TSS_31768	5	+	18465367	18465161	8.00137043	18465161	0	-206	-206	-206	-206	206
CAGE_TSS_31772	5	+	18525071	18524854	7.530789852	18524854	0	-217	-217	-217	-217	217
CAGE_TSS_31778	5	+	18537338	18537255	9.462329865	18537255	0	-83	-83	-83	-83	83
CAGE_TSS_31796	5	+	18635600	18635300	8.011240005	18635300	0	-300	-300	-300	-300	300
CAGE_TSS_31805	5	+	18683367	18683169	7.453420162	18683169	0	-198	-198	-198	-198	198
CAGE_TSS_31806	5	+	18693453	18693233	22.92874908	18693233	0	-220	-220	-220	-220	220
CAGE_TSS_31825	5	+	18791735	18791564	79.17890167	18791564	0	-171	-171	-171	-171	171
CAGE_TSS_31828	5	+	18825106	18825009	121.6048737	18825009	0	-97	-97	-97	-97	97
CAGE_TSS_31829	5	+	18829955	18829850	11.25951004	18829850	0	-105	-105	-105	-105	105
CAGE_TSS_31835	5	+	18834737	18834755	5.06167984	18834755	0	18	18	18	18	18
CAGE_TSS_31857	5	+	18974110	18974214	27.99508095	18974214	0	104	104	104	104	104
CAGE_TSS_31872	5	+	19015381	19015204	15.13199997	19015204	0	-177	-177	-177	-177	177
CAGE_TSS_31875	5	+	19046465	19046341	28.48187065	19046341	0	-124	-124	-124	-124	124
CAGE_TSS_31878	5	+	19071826	19071763	89.01756287	19071763	0	-63	-63	-63	-63	63
CAGE_TSS_31882	5	+	19081572	19081492	5.512569904	19081492	0	-80	-80	-80	-80	80
CAGE_TSS_31884	5	+	19106377	19106335	44.63497162	19106335	0	-42	-42	-42	-42	42
CAGE_TSS_31888	5	+	19136022	19135897	72.07051086	19135897	0	-125	-125	-125	-125	125
CAGE_TSS_31894	5	+	19166917	19166869	14.10381985	19166869	0	-48	-48	-48	-48	48
CAGE_TSS_31898	5	+	19183629	19183506	67.90310669	19183506	0	-123	-123	-123	-123	123
CAGE_TSS_31908	5	+	19226862	19226680	33.51713943	19226680	0	-182	-182	-182	-182	182
CAGE_TSS_31909	5	+	19229223	19229085	40.80142975	19229085	0	-138	-138	-138	-138	138
CAGE_TSS_31910	5	+	19232836	19232776	18.7156105	19232776	0	-60	-60	-60	-60	60
CAGE_TSS_31918	5	+	19264043	19263787	96.94555664	19263787	0	-256	-256	-256	-256	256
CAGE_TSS_31924	5	+	19289869	19289679	265.6345215	19289679	0	-190	-190	-190	-190	190
CAGE_TSS_31925	5	+	19306146	19305890	29.96442032	19305890	0	-256	-256	-256	-256	256
CAGE_TSS_31926	5	+	19309229	19309084	115.8557663	19309084	0	-145	-145	-145	-145	145
CAGE_TSS_31928	5	+	19312965	19312762	9.289050102	19312762	0	-203	-203	-203	-203	203
CAGE_TSS_31934	5	+	19338634	19338587	364.1082458	19338587	0	-47	-47	-47	-47	47
CAGE_TSS_31936	5	+	19345173	19345149	89.24188232	19345149	0	-24	-24	-24	-24	24
CAGE_TSS_31947	5	+	19375477	19375299	19.87005043	19375299	0	-178	-178	-178	-178	178
CAGE_TSS_31957	5	+	19392336	19392240	57.69649124	19392240	0	-96	-96	-96	-96	96
CAGE_TSS_31958	5	+	19397442	19397362	18.40488052	19397362	0	-80	-80	-80	-80	80
CAGE_TSS_31961	5	+	19428889	19428931	109.0140228	19428931	0	42	42	42	42	42
CAGE_TSS_31962	5	+	19434813	19434704	101.3405609	19434704	0	-109	-109	-109	-109	109
CAGE_TSS_31972	5	+	19539149	19538926	7.771160126	19538926	0	-223	-223	-223	-223	223
CAGE_TSS_31973	5	+	19549901	19549790	8.95470047	19549790	0	-111	-111	-111	-111	111
CAGE_TSS_31976	5	+	19559245	19559068	16.3930397	19559068	0	-177	-177	-177	-177	177
CAGE_TSS_31986	5	+	19585935	19585836	5.443339825	19585836	0	-99	-99	-99	-99	99
CAGE_TSS_31990	5	+	19608583	19608452	26.31915092	19608452	0	-131	-131	-131	-131	131
CAGE_TSS_31996	5	+	19641743	19641664	32.48693085	19641664	0	-79	-79	-79	-79	79
CAGE_TSS_31997	5	+	19644743	19644479	8.811079979	19644479	0	-264	-264	-264	-264	264
CAGE_TSS_32002	5	+	19676194	19676011	15.76912975	19676011	0	-183	-183	-183	-183	183
CAGE_TSS_32009	5	+	19726732	19726623	68.08557129	19726623	0	-109	-109	-109	-109	109
CAGE_TSS_32011	5	+	19758959	19758950	6.220970154	19758950	0	-9	-9	-9	-9	9
CAGE_TSS_32023	5	+	19849515	19849499	149.8591309	19849499	0	-16	-16	-16	-16	16
CAGE_TSS_32032	5	+	19886475	19886347	148.1796875	19886347	0	-128	-128	-128	-128	128
CAGE_TSS_32040	5	+	19956373	19956294	14.72259045	19956294	0	-79	-79	-79	-79	79
CAGE_TSS_32049	5	+	20051830	20051659	5.847929955	20051659	0	-171	-171	-171	-171	171
CAGE_TSS_32054	5	+	20090775	20090619	14.02968979	20090619	0	-156	-156	-156	-156	156
CAGE_TSS_32061	5	+	20192462	20192318	25.22763062	20192318	0	-144	-144	-144	-144	144
CAGE_TSS_32063	5	+	20195407	20195380	6.336160183	20195380	0	-27	-27	-27	-27	27
CAGE_TSS_32066	5	+	20216430	20216592	115.6466827	20216592	0	162	162	162	162	162
CAGE_TSS_32071	5	+	20227965	20228170	8.439979553	20228170	0	205	205	205	205	205
CAGE_TSS_32072	5	+	20239373	20239210	6.613780022	20239210	0	-163	-163	-163	-163	163
CAGE_TSS_32078	5	+	20303413	20303176	89.73123932	20303176	0	-237	-237	-237	-237	237
CAGE_TSS_32088	5	+	20371824	20371756	7.597430229	20371756	0	-68	-68	-68	-68	68
CAGE_TSS_32097	5	+	20420992	20421011	8.359600067	20421011	0	19	19	19	19	19
CAGE_TSS_32101	5	+	20436521	20436314	13.97280025	20436314	0	-207	-207	-207	-207	207
CAGE_TSS_32111	5	+	20540450	20540293	29.16167068	20540293	0	-157	-157	-157	-157	157
CAGE_TSS_32116	5	+	20685882	20685597	32.83005142	20685597	0	-285	-285	-285	-285	285
CAGE_TSS_32124	5	+	20728361	20728143	112.3283005	20728143	0	-218	-218	-218	-218	218
CAGE_TSS_32125	5	+	20729422	20729332	20.7155304	20729332	0	-90	-90	-90	-90	90
CAGE_TSS_32139	5	+	20753103	20752816	172.5479889	20752816	0	-287	-287	-287	-287	287
CAGE_TSS_32143	5	+	20779721	20779585	6.991690159	20779585	0	-136	-136	-136	-136	136
CAGE_TSS_32156	5	+	20875857	20875730	20.92737961	20875730	0	-127	-127	-127	-127	127
CAGE_TSS_32171	5	+	20945725	20945602	10.92786026	20945602	0	-123	-123	-123	-123	123
CAGE_TSS_32174	5	+	20952475	20952323	41.12466812	20952323	0	-152	-152	-152	-152	152
CAGE_TSS_32178	5	+	20980136	20980106	11.06453037	20980106	0	-30	-30	-30	-30	30
CAGE_TSS_32179	5	+	20993509	20993375	7.481609821	20993375	0	-134	-134	-134	-134	134
CAGE_TSS_32189	5	+	21039632	21039522	31.27949905	21039522	0	-110	-110	-110	-110	110
CAGE_TSS_32191	5	+	21071997	21071797	16.89703941	21071797	0	-200	-200	-200	-200	200
CAGE_TSS_32196	5	+	21104591	21104421	56.89673996	21104421	0	-170	-170	-170	-170	170
CAGE_TSS_32209	5	+	21152343	21152269	22.57205963	21152269	0	-74	-74	-74	-74	74
CAGE_TSS_32210	5	+	21161312	21161239	44.48617935	21161239	0	-73	-73	-73	-73	73
CAGE_TSS_32212	5	+	21201861	21201775	19.65996933	21201775	0	-86	-86	-86	-86	86
CAGE_TSS_32216	5	+	21216846	21216860	35.96578979	21216860	0	14	14	14	14	14
CAGE_TSS_32217	5	+	21220078	21219849	31.67700005	21219849	0	-229	-229	-229	-229	229
CAGE_TSS_32219	5	+	21237119	21236855	27.28944969	21236855	0	-264	-264	-264	-264	264
CAGE_TSS_32223	5	+	21275951	21275891	20.20137024	21275891	0	-60	-60	-60	-60	60
CAGE_TSS_32235	5	+	21307038	21306780	26.57603073	21306780	0	-258	-258	-258	-258	258
CAGE_TSS_32259	5	+	21401359	21401177	29.19944	21401177	0	-182	-182	-182	-182	182
CAGE_TSS_32275	5	+	21499610	21499565	16.97347069	21499565	0	-45	-45	-45	-45	45
CAGE_TSS_32279	5	+	21514999	21515010	10.02470016	21515010	0	11	11	11	11	11
CAGE_TSS_32281	5	+	21520546	21520502	5.319849968	21520502	0	-44	-44	-44	-44	44
CAGE_TSS_32291	5	+	21560724	21560609	5.455080032	21560609	0	-115	-115	-115	-115	115
CAGE_TSS_32295	5	+	21595989	21595954	130.2344055	21595954	0	-35	-35	-35	-35	35
CAGE_TSS_32298	5	+	21603619	21603412	7.200819969	21603412	0	-207	-207	-207	-207	207
CAGE_TSS_32300	5	+	21607539	21607414	36.49423981	21607414	0	-125	-125	-125	-125	125
CAGE_TSS_32303	5	+	21639216	21639010	33.4291687	21639010	0	-206	-206	-206	-206	206
CAGE_TSS_32304	5	+	21643858	21643892	154.0574951	21643892	0	34	34	34	34	34
CAGE_TSS_32308	5	+	21647891	21647789	52.29053116	21647789	0	-102	-102	-102	-102	102
CAGE_TSS_32315	5	+	21674265	21674138	155.9494934	21674138	0	-127	-127	-127	-127	127
CAGE_TSS_32317	5	+	21677145	21677029	5.254089832	21677029	0	-116	-116	-116	-116	116
CAGE_TSS_32333	5	+	21759411	21759173	13.78876019	21759173	0	-238	-238	-238	-238	238
CAGE_TSS_32338	5	+	21771811	21771698	12.00384998	21771698	0	-113	-113	-113	-113	113
CAGE_TSS_32344	5	+	21822518	21822315	19.92077065	21822315	0	-203	-203	-203	-203	203
CAGE_TSS_32350	5	+	21856942	21856923	12.75708008	21856923	0	-19	-19	-19	-19	19
CAGE_TSS_32363	5	+	21945891	21945821	12.86182976	21945821	0	-70	-70	-70	-70	70
CAGE_TSS_32365	5	+	21958287	21958145	258.5221252	21958145	0	-142	-142	-142	-142	142
CAGE_TSS_32367	5	+	21962668	21962505	27.58678055	21962505	0	-163	-163	-163	-163	163
CAGE_TSS_32369	5	+	21965796	21965801	9.265119553	21965801	0	5	5	5	5	5
CAGE_TSS_32378	5	+	21984573	21984394	9.681790352	21984394	0	-179	-179	-179	-179	179
CAGE_TSS_32390	5	+	22086028	22085960	27.62574005	22085960	0	-68	-68	-68	-68	68
CAGE_TSS_32395	5	+	22124587	22124351	29.07790947	22124351	0	-236	-236	-236	-236	236
CAGE_TSS_32402	5	+	22167354	22167193	8.664290428	22167193	0	-161	-161	-161	-161	161
CAGE_TSS_32414	5	+	22209485	22209476	22.1916008	22209476	0	-9	-9	-9	-9	9
CAGE_TSS_32432	5	+	22284606	22284486	34.4966507	22284486	0	-120	-120	-120	-120	120
CAGE_TSS_32440	5	+	22313188	22313019	234.3196106	22313019	0	-169	-169	-169	-169	169
CAGE_TSS_32443	5	+	22318321	22318135	6.897439957	22318135	0	-186	-186	-186	-186	186
CAGE_TSS_32447	5	+	22347286	22347233	196.1808014	22347233	0	-53	-53	-53	-53	53
CAGE_TSS_32450	5	+	22369190	22369124	284.1786194	22369124	0	-66	-66	-66	-66	66
CAGE_TSS_32454	5	+	22388785	22388627	22.7723999	22388627	0	-158	-158	-158	-158	158
CAGE_TSS_32468	5	+	22474182	22474139	10.3555603	22474139	0	-43	-43	-43	-43	43
CAGE_TSS_32471	5	+	22493003	22492821	29.96614075	22492821	0	-182	-182	-182	-182	182
CAGE_TSS_32484	5	+	22551748	22551587	56.40404129	22551587	0	-161	-161	-161	-161	161
CAGE_TSS_32487	5	+	22580280	22580335	8.663990021	22580335	0	55	55	55	55	55
CAGE_TSS_32490	5	+	22594617	22594408	48.07192993	22594408	0	-209	-209	-209	-209	209
CAGE_TSS_32492	5	+	22603476	22603264	18.05677032	22603264	0	-212	-212	-212	-212	212
CAGE_TSS_32495	5	+	22637549	22637397	12.01426029	22637397	0	-152	-152	-152	-152	152
CAGE_TSS_32501	5	+	22667373	22667327	5.979939938	22667327	0	-46	-46	-46	-46	46
CAGE_TSS_32522	5	+	22717109	22717040	5.213709831	22717040	0	-69	-69	-69	-69	69
CAGE_TSS_32527	5	+	22731981	22731818	215.6291046	22731818	0	-163	-163	-163	-163	163
CAGE_TSS_32528	5	+	22735986	22735875	46.40583038	22735875	0	-111	-111	-111	-111	111
CAGE_TSS_32530	5	+	22741972	22741892	9.925040245	22741892	0	-80	-80	-80	-80	80
CAGE_TSS_32532	5	+	22754818	22754661	15.56832981	22754661	0	-157	-157	-157	-157	157
CAGE_TSS_32533	5	+	22758628	22758552	6.610189915	22758552	0	-76	-76	-76	-76	76
CAGE_TSS_32534	5	+	22779727	22779454	43.46720123	22779454	0	-273	-273	-273	-273	273
CAGE_TSS_32535	5	+	22786506	22786456	5.56731987	22786456	0	-50	-50	-50	-50	50
CAGE_TSS_32539	5	+	22817559	22817355	16.61342049	22817355	0	-204	-204	-204	-204	204
CAGE_TSS_32542	5	+	22865223	22865232	6.683479786	22865232	0	9	9	9	9	9
CAGE_TSS_32544	5	+	22873786	22873615	15.19408989	22873615	0	-171	-171	-171	-171	171
CAGE_TSS_32550	5	+	22898491	22898394	31.00902939	22898394	0	-97	-97	-97	-97	97
CAGE_TSS_32551	5	+	22907317	22907034	9.373920441	22907034	0	-283	-283	-283	-283	283
CAGE_TSS_32552	5	+	22916709	22916672	12.78757954	22916672	0	-37	-37	-37	-37	37
CAGE_TSS_32553	5	+	22924117	22924013	67.52028656	22924013	0	-104	-104	-104	-104	104
CAGE_TSS_32561	5	+	22956285	22955992	7.080749989	22955992	0	-293	-293	-293	-293	293
CAGE_TSS_32562	5	+	22957876	22957791	114.7440338	22957791	0	-85	-85	-85	-85	85
CAGE_TSS_32568	5	+	23004228	23004063	5.108950138	23004063	0	-165	-165	-165	-165	165
CAGE_TSS_32571	5	+	23032481	23032468	42.6534996	23032468	0	-13	-13	-13	-13	13
CAGE_TSS_32575	5	+	23056528	23056259	25.42565918	23056259	0	-269	-269	-269	-269	269
CAGE_TSS_32579	5	+	23074962	23074851	11.96389008	23074851	0	-111	-111	-111	-111	111
CAGE_TSS_32580	5	+	23077264	23077092	15.26533031	23077092	0	-172	-172	-172	-172	172
CAGE_TSS_32583	5	+	23080660	23080440	18.87034035	23080440	0	-220	-220	-220	-220	220
CAGE_TSS_32584	5	+	23087223	23087374	17.35560989	23087374	0	151	151	151	151	151
CAGE_TSS_32586	5	+	23096167	23096142	46.24768066	23096142	0	-25	-25	-25	-25	25
CAGE_TSS_32592	5	+	23152182	23152004	66.2769165	23152004	0	-178	-178	-178	-178	178
CAGE_TSS_32607	5	+	23226158	23226025	24.75768089	23226025	0	-133	-133	-133	-133	133
CAGE_TSS_32616	5	+	23310282	23310314	6.787320137	23310314	0	32	32	32	32	32
CAGE_TSS_32617	5	+	23324834	23324536	38.14564133	23324536	0	-298	-298	-298	-298	298
CAGE_TSS_32623	5	+	23346925	23346659	29.89664078	23346659	0	-266	-266	-266	-266	266
CAGE_TSS_32625	5	+	23355515	23355498	57.22618103	23355498	0	-17	-17	-17	-17	17
CAGE_TSS_32630	5	+	23384452	23384601	8.016759872	23384601	0	149	149	149	149	149
CAGE_TSS_32632	5	+	23384971	23384730	5.000090122	23384730	0	-241	-241	-241	-241	241
CAGE_TSS_32633	5	+	23400715	23400541	8.257260323	23400541	0	-174	-174	-174	-174	174
CAGE_TSS_32640	5	+	23439541	23439338	6.887949944	23439338	0	-203	-203	-203	-203	203
CAGE_TSS_32642	5	+	23446821	23446629	17.25810051	23446629	0	-192	-192	-192	-192	192
CAGE_TSS_32643	5	+	23451203	23451087	247.06987	23451087	0	-116	-116	-116	-116	116
CAGE_TSS_32649	5	+	23466733	23466727	7.443449974	23466727	0	-6	-6	-6	-6	6
CAGE_TSS_32654	5	+	23485500	23485211	5.470829964	23485211	0	-289	-289	-289	-289	289
CAGE_TSS_32664	5	+	23524525	23524527	6.887949944	23524527	0	2	2	2	2	2
CAGE_TSS_32671	5	+	23533680	23533505	7.71653986	23533505	0	-175	-175	-175	-175	175
CAGE_TSS_32687	5	+	23577408	23577279	184.1335144	23577279	0	-129	-129	-129	-129	129
CAGE_TSS_32690	5	+	23584965	23585141	204.2178955	23585141	0	176	176	176	176	176
CAGE_TSS_32693	5	+	23593125	23593065	25.61074066	23593065	0	-60	-60	-60	-60	60
CAGE_TSS_32705	5	+	23643037	23642969	6.450150013	23642969	0	-68	-68	-68	-68	68
CAGE_TSS_32718	5	+	23701500	23701297	7.376259804	23701297	0	-203	-203	-203	-203	203
CAGE_TSS_32721	5	+	23728784	23728607	29.33283997	23728607	0	-177	-177	-177	-177	177
CAGE_TSS_32730	5	+	23798583	23798631	20.04387093	23798631	0	48	48	48	48	48
CAGE_TSS_32732	5	+	23806523	23806339	62.98630142	23806339	0	-184	-184	-184	-184	184
CAGE_TSS_32739	5	+	23833616	23833458	7.987400055	23833458	0	-158	-158	-158	-158	158
CAGE_TSS_32744	5	+	23876600	23876404	11.95049953	23876404	0	-196	-196	-196	-196	196
CAGE_TSS_32745	5	+	23879224	23879142	7.269979954	23879142	0	-82	-82	-82	-82	82
CAGE_TSS_32758	5	+	23952300	23952099	81.60871124	23952099	0	-201	-201	-201	-201	201
CAGE_TSS_32760	5	+	23957717	23957613	10.71098995	23957613	0	-104	-104	-104	-104	104
CAGE_TSS_32761	5	+	23961614	23961557	6.820139885	23961557	0	-57	-57	-57	-57	57
CAGE_TSS_32763	5	+	23967321	23967151	20.67992973	23967151	0	-170	-170	-170	-170	170
CAGE_TSS_32781	5	+	24051578	24051357	10.98834991	24051357	0	-221	-221	-221	-221	221
CAGE_TSS_32785	5	+	24064366	24064097	129.4553528	24064097	0	-269	-269	-269	-269	269
CAGE_TSS_32789	5	+	24102974	24103208	190.0260162	24103208	0	234	234	234	234	234
CAGE_TSS_32791	5	+	24105056	24104942	7.420370102	24104942	0	-114	-114	-114	-114	114
CAGE_TSS_32793	5	+	24120271	24120265	18.89755058	24120265	0	-6	-6	-6	-6	6
CAGE_TSS_32797	5	+	24127127	24126954	228.7772369	24126954	0	-173	-173	-173	-173	173
CAGE_TSS_32799	5	+	24128693	24128458	134.0357666	24128458	0	-235	-235	-235	-235	235
CAGE_TSS_32803	5	+	24173295	24173219	8.282429695	24173219	0	-76	-76	-76	-76	76
CAGE_TSS_32804	5	+	24207712	24207611	35.21508026	24207611	0	-101	-101	-101	-101	101
CAGE_TSS_32805	5	+	24217982	24217789	67.77590942	24217789	0	-193	-193	-193	-193	193
CAGE_TSS_32806	5	+	24227415	24227354	6.739319801	24227354	0	-61	-61	-61	-61	61
CAGE_TSS_32808	5	+	24234541	24234361	5.037119865	24234361	0	-180	-180	-180	-180	180
CAGE_TSS_32809	5	+	24240974	24240804	71.85302734	24240804	0	-170	-170	-170	-170	170
CAGE_TSS_32815	5	+	24264553	24264417	144.4368744	24264417	0	-136	-136	-136	-136	136
CAGE_TSS_32816	5	+	24279971	24279827	56.69950867	24279827	0	-144	-144	-144	-144	144
CAGE_TSS_32824	5	+	24288664	24288708	8.14523983	24288708	0	44	44	44	44	44
CAGE_TSS_32829	5	+	24291401	24291140	18.06122017	24291140	0	-261	-261	-261	-261	261
CAGE_TSS_32830	5	+	24294890	24294687	89.3240509	24294687	0	-203	-203	-203	-203	203
CAGE_TSS_32831	5	+	24301623	24301396	13.49003029	24301396	0	-227	-227	-227	-227	227
CAGE_TSS_32837	5	+	24353797	24353740	5.085199833	24353740	0	-57	-57	-57	-57	57
CAGE_TSS_32841	5	+	24358966	24358911	18.35738945	24358911	0	-55	-55	-55	-55	55
CAGE_TSS_32854	5	+	24386521	24386571	7.446450233	24386571	0	50	50	50	50	50
CAGE_TSS_32855	5	+	24397104	24397039	23.24283981	24397039	0	-65	-65	-65	-65	65
CAGE_TSS_32859	5	+	24430918	24430676	7.892700195	24430676	0	-242	-242	-242	-242	242
CAGE_TSS_32863	5	+	24480452	24480378	92.16903687	24480378	0	-74	-74	-74	-74	74
CAGE_TSS_32866	5	+	24494690	24494527	82.55014801	24494527	0	-163	-163	-163	-163	163
CAGE_TSS_32869	5	+	24495624	24495557	7.493869781	24495557	0	-67	-67	-67	-67	67
CAGE_TSS_32873	5	+	24553902	24553711	6.851270199	24553711	0	-191	-191	-191	-191	191
CAGE_TSS_32878	5	+	24611087	24610937	8.92247963	24610937	0	-150	-150	-150	-150	150
CAGE_TSS_32883	5	+	24623333	24623266	33.44303894	24623266	0	-67	-67	-67	-67	67
CAGE_TSS_32886	5	+	24627193	24627109	6.451129913	24627109	0	-84	-84	-84	-84	84
CAGE_TSS_32891	5	+	24648560	24648351	9.887949944	24648351	0	-209	-209	-209	-209	209
CAGE_TSS_32905	5	+	24742084	24741889	8.995160103	24741889	0	-195	-195	-195	-195	195
CAGE_TSS_32909	5	+	24753278	24753016	19.74777031	24753016	0	-262	-262	-262	-262	262
CAGE_TSS_32910	5	+	24758388	24758241	10.12829971	24758241	0	-147	-147	-147	-147	147
CAGE_TSS_32912	5	+	24766670	24766565	24.63446999	24766565	0	-105	-105	-105	-105	105
CAGE_TSS_32927	5	+	24850319	24850203	99.04345703	24850203	0	-116	-116	-116	-116	116
CAGE_TSS_32937	5	+	24916076	24916025	27.80765915	24916025	0	-51	-51	-51	-51	51
CAGE_TSS_32940	5	+	24940309	24940273	45.33499908	24940273	0	-36	-36	-36	-36	36
CAGE_TSS_32943	5	+	24958225	24958190	61.8425293	24958190	0	-35	-35	-35	-35	35
CAGE_TSS_32946	5	+	24973290	24973175	39.98569107	24973175	0	-115	-115	-115	-115	115
CAGE_TSS_32947	5	+	24978867	24978594	179.8739471	24978594	0	-273	-273	-273	-273	273
CAGE_TSS_32949	5	+	25008929	25008802	6.461830139	25008802	0	-127	-127	-127	-127	127
CAGE_TSS_32953	5	+	25014930	25014825	6.265160084	25014825	0	-105	-105	-105	-105	105
CAGE_TSS_32954	5	+	25017081	25016792	13.9665699	25016792	0	-289	-289	-289	-289	289
CAGE_TSS_32967	5	+	25064795	25064588	5.623589993	25064588	0	-207	-207	-207	-207	207
CAGE_TSS_32968	5	+	25066564	25066769	6.45746994	25066769	0	205	205	205	205	205
CAGE_TSS_32969	5	+	25071679	25071420	5.441160202	25071420	0	-259	-259	-259	-259	259
CAGE_TSS_32994	5	+	25187302	25187011	28.28644943	25187011	0	-291	-291	-291	-291	291
CAGE_TSS_32995	5	+	25191842	25191869	8.977169991	25191869	0	27	27	27	27	27
CAGE_TSS_33008	5	+	25234035	25234000	30.84666061	25234000	0	-35	-35	-35	-35	35
CAGE_TSS_33013	5	+	25243464	25243242	16.42329979	25243242	0	-222	-222	-222	-222	222
CAGE_TSS_33015	5	+	25248794	25248541	5.48086977	25248541	0	-253	-253	-253	-253	253
CAGE_TSS_33017	5	+	25250634	25250634	20.1554203	25250634	0	0	0	0	0	0
CAGE_TSS_33024	5	+	25277441	25277433	130.5180969	25277433	0	-8	-8	-8	-8	8
CAGE_TSS_33031	5	+	25323104	25323001	11.7859602	25323001	0	-103	-103	-103	-103	103
CAGE_TSS_33033	5	+	25330200	25330202	24.99584961	25330202	0	2	2	2	2	2
CAGE_TSS_33037	5	+	25349010	25348998	8.32668972	25348998	0	-12	-12	-12	-12	12
CAGE_TSS_33041	5	+	25400321	25400145	20.71689034	25400145	0	-176	-176	-176	-176	176
CAGE_TSS_33042	5	+	25406301	25406081	9.477540016	25406081	0	-220	-220	-220	-220	220
CAGE_TSS_33044	5	+	25423406	25423290	25.90505028	25423290	0	-116	-116	-116	-116	116
CAGE_TSS_33047	5	+	25433237	25433092	13.75004005	25433092	0	-145	-145	-145	-145	145
CAGE_TSS_33051	5	+	25435118	25434975	23.82685089	25434975	0	-143	-143	-143	-143	143
CAGE_TSS_33061	5	+	25490118	25489968	8.305480003	25489968	0	-150	-150	-150	-150	150
CAGE_TSS_33065	5	+	25518541	25518437	19.3463192	25518437	0	-104	-104	-104	-104	104
CAGE_TSS_33070	5	+	25530882	25530749	5.790239811	25530749	0	-133	-133	-133	-133	133
CAGE_TSS_33071	5	+	25532430	25532244	91.23256683	25532244	0	-186	-186	-186	-186	186
CAGE_TSS_33075	5	+	25551217	25551061	46.19821167	25551061	0	-156	-156	-156	-156	156
CAGE_TSS_33079	5	+	25574418	25574272	9.364190102	25574272	0	-146	-146	-146	-146	146
CAGE_TSS_33081	5	+	25582774	25582546	10.06842995	25582546	0	-228	-228	-228	-228	228
CAGE_TSS_33082	5	+	25588075	25587866	131.6620178	25587866	0	-209	-209	-209	-209	209
CAGE_TSS_33085	5	+	25613293	25613088	12.8230896	25613088	0	-205	-205	-205	-205	205
CAGE_TSS_33096	5	+	25686203	25685924	219.687088	25685924	0	-279	-279	-279	-279	279
CAGE_TSS_33098	5	+	25695800	25695702	15.28652954	25695702	0	-98	-98	-98	-98	98
CAGE_TSS_33099	5	+	25703928	25703764	23.36510086	25703764	0	-164	-164	-164	-164	164
CAGE_TSS_33101	5	+	25718173	25718019	6.936989784	25718019	0	-154	-154	-154	-154	154
CAGE_TSS_33104	5	+	25721933	25721681	20.99113083	25721681	0	-252	-252	-252	-252	252
CAGE_TSS_33107	5	+	25739245	25739171	11.40147972	25739171	0	-74	-74	-74	-74	74
CAGE_TSS_33110	5	+	25748848	25748839	23.02529907	25748839	0	-9	-9	-9	-9	9
CAGE_TSS_33114	5	+	25756329	25756195	5.658659935	25756195	0	-134	-134	-134	-134	134
CAGE_TSS_33126	5	+	25810284	25810067	53.05524826	25810067	0	-217	-217	-217	-217	217
CAGE_TSS_33127	5	+	25812823	25812652	7.12045002	25812652	0	-171	-171	-171	-171	171
CAGE_TSS_33137	5	+	25873127	25873112	27.26637077	25873112	0	-15	-15	-15	-15	15
CAGE_TSS_33138	5	+	25881141	25881104	16.61385918	25881104	0	-37	-37	-37	-37	37
CAGE_TSS_33142	5	+	25908336	25908170	67.01933289	25908170	0	-166	-166	-166	-166	166
CAGE_TSS_33146	5	+	25921515	25921280	12.84504986	25921280	0	-235	-235	-235	-235	235
CAGE_TSS_33150	5	+	25932292	25932176	9.259269714	25932176	0	-116	-116	-116	-116	116
CAGE_TSS_33152	5	+	25934567	25934390	19.57381058	25934390	0	-177	-177	-177	-177	177
CAGE_TSS_33153	5	+	25937169	25936904	109.0920792	25936904	0	-265	-265	-265	-265	265
CAGE_TSS_33154	5	+	25939570	25939391	13.86816025	25939391	0	-179	-179	-179	-179	179
CAGE_TSS_33155	5	+	25948995	25948836	6.006309986	25948836	0	-159	-159	-159	-159	159
CAGE_TSS_33172	5	+	25973850	25973776	9.386329651	25973776	0	-74	-74	-74	-74	74
CAGE_TSS_33178	5	+	25982402	25982307	8.472189903	25982307	0	-95	-95	-95	-95	95
CAGE_TSS_33182	5	+	26004229	26004127	5.442490101	26004127	0	-102	-102	-102	-102	102
CAGE_TSS_33186	5	+	26045395	26045270	5.744339943	26045270	0	-125	-125	-125	-125	125
CAGE_TSS_33187	5	+	26057812	26057744	7.605999947	26057744	0	-68	-68	-68	-68	68
CAGE_TSS_33191	5	+	26061237	26060977	6.417580128	26060977	0	-260	-260	-260	-260	260
CAGE_TSS_33194	5	+	26068185	26068098	17.92831993	26068098	0	-87	-87	-87	-87	87
CAGE_TSS_33196	5	+	26083375	26083203	26.61824036	26083203	0	-172	-172	-172	-172	172
CAGE_TSS_33200	5	+	26107600	26107452	11.26659966	26107452	0	-148	-148	-148	-148	148
CAGE_TSS_33205	5	+	26157558	26157489	19.55180931	26157489	0	-69	-69	-69	-69	69
CAGE_TSS_33206	5	+	26172131	26171975	50.84988022	26171975	0	-156	-156	-156	-156	156
CAGE_TSS_33211	5	+	26176768	26176647	5.56058979	26176647	0	-121	-121	-121	-121	121
CAGE_TSS_33214	5	+	26189991	26189896	180.638855	26189896	0	-95	-95	-95	-95	95
CAGE_TSS_33217	5	+	26221950	26221871	16.28657913	26221871	0	-79	-79	-79	-79	79
CAGE_TSS_33221	5	+	26237062	26236848	6.612390041	26236848	0	-214	-214	-214	-214	214
CAGE_TSS_33229	5	+	26261354	26261194	18.38962936	26261194	0	-160	-160	-160	-160	160
CAGE_TSS_33243	5	+	26311439	26311346	6.158840179	26311346	0	-93	-93	-93	-93	93
CAGE_TSS_33250	5	+	26351510	26351393	72.48589325	26351393	0	-117	-117	-117	-117	117
CAGE_TSS_33251	5	+	26353035	26352900	91.92241669	26352900	0	-135	-135	-135	-135	135
CAGE_TSS_33252	5	+	26354908	26354837	16.47990036	26354837	0	-71	-71	-71	-71	71
CAGE_TSS_33254	5	+	26369045	26369014	56.18024826	26369014	0	-31	-31	-31	-31	31
CAGE_TSS_33261	5	+	26394900	26394681	140.7184753	26394681	0	-219	-219	-219	-219	219
CAGE_TSS_33270	5	+	26421862	26421725	24.77877045	26421725	0	-137	-137	-137	-137	137
CAGE_TSS_33275	5	+	26430229	26430147	51.88438034	26430147	0	-82	-82	-82	-82	82
CAGE_TSS_33279	5	+	26447792	26447546	125.2523499	26447546	0	-246	-246	-246	-246	246
CAGE_TSS_33290	5	+	26510266	26510045	16.71916962	26510045	0	-221	-221	-221	-221	221
CAGE_TSS_33297	5	+	26568698	26568524	17.63850021	26568524	0	-174	-174	-174	-174	174
CAGE_TSS_33299	5	+	26572636	26572453	48.204319	26572453	0	-183	-183	-183	-183	183
CAGE_TSS_33300	5	+	26574240	26574045	131.0677643	26574045	0	-195	-195	-195	-195	195
CAGE_TSS_33302	5	+	26584754	26584698	57.68820953	26584698	0	-56	-56	-56	-56	56
CAGE_TSS_33303	5	+	26588404	26588293	179.2186127	26588293	0	-111	-111	-111	-111	111
CAGE_TSS_33314	5	+	26648951	26648795	12.78769016	26648795	0	-156	-156	-156	-156	156
CAGE_TSS_33332	5	+	26732862	26732741	21.02215958	26732741	0	-121	-121	-121	-121	121
CAGE_TSS_33333	5	+	26743335	26743091	16.45401001	26743091	0	-244	-244	-244	-244	244
CAGE_TSS_33335	5	+	26766097	26765959	23.90693092	26765959	0	-138	-138	-138	-138	138
CAGE_TSS_33339	5	+	26772628	26772463	54.16753006	26772463	0	-165	-165	-165	-165	165
CAGE_TSS_33343	5	+	26797420	26797364	102.7265167	26797364	0	-56	-56	-56	-56	56
CAGE_TSS_33345	5	+	26818965	26818781	5.927209854	26818781	0	-184	-184	-184	-184	184
CAGE_TSS_33346	5	+	26822489	26822241	276.8329773	26822241	0	-248	-248	-248	-248	248
CAGE_TSS_33350	5	+	26854449	26854268	14.88156986	26854268	0	-181	-181	-181	-181	181
CAGE_TSS_33357	5	+	26864528	26864404	28.42737961	26864404	0	-124	-124	-124	-124	124
CAGE_TSS_33364	5	+	26887914	26887624	6.107830048	26887624	0	-290	-290	-290	-290	290
CAGE_TSS_33367	5	+	26904058	26903952	104.9595566	26903952	0	-106	-106	-106	-106	106
CAGE_TSS_33373	5	+	26935163	26935115	264.5280457	26935115	0	-48	-48	-48	-48	48
CAGE_TSS_33379	5	+	26939260	26939151	66.19493866	26939151	0	-109	-109	-109	-109	109
CAGE_TSS_33381	5	+	26949658	26949785	7.146550179	26949785	0	127	127	127	127	127
CAGE_TSS_33382	5	+	26950245	26950035	15.80387974	26950035	0	-210	-210	-210	-210	210
